"cohort","sig","loss","n_genes","n_removed","frac_retained","cindex","drift"
"SCANB","CorePAM","full",24,0,1,0.6966,0
"SCANB","CorePAM","weight",24,1,0.958,0.6853,0.0113
"SCANB","CorePAM","lowexpr",24,1,0.958,0.6853,0.0113
"SCANB","CorePAM","random",24,1,0.958,0.6935,0.0031
"SCANB","CorePAM","weight",24,2,0.917,0.6699,0.0267
"SCANB","CorePAM","lowexpr",24,2,0.917,0.6851,0.0115
"SCANB","CorePAM","random",24,2,0.917,0.6918,0.0048
"SCANB","CorePAM","weight",24,3,0.875,0.6482,0.0484
"SCANB","CorePAM","lowexpr",24,3,0.875,0.6812,0.0154
"SCANB","CorePAM","random",24,3,0.875,0.6868,0.0098
"SCANB","CorePAM","weight",24,4,0.833,0.662,0.0346
"SCANB","CorePAM","lowexpr",24,4,0.833,0.6806,0.016
"SCANB","CorePAM","random",24,4,0.833,0.6852,0.0114
"SCANB","CorePAM","weight",24,5,0.792,0.6728,0.0238
"SCANB","CorePAM","lowexpr",24,5,0.792,0.6791,0.0175
"SCANB","CorePAM","random",24,5,0.792,0.6872,0.0095
"SCANB","CorePAM","weight",24,6,0.75,0.6647,0.0319
"SCANB","CorePAM","lowexpr",24,6,0.75,0.6714,0.0252
"SCANB","CorePAM","random",24,6,0.75,0.6802,0.0164
"SCANB","CorePAM","weight",24,7,0.708,0.6582,0.0384
"SCANB","CorePAM","lowexpr",24,7,0.708,0.6701,0.0265
"SCANB","CorePAM","random",24,7,0.708,0.675,0.0216
"SCANB","CorePAM","weight",24,8,0.667,0.6633,0.0333
"SCANB","CorePAM","lowexpr",24,8,0.667,0.6709,0.0257
"SCANB","CorePAM","random",24,8,0.667,0.6715,0.0251
"SCANB","CorePAM","weight",24,9,0.625,0.6384,0.0582
"SCANB","CorePAM","lowexpr",24,9,0.625,0.6699,0.0267
"SCANB","CorePAM","random",24,9,0.625,0.6578,0.0388
"SCANB","CorePAM","weight",24,10,0.583,0.6389,0.0577
"SCANB","CorePAM","lowexpr",24,10,0.583,0.6697,0.0269
"SCANB","CorePAM","random",24,10,0.583,0.6542,0.0424
"SCANB","CorePAM","weight",24,11,0.542,0.5958,0.1008
"SCANB","CorePAM","lowexpr",24,11,0.542,0.6592,0.0374
"SCANB","CorePAM","random",24,11,0.542,0.66,0.0366
"SCANB","CorePAM","weight",24,12,0.5,0.5352,0.1614
"SCANB","CorePAM","lowexpr",24,12,0.5,0.6469,0.0497
"SCANB","CorePAM","random",24,12,0.5,0.6377,0.0589
"SCANB","CorePAM","weight",24,13,0.458,0.5397,0.1569
"SCANB","CorePAM","lowexpr",24,13,0.458,0.6455,0.0511
"SCANB","CorePAM","random",24,13,0.458,0.6371,0.0595
"SCANB","CorePAM","weight",24,14,0.417,0.615,0.0816
"SCANB","CorePAM","lowexpr",24,14,0.417,0.6409,0.0557
"SCANB","CorePAM","random",24,14,0.417,0.635,0.0617
"SCANB","CorePAM","weight",24,15,0.375,0.6319,0.0647
"SCANB","CorePAM","lowexpr",24,15,0.375,0.6385,0.0581
"SCANB","CorePAM","random",24,15,0.375,0.6318,0.0648
"SCANB","CorePAM","weight",24,16,0.333,0.6461,0.0505
"SCANB","CorePAM","lowexpr",24,16,0.333,0.6329,0.0637
"SCANB","CorePAM","random",24,16,0.333,0.637,0.0596
"SCANB","CorePAM","weight",24,17,0.292,0.6439,0.0527
"SCANB","CorePAM","lowexpr",24,17,0.292,0.6298,0.0668
"SCANB","CorePAM","random",24,17,0.292,0.6144,0.0822
"SCANB","CorePAM","weight",24,18,0.25,0.6192,0.0774
"SCANB","CorePAM","lowexpr",24,18,0.25,0.5444,0.1522
"SCANB","CorePAM","random",24,18,0.25,0.6047,0.0919
"SCANB","CorePAM","weight",24,19,0.208,0.602,0.0946
"SCANB","CorePAM","lowexpr",24,19,0.208,0.5435,0.1531
"SCANB","CorePAM","random",24,19,0.208,0.6058,0.0908
"SCANB","CorePAM","weight",24,20,0.167,0.596,0.1006
"SCANB","CorePAM","lowexpr",24,20,0.167,0.5497,0.1469
"SCANB","CorePAM","random",24,20,0.167,0.5968,0.0998
"SCANB","CorePAM","weight",24,21,0.125,0.5836,0.113
"SCANB","CorePAM","lowexpr",24,21,0.125,0.5441,0.1525
"SCANB","CorePAM","random",24,21,0.125,0.5707,0.1259
"SCANB","OncotypeDX","full",15,0,1,0.5671,0
"SCANB","OncotypeDX","weight",15,1,0.933,0.5759,-0.0088
"SCANB","OncotypeDX","lowexpr",15,1,0.933,0.5655,0.0016
"SCANB","OncotypeDX","random",15,1,0.933,0.5664,7e-04
"SCANB","OncotypeDX","weight",15,2,0.867,0.5673,-2e-04
"SCANB","OncotypeDX","lowexpr",15,2,0.867,0.5555,0.0116
"SCANB","OncotypeDX","random",15,2,0.867,0.5624,0.0047
"SCANB","OncotypeDX","weight",15,3,0.8,0.5535,0.0136
"SCANB","OncotypeDX","lowexpr",15,3,0.8,0.567,1e-04
"SCANB","OncotypeDX","random",15,3,0.8,0.5609,0.0062
"SCANB","OncotypeDX","weight",15,4,0.733,0.5181,0.0491
"SCANB","OncotypeDX","lowexpr",15,4,0.733,0.5565,0.0106
"SCANB","OncotypeDX","random",15,4,0.733,0.5663,8e-04
"SCANB","OncotypeDX","weight",15,5,0.667,0.4502,0.1169
"SCANB","OncotypeDX","lowexpr",15,5,0.667,0.5397,0.0274
"SCANB","OncotypeDX","random",15,5,0.667,0.5636,0.0035
"SCANB","OncotypeDX","weight",15,6,0.6,0.4075,0.1596
"SCANB","OncotypeDX","lowexpr",15,6,0.6,0.4969,0.0702
"SCANB","OncotypeDX","random",15,6,0.6,0.5537,0.0134
"SCANB","OncotypeDX","weight",15,7,0.533,0.4245,0.1426
"SCANB","OncotypeDX","lowexpr",15,7,0.533,0.4957,0.0714
"SCANB","OncotypeDX","random",15,7,0.533,0.5382,0.0289
"SCANB","OncotypeDX","weight",15,8,0.467,0.457,0.1101
"SCANB","OncotypeDX","lowexpr",15,8,0.467,0.5308,0.0363
"SCANB","OncotypeDX","random",15,8,0.467,0.5694,-0.0023
"SCANB","OncotypeDX","weight",15,9,0.4,0.5145,0.0526
"SCANB","OncotypeDX","lowexpr",15,9,0.4,0.4475,0.1196
"SCANB","OncotypeDX","random",15,9,0.4,0.5538,0.0133
"SCANB","OncotypeDX","weight",15,10,0.333,0.4998,0.0673
"SCANB","OncotypeDX","lowexpr",15,10,0.333,0.4287,0.1384
"SCANB","OncotypeDX","random",15,10,0.333,0.5429,0.0243
"SCANB","OncotypeDX","weight",15,11,0.267,0.4733,0.0938
"SCANB","OncotypeDX","lowexpr",15,11,0.267,0.4733,0.0938
"SCANB","OncotypeDX","random",15,11,0.267,0.5216,0.0455
"SCANB","OncotypeDX","weight",15,12,0.2,0.5305,0.0366
"SCANB","OncotypeDX","lowexpr",15,12,0.2,0.5305,0.0366
"SCANB","OncotypeDX","random",15,12,0.2,0.5425,0.0246
"SCANB","GGI","full",85,0,1,0.6097,0
"SCANB","GGI","weight",85,1,0.988,0.61,-3e-04
"SCANB","GGI","lowexpr",85,1,0.988,0.61,-3e-04
"SCANB","GGI","random",85,1,0.988,0.6096,1e-04
"SCANB","GGI","weight",85,2,0.976,0.6093,4e-04
"SCANB","GGI","lowexpr",85,2,0.976,0.6099,-2e-04
"SCANB","GGI","random",85,2,0.976,0.6097,0
"SCANB","GGI","weight",85,3,0.965,0.6091,6e-04
"SCANB","GGI","lowexpr",85,3,0.965,0.6099,-2e-04
"SCANB","GGI","random",85,3,0.965,0.6098,-1e-04
"SCANB","GGI","weight",85,4,0.953,0.6094,3e-04
"SCANB","GGI","lowexpr",85,4,0.953,0.6098,-1e-04
"SCANB","GGI","random",85,4,0.953,0.6097,0
"SCANB","GGI","weight",85,5,0.941,0.6094,3e-04
"SCANB","GGI","lowexpr",85,5,0.941,0.6102,-5e-04
"SCANB","GGI","random",85,5,0.941,0.6096,1e-04
"SCANB","GGI","weight",85,6,0.929,0.6093,4e-04
"SCANB","GGI","lowexpr",85,6,0.929,0.6105,-8e-04
"SCANB","GGI","random",85,6,0.929,0.6094,3e-04
"SCANB","GGI","weight",85,7,0.918,0.6094,3e-04
"SCANB","GGI","lowexpr",85,7,0.918,0.6108,-0.0011
"SCANB","GGI","random",85,7,0.918,0.6095,2e-04
"SCANB","GGI","weight",85,8,0.906,0.6094,3e-04
"SCANB","GGI","lowexpr",85,8,0.906,0.611,-0.0013
"SCANB","GGI","random",85,8,0.906,0.6097,0
"SCANB","GGI","weight",85,9,0.894,0.6096,1e-04
"SCANB","GGI","lowexpr",85,9,0.894,0.6111,-0.0014
"SCANB","GGI","random",85,9,0.894,0.6092,5e-04
"SCANB","GGI","weight",85,10,0.882,0.6094,3e-04
"SCANB","GGI","lowexpr",85,10,0.882,0.6108,-0.0011
"SCANB","GGI","random",85,10,0.882,0.6096,1e-04
"SCANB","GGI","weight",85,11,0.871,0.6097,1e-04
"SCANB","GGI","lowexpr",85,11,0.871,0.6112,-0.0015
"SCANB","GGI","random",85,11,0.871,0.6098,-1e-04
"SCANB","GGI","weight",85,12,0.859,0.6098,-1e-04
"SCANB","GGI","lowexpr",85,12,0.859,0.6111,-0.0014
"SCANB","GGI","random",85,12,0.859,0.6096,1e-04
"SCANB","GGI","weight",85,13,0.847,0.6097,0
"SCANB","GGI","lowexpr",85,13,0.847,0.6112,-0.0015
"SCANB","GGI","random",85,13,0.847,0.6098,-1e-04
"SCANB","GGI","weight",85,14,0.835,0.6099,-2e-04
"SCANB","GGI","lowexpr",85,14,0.835,0.6111,-0.0014
"SCANB","GGI","random",85,14,0.835,0.61,-3e-04
"SCANB","GGI","weight",85,15,0.824,0.6103,-6e-04
"SCANB","GGI","lowexpr",85,15,0.824,0.6112,-0.0015
"SCANB","GGI","random",85,15,0.824,0.6096,2e-04
"SCANB","GGI","weight",85,16,0.812,0.6109,-0.0012
"SCANB","GGI","lowexpr",85,16,0.812,0.6113,-0.0016
"SCANB","GGI","random",85,16,0.812,0.6097,0
"SCANB","GGI","weight",85,17,0.8,0.6109,-0.0012
"SCANB","GGI","lowexpr",85,17,0.8,0.6115,-0.0018
"SCANB","GGI","random",85,17,0.8,0.6094,3e-04
"SCANB","GGI","weight",85,18,0.788,0.611,-0.0013
"SCANB","GGI","lowexpr",85,18,0.788,0.6118,-0.0021
"SCANB","GGI","random",85,18,0.788,0.61,-3e-04
"SCANB","GGI","weight",85,19,0.776,0.6108,-0.0011
"SCANB","GGI","lowexpr",85,19,0.776,0.6118,-0.002
"SCANB","GGI","random",85,19,0.776,0.6097,0
"SCANB","GGI","weight",85,20,0.765,0.6104,-7e-04
"SCANB","GGI","lowexpr",85,20,0.765,0.6118,-0.0021
"SCANB","GGI","random",85,20,0.765,0.6097,0
"SCANB","GGI","weight",85,21,0.753,0.6108,-0.0011
"SCANB","GGI","lowexpr",85,21,0.753,0.6119,-0.0021
"SCANB","GGI","random",85,21,0.753,0.6089,8e-04
"SCANB","GGI","weight",85,22,0.741,0.6113,-0.0015
"SCANB","GGI","lowexpr",85,22,0.741,0.612,-0.0023
"SCANB","GGI","random",85,22,0.741,0.6099,-2e-04
"SCANB","GGI","weight",85,23,0.729,0.6114,-0.0017
"SCANB","GGI","lowexpr",85,23,0.729,0.6123,-0.0025
"SCANB","GGI","random",85,23,0.729,0.609,7e-04
"SCANB","GGI","weight",85,24,0.718,0.6117,-0.002
"SCANB","GGI","lowexpr",85,24,0.718,0.6124,-0.0027
"SCANB","GGI","random",85,24,0.718,0.6095,3e-04
"SCANB","GGI","weight",85,25,0.706,0.6125,-0.0027
"SCANB","GGI","lowexpr",85,25,0.706,0.6125,-0.0028
"SCANB","GGI","random",85,25,0.706,0.6096,1e-04
"SCANB","GGI","weight",85,26,0.694,0.6123,-0.0026
"SCANB","GGI","lowexpr",85,26,0.694,0.6126,-0.0029
"SCANB","GGI","random",85,26,0.694,0.6089,8e-04
"SCANB","GGI","weight",85,27,0.682,0.6126,-0.0029
"SCANB","GGI","lowexpr",85,27,0.682,0.613,-0.0033
"SCANB","GGI","random",85,27,0.682,0.6095,2e-04
"SCANB","GGI","weight",85,28,0.671,0.6125,-0.0028
"SCANB","GGI","lowexpr",85,28,0.671,0.6134,-0.0037
"SCANB","GGI","random",85,28,0.671,0.6094,3e-04
"SCANB","GGI","weight",85,29,0.659,0.6125,-0.0028
"SCANB","GGI","lowexpr",85,29,0.659,0.6131,-0.0034
"SCANB","GGI","random",85,29,0.659,0.6091,6e-04
"SCANB","GGI","weight",85,30,0.647,0.6126,-0.0029
"SCANB","GGI","lowexpr",85,30,0.647,0.6133,-0.0036
"SCANB","GGI","random",85,30,0.647,0.6092,5e-04
"SCANB","GGI","weight",85,31,0.635,0.6122,-0.0025
"SCANB","GGI","lowexpr",85,31,0.635,0.6134,-0.0037
"SCANB","GGI","random",85,31,0.635,0.6098,-1e-04
"SCANB","GGI","weight",85,32,0.624,0.6126,-0.0028
"SCANB","GGI","lowexpr",85,32,0.624,0.6138,-0.0041
"SCANB","GGI","random",85,32,0.624,0.6098,-1e-04
"SCANB","GGI","weight",85,33,0.612,0.6133,-0.0036
"SCANB","GGI","lowexpr",85,33,0.612,0.6143,-0.0046
"SCANB","GGI","random",85,33,0.612,0.6092,5e-04
"SCANB","GGI","weight",85,34,0.6,0.6132,-0.0035
"SCANB","GGI","lowexpr",85,34,0.6,0.6144,-0.0047
"SCANB","GGI","random",85,34,0.6,0.6095,2e-04
"SCANB","GGI","weight",85,35,0.588,0.6136,-0.0039
"SCANB","GGI","lowexpr",85,35,0.588,0.6146,-0.0049
"SCANB","GGI","random",85,35,0.588,0.6093,4e-04
"SCANB","GGI","weight",85,36,0.576,0.6139,-0.0042
"SCANB","GGI","lowexpr",85,36,0.576,0.6148,-0.0051
"SCANB","GGI","random",85,36,0.576,0.6098,0
"SCANB","GGI","weight",85,37,0.565,0.6141,-0.0044
"SCANB","GGI","lowexpr",85,37,0.565,0.6149,-0.0052
"SCANB","GGI","random",85,37,0.565,0.6095,2e-04
"SCANB","GGI","weight",85,38,0.553,0.6144,-0.0047
"SCANB","GGI","lowexpr",85,38,0.553,0.6137,-0.004
"SCANB","GGI","random",85,38,0.553,0.6084,0.0013
"SCANB","GGI","weight",85,39,0.541,0.615,-0.0053
"SCANB","GGI","lowexpr",85,39,0.541,0.6141,-0.0044
"SCANB","GGI","random",85,39,0.541,0.61,-3e-04
"SCANB","GGI","weight",85,40,0.529,0.6148,-0.0051
"SCANB","GGI","lowexpr",85,40,0.529,0.6146,-0.0049
"SCANB","GGI","random",85,40,0.529,0.6084,0.0013
"SCANB","GGI","weight",85,41,0.518,0.615,-0.0053
"SCANB","GGI","lowexpr",85,41,0.518,0.6146,-0.0049
"SCANB","GGI","random",85,41,0.518,0.6102,-5e-04
"SCANB","GGI","weight",85,42,0.506,0.6152,-0.0055
"SCANB","GGI","lowexpr",85,42,0.506,0.6134,-0.0037
"SCANB","GGI","random",85,42,0.506,0.6096,1e-04
"SCANB","GGI","weight",85,43,0.494,0.615,-0.0053
"SCANB","GGI","lowexpr",85,43,0.494,0.6142,-0.0045
"SCANB","GGI","random",85,43,0.494,0.6095,2e-04
"SCANB","GGI","weight",85,44,0.482,0.6155,-0.0058
"SCANB","GGI","lowexpr",85,44,0.482,0.6136,-0.0039
"SCANB","GGI","random",85,44,0.482,0.6097,0
"SCANB","GGI","weight",85,45,0.471,0.6159,-0.0062
"SCANB","GGI","lowexpr",85,45,0.471,0.6136,-0.0039
"SCANB","GGI","random",85,45,0.471,0.6082,0.0016
"SCANB","GGI","weight",85,46,0.459,0.6161,-0.0064
"SCANB","GGI","lowexpr",85,46,0.459,0.614,-0.0043
"SCANB","GGI","random",85,46,0.459,0.6086,0.0011
"SCANB","GGI","weight",85,47,0.447,0.6164,-0.0067
"SCANB","GGI","lowexpr",85,47,0.447,0.614,-0.0043
"SCANB","GGI","random",85,47,0.447,0.6098,-1e-04
"SCANB","GGI","weight",85,48,0.435,0.6163,-0.0066
"SCANB","GGI","lowexpr",85,48,0.435,0.613,-0.0033
"SCANB","GGI","random",85,48,0.435,0.6104,-7e-04
"SCANB","GGI","weight",85,49,0.424,0.6167,-0.007
"SCANB","GGI","lowexpr",85,49,0.424,0.6134,-0.0037
"SCANB","GGI","random",85,49,0.424,0.6093,4e-04
"SCANB","GGI","weight",85,50,0.412,0.6174,-0.0077
"SCANB","GGI","lowexpr",85,50,0.412,0.6137,-0.0039
"SCANB","GGI","random",85,50,0.412,0.61,-2e-04
"SCANB","GGI","weight",85,51,0.4,0.6177,-0.008
"SCANB","GGI","lowexpr",85,51,0.4,0.6145,-0.0048
"SCANB","GGI","random",85,51,0.4,0.6087,0.001
"SCANB","GGI","weight",85,52,0.388,0.6178,-0.008
"SCANB","GGI","lowexpr",85,52,0.388,0.6152,-0.0055
"SCANB","GGI","random",85,52,0.388,0.6103,-6e-04
"SCANB","GGI","weight",85,53,0.376,0.6188,-0.0091
"SCANB","GGI","lowexpr",85,53,0.376,0.6159,-0.0062
"SCANB","GGI","random",85,53,0.376,0.6083,0.0014
"SCANB","GGI","weight",85,54,0.365,0.6192,-0.0095
"SCANB","GGI","lowexpr",85,54,0.365,0.6148,-0.0051
"SCANB","GGI","random",85,54,0.365,0.6087,0.001
"SCANB","GGI","weight",85,55,0.353,0.6177,-0.008
"SCANB","GGI","lowexpr",85,55,0.353,0.615,-0.0053
"SCANB","GGI","random",85,55,0.353,0.6095,2e-04
"SCANB","GGI","weight",85,56,0.341,0.6163,-0.0066
"SCANB","GGI","lowexpr",85,56,0.341,0.6151,-0.0054
"SCANB","GGI","random",85,56,0.341,0.6087,0.001
"SCANB","GGI","weight",85,57,0.329,0.6165,-0.0068
"SCANB","GGI","lowexpr",85,57,0.329,0.6157,-0.006
"SCANB","GGI","random",85,57,0.329,0.6081,0.0016
"SCANB","GGI","weight",85,58,0.318,0.6169,-0.0072
"SCANB","GGI","lowexpr",85,58,0.318,0.6166,-0.0069
"SCANB","GGI","random",85,58,0.318,0.6095,2e-04
"SCANB","GGI","weight",85,59,0.306,0.6176,-0.0079
"SCANB","GGI","lowexpr",85,59,0.306,0.6144,-0.0047
"SCANB","GGI","random",85,59,0.306,0.6102,-5e-04
"SCANB","GGI","weight",85,60,0.294,0.6184,-0.0087
"SCANB","GGI","lowexpr",85,60,0.294,0.616,-0.0063
"SCANB","GGI","random",85,60,0.294,0.6085,0.0013
"SCANB","GGI","weight",85,61,0.282,0.6189,-0.0092
"SCANB","GGI","lowexpr",85,61,0.282,0.617,-0.0073
"SCANB","GGI","random",85,61,0.282,0.6076,0.0021
"SCANB","GGI","weight",85,62,0.271,0.6195,-0.0098
"SCANB","GGI","lowexpr",85,62,0.271,0.6159,-0.0062
"SCANB","GGI","random",85,62,0.271,0.6085,0.0012
"SCANB","GGI","weight",85,63,0.259,0.6193,-0.0096
"SCANB","GGI","lowexpr",85,63,0.259,0.6178,-0.0081
"SCANB","GGI","random",85,63,0.259,0.608,0.0017
"SCANB","GGI","weight",85,64,0.247,0.6192,-0.0095
"SCANB","GGI","lowexpr",85,64,0.247,0.6191,-0.0094
"SCANB","GGI","random",85,64,0.247,0.6087,0.001
"SCANB","GGI","weight",85,65,0.235,0.6205,-0.0107
"SCANB","GGI","lowexpr",85,65,0.235,0.6165,-0.0068
"SCANB","GGI","random",85,65,0.235,0.6085,0.0012
"SCANB","GGI","weight",85,66,0.224,0.6218,-0.0121
"SCANB","GGI","lowexpr",85,66,0.224,0.6126,-0.0029
"SCANB","GGI","random",85,66,0.224,0.6084,0.0013
"SCANB","GGI","weight",85,67,0.212,0.6214,-0.0117
"SCANB","GGI","lowexpr",85,67,0.212,0.6125,-0.0028
"SCANB","GGI","random",85,67,0.212,0.6075,0.0022
"SCANB","GGI","weight",85,68,0.2,0.6213,-0.0116
"SCANB","GGI","lowexpr",85,68,0.2,0.6117,-0.002
"SCANB","GGI","random",85,68,0.2,0.6084,0.0013
"SCANB","GGI","weight",85,69,0.188,0.6209,-0.0112
"SCANB","GGI","lowexpr",85,69,0.188,0.6146,-0.0049
"SCANB","GGI","random",85,69,0.188,0.6079,0.0018
"SCANB","GGI","weight",85,70,0.176,0.6209,-0.0112
"SCANB","GGI","lowexpr",85,70,0.176,0.6154,-0.0057
"SCANB","GGI","random",85,70,0.176,0.6103,-6e-04
"SCANB","GGI","weight",85,71,0.165,0.6218,-0.0121
"SCANB","GGI","lowexpr",85,71,0.165,0.6145,-0.0048
"SCANB","GGI","random",85,71,0.165,0.607,0.0027
"SCANB","GGI","weight",85,72,0.153,0.6219,-0.0122
"SCANB","GGI","lowexpr",85,72,0.153,0.6143,-0.0046
"SCANB","GGI","random",85,72,0.153,0.6078,0.0019
"SCANB","GGI","weight",85,73,0.141,0.6188,-0.0091
"SCANB","GGI","lowexpr",85,73,0.141,0.6146,-0.0049
"SCANB","GGI","random",85,73,0.141,0.6065,0.0032
"SCANB","GGI","weight",85,74,0.129,0.6198,-0.0101
"SCANB","GGI","lowexpr",85,74,0.129,0.6116,-0.0019
"SCANB","GGI","random",85,74,0.129,0.6084,0.0013
"SCANB","GGI","weight",85,75,0.118,0.62,-0.0103
"SCANB","GGI","lowexpr",85,75,0.118,0.6107,-0.001
"SCANB","GGI","random",85,75,0.118,0.6062,0.0035
"SCANB","GGI","weight",85,76,0.106,0.6227,-0.013
"SCANB","GGI","lowexpr",85,76,0.106,0.6096,1e-04
"SCANB","GGI","random",85,76,0.106,0.6098,-1e-04
"SCANB","GGI","weight",85,77,0.094,0.6209,-0.0112
"SCANB","GGI","lowexpr",85,77,0.094,0.6017,0.008
"SCANB","GGI","random",85,77,0.094,0.6076,0.0021
"SCANB","GGI","weight",85,78,0.082,0.6202,-0.0105
"SCANB","GGI","lowexpr",85,78,0.082,0.6077,0.002
"SCANB","GGI","random",85,78,0.082,0.6052,0.0045
"SCANB","GGI","weight",85,79,0.071,0.6138,-0.0041
"SCANB","GGI","lowexpr",85,79,0.071,0.597,0.0127
"SCANB","GGI","random",85,79,0.071,0.6046,0.0051
"SCANB","GGI","weight",85,80,0.059,0.621,-0.0113
"SCANB","GGI","lowexpr",85,80,0.059,0.5981,0.0116
"SCANB","GGI","random",85,80,0.059,0.6043,0.0054
"SCANB","GGI","weight",85,81,0.047,0.6151,-0.0054
"SCANB","GGI","lowexpr",85,81,0.047,0.5974,0.0123
"SCANB","GGI","random",85,81,0.047,0.6072,0.0025
"SCANB","GGI","weight",85,82,0.035,0.6115,-0.0018
"SCANB","GGI","lowexpr",85,82,0.035,0.5921,0.0176
"SCANB","GGI","random",85,82,0.035,0.6034,0.0063
"SCANB","MammaPrint","full",39,0,1,0.6238,0
"SCANB","MammaPrint","weight",39,1,0.974,0.6281,-0.0042
"SCANB","MammaPrint","lowexpr",39,1,0.974,0.6244,-6e-04
"SCANB","MammaPrint","random",39,1,0.974,0.6235,3e-04
"SCANB","MammaPrint","weight",39,2,0.949,0.6289,-0.0051
"SCANB","MammaPrint","lowexpr",39,2,0.949,0.6215,0.0023
"SCANB","MammaPrint","random",39,2,0.949,0.624,-2e-04
"SCANB","MammaPrint","weight",39,3,0.923,0.6276,-0.0038
"SCANB","MammaPrint","lowexpr",39,3,0.923,0.6223,0.0015
"SCANB","MammaPrint","random",39,3,0.923,0.6225,0.0013
"SCANB","MammaPrint","weight",39,4,0.897,0.6251,-0.0013
"SCANB","MammaPrint","lowexpr",39,4,0.897,0.6221,0.0017
"SCANB","MammaPrint","random",39,4,0.897,0.6229,9e-04
"SCANB","MammaPrint","weight",39,5,0.872,0.624,-1e-04
"SCANB","MammaPrint","lowexpr",39,5,0.872,0.6227,0.0011
"SCANB","MammaPrint","random",39,5,0.872,0.6239,0
"SCANB","MammaPrint","weight",39,6,0.846,0.6243,-5e-04
"SCANB","MammaPrint","lowexpr",39,6,0.846,0.622,0.0018
"SCANB","MammaPrint","random",39,6,0.846,0.623,8e-04
"SCANB","MammaPrint","weight",39,7,0.821,0.6226,0.0012
"SCANB","MammaPrint","lowexpr",39,7,0.821,0.6224,0.0014
"SCANB","MammaPrint","random",39,7,0.821,0.6238,0
"SCANB","MammaPrint","weight",39,8,0.795,0.6234,4e-04
"SCANB","MammaPrint","lowexpr",39,8,0.795,0.6219,0.0019
"SCANB","MammaPrint","random",39,8,0.795,0.6219,0.0019
"SCANB","MammaPrint","weight",39,9,0.769,0.6215,0.0023
"SCANB","MammaPrint","lowexpr",39,9,0.769,0.6192,0.0046
"SCANB","MammaPrint","random",39,9,0.769,0.622,0.0019
"SCANB","MammaPrint","weight",39,10,0.744,0.6234,4e-04
"SCANB","MammaPrint","lowexpr",39,10,0.744,0.62,0.0039
"SCANB","MammaPrint","random",39,10,0.744,0.6223,0.0015
"SCANB","MammaPrint","weight",39,11,0.718,0.6225,0.0014
"SCANB","MammaPrint","lowexpr",39,11,0.718,0.6207,0.0031
"SCANB","MammaPrint","random",39,11,0.718,0.6221,0.0017
"SCANB","MammaPrint","weight",39,12,0.692,0.6228,0.001
"SCANB","MammaPrint","lowexpr",39,12,0.692,0.6186,0.0052
"SCANB","MammaPrint","random",39,12,0.692,0.6222,0.0016
"SCANB","MammaPrint","weight",39,13,0.667,0.6236,2e-04
"SCANB","MammaPrint","lowexpr",39,13,0.667,0.6259,-0.0021
"SCANB","MammaPrint","random",39,13,0.667,0.6215,0.0023
"SCANB","MammaPrint","weight",39,14,0.641,0.621,0.0028
"SCANB","MammaPrint","lowexpr",39,14,0.641,0.6253,-0.0015
"SCANB","MammaPrint","random",39,14,0.641,0.6207,0.0032
"SCANB","MammaPrint","weight",39,15,0.615,0.6221,0.0017
"SCANB","MammaPrint","lowexpr",39,15,0.615,0.6234,4e-04
"SCANB","MammaPrint","random",39,15,0.615,0.6223,0.0016
"SCANB","MammaPrint","weight",39,16,0.59,0.6177,0.0061
"SCANB","MammaPrint","lowexpr",39,16,0.59,0.6229,9e-04
"SCANB","MammaPrint","random",39,16,0.59,0.6223,0.0015
"SCANB","MammaPrint","weight",39,17,0.564,0.6164,0.0074
"SCANB","MammaPrint","lowexpr",39,17,0.564,0.6261,-0.0023
"SCANB","MammaPrint","random",39,17,0.564,0.6209,0.0029
"SCANB","MammaPrint","weight",39,18,0.538,0.6152,0.0086
"SCANB","MammaPrint","lowexpr",39,18,0.538,0.6257,-0.0019
"SCANB","MammaPrint","random",39,18,0.538,0.6182,0.0056
"SCANB","MammaPrint","weight",39,19,0.513,0.6131,0.0107
"SCANB","MammaPrint","lowexpr",39,19,0.513,0.6244,-5e-04
"SCANB","MammaPrint","random",39,19,0.513,0.6191,0.0048
"SCANB","MammaPrint","weight",39,20,0.487,0.6138,0.01
"SCANB","MammaPrint","lowexpr",39,20,0.487,0.628,-0.0042
"SCANB","MammaPrint","random",39,20,0.487,0.6197,0.0042
"SCANB","MammaPrint","weight",39,21,0.462,0.6143,0.0095
"SCANB","MammaPrint","lowexpr",39,21,0.462,0.6273,-0.0035
"SCANB","MammaPrint","random",39,21,0.462,0.6218,0.002
"SCANB","MammaPrint","weight",39,22,0.436,0.6099,0.0139
"SCANB","MammaPrint","lowexpr",39,22,0.436,0.6256,-0.0018
"SCANB","MammaPrint","random",39,22,0.436,0.6207,0.0031
"SCANB","MammaPrint","weight",39,23,0.41,0.6114,0.0124
"SCANB","MammaPrint","lowexpr",39,23,0.41,0.6237,2e-04
"SCANB","MammaPrint","random",39,23,0.41,0.6195,0.0043
"SCANB","MammaPrint","weight",39,24,0.385,0.6084,0.0154
"SCANB","MammaPrint","lowexpr",39,24,0.385,0.6253,-0.0015
"SCANB","MammaPrint","random",39,24,0.385,0.6198,0.004
"SCANB","MammaPrint","weight",39,25,0.359,0.607,0.0168
"SCANB","MammaPrint","lowexpr",39,25,0.359,0.6284,-0.0046
"SCANB","MammaPrint","random",39,25,0.359,0.6144,0.0094
"SCANB","MammaPrint","weight",39,26,0.333,0.605,0.0188
"SCANB","MammaPrint","lowexpr",39,26,0.333,0.6257,-0.0019
"SCANB","MammaPrint","random",39,26,0.333,0.6166,0.0072
"SCANB","MammaPrint","weight",39,27,0.308,0.609,0.0148
"SCANB","MammaPrint","lowexpr",39,27,0.308,0.6279,-0.0041
"SCANB","MammaPrint","random",39,27,0.308,0.6176,0.0063
"SCANB","MammaPrint","weight",39,28,0.282,0.6032,0.0206
"SCANB","MammaPrint","lowexpr",39,28,0.282,0.6299,-0.0061
"SCANB","MammaPrint","random",39,28,0.282,0.6161,0.0077
"SCANB","MammaPrint","weight",39,29,0.256,0.603,0.0209
"SCANB","MammaPrint","lowexpr",39,29,0.256,0.6333,-0.0094
"SCANB","MammaPrint","random",39,29,0.256,0.6144,0.0094
"SCANB","MammaPrint","weight",39,30,0.231,0.6009,0.0229
"SCANB","MammaPrint","lowexpr",39,30,0.231,0.6388,-0.0149
"SCANB","MammaPrint","random",39,30,0.231,0.6124,0.0114
"SCANB","MammaPrint","weight",39,31,0.205,0.603,0.0208
"SCANB","MammaPrint","lowexpr",39,31,0.205,0.6282,-0.0044
"SCANB","MammaPrint","random",39,31,0.205,0.6155,0.0084
"SCANB","MammaPrint","weight",39,32,0.179,0.6014,0.0224
"SCANB","MammaPrint","lowexpr",39,32,0.179,0.6157,0.0081
"SCANB","MammaPrint","random",39,32,0.179,0.6089,0.0149
"SCANB","MammaPrint","weight",39,33,0.154,0.5962,0.0276
"SCANB","MammaPrint","lowexpr",39,33,0.154,0.6135,0.0103
"SCANB","MammaPrint","random",39,33,0.154,0.602,0.0218
"SCANB","MammaPrint","weight",39,34,0.128,0.5952,0.0286
"SCANB","MammaPrint","lowexpr",39,34,0.128,0.6148,0.009
"SCANB","MammaPrint","random",39,34,0.128,0.604,0.0198
"SCANB","MammaPrint","weight",39,35,0.103,0.601,0.0228
"SCANB","MammaPrint","lowexpr",39,35,0.103,0.5909,0.0329
"SCANB","MammaPrint","random",39,35,0.103,0.6034,0.0204
"SCANB","MammaPrint","weight",39,36,0.077,0.6015,0.0223
"SCANB","MammaPrint","lowexpr",39,36,0.077,0.5655,0.0584
"SCANB","MammaPrint","random",39,36,0.077,0.595,0.0289
"TCGA_BRCA","CorePAM","full",23,0,1,0.6238,0
"TCGA_BRCA","CorePAM","weight",23,1,0.957,0.6172,0.0066
"TCGA_BRCA","CorePAM","lowexpr",23,1,0.957,0.6235,2e-04
"TCGA_BRCA","CorePAM","random",23,1,0.957,0.6214,0.0023
"TCGA_BRCA","CorePAM","weight",23,2,0.913,0.6313,-0.0075
"TCGA_BRCA","CorePAM","lowexpr",23,2,0.913,0.624,-2e-04
"TCGA_BRCA","CorePAM","random",23,2,0.913,0.6178,0.0059
"TCGA_BRCA","CorePAM","weight",23,3,0.87,0.6135,0.0103
"TCGA_BRCA","CorePAM","lowexpr",23,3,0.87,0.6226,0.0011
"TCGA_BRCA","CorePAM","random",23,3,0.87,0.6143,0.0095
"TCGA_BRCA","CorePAM","weight",23,4,0.826,0.6166,0.0072
"TCGA_BRCA","CorePAM","lowexpr",23,4,0.826,0.6117,0.012
"TCGA_BRCA","CorePAM","random",23,4,0.826,0.6122,0.0116
"TCGA_BRCA","CorePAM","weight",23,5,0.783,0.6089,0.0148
"TCGA_BRCA","CorePAM","lowexpr",23,5,0.783,0.5881,0.0357
"TCGA_BRCA","CorePAM","random",23,5,0.783,0.6114,0.0124
"TCGA_BRCA","CorePAM","weight",23,6,0.739,0.6108,0.013
"TCGA_BRCA","CorePAM","lowexpr",23,6,0.739,0.5832,0.0406
"TCGA_BRCA","CorePAM","random",23,6,0.739,0.6045,0.0193
"TCGA_BRCA","CorePAM","weight",23,7,0.696,0.6209,0.0029
"TCGA_BRCA","CorePAM","lowexpr",23,7,0.696,0.5777,0.046
"TCGA_BRCA","CorePAM","random",23,7,0.696,0.6054,0.0184
"TCGA_BRCA","CorePAM","weight",23,8,0.652,0.6007,0.0231
"TCGA_BRCA","CorePAM","lowexpr",23,8,0.652,0.5738,0.05
"TCGA_BRCA","CorePAM","random",23,8,0.652,0.6,0.0238
"TCGA_BRCA","CorePAM","weight",23,9,0.609,0.6038,0.02
"TCGA_BRCA","CorePAM","lowexpr",23,9,0.609,0.5746,0.0491
"TCGA_BRCA","CorePAM","random",23,9,0.609,0.5987,0.0251
"TCGA_BRCA","CorePAM","weight",23,10,0.565,0.5969,0.0269
"TCGA_BRCA","CorePAM","lowexpr",23,10,0.565,0.5906,0.0332
"TCGA_BRCA","CorePAM","random",23,10,0.565,0.5946,0.0292
"TCGA_BRCA","CorePAM","weight",23,11,0.522,0.5732,0.0505
"TCGA_BRCA","CorePAM","lowexpr",23,11,0.522,0.5702,0.0535
"TCGA_BRCA","CorePAM","random",23,11,0.522,0.5899,0.0339
"TCGA_BRCA","CorePAM","weight",23,12,0.478,0.5766,0.0471
"TCGA_BRCA","CorePAM","lowexpr",23,12,0.478,0.5735,0.0503
"TCGA_BRCA","CorePAM","random",23,12,0.478,0.5829,0.0408
"TCGA_BRCA","CorePAM","weight",23,13,0.435,0.6108,0.0129
"TCGA_BRCA","CorePAM","lowexpr",23,13,0.435,0.5622,0.0616
"TCGA_BRCA","CorePAM","random",23,13,0.435,0.5802,0.0436
"TCGA_BRCA","CorePAM","weight",23,14,0.391,0.6068,0.017
"TCGA_BRCA","CorePAM","lowexpr",23,14,0.391,0.5527,0.0711
"TCGA_BRCA","CorePAM","random",23,14,0.391,0.5746,0.0491
"TCGA_BRCA","CorePAM","weight",23,15,0.348,0.6043,0.0195
"TCGA_BRCA","CorePAM","lowexpr",23,15,0.348,0.5707,0.0531
"TCGA_BRCA","CorePAM","random",23,15,0.348,0.5689,0.0549
"TCGA_BRCA","CorePAM","weight",23,16,0.304,0.5854,0.0384
"TCGA_BRCA","CorePAM","lowexpr",23,16,0.304,0.5516,0.0722
"TCGA_BRCA","CorePAM","random",23,16,0.304,0.5665,0.0573
"TCGA_BRCA","CorePAM","weight",23,17,0.261,0.5614,0.0624
"TCGA_BRCA","CorePAM","lowexpr",23,17,0.261,0.545,0.0788
"TCGA_BRCA","CorePAM","random",23,17,0.261,0.5588,0.065
"TCGA_BRCA","CorePAM","weight",23,18,0.217,0.5571,0.0666
"TCGA_BRCA","CorePAM","lowexpr",23,18,0.217,0.4943,0.1294
"TCGA_BRCA","CorePAM","random",23,18,0.217,0.5565,0.0673
"TCGA_BRCA","CorePAM","weight",23,19,0.174,0.5443,0.0794
"TCGA_BRCA","CorePAM","lowexpr",23,19,0.174,0.4846,0.1392
"TCGA_BRCA","CorePAM","random",23,19,0.174,0.5559,0.0678
"TCGA_BRCA","CorePAM","weight",23,20,0.13,0.5108,0.1129
"TCGA_BRCA","CorePAM","lowexpr",23,20,0.13,0.4738,0.1499
"TCGA_BRCA","CorePAM","random",23,20,0.13,0.5473,0.0765
"TCGA_BRCA","OncotypeDX","full",13,0,1,0.5436,0
"TCGA_BRCA","OncotypeDX","weight",13,1,0.923,0.5375,0.0061
"TCGA_BRCA","OncotypeDX","lowexpr",13,1,0.923,0.5364,0.0073
"TCGA_BRCA","OncotypeDX","random",13,1,0.923,0.54,0.0036
"TCGA_BRCA","OncotypeDX","weight",13,2,0.846,0.5364,0.0073
"TCGA_BRCA","OncotypeDX","lowexpr",13,2,0.846,0.5469,-0.0033
"TCGA_BRCA","OncotypeDX","random",13,2,0.846,0.5424,0.0013
"TCGA_BRCA","OncotypeDX","weight",13,3,0.769,0.5243,0.0193
"TCGA_BRCA","OncotypeDX","lowexpr",13,3,0.769,0.5464,-0.0028
"TCGA_BRCA","OncotypeDX","random",13,3,0.769,0.544,-3e-04
"TCGA_BRCA","OncotypeDX","weight",13,4,0.692,0.5067,0.0369
"TCGA_BRCA","OncotypeDX","lowexpr",13,4,0.692,0.5369,0.0067
"TCGA_BRCA","OncotypeDX","random",13,4,0.692,0.5357,0.0079
"TCGA_BRCA","OncotypeDX","weight",13,5,0.615,0.4415,0.1022
"TCGA_BRCA","OncotypeDX","lowexpr",13,5,0.615,0.5253,0.0183
"TCGA_BRCA","OncotypeDX","random",13,5,0.615,0.5355,0.0081
"TCGA_BRCA","OncotypeDX","weight",13,6,0.538,0.4112,0.1325
"TCGA_BRCA","OncotypeDX","lowexpr",13,6,0.538,0.4713,0.0723
"TCGA_BRCA","OncotypeDX","random",13,6,0.538,0.5318,0.0118
"TCGA_BRCA","OncotypeDX","weight",13,7,0.462,0.422,0.1216
"TCGA_BRCA","OncotypeDX","lowexpr",13,7,0.462,0.5029,0.0407
"TCGA_BRCA","OncotypeDX","random",13,7,0.462,0.5298,0.0138
"TCGA_BRCA","OncotypeDX","weight",13,8,0.385,0.4594,0.0842
"TCGA_BRCA","OncotypeDX","lowexpr",13,8,0.385,0.4594,0.0842
"TCGA_BRCA","OncotypeDX","random",13,8,0.385,0.5379,0.0057
"TCGA_BRCA","OncotypeDX","weight",13,9,0.308,0.5136,0.03
"TCGA_BRCA","OncotypeDX","lowexpr",13,9,0.308,0.4358,0.1079
"TCGA_BRCA","OncotypeDX","random",13,9,0.308,0.512,0.0316
"TCGA_BRCA","OncotypeDX","weight",13,10,0.231,0.4925,0.0512
"TCGA_BRCA","OncotypeDX","lowexpr",13,10,0.231,0.4925,0.0512
"TCGA_BRCA","OncotypeDX","random",13,10,0.231,0.5248,0.0188
"TCGA_BRCA","GGI","full",82,0,1,0.5647,0
"TCGA_BRCA","GGI","weight",82,1,0.988,0.5645,2e-04
"TCGA_BRCA","GGI","lowexpr",82,1,0.988,0.5644,3e-04
"TCGA_BRCA","GGI","random",82,1,0.988,0.5646,1e-04
"TCGA_BRCA","GGI","weight",82,2,0.976,0.5641,6e-04
"TCGA_BRCA","GGI","lowexpr",82,2,0.976,0.5643,4e-04
"TCGA_BRCA","GGI","random",82,2,0.976,0.5648,-1e-04
"TCGA_BRCA","GGI","weight",82,3,0.963,0.5638,9e-04
"TCGA_BRCA","GGI","lowexpr",82,3,0.963,0.5641,6e-04
"TCGA_BRCA","GGI","random",82,3,0.963,0.5649,-2e-04
"TCGA_BRCA","GGI","weight",82,4,0.951,0.564,7e-04
"TCGA_BRCA","GGI","lowexpr",82,4,0.951,0.5643,4e-04
"TCGA_BRCA","GGI","random",82,4,0.951,0.5647,0
"TCGA_BRCA","GGI","weight",82,5,0.939,0.5642,5e-04
"TCGA_BRCA","GGI","lowexpr",82,5,0.939,0.5643,4e-04
"TCGA_BRCA","GGI","random",82,5,0.939,0.5645,1e-04
"TCGA_BRCA","GGI","weight",82,6,0.927,0.5644,3e-04
"TCGA_BRCA","GGI","lowexpr",82,6,0.927,0.5647,0
"TCGA_BRCA","GGI","random",82,6,0.927,0.5647,0
"TCGA_BRCA","GGI","weight",82,7,0.915,0.564,7e-04
"TCGA_BRCA","GGI","lowexpr",82,7,0.915,0.5652,-5e-04
"TCGA_BRCA","GGI","random",82,7,0.915,0.5645,2e-04
"TCGA_BRCA","GGI","weight",82,8,0.902,0.5645,2e-04
"TCGA_BRCA","GGI","lowexpr",82,8,0.902,0.5656,-9e-04
"TCGA_BRCA","GGI","random",82,8,0.902,0.5653,-6e-04
"TCGA_BRCA","GGI","weight",82,9,0.89,0.5644,3e-04
"TCGA_BRCA","GGI","lowexpr",82,9,0.89,0.5662,-0.0015
"TCGA_BRCA","GGI","random",82,9,0.89,0.5648,-1e-04
"TCGA_BRCA","GGI","weight",82,10,0.878,0.5642,5e-04
"TCGA_BRCA","GGI","lowexpr",82,10,0.878,0.5664,-0.0017
"TCGA_BRCA","GGI","random",82,10,0.878,0.5649,-2e-04
"TCGA_BRCA","GGI","weight",82,11,0.866,0.5642,5e-04
"TCGA_BRCA","GGI","lowexpr",82,11,0.866,0.5668,-0.0021
"TCGA_BRCA","GGI","random",82,11,0.866,0.5654,-7e-04
"TCGA_BRCA","GGI","weight",82,12,0.854,0.5641,6e-04
"TCGA_BRCA","GGI","lowexpr",82,12,0.854,0.5669,-0.0022
"TCGA_BRCA","GGI","random",82,12,0.854,0.5651,-4e-04
"TCGA_BRCA","GGI","weight",82,13,0.841,0.5643,4e-04
"TCGA_BRCA","GGI","lowexpr",82,13,0.841,0.5669,-0.0022
"TCGA_BRCA","GGI","random",82,13,0.841,0.5648,-1e-04
"TCGA_BRCA","GGI","weight",82,14,0.829,0.5638,9e-04
"TCGA_BRCA","GGI","lowexpr",82,14,0.829,0.5678,-0.0031
"TCGA_BRCA","GGI","random",82,14,0.829,0.5646,1e-04
"TCGA_BRCA","GGI","weight",82,15,0.817,0.5646,1e-04
"TCGA_BRCA","GGI","lowexpr",82,15,0.817,0.5681,-0.0034
"TCGA_BRCA","GGI","random",82,15,0.817,0.5649,-2e-04
"TCGA_BRCA","GGI","weight",82,16,0.805,0.5642,5e-04
"TCGA_BRCA","GGI","lowexpr",82,16,0.805,0.5683,-0.0036
"TCGA_BRCA","GGI","random",82,16,0.805,0.5651,-4e-04
"TCGA_BRCA","GGI","weight",82,17,0.793,0.5647,0
"TCGA_BRCA","GGI","lowexpr",82,17,0.793,0.5686,-0.0039
"TCGA_BRCA","GGI","random",82,17,0.793,0.5648,-2e-04
"TCGA_BRCA","GGI","weight",82,18,0.78,0.5644,3e-04
"TCGA_BRCA","GGI","lowexpr",82,18,0.78,0.5691,-0.0044
"TCGA_BRCA","GGI","random",82,18,0.78,0.565,-3e-04
"TCGA_BRCA","GGI","weight",82,19,0.768,0.5628,0.0019
"TCGA_BRCA","GGI","lowexpr",82,19,0.768,0.5689,-0.0042
"TCGA_BRCA","GGI","random",82,19,0.768,0.565,-3e-04
"TCGA_BRCA","GGI","weight",82,20,0.756,0.5632,0.0015
"TCGA_BRCA","GGI","lowexpr",82,20,0.756,0.5689,-0.0042
"TCGA_BRCA","GGI","random",82,20,0.756,0.5645,2e-04
"TCGA_BRCA","GGI","weight",82,21,0.744,0.5625,0.0022
"TCGA_BRCA","GGI","lowexpr",82,21,0.744,0.5692,-0.0046
"TCGA_BRCA","GGI","random",82,21,0.744,0.5648,-1e-04
"TCGA_BRCA","GGI","weight",82,22,0.732,0.5626,0.0021
"TCGA_BRCA","GGI","lowexpr",82,22,0.732,0.5695,-0.0048
"TCGA_BRCA","GGI","random",82,22,0.732,0.5645,2e-04
"TCGA_BRCA","GGI","weight",82,23,0.72,0.5622,0.0025
"TCGA_BRCA","GGI","lowexpr",82,23,0.72,0.5684,-0.0037
"TCGA_BRCA","GGI","random",82,23,0.72,0.5648,-1e-04
"TCGA_BRCA","GGI","weight",82,24,0.707,0.563,0.0017
"TCGA_BRCA","GGI","lowexpr",82,24,0.707,0.5677,-0.003
"TCGA_BRCA","GGI","random",82,24,0.707,0.5647,0
"TCGA_BRCA","GGI","weight",82,25,0.695,0.5633,0.0014
"TCGA_BRCA","GGI","lowexpr",82,25,0.695,0.5675,-0.0028
"TCGA_BRCA","GGI","random",82,25,0.695,0.5656,-9e-04
"TCGA_BRCA","GGI","weight",82,26,0.683,0.5639,7e-04
"TCGA_BRCA","GGI","lowexpr",82,26,0.683,0.5678,-0.0031
"TCGA_BRCA","GGI","random",82,26,0.683,0.5641,6e-04
"TCGA_BRCA","GGI","weight",82,27,0.671,0.5642,5e-04
"TCGA_BRCA","GGI","lowexpr",82,27,0.671,0.5685,-0.0038
"TCGA_BRCA","GGI","random",82,27,0.671,0.5651,-5e-04
"TCGA_BRCA","GGI","weight",82,28,0.659,0.5646,0
"TCGA_BRCA","GGI","lowexpr",82,28,0.659,0.5687,-0.004
"TCGA_BRCA","GGI","random",82,28,0.659,0.5646,1e-04
"TCGA_BRCA","GGI","weight",82,29,0.646,0.565,-3e-04
"TCGA_BRCA","GGI","lowexpr",82,29,0.646,0.5688,-0.0041
"TCGA_BRCA","GGI","random",82,29,0.646,0.5642,5e-04
"TCGA_BRCA","GGI","weight",82,30,0.634,0.5632,0.0015
"TCGA_BRCA","GGI","lowexpr",82,30,0.634,0.5689,-0.0042
"TCGA_BRCA","GGI","random",82,30,0.634,0.5647,0
"TCGA_BRCA","GGI","weight",82,31,0.622,0.5632,0.0015
"TCGA_BRCA","GGI","lowexpr",82,31,0.622,0.5693,-0.0046
"TCGA_BRCA","GGI","random",82,31,0.622,0.566,-0.0013
"TCGA_BRCA","GGI","weight",82,32,0.61,0.5641,6e-04
"TCGA_BRCA","GGI","lowexpr",82,32,0.61,0.569,-0.0043
"TCGA_BRCA","GGI","random",82,32,0.61,0.565,-3e-04
"TCGA_BRCA","GGI","weight",82,33,0.598,0.5641,6e-04
"TCGA_BRCA","GGI","lowexpr",82,33,0.598,0.5694,-0.0047
"TCGA_BRCA","GGI","random",82,33,0.598,0.5649,-2e-04
"TCGA_BRCA","GGI","weight",82,34,0.585,0.5646,0
"TCGA_BRCA","GGI","lowexpr",82,34,0.585,0.5699,-0.0052
"TCGA_BRCA","GGI","random",82,34,0.585,0.5642,5e-04
"TCGA_BRCA","GGI","weight",82,35,0.573,0.5647,0
"TCGA_BRCA","GGI","lowexpr",82,35,0.573,0.5692,-0.0045
"TCGA_BRCA","GGI","random",82,35,0.573,0.5649,-2e-04
"TCGA_BRCA","GGI","weight",82,36,0.561,0.5652,-5e-04
"TCGA_BRCA","GGI","lowexpr",82,36,0.561,0.569,-0.0043
"TCGA_BRCA","GGI","random",82,36,0.561,0.5648,-1e-04
"TCGA_BRCA","GGI","weight",82,37,0.549,0.5658,-0.0011
"TCGA_BRCA","GGI","lowexpr",82,37,0.549,0.5685,-0.0038
"TCGA_BRCA","GGI","random",82,37,0.549,0.5637,0.001
"TCGA_BRCA","GGI","weight",82,38,0.537,0.5667,-0.002
"TCGA_BRCA","GGI","lowexpr",82,38,0.537,0.5687,-0.0041
"TCGA_BRCA","GGI","random",82,38,0.537,0.5646,0
"TCGA_BRCA","GGI","weight",82,39,0.524,0.5669,-0.0022
"TCGA_BRCA","GGI","lowexpr",82,39,0.524,0.5688,-0.0042
"TCGA_BRCA","GGI","random",82,39,0.524,0.5659,-0.0012
"TCGA_BRCA","GGI","weight",82,40,0.512,0.5672,-0.0025
"TCGA_BRCA","GGI","lowexpr",82,40,0.512,0.5693,-0.0046
"TCGA_BRCA","GGI","random",82,40,0.512,0.5652,-5e-04
"TCGA_BRCA","GGI","weight",82,41,0.5,0.5678,-0.0031
"TCGA_BRCA","GGI","lowexpr",82,41,0.5,0.5694,-0.0047
"TCGA_BRCA","GGI","random",82,41,0.5,0.5643,4e-04
"TCGA_BRCA","GGI","weight",82,42,0.488,0.5666,-0.0019
"TCGA_BRCA","GGI","lowexpr",82,42,0.488,0.57,-0.0053
"TCGA_BRCA","GGI","random",82,42,0.488,0.5651,-4e-04
"TCGA_BRCA","GGI","weight",82,43,0.476,0.5669,-0.0022
"TCGA_BRCA","GGI","lowexpr",82,43,0.476,0.5701,-0.0054
"TCGA_BRCA","GGI","random",82,43,0.476,0.5653,-6e-04
"TCGA_BRCA","GGI","weight",82,44,0.463,0.5668,-0.0021
"TCGA_BRCA","GGI","lowexpr",82,44,0.463,0.5704,-0.0057
"TCGA_BRCA","GGI","random",82,44,0.463,0.5652,-5e-04
"TCGA_BRCA","GGI","weight",82,45,0.451,0.5669,-0.0022
"TCGA_BRCA","GGI","lowexpr",82,45,0.451,0.5703,-0.0056
"TCGA_BRCA","GGI","random",82,45,0.451,0.5663,-0.0016
"TCGA_BRCA","GGI","weight",82,46,0.439,0.5675,-0.0028
"TCGA_BRCA","GGI","lowexpr",82,46,0.439,0.5712,-0.0065
"TCGA_BRCA","GGI","random",82,46,0.439,0.566,-0.0013
"TCGA_BRCA","GGI","weight",82,47,0.427,0.5686,-0.0039
"TCGA_BRCA","GGI","lowexpr",82,47,0.427,0.5726,-0.0079
"TCGA_BRCA","GGI","random",82,47,0.427,0.5649,-2e-04
"TCGA_BRCA","GGI","weight",82,48,0.415,0.5685,-0.0038
"TCGA_BRCA","GGI","lowexpr",82,48,0.415,0.5722,-0.0075
"TCGA_BRCA","GGI","random",82,48,0.415,0.5657,-0.001
"TCGA_BRCA","GGI","weight",82,49,0.402,0.5691,-0.0044
"TCGA_BRCA","GGI","lowexpr",82,49,0.402,0.5712,-0.0065
"TCGA_BRCA","GGI","random",82,49,0.402,0.5668,-0.0021
"TCGA_BRCA","GGI","weight",82,50,0.39,0.5698,-0.0051
"TCGA_BRCA","GGI","lowexpr",82,50,0.39,0.5707,-0.006
"TCGA_BRCA","GGI","random",82,50,0.39,0.5659,-0.0012
"TCGA_BRCA","GGI","weight",82,51,0.378,0.5696,-0.0049
"TCGA_BRCA","GGI","lowexpr",82,51,0.378,0.5698,-0.0051
"TCGA_BRCA","GGI","random",82,51,0.378,0.5648,-1e-04
"TCGA_BRCA","GGI","weight",82,52,0.366,0.57,-0.0054
"TCGA_BRCA","GGI","lowexpr",82,52,0.366,0.5715,-0.0068
"TCGA_BRCA","GGI","random",82,52,0.366,0.5644,3e-04
"TCGA_BRCA","GGI","weight",82,53,0.354,0.5708,-0.0061
"TCGA_BRCA","GGI","lowexpr",82,53,0.354,0.572,-0.0073
"TCGA_BRCA","GGI","random",82,53,0.354,0.5646,1e-04
"TCGA_BRCA","GGI","weight",82,54,0.341,0.5672,-0.0025
"TCGA_BRCA","GGI","lowexpr",82,54,0.341,0.5715,-0.0069
"TCGA_BRCA","GGI","random",82,54,0.341,0.5657,-0.0011
"TCGA_BRCA","GGI","weight",82,55,0.329,0.5658,-0.0012
"TCGA_BRCA","GGI","lowexpr",82,55,0.329,0.5715,-0.0068
"TCGA_BRCA","GGI","random",82,55,0.329,0.5663,-0.0016
"TCGA_BRCA","GGI","weight",82,56,0.317,0.5643,4e-04
"TCGA_BRCA","GGI","lowexpr",82,56,0.317,0.5717,-0.007
"TCGA_BRCA","GGI","random",82,56,0.317,0.5657,-0.001
"TCGA_BRCA","GGI","weight",82,57,0.305,0.564,7e-04
"TCGA_BRCA","GGI","lowexpr",82,57,0.305,0.5731,-0.0084
"TCGA_BRCA","GGI","random",82,57,0.305,0.5666,-0.0019
"TCGA_BRCA","GGI","weight",82,58,0.293,0.5648,-1e-04
"TCGA_BRCA","GGI","lowexpr",82,58,0.293,0.5729,-0.0082
"TCGA_BRCA","GGI","random",82,58,0.293,0.5648,-1e-04
"TCGA_BRCA","GGI","weight",82,59,0.28,0.5616,0.003
"TCGA_BRCA","GGI","lowexpr",82,59,0.28,0.5745,-0.0098
"TCGA_BRCA","GGI","random",82,59,0.28,0.5647,0
"TCGA_BRCA","GGI","weight",82,60,0.268,0.5628,0.0019
"TCGA_BRCA","GGI","lowexpr",82,60,0.268,0.5764,-0.0117
"TCGA_BRCA","GGI","random",82,60,0.268,0.5635,0.0012
"TCGA_BRCA","GGI","weight",82,61,0.256,0.5618,0.0029
"TCGA_BRCA","GGI","lowexpr",82,61,0.256,0.5781,-0.0134
"TCGA_BRCA","GGI","random",82,61,0.256,0.5657,-0.001
"TCGA_BRCA","GGI","weight",82,62,0.244,0.5646,0
"TCGA_BRCA","GGI","lowexpr",82,62,0.244,0.5796,-0.0149
"TCGA_BRCA","GGI","random",82,62,0.244,0.565,-3e-04
"TCGA_BRCA","GGI","weight",82,63,0.232,0.5673,-0.0026
"TCGA_BRCA","GGI","lowexpr",82,63,0.232,0.5807,-0.016
"TCGA_BRCA","GGI","random",82,63,0.232,0.5647,0
"TCGA_BRCA","GGI","weight",82,64,0.22,0.5656,-9e-04
"TCGA_BRCA","GGI","lowexpr",82,64,0.22,0.5812,-0.0166
"TCGA_BRCA","GGI","random",82,64,0.22,0.5655,-8e-04
"TCGA_BRCA","GGI","weight",82,65,0.207,0.5672,-0.0025
"TCGA_BRCA","GGI","lowexpr",82,65,0.207,0.5815,-0.0168
"TCGA_BRCA","GGI","random",82,65,0.207,0.5666,-0.0019
"TCGA_BRCA","GGI","weight",82,66,0.195,0.5652,-5e-04
"TCGA_BRCA","GGI","lowexpr",82,66,0.195,0.5799,-0.0152
"TCGA_BRCA","GGI","random",82,66,0.195,0.5651,-4e-04
"TCGA_BRCA","GGI","weight",82,67,0.183,0.5667,-0.002
"TCGA_BRCA","GGI","lowexpr",82,67,0.183,0.582,-0.0173
"TCGA_BRCA","GGI","random",82,67,0.183,0.5645,2e-04
"TCGA_BRCA","GGI","weight",82,68,0.171,0.5666,-0.002
"TCGA_BRCA","GGI","lowexpr",82,68,0.171,0.5865,-0.0218
"TCGA_BRCA","GGI","random",82,68,0.171,0.5657,-0.001
"TCGA_BRCA","GGI","weight",82,69,0.159,0.5634,0.0013
"TCGA_BRCA","GGI","lowexpr",82,69,0.159,0.5892,-0.0245
"TCGA_BRCA","GGI","random",82,69,0.159,0.5658,-0.0011
"TCGA_BRCA","GGI","weight",82,70,0.146,0.5579,0.0068
"TCGA_BRCA","GGI","lowexpr",82,70,0.146,0.5816,-0.0169
"TCGA_BRCA","GGI","random",82,70,0.146,0.5662,-0.0016
"TCGA_BRCA","GGI","weight",82,71,0.134,0.5599,0.0048
"TCGA_BRCA","GGI","lowexpr",82,71,0.134,0.5767,-0.012
"TCGA_BRCA","GGI","random",82,71,0.134,0.5653,-6e-04
"TCGA_BRCA","GGI","weight",82,72,0.122,0.5588,0.0059
"TCGA_BRCA","GGI","lowexpr",82,72,0.122,0.58,-0.0153
"TCGA_BRCA","GGI","random",82,72,0.122,0.5643,4e-04
"TCGA_BRCA","GGI","weight",82,73,0.11,0.5661,-0.0014
"TCGA_BRCA","GGI","lowexpr",82,73,0.11,0.5713,-0.0066
"TCGA_BRCA","GGI","random",82,73,0.11,0.5643,4e-04
"TCGA_BRCA","GGI","weight",82,74,0.098,0.5636,0.001
"TCGA_BRCA","GGI","lowexpr",82,74,0.098,0.5775,-0.0129
"TCGA_BRCA","GGI","random",82,74,0.098,0.5688,-0.0041
"TCGA_BRCA","GGI","weight",82,75,0.085,0.5683,-0.0036
"TCGA_BRCA","GGI","lowexpr",82,75,0.085,0.5779,-0.0132
"TCGA_BRCA","GGI","random",82,75,0.085,0.562,0.0027
"TCGA_BRCA","GGI","weight",82,76,0.073,0.5628,0.0019
"TCGA_BRCA","GGI","lowexpr",82,76,0.073,0.5747,-0.01
"TCGA_BRCA","GGI","random",82,76,0.073,0.5603,0.0044
"TCGA_BRCA","GGI","weight",82,77,0.061,0.5609,0.0038
"TCGA_BRCA","GGI","lowexpr",82,77,0.061,0.5736,-0.0089
"TCGA_BRCA","GGI","random",82,77,0.061,0.5604,0.0043
"TCGA_BRCA","GGI","weight",82,78,0.049,0.5599,0.0048
"TCGA_BRCA","GGI","lowexpr",82,78,0.049,0.5702,-0.0055
"TCGA_BRCA","GGI","random",82,78,0.049,0.5592,0.0055
"TCGA_BRCA","GGI","weight",82,79,0.037,0.5525,0.0122
"TCGA_BRCA","GGI","lowexpr",82,79,0.037,0.5484,0.0163
"TCGA_BRCA","GGI","random",82,79,0.037,0.5601,0.0046
"TCGA_BRCA","MammaPrint","full",36,0,1,0.584,0
"TCGA_BRCA","MammaPrint","weight",36,1,0.972,0.5876,-0.0036
"TCGA_BRCA","MammaPrint","lowexpr",36,1,0.972,0.5852,-0.0012
"TCGA_BRCA","MammaPrint","random",36,1,0.972,0.584,0
"TCGA_BRCA","MammaPrint","weight",36,2,0.944,0.5887,-0.0047
"TCGA_BRCA","MammaPrint","lowexpr",36,2,0.944,0.5859,-0.0019
"TCGA_BRCA","MammaPrint","random",36,2,0.944,0.583,0.001
"TCGA_BRCA","MammaPrint","weight",36,3,0.917,0.5898,-0.0058
"TCGA_BRCA","MammaPrint","lowexpr",36,3,0.917,0.5861,-0.0021
"TCGA_BRCA","MammaPrint","random",36,3,0.917,0.5838,2e-04
"TCGA_BRCA","MammaPrint","weight",36,4,0.889,0.5907,-0.0067
"TCGA_BRCA","MammaPrint","lowexpr",36,4,0.889,0.5875,-0.0035
"TCGA_BRCA","MammaPrint","random",36,4,0.889,0.5825,0.0015
"TCGA_BRCA","MammaPrint","weight",36,5,0.861,0.5908,-0.0068
"TCGA_BRCA","MammaPrint","lowexpr",36,5,0.861,0.5841,-1e-04
"TCGA_BRCA","MammaPrint","random",36,5,0.861,0.5826,0.0015
"TCGA_BRCA","MammaPrint","weight",36,6,0.833,0.5875,-0.0035
"TCGA_BRCA","MammaPrint","lowexpr",36,6,0.833,0.5854,-0.0014
"TCGA_BRCA","MammaPrint","random",36,6,0.833,0.583,0.001
"TCGA_BRCA","MammaPrint","weight",36,7,0.806,0.584,0
"TCGA_BRCA","MammaPrint","lowexpr",36,7,0.806,0.5863,-0.0023
"TCGA_BRCA","MammaPrint","random",36,7,0.806,0.583,0.001
"TCGA_BRCA","MammaPrint","weight",36,8,0.778,0.5846,-6e-04
"TCGA_BRCA","MammaPrint","lowexpr",36,8,0.778,0.5857,-0.0017
"TCGA_BRCA","MammaPrint","random",36,8,0.778,0.5822,0.0018
"TCGA_BRCA","MammaPrint","weight",36,9,0.75,0.5849,-8e-04
"TCGA_BRCA","MammaPrint","lowexpr",36,9,0.75,0.5865,-0.0025
"TCGA_BRCA","MammaPrint","random",36,9,0.75,0.5826,0.0014
"TCGA_BRCA","MammaPrint","weight",36,10,0.722,0.5859,-0.0019
"TCGA_BRCA","MammaPrint","lowexpr",36,10,0.722,0.5879,-0.0039
"TCGA_BRCA","MammaPrint","random",36,10,0.722,0.5828,0.0012
"TCGA_BRCA","MammaPrint","weight",36,11,0.694,0.5843,-3e-04
"TCGA_BRCA","MammaPrint","lowexpr",36,11,0.694,0.5874,-0.0034
"TCGA_BRCA","MammaPrint","random",36,11,0.694,0.5801,0.0039
"TCGA_BRCA","MammaPrint","weight",36,12,0.667,0.5862,-0.0022
"TCGA_BRCA","MammaPrint","lowexpr",36,12,0.667,0.586,-0.002
"TCGA_BRCA","MammaPrint","random",36,12,0.667,0.5835,5e-04
"TCGA_BRCA","MammaPrint","weight",36,13,0.639,0.5874,-0.0034
"TCGA_BRCA","MammaPrint","lowexpr",36,13,0.639,0.5862,-0.0022
"TCGA_BRCA","MammaPrint","random",36,13,0.639,0.581,0.003
"TCGA_BRCA","MammaPrint","weight",36,14,0.611,0.5822,0.0018
"TCGA_BRCA","MammaPrint","lowexpr",36,14,0.611,0.5888,-0.0048
"TCGA_BRCA","MammaPrint","random",36,14,0.611,0.5806,0.0034
"TCGA_BRCA","MammaPrint","weight",36,15,0.583,0.5807,0.0033
"TCGA_BRCA","MammaPrint","lowexpr",36,15,0.583,0.5912,-0.0072
"TCGA_BRCA","MammaPrint","random",36,15,0.583,0.5823,0.0017
"TCGA_BRCA","MammaPrint","weight",36,16,0.556,0.5801,0.0039
"TCGA_BRCA","MammaPrint","lowexpr",36,16,0.556,0.596,-0.012
"TCGA_BRCA","MammaPrint","random",36,16,0.556,0.5784,0.0056
"TCGA_BRCA","MammaPrint","weight",36,17,0.528,0.5734,0.0106
"TCGA_BRCA","MammaPrint","lowexpr",36,17,0.528,0.6041,-0.0201
"TCGA_BRCA","MammaPrint","random",36,17,0.528,0.5821,0.0019
"TCGA_BRCA","MammaPrint","weight",36,18,0.5,0.5722,0.0118
"TCGA_BRCA","MammaPrint","lowexpr",36,18,0.5,0.605,-0.021
"TCGA_BRCA","MammaPrint","random",36,18,0.5,0.5834,6e-04
"TCGA_BRCA","MammaPrint","weight",36,19,0.472,0.5699,0.0141
"TCGA_BRCA","MammaPrint","lowexpr",36,19,0.472,0.6028,-0.0188
"TCGA_BRCA","MammaPrint","random",36,19,0.472,0.5773,0.0067
"TCGA_BRCA","MammaPrint","weight",36,20,0.444,0.566,0.018
"TCGA_BRCA","MammaPrint","lowexpr",36,20,0.444,0.6059,-0.0219
"TCGA_BRCA","MammaPrint","random",36,20,0.444,0.5777,0.0063
"TCGA_BRCA","MammaPrint","weight",36,21,0.417,0.5653,0.0187
"TCGA_BRCA","MammaPrint","lowexpr",36,21,0.417,0.6109,-0.0269
"TCGA_BRCA","MammaPrint","random",36,21,0.417,0.5775,0.0065
"TCGA_BRCA","MammaPrint","weight",36,22,0.389,0.5679,0.0161
"TCGA_BRCA","MammaPrint","lowexpr",36,22,0.389,0.6117,-0.0277
"TCGA_BRCA","MammaPrint","random",36,22,0.389,0.5764,0.0076
"TCGA_BRCA","MammaPrint","weight",36,23,0.361,0.5622,0.0218
"TCGA_BRCA","MammaPrint","lowexpr",36,23,0.361,0.6127,-0.0286
"TCGA_BRCA","MammaPrint","random",36,23,0.361,0.5767,0.0073
"TCGA_BRCA","MammaPrint","weight",36,24,0.333,0.5649,0.0191
"TCGA_BRCA","MammaPrint","lowexpr",36,24,0.333,0.619,-0.035
"TCGA_BRCA","MammaPrint","random",36,24,0.333,0.5745,0.0095
"TCGA_BRCA","MammaPrint","weight",36,25,0.306,0.5667,0.0173
"TCGA_BRCA","MammaPrint","lowexpr",36,25,0.306,0.6183,-0.0343
"TCGA_BRCA","MammaPrint","random",36,25,0.306,0.5753,0.0088
"TCGA_BRCA","MammaPrint","weight",36,26,0.278,0.5738,0.0102
"TCGA_BRCA","MammaPrint","lowexpr",36,26,0.278,0.6155,-0.0315
"TCGA_BRCA","MammaPrint","random",36,26,0.278,0.5704,0.0136
"TCGA_BRCA","MammaPrint","weight",36,27,0.25,0.5759,0.0081
"TCGA_BRCA","MammaPrint","lowexpr",36,27,0.25,0.6161,-0.0321
"TCGA_BRCA","MammaPrint","random",36,27,0.25,0.5692,0.0148
"TCGA_BRCA","MammaPrint","weight",36,28,0.222,0.5753,0.0087
"TCGA_BRCA","MammaPrint","lowexpr",36,28,0.222,0.6071,-0.0231
"TCGA_BRCA","MammaPrint","random",36,28,0.222,0.5697,0.0144
"TCGA_BRCA","MammaPrint","weight",36,29,0.194,0.5776,0.0064
"TCGA_BRCA","MammaPrint","lowexpr",36,29,0.194,0.6126,-0.0286
"TCGA_BRCA","MammaPrint","random",36,29,0.194,0.5678,0.0162
"TCGA_BRCA","MammaPrint","weight",36,30,0.167,0.5751,0.0089
"TCGA_BRCA","MammaPrint","lowexpr",36,30,0.167,0.6025,-0.0184
"TCGA_BRCA","MammaPrint","random",36,30,0.167,0.5696,0.0144
"TCGA_BRCA","MammaPrint","weight",36,31,0.139,0.5825,0.0015
"TCGA_BRCA","MammaPrint","lowexpr",36,31,0.139,0.5773,0.0067
"TCGA_BRCA","MammaPrint","random",36,31,0.139,0.5668,0.0172
"TCGA_BRCA","MammaPrint","weight",36,32,0.111,0.5873,-0.0032
"TCGA_BRCA","MammaPrint","lowexpr",36,32,0.111,0.5587,0.0253
"TCGA_BRCA","MammaPrint","random",36,32,0.111,0.5487,0.0353
"TCGA_BRCA","MammaPrint","weight",36,33,0.083,0.5483,0.0357
"TCGA_BRCA","MammaPrint","lowexpr",36,33,0.083,0.516,0.068
"TCGA_BRCA","MammaPrint","random",36,33,0.083,0.5514,0.0326
"METABRIC","CorePAM","full",24,0,1,0.5927,0
"METABRIC","CorePAM","weight",24,1,0.958,0.5774,0.0153
"METABRIC","CorePAM","lowexpr",24,1,0.958,0.5954,-0.0027
"METABRIC","CorePAM","random",24,1,0.958,0.5914,0.0014
"METABRIC","CorePAM","weight",24,2,0.917,0.5669,0.0259
"METABRIC","CorePAM","lowexpr",24,2,0.917,0.5976,-0.0049
"METABRIC","CorePAM","random",24,2,0.917,0.5897,0.003
"METABRIC","CorePAM","weight",24,3,0.875,0.5571,0.0356
"METABRIC","CorePAM","lowexpr",24,3,0.875,0.5973,-0.0046
"METABRIC","CorePAM","random",24,3,0.875,0.5898,0.0029
"METABRIC","CorePAM","weight",24,4,0.833,0.5657,0.027
"METABRIC","CorePAM","lowexpr",24,4,0.833,0.5964,-0.0037
"METABRIC","CorePAM","random",24,4,0.833,0.5866,0.0062
"METABRIC","CorePAM","weight",24,5,0.792,0.5698,0.0229
"METABRIC","CorePAM","lowexpr",24,5,0.792,0.595,-0.0023
"METABRIC","CorePAM","random",24,5,0.792,0.5842,0.0086
"METABRIC","CorePAM","weight",24,6,0.75,0.5823,0.0105
"METABRIC","CorePAM","lowexpr",24,6,0.75,0.5946,-0.0019
"METABRIC","CorePAM","random",24,6,0.75,0.5797,0.013
"METABRIC","CorePAM","weight",24,7,0.708,0.5576,0.0352
"METABRIC","CorePAM","lowexpr",24,7,0.708,0.5939,-0.0012
"METABRIC","CorePAM","random",24,7,0.708,0.582,0.0108
"METABRIC","CorePAM","weight",24,8,0.667,0.5706,0.0222
"METABRIC","CorePAM","lowexpr",24,8,0.667,0.5801,0.0126
"METABRIC","CorePAM","random",24,8,0.667,0.581,0.0117
"METABRIC","CorePAM","weight",24,9,0.625,0.5607,0.0321
"METABRIC","CorePAM","lowexpr",24,9,0.625,0.5788,0.0139
"METABRIC","CorePAM","random",24,9,0.625,0.5743,0.0184
"METABRIC","CorePAM","weight",24,10,0.583,0.5728,0.0199
"METABRIC","CorePAM","lowexpr",24,10,0.583,0.5793,0.0134
"METABRIC","CorePAM","random",24,10,0.583,0.5642,0.0285
"METABRIC","CorePAM","weight",24,11,0.542,0.563,0.0297
"METABRIC","CorePAM","lowexpr",24,11,0.542,0.585,0.0078
"METABRIC","CorePAM","random",24,11,0.542,0.5716,0.0212
"METABRIC","CorePAM","weight",24,12,0.5,0.5355,0.0573
"METABRIC","CorePAM","lowexpr",24,12,0.5,0.5839,0.0088
"METABRIC","CorePAM","random",24,12,0.5,0.576,0.0167
"METABRIC","CorePAM","weight",24,13,0.458,0.5417,0.051
"METABRIC","CorePAM","lowexpr",24,13,0.458,0.5752,0.0176
"METABRIC","CorePAM","random",24,13,0.458,0.5588,0.0339
"METABRIC","CorePAM","weight",24,14,0.417,0.5735,0.0193
"METABRIC","CorePAM","lowexpr",24,14,0.417,0.5778,0.0149
"METABRIC","CorePAM","random",24,14,0.417,0.5654,0.0274
"METABRIC","CorePAM","weight",24,15,0.375,0.5866,0.0062
"METABRIC","CorePAM","lowexpr",24,15,0.375,0.5763,0.0164
"METABRIC","CorePAM","random",24,15,0.375,0.564,0.0287
"METABRIC","CorePAM","weight",24,16,0.333,0.593,-2e-04
"METABRIC","CorePAM","lowexpr",24,16,0.333,0.5713,0.0214
"METABRIC","CorePAM","random",24,16,0.333,0.5592,0.0335
"METABRIC","CorePAM","weight",24,17,0.292,0.5753,0.0174
"METABRIC","CorePAM","lowexpr",24,17,0.292,0.569,0.0237
"METABRIC","CorePAM","random",24,17,0.292,0.5672,0.0255
"METABRIC","CorePAM","weight",24,18,0.25,0.5683,0.0244
"METABRIC","CorePAM","lowexpr",24,18,0.25,0.5308,0.062
"METABRIC","CorePAM","random",24,18,0.25,0.5416,0.0512
"METABRIC","CorePAM","weight",24,19,0.208,0.5381,0.0547
"METABRIC","CorePAM","lowexpr",24,19,0.208,0.5236,0.0691
"METABRIC","CorePAM","random",24,19,0.208,0.5557,0.037
"METABRIC","CorePAM","weight",24,20,0.167,0.5152,0.0776
"METABRIC","CorePAM","lowexpr",24,20,0.167,0.5517,0.041
"METABRIC","CorePAM","random",24,20,0.167,0.5484,0.0444
"METABRIC","CorePAM","weight",24,21,0.125,0.484,0.1087
"METABRIC","CorePAM","lowexpr",24,21,0.125,0.4891,0.1036
"METABRIC","CorePAM","random",24,21,0.125,0.543,0.0498
"METABRIC","OncotypeDX","full",15,0,1,0.5834,0
"METABRIC","OncotypeDX","weight",15,1,0.933,0.5679,0.0155
"METABRIC","OncotypeDX","lowexpr",15,1,0.933,0.5872,-0.0038
"METABRIC","OncotypeDX","random",15,1,0.933,0.5818,0.0016
"METABRIC","OncotypeDX","weight",15,2,0.867,0.56,0.0234
"METABRIC","OncotypeDX","lowexpr",15,2,0.867,0.5837,-3e-04
"METABRIC","OncotypeDX","random",15,2,0.867,0.5819,0.0015
"METABRIC","OncotypeDX","weight",15,3,0.8,0.5364,0.047
"METABRIC","OncotypeDX","lowexpr",15,3,0.8,0.5797,0.0037
"METABRIC","OncotypeDX","random",15,3,0.8,0.5772,0.0062
"METABRIC","OncotypeDX","weight",15,4,0.733,0.5086,0.0748
"METABRIC","OncotypeDX","lowexpr",15,4,0.733,0.5887,-0.0053
"METABRIC","OncotypeDX","random",15,4,0.733,0.5724,0.011
"METABRIC","OncotypeDX","weight",15,5,0.667,0.4725,0.1109
"METABRIC","OncotypeDX","lowexpr",15,5,0.667,0.5857,-0.0023
"METABRIC","OncotypeDX","random",15,5,0.667,0.573,0.0104
"METABRIC","OncotypeDX","weight",15,6,0.6,0.4602,0.1232
"METABRIC","OncotypeDX","lowexpr",15,6,0.6,0.5833,1e-04
"METABRIC","OncotypeDX","random",15,6,0.6,0.5666,0.0168
"METABRIC","OncotypeDX","weight",15,7,0.533,0.4855,0.0979
"METABRIC","OncotypeDX","lowexpr",15,7,0.533,0.5788,0.0045
"METABRIC","OncotypeDX","random",15,7,0.533,0.5634,0.02
"METABRIC","OncotypeDX","weight",15,8,0.467,0.5143,0.0691
"METABRIC","OncotypeDX","lowexpr",15,8,0.467,0.5604,0.023
"METABRIC","OncotypeDX","random",15,8,0.467,0.5582,0.0252
"METABRIC","OncotypeDX","weight",15,9,0.4,0.5456,0.0377
"METABRIC","OncotypeDX","lowexpr",15,9,0.4,0.535,0.0484
"METABRIC","OncotypeDX","random",15,9,0.4,0.5629,0.0204
"METABRIC","OncotypeDX","weight",15,10,0.333,0.5366,0.0467
"METABRIC","OncotypeDX","lowexpr",15,10,0.333,0.4569,0.1265
"METABRIC","OncotypeDX","random",15,10,0.333,0.5505,0.0329
"METABRIC","OncotypeDX","weight",15,11,0.267,0.5233,0.0601
"METABRIC","OncotypeDX","lowexpr",15,11,0.267,0.4786,0.1048
"METABRIC","OncotypeDX","random",15,11,0.267,0.5478,0.0356
"METABRIC","OncotypeDX","weight",15,12,0.2,0.5526,0.0307
"METABRIC","OncotypeDX","lowexpr",15,12,0.2,0.5101,0.0733
"METABRIC","OncotypeDX","random",15,12,0.2,0.5309,0.0525
"METABRIC","GGI","full",85,0,1,0.5942,0
"METABRIC","GGI","weight",85,1,0.988,0.5943,-1e-04
"METABRIC","GGI","lowexpr",85,1,0.988,0.5944,-2e-04
"METABRIC","GGI","random",85,1,0.988,0.5942,0
"METABRIC","GGI","weight",85,2,0.976,0.594,2e-04
"METABRIC","GGI","lowexpr",85,2,0.976,0.5944,-2e-04
"METABRIC","GGI","random",85,2,0.976,0.5942,0
"METABRIC","GGI","weight",85,3,0.965,0.5942,0
"METABRIC","GGI","lowexpr",85,3,0.965,0.5941,1e-04
"METABRIC","GGI","random",85,3,0.965,0.5942,0
"METABRIC","GGI","weight",85,4,0.953,0.5941,1e-04
"METABRIC","GGI","lowexpr",85,4,0.953,0.5941,1e-04
"METABRIC","GGI","random",85,4,0.953,0.5942,0
"METABRIC","GGI","weight",85,5,0.941,0.5943,-1e-04
"METABRIC","GGI","lowexpr",85,5,0.941,0.5943,-1e-04
"METABRIC","GGI","random",85,5,0.941,0.594,2e-04
"METABRIC","GGI","weight",85,6,0.929,0.5944,-2e-04
"METABRIC","GGI","lowexpr",85,6,0.929,0.5942,0
"METABRIC","GGI","random",85,6,0.929,0.5941,2e-04
"METABRIC","GGI","weight",85,7,0.918,0.5942,0
"METABRIC","GGI","lowexpr",85,7,0.918,0.5943,-1e-04
"METABRIC","GGI","random",85,7,0.918,0.594,2e-04
"METABRIC","GGI","weight",85,8,0.906,0.5943,-1e-04
"METABRIC","GGI","lowexpr",85,8,0.906,0.5945,-3e-04
"METABRIC","GGI","random",85,8,0.906,0.5943,-1e-04
"METABRIC","GGI","weight",85,9,0.894,0.5943,-1e-04
"METABRIC","GGI","lowexpr",85,9,0.894,0.5946,-4e-04
"METABRIC","GGI","random",85,9,0.894,0.5942,0
"METABRIC","GGI","weight",85,10,0.882,0.5942,0
"METABRIC","GGI","lowexpr",85,10,0.882,0.5942,0
"METABRIC","GGI","random",85,10,0.882,0.5941,1e-04
"METABRIC","GGI","weight",85,11,0.871,0.5942,0
"METABRIC","GGI","lowexpr",85,11,0.871,0.5941,1e-04
"METABRIC","GGI","random",85,11,0.871,0.594,2e-04
"METABRIC","GGI","weight",85,12,0.859,0.5942,0
"METABRIC","GGI","lowexpr",85,12,0.859,0.5941,1e-04
"METABRIC","GGI","random",85,12,0.859,0.5939,3e-04
"METABRIC","GGI","weight",85,13,0.847,0.5943,-1e-04
"METABRIC","GGI","lowexpr",85,13,0.847,0.594,2e-04
"METABRIC","GGI","random",85,13,0.847,0.5941,1e-04
"METABRIC","GGI","weight",85,14,0.835,0.5945,-3e-04
"METABRIC","GGI","lowexpr",85,14,0.835,0.5942,0
"METABRIC","GGI","random",85,14,0.835,0.5942,1e-04
"METABRIC","GGI","weight",85,15,0.824,0.5946,-4e-04
"METABRIC","GGI","lowexpr",85,15,0.824,0.5942,0
"METABRIC","GGI","random",85,15,0.824,0.5939,3e-04
"METABRIC","GGI","weight",85,16,0.812,0.5944,-2e-04
"METABRIC","GGI","lowexpr",85,16,0.812,0.5943,-1e-04
"METABRIC","GGI","random",85,16,0.812,0.5941,1e-04
"METABRIC","GGI","weight",85,17,0.8,0.5946,-4e-04
"METABRIC","GGI","lowexpr",85,17,0.8,0.5943,-1e-04
"METABRIC","GGI","random",85,17,0.8,0.5939,3e-04
"METABRIC","GGI","weight",85,18,0.788,0.5948,-6e-04
"METABRIC","GGI","lowexpr",85,18,0.788,0.5941,1e-04
"METABRIC","GGI","random",85,18,0.788,0.594,2e-04
"METABRIC","GGI","weight",85,19,0.776,0.5948,-6e-04
"METABRIC","GGI","lowexpr",85,19,0.776,0.5943,-1e-04
"METABRIC","GGI","random",85,19,0.776,0.594,2e-04
"METABRIC","GGI","weight",85,20,0.765,0.5943,-1e-04
"METABRIC","GGI","lowexpr",85,20,0.765,0.5943,-1e-04
"METABRIC","GGI","random",85,20,0.765,0.594,2e-04
"METABRIC","GGI","weight",85,21,0.753,0.5945,-3e-04
"METABRIC","GGI","lowexpr",85,21,0.753,0.5944,-2e-04
"METABRIC","GGI","random",85,21,0.753,0.594,2e-04
"METABRIC","GGI","weight",85,22,0.741,0.5946,-4e-04
"METABRIC","GGI","lowexpr",85,22,0.741,0.5945,-3e-04
"METABRIC","GGI","random",85,22,0.741,0.5941,1e-04
"METABRIC","GGI","weight",85,23,0.729,0.5945,-3e-04
"METABRIC","GGI","lowexpr",85,23,0.729,0.5946,-4e-04
"METABRIC","GGI","random",85,23,0.729,0.5938,5e-04
"METABRIC","GGI","weight",85,24,0.718,0.5943,-1e-04
"METABRIC","GGI","lowexpr",85,24,0.718,0.595,-8e-04
"METABRIC","GGI","random",85,24,0.718,0.5941,1e-04
"METABRIC","GGI","weight",85,25,0.706,0.5946,-4e-04
"METABRIC","GGI","lowexpr",85,25,0.706,0.5951,-9e-04
"METABRIC","GGI","random",85,25,0.706,0.5939,3e-04
"METABRIC","GGI","weight",85,26,0.694,0.5945,-3e-04
"METABRIC","GGI","lowexpr",85,26,0.694,0.5947,-5e-04
"METABRIC","GGI","random",85,26,0.694,0.5938,4e-04
"METABRIC","GGI","weight",85,27,0.682,0.5948,-5e-04
"METABRIC","GGI","lowexpr",85,27,0.682,0.5948,-6e-04
"METABRIC","GGI","random",85,27,0.682,0.5941,1e-04
"METABRIC","GGI","weight",85,28,0.671,0.5947,-5e-04
"METABRIC","GGI","lowexpr",85,28,0.671,0.595,-8e-04
"METABRIC","GGI","random",85,28,0.671,0.5939,3e-04
"METABRIC","GGI","weight",85,29,0.659,0.5944,-2e-04
"METABRIC","GGI","lowexpr",85,29,0.659,0.5949,-7e-04
"METABRIC","GGI","random",85,29,0.659,0.5936,6e-04
"METABRIC","GGI","weight",85,30,0.647,0.5947,-5e-04
"METABRIC","GGI","lowexpr",85,30,0.647,0.5945,-3e-04
"METABRIC","GGI","random",85,30,0.647,0.5939,3e-04
"METABRIC","GGI","weight",85,31,0.635,0.5951,-9e-04
"METABRIC","GGI","lowexpr",85,31,0.635,0.5945,-3e-04
"METABRIC","GGI","random",85,31,0.635,0.5936,6e-04
"METABRIC","GGI","weight",85,32,0.624,0.595,-8e-04
"METABRIC","GGI","lowexpr",85,32,0.624,0.5946,-4e-04
"METABRIC","GGI","random",85,32,0.624,0.5938,4e-04
"METABRIC","GGI","weight",85,33,0.612,0.5951,-9e-04
"METABRIC","GGI","lowexpr",85,33,0.612,0.5943,-1e-04
"METABRIC","GGI","random",85,33,0.612,0.5936,6e-04
"METABRIC","GGI","weight",85,34,0.6,0.5952,-0.001
"METABRIC","GGI","lowexpr",85,34,0.6,0.5943,-1e-04
"METABRIC","GGI","random",85,34,0.6,0.5934,8e-04
"METABRIC","GGI","weight",85,35,0.588,0.5953,-0.0011
"METABRIC","GGI","lowexpr",85,35,0.588,0.5944,-2e-04
"METABRIC","GGI","random",85,35,0.588,0.5941,1e-04
"METABRIC","GGI","weight",85,36,0.576,0.5955,-0.0013
"METABRIC","GGI","lowexpr",85,36,0.576,0.5944,-2e-04
"METABRIC","GGI","random",85,36,0.576,0.5943,-1e-04
"METABRIC","GGI","weight",85,37,0.565,0.5957,-0.0015
"METABRIC","GGI","lowexpr",85,37,0.565,0.5945,-3e-04
"METABRIC","GGI","random",85,37,0.565,0.5938,4e-04
"METABRIC","GGI","weight",85,38,0.553,0.5958,-0.0016
"METABRIC","GGI","lowexpr",85,38,0.553,0.5944,-2e-04
"METABRIC","GGI","random",85,38,0.553,0.5935,7e-04
"METABRIC","GGI","weight",85,39,0.541,0.5963,-0.0021
"METABRIC","GGI","lowexpr",85,39,0.541,0.5947,-4e-04
"METABRIC","GGI","random",85,39,0.541,0.5939,3e-04
"METABRIC","GGI","weight",85,40,0.529,0.5963,-0.0021
"METABRIC","GGI","lowexpr",85,40,0.529,0.5947,-5e-04
"METABRIC","GGI","random",85,40,0.529,0.5937,6e-04
"METABRIC","GGI","weight",85,41,0.518,0.5968,-0.0026
"METABRIC","GGI","lowexpr",85,41,0.518,0.595,-8e-04
"METABRIC","GGI","random",85,41,0.518,0.5935,7e-04
"METABRIC","GGI","weight",85,42,0.506,0.5971,-0.0029
"METABRIC","GGI","lowexpr",85,42,0.506,0.5952,-9e-04
"METABRIC","GGI","random",85,42,0.506,0.5933,0.001
"METABRIC","GGI","weight",85,43,0.494,0.5966,-0.0024
"METABRIC","GGI","lowexpr",85,43,0.494,0.5953,-0.0011
"METABRIC","GGI","random",85,43,0.494,0.5933,9e-04
"METABRIC","GGI","weight",85,44,0.482,0.5967,-0.0025
"METABRIC","GGI","lowexpr",85,44,0.482,0.5951,-9e-04
"METABRIC","GGI","random",85,44,0.482,0.5937,5e-04
"METABRIC","GGI","weight",85,45,0.471,0.5969,-0.0027
"METABRIC","GGI","lowexpr",85,45,0.471,0.5951,-9e-04
"METABRIC","GGI","random",85,45,0.471,0.593,0.0012
"METABRIC","GGI","weight",85,46,0.459,0.5974,-0.0032
"METABRIC","GGI","lowexpr",85,46,0.459,0.5952,-0.001
"METABRIC","GGI","random",85,46,0.459,0.594,2e-04
"METABRIC","GGI","weight",85,47,0.447,0.5976,-0.0034
"METABRIC","GGI","lowexpr",85,47,0.447,0.5956,-0.0013
"METABRIC","GGI","random",85,47,0.447,0.5931,0.0011
"METABRIC","GGI","weight",85,48,0.435,0.5978,-0.0036
"METABRIC","GGI","lowexpr",85,48,0.435,0.5956,-0.0014
"METABRIC","GGI","random",85,48,0.435,0.5937,5e-04
"METABRIC","GGI","weight",85,49,0.424,0.597,-0.0028
"METABRIC","GGI","lowexpr",85,49,0.424,0.596,-0.0018
"METABRIC","GGI","random",85,49,0.424,0.5932,0.001
"METABRIC","GGI","weight",85,50,0.412,0.5968,-0.0026
"METABRIC","GGI","lowexpr",85,50,0.412,0.5962,-0.002
"METABRIC","GGI","random",85,50,0.412,0.5923,0.0019
"METABRIC","GGI","weight",85,51,0.4,0.5971,-0.0029
"METABRIC","GGI","lowexpr",85,51,0.4,0.596,-0.0018
"METABRIC","GGI","random",85,51,0.4,0.5938,4e-04
"METABRIC","GGI","weight",85,52,0.388,0.5972,-0.003
"METABRIC","GGI","lowexpr",85,52,0.388,0.596,-0.0018
"METABRIC","GGI","random",85,52,0.388,0.5941,1e-04
"METABRIC","GGI","weight",85,53,0.376,0.5965,-0.0023
"METABRIC","GGI","lowexpr",85,53,0.376,0.5964,-0.0022
"METABRIC","GGI","random",85,53,0.376,0.5934,8e-04
"METABRIC","GGI","weight",85,54,0.365,0.5969,-0.0027
"METABRIC","GGI","lowexpr",85,54,0.365,0.5965,-0.0023
"METABRIC","GGI","random",85,54,0.365,0.5932,0.001
"METABRIC","GGI","weight",85,55,0.353,0.5961,-0.0019
"METABRIC","GGI","lowexpr",85,55,0.353,0.5967,-0.0025
"METABRIC","GGI","random",85,55,0.353,0.5927,0.0015
"METABRIC","GGI","weight",85,56,0.341,0.5956,-0.0014
"METABRIC","GGI","lowexpr",85,56,0.341,0.5965,-0.0023
"METABRIC","GGI","random",85,56,0.341,0.5941,1e-04
"METABRIC","GGI","weight",85,57,0.329,0.596,-0.0018
"METABRIC","GGI","lowexpr",85,57,0.329,0.5966,-0.0024
"METABRIC","GGI","random",85,57,0.329,0.5934,8e-04
"METABRIC","GGI","weight",85,58,0.318,0.5957,-0.0015
"METABRIC","GGI","lowexpr",85,58,0.318,0.5965,-0.0023
"METABRIC","GGI","random",85,58,0.318,0.5931,0.0011
"METABRIC","GGI","weight",85,59,0.306,0.5958,-0.0016
"METABRIC","GGI","lowexpr",85,59,0.306,0.5953,-0.0011
"METABRIC","GGI","random",85,59,0.306,0.5927,0.0015
"METABRIC","GGI","weight",85,60,0.294,0.5954,-0.0012
"METABRIC","GGI","lowexpr",85,60,0.294,0.5956,-0.0014
"METABRIC","GGI","random",85,60,0.294,0.5932,0.001
"METABRIC","GGI","weight",85,61,0.282,0.5957,-0.0014
"METABRIC","GGI","lowexpr",85,61,0.282,0.596,-0.0018
"METABRIC","GGI","random",85,61,0.282,0.5938,4e-04
"METABRIC","GGI","weight",85,62,0.271,0.5951,-9e-04
"METABRIC","GGI","lowexpr",85,62,0.271,0.5968,-0.0026
"METABRIC","GGI","random",85,62,0.271,0.5922,0.002
"METABRIC","GGI","weight",85,63,0.259,0.5953,-0.0011
"METABRIC","GGI","lowexpr",85,63,0.259,0.595,-8e-04
"METABRIC","GGI","random",85,63,0.259,0.5926,0.0017
"METABRIC","GGI","weight",85,64,0.247,0.5943,-1e-04
"METABRIC","GGI","lowexpr",85,64,0.247,0.5946,-4e-04
"METABRIC","GGI","random",85,64,0.247,0.5931,0.0011
"METABRIC","GGI","weight",85,65,0.235,0.5939,3e-04
"METABRIC","GGI","lowexpr",85,65,0.235,0.5939,3e-04
"METABRIC","GGI","random",85,65,0.235,0.5909,0.0033
"METABRIC","GGI","weight",85,66,0.224,0.5935,7e-04
"METABRIC","GGI","lowexpr",85,66,0.224,0.5948,-6e-04
"METABRIC","GGI","random",85,66,0.224,0.5932,0.001
"METABRIC","GGI","weight",85,67,0.212,0.5935,8e-04
"METABRIC","GGI","lowexpr",85,67,0.212,0.5947,-5e-04
"METABRIC","GGI","random",85,67,0.212,0.5921,0.0021
"METABRIC","GGI","weight",85,68,0.2,0.5926,0.0016
"METABRIC","GGI","lowexpr",85,68,0.2,0.5956,-0.0014
"METABRIC","GGI","random",85,68,0.2,0.5915,0.0027
"METABRIC","GGI","weight",85,69,0.188,0.5919,0.0023
"METABRIC","GGI","lowexpr",85,69,0.188,0.5933,9e-04
"METABRIC","GGI","random",85,69,0.188,0.5924,0.0018
"METABRIC","GGI","weight",85,70,0.176,0.5906,0.0037
"METABRIC","GGI","lowexpr",85,70,0.176,0.5931,0.0011
"METABRIC","GGI","random",85,70,0.176,0.5916,0.0026
"METABRIC","GGI","weight",85,71,0.165,0.589,0.0052
"METABRIC","GGI","lowexpr",85,71,0.165,0.5924,0.0018
"METABRIC","GGI","random",85,71,0.165,0.5913,0.0029
"METABRIC","GGI","weight",85,72,0.153,0.587,0.0072
"METABRIC","GGI","lowexpr",85,72,0.153,0.5923,0.0019
"METABRIC","GGI","random",85,72,0.153,0.5912,0.003
"METABRIC","GGI","weight",85,73,0.141,0.5813,0.0129
"METABRIC","GGI","lowexpr",85,73,0.141,0.5907,0.0035
"METABRIC","GGI","random",85,73,0.141,0.5908,0.0034
"METABRIC","GGI","weight",85,74,0.129,0.5831,0.0111
"METABRIC","GGI","lowexpr",85,74,0.129,0.5896,0.0046
"METABRIC","GGI","random",85,74,0.129,0.5905,0.0037
"METABRIC","GGI","weight",85,75,0.118,0.5831,0.0111
"METABRIC","GGI","lowexpr",85,75,0.118,0.5914,0.0028
"METABRIC","GGI","random",85,75,0.118,0.5907,0.0035
"METABRIC","GGI","weight",85,76,0.106,0.5789,0.0153
"METABRIC","GGI","lowexpr",85,76,0.106,0.5906,0.0036
"METABRIC","GGI","random",85,76,0.106,0.591,0.0032
"METABRIC","GGI","weight",85,77,0.094,0.5761,0.0181
"METABRIC","GGI","lowexpr",85,77,0.094,0.5886,0.0056
"METABRIC","GGI","random",85,77,0.094,0.5899,0.0043
"METABRIC","GGI","weight",85,78,0.082,0.5773,0.0169
"METABRIC","GGI","lowexpr",85,78,0.082,0.5898,0.0044
"METABRIC","GGI","random",85,78,0.082,0.588,0.0062
"METABRIC","GGI","weight",85,79,0.071,0.5725,0.0217
"METABRIC","GGI","lowexpr",85,79,0.071,0.5929,0.0013
"METABRIC","GGI","random",85,79,0.071,0.5887,0.0055
"METABRIC","GGI","weight",85,80,0.059,0.5697,0.0245
"METABRIC","GGI","lowexpr",85,80,0.059,0.5906,0.0036
"METABRIC","GGI","random",85,80,0.059,0.5833,0.0109
"METABRIC","GGI","weight",85,81,0.047,0.5608,0.0334
"METABRIC","GGI","lowexpr",85,81,0.047,0.5857,0.0085
"METABRIC","GGI","random",85,81,0.047,0.5841,0.0101
"METABRIC","GGI","weight",85,82,0.035,0.5639,0.0303
"METABRIC","GGI","lowexpr",85,82,0.035,0.5784,0.0159
"METABRIC","GGI","random",85,82,0.035,0.5806,0.0136
"METABRIC","MammaPrint","full",39,0,1,0.5898,0
"METABRIC","MammaPrint","weight",39,1,0.974,0.591,-0.0013
"METABRIC","MammaPrint","lowexpr",39,1,0.974,0.5909,-0.0011
"METABRIC","MammaPrint","random",39,1,0.974,0.5895,3e-04
"METABRIC","MammaPrint","weight",39,2,0.949,0.5897,1e-04
"METABRIC","MammaPrint","lowexpr",39,2,0.949,0.5906,-8e-04
"METABRIC","MammaPrint","random",39,2,0.949,0.5897,1e-04
"METABRIC","MammaPrint","weight",39,3,0.923,0.5902,-4e-04
"METABRIC","MammaPrint","lowexpr",39,3,0.923,0.5902,-4e-04
"METABRIC","MammaPrint","random",39,3,0.923,0.5891,7e-04
"METABRIC","MammaPrint","weight",39,4,0.897,0.5899,-1e-04
"METABRIC","MammaPrint","lowexpr",39,4,0.897,0.5899,-1e-04
"METABRIC","MammaPrint","random",39,4,0.897,0.5888,0.001
"METABRIC","MammaPrint","weight",39,5,0.872,0.5913,-0.0015
"METABRIC","MammaPrint","lowexpr",39,5,0.872,0.5906,-8e-04
"METABRIC","MammaPrint","random",39,5,0.872,0.5888,0.001
"METABRIC","MammaPrint","weight",39,6,0.846,0.592,-0.0022
"METABRIC","MammaPrint","lowexpr",39,6,0.846,0.5911,-0.0013
"METABRIC","MammaPrint","random",39,6,0.846,0.5891,7e-04
"METABRIC","MammaPrint","weight",39,7,0.821,0.593,-0.0033
"METABRIC","MammaPrint","lowexpr",39,7,0.821,0.591,-0.0013
"METABRIC","MammaPrint","random",39,7,0.821,0.5883,0.0014
"METABRIC","MammaPrint","weight",39,8,0.795,0.591,-0.0012
"METABRIC","MammaPrint","lowexpr",39,8,0.795,0.5903,-5e-04
"METABRIC","MammaPrint","random",39,8,0.795,0.5877,0.0021
"METABRIC","MammaPrint","weight",39,9,0.769,0.5906,-8e-04
"METABRIC","MammaPrint","lowexpr",39,9,0.769,0.59,-3e-04
"METABRIC","MammaPrint","random",39,9,0.769,0.5869,0.0028
"METABRIC","MammaPrint","weight",39,10,0.744,0.5903,-5e-04
"METABRIC","MammaPrint","lowexpr",39,10,0.744,0.5896,2e-04
"METABRIC","MammaPrint","random",39,10,0.744,0.5881,0.0017
"METABRIC","MammaPrint","weight",39,11,0.718,0.5913,-0.0015
"METABRIC","MammaPrint","lowexpr",39,11,0.718,0.5889,9e-04
"METABRIC","MammaPrint","random",39,11,0.718,0.5871,0.0027
"METABRIC","MammaPrint","weight",39,12,0.692,0.5922,-0.0024
"METABRIC","MammaPrint","lowexpr",39,12,0.692,0.5883,0.0015
"METABRIC","MammaPrint","random",39,12,0.692,0.5861,0.0037
"METABRIC","MammaPrint","weight",39,13,0.667,0.5922,-0.0024
"METABRIC","MammaPrint","lowexpr",39,13,0.667,0.5882,0.0016
"METABRIC","MammaPrint","random",39,13,0.667,0.5875,0.0023
"METABRIC","MammaPrint","weight",39,14,0.641,0.5911,-0.0013
"METABRIC","MammaPrint","lowexpr",39,14,0.641,0.589,8e-04
"METABRIC","MammaPrint","random",39,14,0.641,0.5879,0.0019
"METABRIC","MammaPrint","weight",39,15,0.615,0.5908,-0.001
"METABRIC","MammaPrint","lowexpr",39,15,0.615,0.5906,-8e-04
"METABRIC","MammaPrint","random",39,15,0.615,0.5859,0.0039
"METABRIC","MammaPrint","weight",39,16,0.59,0.5888,0.001
"METABRIC","MammaPrint","lowexpr",39,16,0.59,0.5934,-0.0037
"METABRIC","MammaPrint","random",39,16,0.59,0.5854,0.0043
"METABRIC","MammaPrint","weight",39,17,0.564,0.588,0.0018
"METABRIC","MammaPrint","lowexpr",39,17,0.564,0.5929,-0.0032
"METABRIC","MammaPrint","random",39,17,0.564,0.584,0.0058
"METABRIC","MammaPrint","weight",39,18,0.538,0.5869,0.0029
"METABRIC","MammaPrint","lowexpr",39,18,0.538,0.5939,-0.0041
"METABRIC","MammaPrint","random",39,18,0.538,0.586,0.0038
"METABRIC","MammaPrint","weight",39,19,0.513,0.5872,0.0026
"METABRIC","MammaPrint","lowexpr",39,19,0.513,0.5919,-0.0021
"METABRIC","MammaPrint","random",39,19,0.513,0.5861,0.0036
"METABRIC","MammaPrint","weight",39,20,0.487,0.5891,7e-04
"METABRIC","MammaPrint","lowexpr",39,20,0.487,0.5942,-0.0044
"METABRIC","MammaPrint","random",39,20,0.487,0.5855,0.0043
"METABRIC","MammaPrint","weight",39,21,0.462,0.59,-2e-04
"METABRIC","MammaPrint","lowexpr",39,21,0.462,0.5937,-0.0039
"METABRIC","MammaPrint","random",39,21,0.462,0.5845,0.0053
"METABRIC","MammaPrint","weight",39,22,0.436,0.5883,0.0015
"METABRIC","MammaPrint","lowexpr",39,22,0.436,0.5911,-0.0013
"METABRIC","MammaPrint","random",39,22,0.436,0.5818,0.008
"METABRIC","MammaPrint","weight",39,23,0.41,0.5875,0.0023
"METABRIC","MammaPrint","lowexpr",39,23,0.41,0.5921,-0.0023
"METABRIC","MammaPrint","random",39,23,0.41,0.5827,0.007
"METABRIC","MammaPrint","weight",39,24,0.385,0.5833,0.0065
"METABRIC","MammaPrint","lowexpr",39,24,0.385,0.592,-0.0023
"METABRIC","MammaPrint","random",39,24,0.385,0.5817,0.0081
"METABRIC","MammaPrint","weight",39,25,0.359,0.5819,0.0079
"METABRIC","MammaPrint","lowexpr",39,25,0.359,0.5912,-0.0015
"METABRIC","MammaPrint","random",39,25,0.359,0.5784,0.0114
"METABRIC","MammaPrint","weight",39,26,0.333,0.5844,0.0054
"METABRIC","MammaPrint","lowexpr",39,26,0.333,0.5887,0.0011
"METABRIC","MammaPrint","random",39,26,0.333,0.577,0.0128
"METABRIC","MammaPrint","weight",39,27,0.308,0.5885,0.0013
"METABRIC","MammaPrint","lowexpr",39,27,0.308,0.5887,0.0011
"METABRIC","MammaPrint","random",39,27,0.308,0.5733,0.0165
"METABRIC","MammaPrint","weight",39,28,0.282,0.5892,6e-04
"METABRIC","MammaPrint","lowexpr",39,28,0.282,0.5891,7e-04
"METABRIC","MammaPrint","random",39,28,0.282,0.5798,0.01
"METABRIC","MammaPrint","weight",39,29,0.256,0.5893,4e-04
"METABRIC","MammaPrint","lowexpr",39,29,0.256,0.5845,0.0052
"METABRIC","MammaPrint","random",39,29,0.256,0.5744,0.0154
"METABRIC","MammaPrint","weight",39,30,0.231,0.5903,-6e-04
"METABRIC","MammaPrint","lowexpr",39,30,0.231,0.5862,0.0036
"METABRIC","MammaPrint","random",39,30,0.231,0.577,0.0128
"METABRIC","MammaPrint","weight",39,31,0.205,0.5906,-9e-04
"METABRIC","MammaPrint","lowexpr",39,31,0.205,0.5801,0.0097
"METABRIC","MammaPrint","random",39,31,0.205,0.5751,0.0147
"METABRIC","MammaPrint","weight",39,32,0.179,0.5924,-0.0027
"METABRIC","MammaPrint","lowexpr",39,32,0.179,0.5707,0.0191
"METABRIC","MammaPrint","random",39,32,0.179,0.572,0.0178
"METABRIC","MammaPrint","weight",39,33,0.154,0.592,-0.0022
"METABRIC","MammaPrint","lowexpr",39,33,0.154,0.5667,0.0231
"METABRIC","MammaPrint","random",39,33,0.154,0.57,0.0198
"METABRIC","MammaPrint","weight",39,34,0.128,0.5909,-0.0011
"METABRIC","MammaPrint","lowexpr",39,34,0.128,0.5578,0.032
"METABRIC","MammaPrint","random",39,34,0.128,0.566,0.0238
"METABRIC","MammaPrint","weight",39,35,0.103,0.5893,5e-04
"METABRIC","MammaPrint","lowexpr",39,35,0.103,0.5504,0.0393
"METABRIC","MammaPrint","random",39,35,0.103,0.5648,0.025
"METABRIC","MammaPrint","weight",39,36,0.077,0.5874,0.0024
"METABRIC","MammaPrint","lowexpr",39,36,0.077,0.5544,0.0353
"METABRIC","MammaPrint","random",39,36,0.077,0.5602,0.0296
"GSE20685","CorePAM","full",24,0,1,0.6263,0
"GSE20685","CorePAM","weight",24,1,0.958,0.6223,0.004
"GSE20685","CorePAM","lowexpr",24,1,0.958,0.6287,-0.0025
"GSE20685","CorePAM","random",24,1,0.958,0.6253,9e-04
"GSE20685","CorePAM","weight",24,2,0.917,0.5584,0.0678
"GSE20685","CorePAM","lowexpr",24,2,0.917,0.6338,-0.0075
"GSE20685","CorePAM","random",24,2,0.917,0.6229,0.0033
"GSE20685","CorePAM","weight",24,3,0.875,0.5617,0.0646
"GSE20685","CorePAM","lowexpr",24,3,0.875,0.6333,-0.0071
"GSE20685","CorePAM","random",24,3,0.875,0.6218,0.0045
"GSE20685","CorePAM","weight",24,4,0.833,0.5856,0.0406
"GSE20685","CorePAM","lowexpr",24,4,0.833,0.6326,-0.0064
"GSE20685","CorePAM","random",24,4,0.833,0.6155,0.0107
"GSE20685","CorePAM","weight",24,5,0.792,0.5444,0.0819
"GSE20685","CorePAM","lowexpr",24,5,0.792,0.6313,-0.0051
"GSE20685","CorePAM","random",24,5,0.792,0.6196,0.0067
"GSE20685","CorePAM","weight",24,6,0.75,0.5881,0.0381
"GSE20685","CorePAM","lowexpr",24,6,0.75,0.6316,-0.0053
"GSE20685","CorePAM","random",24,6,0.75,0.6109,0.0154
"GSE20685","CorePAM","weight",24,7,0.708,0.5623,0.0639
"GSE20685","CorePAM","lowexpr",24,7,0.708,0.6252,0.001
"GSE20685","CorePAM","random",24,7,0.708,0.6101,0.0162
"GSE20685","CorePAM","weight",24,8,0.667,0.5759,0.0504
"GSE20685","CorePAM","lowexpr",24,8,0.667,0.6023,0.0239
"GSE20685","CorePAM","random",24,8,0.667,0.6041,0.0222
"GSE20685","CorePAM","weight",24,9,0.625,0.5544,0.0719
"GSE20685","CorePAM","lowexpr",24,9,0.625,0.6252,0.0011
"GSE20685","CorePAM","random",24,9,0.625,0.589,0.0372
"GSE20685","CorePAM","weight",24,10,0.583,0.5293,0.0969
"GSE20685","CorePAM","lowexpr",24,10,0.583,0.6209,0.0054
"GSE20685","CorePAM","random",24,10,0.583,0.5899,0.0363
"GSE20685","CorePAM","weight",24,11,0.542,0.5139,0.1123
"GSE20685","CorePAM","lowexpr",24,11,0.542,0.6321,-0.0058
"GSE20685","CorePAM","random",24,11,0.542,0.6143,0.012
"GSE20685","CorePAM","weight",24,12,0.5,0.5004,0.1259
"GSE20685","CorePAM","lowexpr",24,12,0.5,0.6315,-0.0052
"GSE20685","CorePAM","random",24,12,0.5,0.5874,0.0389
"GSE20685","CorePAM","weight",24,13,0.458,0.4843,0.1419
"GSE20685","CorePAM","lowexpr",24,13,0.458,0.6339,-0.0076
"GSE20685","CorePAM","random",24,13,0.458,0.5692,0.0571
"GSE20685","CorePAM","weight",24,14,0.417,0.5758,0.0505
"GSE20685","CorePAM","lowexpr",24,14,0.417,0.6318,-0.0055
"GSE20685","CorePAM","random",24,14,0.417,0.5538,0.0725
"GSE20685","CorePAM","weight",24,15,0.375,0.5784,0.0479
"GSE20685","CorePAM","lowexpr",24,15,0.375,0.6326,-0.0064
"GSE20685","CorePAM","random",24,15,0.375,0.5744,0.0518
"GSE20685","CorePAM","weight",24,16,0.333,0.6022,0.0241
"GSE20685","CorePAM","lowexpr",24,16,0.333,0.6308,-0.0046
"GSE20685","CorePAM","random",24,16,0.333,0.5479,0.0783
"GSE20685","CorePAM","weight",24,17,0.292,0.5577,0.0686
"GSE20685","CorePAM","lowexpr",24,17,0.292,0.6203,0.006
"GSE20685","CorePAM","random",24,17,0.292,0.5713,0.055
"GSE20685","CorePAM","weight",24,18,0.25,0.5724,0.0538
"GSE20685","CorePAM","lowexpr",24,18,0.25,0.609,0.0173
"GSE20685","CorePAM","random",24,18,0.25,0.5877,0.0386
"GSE20685","CorePAM","weight",24,19,0.208,0.542,0.0843
"GSE20685","CorePAM","lowexpr",24,19,0.208,0.6175,0.0088
"GSE20685","CorePAM","random",24,19,0.208,0.5662,0.06
"GSE20685","CorePAM","weight",24,20,0.167,0.5234,0.1029
"GSE20685","CorePAM","lowexpr",24,20,0.167,0.6062,0.0201
"GSE20685","CorePAM","random",24,20,0.167,0.5393,0.087
"GSE20685","CorePAM","weight",24,21,0.125,0.454,0.1722
"GSE20685","CorePAM","lowexpr",24,21,0.125,0.4075,0.2188
"GSE20685","CorePAM","random",24,21,0.125,0.5367,0.0896
"GSE20685","OncotypeDX","full",15,0,1,0.6293,0
"GSE20685","OncotypeDX","weight",15,1,0.933,0.5886,0.0406
"GSE20685","OncotypeDX","lowexpr",15,1,0.933,0.6276,0.0017
"GSE20685","OncotypeDX","random",15,1,0.933,0.6287,5e-04
"GSE20685","OncotypeDX","weight",15,2,0.867,0.5893,0.04
"GSE20685","OncotypeDX","lowexpr",15,2,0.867,0.634,-0.0048
"GSE20685","OncotypeDX","random",15,2,0.867,0.6175,0.0117
"GSE20685","OncotypeDX","weight",15,3,0.8,0.5771,0.0522
"GSE20685","OncotypeDX","lowexpr",15,3,0.8,0.636,-0.0068
"GSE20685","OncotypeDX","random",15,3,0.8,0.625,0.0043
"GSE20685","OncotypeDX","weight",15,4,0.733,0.5615,0.0677
"GSE20685","OncotypeDX","lowexpr",15,4,0.733,0.6394,-0.0101
"GSE20685","OncotypeDX","random",15,4,0.733,0.624,0.0052
"GSE20685","OncotypeDX","weight",15,5,0.667,0.4891,0.1402
"GSE20685","OncotypeDX","lowexpr",15,5,0.667,0.6376,-0.0084
"GSE20685","OncotypeDX","random",15,5,0.667,0.6125,0.0167
"GSE20685","OncotypeDX","weight",15,6,0.6,0.4117,0.2175
"GSE20685","OncotypeDX","lowexpr",15,6,0.6,0.646,-0.0167
"GSE20685","OncotypeDX","random",15,6,0.6,0.6164,0.0129
"GSE20685","OncotypeDX","weight",15,7,0.533,0.4323,0.197
"GSE20685","OncotypeDX","lowexpr",15,7,0.533,0.645,-0.0158
"GSE20685","OncotypeDX","random",15,7,0.533,0.5934,0.0359
"GSE20685","OncotypeDX","weight",15,8,0.467,0.4692,0.1601
"GSE20685","OncotypeDX","lowexpr",15,8,0.467,0.621,0.0083
"GSE20685","OncotypeDX","random",15,8,0.467,0.6088,0.0205
"GSE20685","OncotypeDX","weight",15,9,0.4,0.5194,0.1098
"GSE20685","OncotypeDX","lowexpr",15,9,0.4,0.6241,0.0052
"GSE20685","OncotypeDX","random",15,9,0.4,0.5988,0.0304
"GSE20685","OncotypeDX","weight",15,10,0.333,0.4637,0.1655
"GSE20685","OncotypeDX","lowexpr",15,10,0.333,0.5773,0.052
"GSE20685","OncotypeDX","random",15,10,0.333,0.5896,0.0397
"GSE20685","OncotypeDX","weight",15,11,0.267,0.4796,0.1496
"GSE20685","OncotypeDX","lowexpr",15,11,0.267,0.5572,0.0721
"GSE20685","OncotypeDX","random",15,11,0.267,0.5776,0.0516
"GSE20685","OncotypeDX","weight",15,12,0.2,0.5761,0.0532
"GSE20685","OncotypeDX","lowexpr",15,12,0.2,0.3774,0.2519
"GSE20685","OncotypeDX","random",15,12,0.2,0.5471,0.0822
"GSE20685","GGI","full",85,0,1,0.6144,0
"GSE20685","GGI","weight",85,1,0.988,0.6147,-3e-04
"GSE20685","GGI","lowexpr",85,1,0.988,0.614,4e-04
"GSE20685","GGI","random",85,1,0.988,0.6148,-4e-04
"GSE20685","GGI","weight",85,2,0.976,0.6138,6e-04
"GSE20685","GGI","lowexpr",85,2,0.976,0.6132,0.0012
"GSE20685","GGI","random",85,2,0.976,0.6148,-4e-04
"GSE20685","GGI","weight",85,3,0.965,0.6143,1e-04
"GSE20685","GGI","lowexpr",85,3,0.965,0.6127,0.0017
"GSE20685","GGI","random",85,3,0.965,0.6147,-3e-04
"GSE20685","GGI","weight",85,4,0.953,0.6149,-5e-04
"GSE20685","GGI","lowexpr",85,4,0.953,0.6117,0.0027
"GSE20685","GGI","random",85,4,0.953,0.6147,-3e-04
"GSE20685","GGI","weight",85,5,0.941,0.6147,-3e-04
"GSE20685","GGI","lowexpr",85,5,0.941,0.6127,0.0017
"GSE20685","GGI","random",85,5,0.941,0.6147,-3e-04
"GSE20685","GGI","weight",85,6,0.929,0.6155,-0.001
"GSE20685","GGI","lowexpr",85,6,0.929,0.6127,0.0018
"GSE20685","GGI","random",85,6,0.929,0.6147,-3e-04
"GSE20685","GGI","weight",85,7,0.918,0.6165,-0.0021
"GSE20685","GGI","lowexpr",85,7,0.918,0.6127,0.0017
"GSE20685","GGI","random",85,7,0.918,0.6154,-0.001
"GSE20685","GGI","weight",85,8,0.906,0.6163,-0.0019
"GSE20685","GGI","lowexpr",85,8,0.906,0.6129,0.0015
"GSE20685","GGI","random",85,8,0.906,0.6148,-4e-04
"GSE20685","GGI","weight",85,9,0.894,0.6164,-0.0019
"GSE20685","GGI","lowexpr",85,9,0.894,0.6124,0.002
"GSE20685","GGI","random",85,9,0.894,0.6151,-7e-04
"GSE20685","GGI","weight",85,10,0.882,0.6155,-0.001
"GSE20685","GGI","lowexpr",85,10,0.882,0.613,0.0014
"GSE20685","GGI","random",85,10,0.882,0.6145,-1e-04
"GSE20685","GGI","weight",85,11,0.871,0.615,-6e-04
"GSE20685","GGI","lowexpr",85,11,0.871,0.6127,0.0017
"GSE20685","GGI","random",85,11,0.871,0.6141,3e-04
"GSE20685","GGI","weight",85,12,0.859,0.6153,-9e-04
"GSE20685","GGI","lowexpr",85,12,0.859,0.6119,0.0025
"GSE20685","GGI","random",85,12,0.859,0.6145,-1e-04
"GSE20685","GGI","weight",85,13,0.847,0.6158,-0.0014
"GSE20685","GGI","lowexpr",85,13,0.847,0.613,0.0014
"GSE20685","GGI","random",85,13,0.847,0.6152,-8e-04
"GSE20685","GGI","weight",85,14,0.835,0.6173,-0.0029
"GSE20685","GGI","lowexpr",85,14,0.835,0.6126,0.0018
"GSE20685","GGI","random",85,14,0.835,0.615,-6e-04
"GSE20685","GGI","weight",85,15,0.824,0.6163,-0.0019
"GSE20685","GGI","lowexpr",85,15,0.824,0.6129,0.0015
"GSE20685","GGI","random",85,15,0.824,0.615,-6e-04
"GSE20685","GGI","weight",85,16,0.812,0.6179,-0.0035
"GSE20685","GGI","lowexpr",85,16,0.812,0.6132,0.0012
"GSE20685","GGI","random",85,16,0.812,0.6138,6e-04
"GSE20685","GGI","weight",85,17,0.8,0.6179,-0.0035
"GSE20685","GGI","lowexpr",85,17,0.8,0.6136,8e-04
"GSE20685","GGI","random",85,17,0.8,0.6148,-4e-04
"GSE20685","GGI","weight",85,18,0.788,0.6182,-0.0038
"GSE20685","GGI","lowexpr",85,18,0.788,0.6138,6e-04
"GSE20685","GGI","random",85,18,0.788,0.6145,-1e-04
"GSE20685","GGI","weight",85,19,0.776,0.6188,-0.0044
"GSE20685","GGI","lowexpr",85,19,0.776,0.6142,2e-04
"GSE20685","GGI","random",85,19,0.776,0.6152,-8e-04
"GSE20685","GGI","weight",85,20,0.765,0.6183,-0.0039
"GSE20685","GGI","lowexpr",85,20,0.765,0.6148,-4e-04
"GSE20685","GGI","random",85,20,0.765,0.6154,-0.001
"GSE20685","GGI","weight",85,21,0.753,0.618,-0.0036
"GSE20685","GGI","lowexpr",85,21,0.753,0.6154,-0.001
"GSE20685","GGI","random",85,21,0.753,0.6148,-4e-04
"GSE20685","GGI","weight",85,22,0.741,0.6191,-0.0047
"GSE20685","GGI","lowexpr",85,22,0.741,0.6157,-0.0013
"GSE20685","GGI","random",85,22,0.741,0.6138,6e-04
"GSE20685","GGI","weight",85,23,0.729,0.619,-0.0046
"GSE20685","GGI","lowexpr",85,23,0.729,0.6158,-0.0014
"GSE20685","GGI","random",85,23,0.729,0.6139,5e-04
"GSE20685","GGI","weight",85,24,0.718,0.6177,-0.0033
"GSE20685","GGI","lowexpr",85,24,0.718,0.6169,-0.0025
"GSE20685","GGI","random",85,24,0.718,0.6141,3e-04
"GSE20685","GGI","weight",85,25,0.706,0.6181,-0.0037
"GSE20685","GGI","lowexpr",85,25,0.706,0.6174,-0.003
"GSE20685","GGI","random",85,25,0.706,0.6146,-2e-04
"GSE20685","GGI","weight",85,26,0.694,0.6173,-0.0029
"GSE20685","GGI","lowexpr",85,26,0.694,0.6179,-0.0035
"GSE20685","GGI","random",85,26,0.694,0.614,4e-04
"GSE20685","GGI","weight",85,27,0.682,0.6197,-0.0053
"GSE20685","GGI","lowexpr",85,27,0.682,0.617,-0.0026
"GSE20685","GGI","random",85,27,0.682,0.615,-5e-04
"GSE20685","GGI","weight",85,28,0.671,0.6199,-0.0055
"GSE20685","GGI","lowexpr",85,28,0.671,0.6168,-0.0024
"GSE20685","GGI","random",85,28,0.671,0.6147,-3e-04
"GSE20685","GGI","weight",85,29,0.659,0.6193,-0.0049
"GSE20685","GGI","lowexpr",85,29,0.659,0.6159,-0.0015
"GSE20685","GGI","random",85,29,0.659,0.6138,6e-04
"GSE20685","GGI","weight",85,30,0.647,0.6193,-0.0049
"GSE20685","GGI","lowexpr",85,30,0.647,0.6159,-0.0015
"GSE20685","GGI","random",85,30,0.647,0.6139,5e-04
"GSE20685","GGI","weight",85,31,0.635,0.6174,-0.003
"GSE20685","GGI","lowexpr",85,31,0.635,0.6157,-0.0013
"GSE20685","GGI","random",85,31,0.635,0.615,-6e-04
"GSE20685","GGI","weight",85,32,0.624,0.6189,-0.0045
"GSE20685","GGI","lowexpr",85,32,0.624,0.6159,-0.0015
"GSE20685","GGI","random",85,32,0.624,0.6146,-2e-04
"GSE20685","GGI","weight",85,33,0.612,0.6189,-0.0045
"GSE20685","GGI","lowexpr",85,33,0.612,0.6152,-8e-04
"GSE20685","GGI","random",85,33,0.612,0.614,4e-04
"GSE20685","GGI","weight",85,34,0.6,0.6191,-0.0047
"GSE20685","GGI","lowexpr",85,34,0.6,0.6151,-7e-04
"GSE20685","GGI","random",85,34,0.6,0.6133,0.0011
"GSE20685","GGI","weight",85,35,0.588,0.6186,-0.0042
"GSE20685","GGI","lowexpr",85,35,0.588,0.6152,-8e-04
"GSE20685","GGI","random",85,35,0.588,0.6141,3e-04
"GSE20685","GGI","weight",85,36,0.576,0.6191,-0.0046
"GSE20685","GGI","lowexpr",85,36,0.576,0.6144,0
"GSE20685","GGI","random",85,36,0.576,0.613,0.0014
"GSE20685","GGI","weight",85,37,0.565,0.6201,-0.0057
"GSE20685","GGI","lowexpr",85,37,0.565,0.6149,-5e-04
"GSE20685","GGI","random",85,37,0.565,0.6142,2e-04
"GSE20685","GGI","weight",85,38,0.553,0.6206,-0.0062
"GSE20685","GGI","lowexpr",85,38,0.553,0.6148,-4e-04
"GSE20685","GGI","random",85,38,0.553,0.6133,0.0011
"GSE20685","GGI","weight",85,39,0.541,0.6203,-0.0059
"GSE20685","GGI","lowexpr",85,39,0.541,0.6145,-1e-04
"GSE20685","GGI","random",85,39,0.541,0.6147,-3e-04
"GSE20685","GGI","weight",85,40,0.529,0.6213,-0.0069
"GSE20685","GGI","lowexpr",85,40,0.529,0.6153,-9e-04
"GSE20685","GGI","random",85,40,0.529,0.613,0.0015
"GSE20685","GGI","weight",85,41,0.518,0.621,-0.0066
"GSE20685","GGI","lowexpr",85,41,0.518,0.6155,-0.0011
"GSE20685","GGI","random",85,41,0.518,0.614,4e-04
"GSE20685","GGI","weight",85,42,0.506,0.6212,-0.0068
"GSE20685","GGI","lowexpr",85,42,0.506,0.6147,-3e-04
"GSE20685","GGI","random",85,42,0.506,0.6134,0.001
"GSE20685","GGI","weight",85,43,0.494,0.6187,-0.0043
"GSE20685","GGI","lowexpr",85,43,0.494,0.6143,1e-04
"GSE20685","GGI","random",85,43,0.494,0.6153,-9e-04
"GSE20685","GGI","weight",85,44,0.482,0.6176,-0.0032
"GSE20685","GGI","lowexpr",85,44,0.482,0.614,4e-04
"GSE20685","GGI","random",85,44,0.482,0.6151,-7e-04
"GSE20685","GGI","weight",85,45,0.471,0.6164,-0.0019
"GSE20685","GGI","lowexpr",85,45,0.471,0.6115,0.0029
"GSE20685","GGI","random",85,45,0.471,0.6144,0
"GSE20685","GGI","weight",85,46,0.459,0.6165,-0.0021
"GSE20685","GGI","lowexpr",85,46,0.459,0.6109,0.0036
"GSE20685","GGI","random",85,46,0.459,0.6138,6e-04
"GSE20685","GGI","weight",85,47,0.447,0.6184,-0.004
"GSE20685","GGI","lowexpr",85,47,0.447,0.6113,0.0031
"GSE20685","GGI","random",85,47,0.447,0.6145,-1e-04
"GSE20685","GGI","weight",85,48,0.435,0.6192,-0.0048
"GSE20685","GGI","lowexpr",85,48,0.435,0.6101,0.0043
"GSE20685","GGI","random",85,48,0.435,0.6153,-9e-04
"GSE20685","GGI","weight",85,49,0.424,0.6205,-0.0061
"GSE20685","GGI","lowexpr",85,49,0.424,0.6082,0.0062
"GSE20685","GGI","random",85,49,0.424,0.6132,0.0012
"GSE20685","GGI","weight",85,50,0.412,0.6201,-0.0057
"GSE20685","GGI","lowexpr",85,50,0.412,0.6085,0.0059
"GSE20685","GGI","random",85,50,0.412,0.6123,0.0021
"GSE20685","GGI","weight",85,51,0.4,0.6214,-0.007
"GSE20685","GGI","lowexpr",85,51,0.4,0.6066,0.0078
"GSE20685","GGI","random",85,51,0.4,0.6148,-4e-04
"GSE20685","GGI","weight",85,52,0.388,0.6221,-0.0077
"GSE20685","GGI","lowexpr",85,52,0.388,0.6081,0.0064
"GSE20685","GGI","random",85,52,0.388,0.6113,0.0031
"GSE20685","GGI","weight",85,53,0.376,0.6235,-0.0091
"GSE20685","GGI","lowexpr",85,53,0.376,0.6068,0.0076
"GSE20685","GGI","random",85,53,0.376,0.6124,0.002
"GSE20685","GGI","weight",85,54,0.365,0.6251,-0.0107
"GSE20685","GGI","lowexpr",85,54,0.365,0.6065,0.0079
"GSE20685","GGI","random",85,54,0.365,0.6121,0.0023
"GSE20685","GGI","weight",85,55,0.353,0.6232,-0.0088
"GSE20685","GGI","lowexpr",85,55,0.353,0.6066,0.0078
"GSE20685","GGI","random",85,55,0.353,0.6148,-4e-04
"GSE20685","GGI","weight",85,56,0.341,0.6212,-0.0068
"GSE20685","GGI","lowexpr",85,56,0.341,0.6059,0.0085
"GSE20685","GGI","random",85,56,0.341,0.6144,0
"GSE20685","GGI","weight",85,57,0.329,0.6188,-0.0044
"GSE20685","GGI","lowexpr",85,57,0.329,0.6059,0.0085
"GSE20685","GGI","random",85,57,0.329,0.6135,9e-04
"GSE20685","GGI","weight",85,58,0.318,0.6194,-0.005
"GSE20685","GGI","lowexpr",85,58,0.318,0.6068,0.0076
"GSE20685","GGI","random",85,58,0.318,0.6143,1e-04
"GSE20685","GGI","weight",85,59,0.306,0.6211,-0.0067
"GSE20685","GGI","lowexpr",85,59,0.306,0.6069,0.0075
"GSE20685","GGI","random",85,59,0.306,0.6127,0.0017
"GSE20685","GGI","weight",85,60,0.294,0.6224,-0.008
"GSE20685","GGI","lowexpr",85,60,0.294,0.6062,0.0083
"GSE20685","GGI","random",85,60,0.294,0.614,4e-04
"GSE20685","GGI","weight",85,61,0.282,0.6243,-0.0099
"GSE20685","GGI","lowexpr",85,61,0.282,0.6036,0.0108
"GSE20685","GGI","random",85,61,0.282,0.615,-6e-04
"GSE20685","GGI","weight",85,62,0.271,0.6218,-0.0074
"GSE20685","GGI","lowexpr",85,62,0.271,0.6031,0.0113
"GSE20685","GGI","random",85,62,0.271,0.6133,0.0011
"GSE20685","GGI","weight",85,63,0.259,0.6237,-0.0093
"GSE20685","GGI","lowexpr",85,63,0.259,0.6017,0.0127
"GSE20685","GGI","random",85,63,0.259,0.6154,-0.001
"GSE20685","GGI","weight",85,64,0.247,0.6223,-0.0079
"GSE20685","GGI","lowexpr",85,64,0.247,0.6031,0.0113
"GSE20685","GGI","random",85,64,0.247,0.6133,0.0011
"GSE20685","GGI","weight",85,65,0.235,0.6222,-0.0078
"GSE20685","GGI","lowexpr",85,65,0.235,0.6023,0.0121
"GSE20685","GGI","random",85,65,0.235,0.6118,0.0026
"GSE20685","GGI","weight",85,66,0.224,0.6219,-0.0074
"GSE20685","GGI","lowexpr",85,66,0.224,0.6,0.0144
"GSE20685","GGI","random",85,66,0.224,0.6132,0.0012
"GSE20685","GGI","weight",85,67,0.212,0.6196,-0.0052
"GSE20685","GGI","lowexpr",85,67,0.212,0.6005,0.0139
"GSE20685","GGI","random",85,67,0.212,0.614,4e-04
"GSE20685","GGI","weight",85,68,0.2,0.6172,-0.0028
"GSE20685","GGI","lowexpr",85,68,0.2,0.6017,0.0128
"GSE20685","GGI","random",85,68,0.2,0.6139,5e-04
"GSE20685","GGI","weight",85,69,0.188,0.6167,-0.0023
"GSE20685","GGI","lowexpr",85,69,0.188,0.5992,0.0152
"GSE20685","GGI","random",85,69,0.188,0.613,0.0014
"GSE20685","GGI","weight",85,70,0.176,0.6174,-0.003
"GSE20685","GGI","lowexpr",85,70,0.176,0.5971,0.0174
"GSE20685","GGI","random",85,70,0.176,0.6146,-2e-04
"GSE20685","GGI","weight",85,71,0.165,0.6169,-0.0025
"GSE20685","GGI","lowexpr",85,71,0.165,0.6009,0.0135
"GSE20685","GGI","random",85,71,0.165,0.6111,0.0033
"GSE20685","GGI","weight",85,72,0.153,0.6132,0.0012
"GSE20685","GGI","lowexpr",85,72,0.153,0.5996,0.0148
"GSE20685","GGI","random",85,72,0.153,0.6129,0.0015
"GSE20685","GGI","weight",85,73,0.141,0.6085,0.0059
"GSE20685","GGI","lowexpr",85,73,0.141,0.5964,0.018
"GSE20685","GGI","random",85,73,0.141,0.6098,0.0046
"GSE20685","GGI","weight",85,74,0.129,0.6106,0.0038
"GSE20685","GGI","lowexpr",85,74,0.129,0.5978,0.0166
"GSE20685","GGI","random",85,74,0.129,0.6057,0.0087
"GSE20685","GGI","weight",85,75,0.118,0.6058,0.0086
"GSE20685","GGI","lowexpr",85,75,0.118,0.5947,0.0197
"GSE20685","GGI","random",85,75,0.118,0.6141,3e-04
"GSE20685","GGI","weight",85,76,0.106,0.5851,0.0293
"GSE20685","GGI","lowexpr",85,76,0.106,0.5949,0.0195
"GSE20685","GGI","random",85,76,0.106,0.6136,8e-04
"GSE20685","GGI","weight",85,77,0.094,0.5825,0.0319
"GSE20685","GGI","lowexpr",85,77,0.094,0.5906,0.0238
"GSE20685","GGI","random",85,77,0.094,0.6099,0.0045
"GSE20685","GGI","weight",85,78,0.082,0.5836,0.0308
"GSE20685","GGI","lowexpr",85,78,0.082,0.5956,0.0188
"GSE20685","GGI","random",85,78,0.082,0.6059,0.0085
"GSE20685","GGI","weight",85,79,0.071,0.578,0.0364
"GSE20685","GGI","lowexpr",85,79,0.071,0.582,0.0324
"GSE20685","GGI","random",85,79,0.071,0.6043,0.0101
"GSE20685","GGI","weight",85,80,0.059,0.5454,0.069
"GSE20685","GGI","lowexpr",85,80,0.059,0.5724,0.042
"GSE20685","GGI","random",85,80,0.059,0.6095,0.0049
"GSE20685","GGI","weight",85,81,0.047,0.5481,0.0663
"GSE20685","GGI","lowexpr",85,81,0.047,0.579,0.0354
"GSE20685","GGI","random",85,81,0.047,0.6019,0.0125
"GSE20685","GGI","weight",85,82,0.035,0.5755,0.0389
"GSE20685","GGI","lowexpr",85,82,0.035,0.5695,0.0449
"GSE20685","GGI","random",85,82,0.035,0.5992,0.0152
"GSE20685","MammaPrint","full",39,0,1,0.6353,0
"GSE20685","MammaPrint","weight",39,1,0.974,0.6359,-6e-04
"GSE20685","MammaPrint","lowexpr",39,1,0.974,0.6391,-0.0037
"GSE20685","MammaPrint","random",39,1,0.974,0.6354,-1e-04
"GSE20685","MammaPrint","weight",39,2,0.949,0.6381,-0.0028
"GSE20685","MammaPrint","lowexpr",39,2,0.949,0.6375,-0.0021
"GSE20685","MammaPrint","random",39,2,0.949,0.635,3e-04
"GSE20685","MammaPrint","weight",39,3,0.923,0.6398,-0.0045
"GSE20685","MammaPrint","lowexpr",39,3,0.923,0.6367,-0.0014
"GSE20685","MammaPrint","random",39,3,0.923,0.6355,-1e-04
"GSE20685","MammaPrint","weight",39,4,0.897,0.6416,-0.0063
"GSE20685","MammaPrint","lowexpr",39,4,0.897,0.6353,0
"GSE20685","MammaPrint","random",39,4,0.897,0.6343,0.001
"GSE20685","MammaPrint","weight",39,5,0.872,0.6411,-0.0058
"GSE20685","MammaPrint","lowexpr",39,5,0.872,0.6324,0.0029
"GSE20685","MammaPrint","random",39,5,0.872,0.6323,0.003
"GSE20685","MammaPrint","weight",39,6,0.846,0.6422,-0.0069
"GSE20685","MammaPrint","lowexpr",39,6,0.846,0.6331,0.0022
"GSE20685","MammaPrint","random",39,6,0.846,0.6309,0.0045
"GSE20685","MammaPrint","weight",39,7,0.821,0.6399,-0.0046
"GSE20685","MammaPrint","lowexpr",39,7,0.821,0.6339,0.0014
"GSE20685","MammaPrint","random",39,7,0.821,0.6329,0.0024
"GSE20685","MammaPrint","weight",39,8,0.795,0.6383,-0.0029
"GSE20685","MammaPrint","lowexpr",39,8,0.795,0.6298,0.0055
"GSE20685","MammaPrint","random",39,8,0.795,0.6303,0.005
"GSE20685","MammaPrint","weight",39,9,0.769,0.6366,-0.0013
"GSE20685","MammaPrint","lowexpr",39,9,0.769,0.6328,0.0026
"GSE20685","MammaPrint","random",39,9,0.769,0.6301,0.0053
"GSE20685","MammaPrint","weight",39,10,0.744,0.6385,-0.0032
"GSE20685","MammaPrint","lowexpr",39,10,0.744,0.632,0.0034
"GSE20685","MammaPrint","random",39,10,0.744,0.6314,0.0039
"GSE20685","MammaPrint","weight",39,11,0.718,0.6421,-0.0068
"GSE20685","MammaPrint","lowexpr",39,11,0.718,0.6339,0.0015
"GSE20685","MammaPrint","random",39,11,0.718,0.631,0.0043
"GSE20685","MammaPrint","weight",39,12,0.692,0.6392,-0.0039
"GSE20685","MammaPrint","lowexpr",39,12,0.692,0.6314,0.0039
"GSE20685","MammaPrint","random",39,12,0.692,0.6285,0.0068
"GSE20685","MammaPrint","weight",39,13,0.667,0.6389,-0.0036
"GSE20685","MammaPrint","lowexpr",39,13,0.667,0.6273,0.0081
"GSE20685","MammaPrint","random",39,13,0.667,0.6277,0.0076
"GSE20685","MammaPrint","weight",39,14,0.641,0.6363,-9e-04
"GSE20685","MammaPrint","lowexpr",39,14,0.641,0.6303,0.005
"GSE20685","MammaPrint","random",39,14,0.641,0.6301,0.0053
"GSE20685","MammaPrint","weight",39,15,0.615,0.6369,-0.0016
"GSE20685","MammaPrint","lowexpr",39,15,0.615,0.6274,0.0079
"GSE20685","MammaPrint","random",39,15,0.615,0.6267,0.0086
"GSE20685","MammaPrint","weight",39,16,0.59,0.6257,0.0096
"GSE20685","MammaPrint","lowexpr",39,16,0.59,0.6274,0.0079
"GSE20685","MammaPrint","random",39,16,0.59,0.6233,0.012
"GSE20685","MammaPrint","weight",39,17,0.564,0.6205,0.0148
"GSE20685","MammaPrint","lowexpr",39,17,0.564,0.6269,0.0084
"GSE20685","MammaPrint","random",39,17,0.564,0.6256,0.0098
"GSE20685","MammaPrint","weight",39,18,0.538,0.6143,0.0211
"GSE20685","MammaPrint","lowexpr",39,18,0.538,0.6261,0.0092
"GSE20685","MammaPrint","random",39,18,0.538,0.6298,0.0055
"GSE20685","MammaPrint","weight",39,19,0.513,0.6118,0.0235
"GSE20685","MammaPrint","lowexpr",39,19,0.513,0.6228,0.0125
"GSE20685","MammaPrint","random",39,19,0.513,0.6223,0.013
"GSE20685","MammaPrint","weight",39,20,0.487,0.6135,0.0218
"GSE20685","MammaPrint","lowexpr",39,20,0.487,0.624,0.0113
"GSE20685","MammaPrint","random",39,20,0.487,0.6225,0.0128
"GSE20685","MammaPrint","weight",39,21,0.462,0.6053,0.03
"GSE20685","MammaPrint","lowexpr",39,21,0.462,0.6182,0.0171
"GSE20685","MammaPrint","random",39,21,0.462,0.623,0.0123
"GSE20685","MammaPrint","weight",39,22,0.436,0.6123,0.023
"GSE20685","MammaPrint","lowexpr",39,22,0.436,0.6186,0.0167
"GSE20685","MammaPrint","random",39,22,0.436,0.6186,0.0167
"GSE20685","MammaPrint","weight",39,23,0.41,0.6095,0.0258
"GSE20685","MammaPrint","lowexpr",39,23,0.41,0.6175,0.0178
"GSE20685","MammaPrint","random",39,23,0.41,0.6204,0.015
"GSE20685","MammaPrint","weight",39,24,0.385,0.6039,0.0314
"GSE20685","MammaPrint","lowexpr",39,24,0.385,0.6163,0.0191
"GSE20685","MammaPrint","random",39,24,0.385,0.6156,0.0197
"GSE20685","MammaPrint","weight",39,25,0.359,0.6017,0.0336
"GSE20685","MammaPrint","lowexpr",39,25,0.359,0.6166,0.0187
"GSE20685","MammaPrint","random",39,25,0.359,0.6131,0.0222
"GSE20685","MammaPrint","weight",39,26,0.333,0.5949,0.0404
"GSE20685","MammaPrint","lowexpr",39,26,0.333,0.6149,0.0204
"GSE20685","MammaPrint","random",39,26,0.333,0.6119,0.0234
"GSE20685","MammaPrint","weight",39,27,0.308,0.6017,0.0337
"GSE20685","MammaPrint","lowexpr",39,27,0.308,0.6071,0.0283
"GSE20685","MammaPrint","random",39,27,0.308,0.6157,0.0197
"GSE20685","MammaPrint","weight",39,28,0.282,0.5973,0.038
"GSE20685","MammaPrint","lowexpr",39,28,0.282,0.6,0.0353
"GSE20685","MammaPrint","random",39,28,0.282,0.6155,0.0198
"GSE20685","MammaPrint","weight",39,29,0.256,0.5965,0.0388
"GSE20685","MammaPrint","lowexpr",39,29,0.256,0.6073,0.028
"GSE20685","MammaPrint","random",39,29,0.256,0.6179,0.0174
"GSE20685","MammaPrint","weight",39,30,0.231,0.5925,0.0428
"GSE20685","MammaPrint","lowexpr",39,30,0.231,0.6172,0.0182
"GSE20685","MammaPrint","random",39,30,0.231,0.6104,0.0249
"GSE20685","MammaPrint","weight",39,31,0.205,0.588,0.0473
"GSE20685","MammaPrint","lowexpr",39,31,0.205,0.6111,0.0242
"GSE20685","MammaPrint","random",39,31,0.205,0.6049,0.0304
"GSE20685","MammaPrint","weight",39,32,0.179,0.5877,0.0476
"GSE20685","MammaPrint","lowexpr",39,32,0.179,0.5961,0.0392
"GSE20685","MammaPrint","random",39,32,0.179,0.6082,0.0271
"GSE20685","MammaPrint","weight",39,33,0.154,0.5888,0.0465
"GSE20685","MammaPrint","lowexpr",39,33,0.154,0.6075,0.0278
"GSE20685","MammaPrint","random",39,33,0.154,0.5997,0.0357
"GSE20685","MammaPrint","weight",39,34,0.128,0.5845,0.0508
"GSE20685","MammaPrint","lowexpr",39,34,0.128,0.598,0.0374
"GSE20685","MammaPrint","random",39,34,0.128,0.5905,0.0448
"GSE20685","MammaPrint","weight",39,35,0.103,0.5966,0.0387
"GSE20685","MammaPrint","lowexpr",39,35,0.103,0.5982,0.0371
"GSE20685","MammaPrint","random",39,35,0.103,0.5856,0.0497
"GSE20685","MammaPrint","weight",39,36,0.077,0.5934,0.042
"GSE20685","MammaPrint","lowexpr",39,36,0.077,0.5597,0.0756
"GSE20685","MammaPrint","random",39,36,0.077,0.5735,0.0618
"GSE1456","CorePAM","full",21,0,1,0.6613,0
"GSE1456","CorePAM","weight",21,1,0.952,0.6219,0.0394
"GSE1456","CorePAM","lowexpr",21,1,0.952,0.655,0.0063
"GSE1456","CorePAM","random",21,1,0.952,0.6552,0.0061
"GSE1456","CorePAM","weight",21,2,0.905,0.5645,0.0968
"GSE1456","CorePAM","lowexpr",21,2,0.905,0.6511,0.0102
"GSE1456","CorePAM","random",21,2,0.905,0.652,0.0094
"GSE1456","CorePAM","weight",21,3,0.857,0.5636,0.0978
"GSE1456","CorePAM","lowexpr",21,3,0.857,0.6463,0.0151
"GSE1456","CorePAM","random",21,3,0.857,0.6492,0.0121
"GSE1456","CorePAM","weight",21,4,0.81,0.5664,0.095
"GSE1456","CorePAM","lowexpr",21,4,0.81,0.645,0.0164
"GSE1456","CorePAM","random",21,4,0.81,0.6408,0.0205
"GSE1456","CorePAM","weight",21,5,0.762,0.5812,0.0801
"GSE1456","CorePAM","lowexpr",21,5,0.762,0.6563,0.005
"GSE1456","CorePAM","random",21,5,0.762,0.6333,0.028
"GSE1456","CorePAM","weight",21,6,0.714,0.6277,0.0336
"GSE1456","CorePAM","lowexpr",21,6,0.714,0.6717,-0.0104
"GSE1456","CorePAM","random",21,6,0.714,0.6294,0.032
"GSE1456","CorePAM","weight",21,7,0.667,0.5879,0.0734
"GSE1456","CorePAM","lowexpr",21,7,0.667,0.6734,-0.0121
"GSE1456","CorePAM","random",21,7,0.667,0.633,0.0283
"GSE1456","CorePAM","weight",21,8,0.619,0.6461,0.0152
"GSE1456","CorePAM","lowexpr",21,8,0.619,0.6729,-0.0115
"GSE1456","CorePAM","random",21,8,0.619,0.6146,0.0467
"GSE1456","CorePAM","weight",21,9,0.571,0.5615,0.0998
"GSE1456","CorePAM","lowexpr",21,9,0.571,0.679,-0.0177
"GSE1456","CorePAM","random",21,9,0.571,0.6059,0.0554
"GSE1456","CorePAM","weight",21,10,0.524,0.5855,0.0758
"GSE1456","CorePAM","lowexpr",21,10,0.524,0.6474,0.0139
"GSE1456","CorePAM","random",21,10,0.524,0.6098,0.0516
"GSE1456","CorePAM","weight",21,11,0.476,0.4773,0.184
"GSE1456","CorePAM","lowexpr",21,11,0.476,0.6801,-0.0188
"GSE1456","CorePAM","random",21,11,0.476,0.6204,0.0409
"GSE1456","CorePAM","weight",21,12,0.429,0.5184,0.1429
"GSE1456","CorePAM","lowexpr",21,12,0.429,0.6771,-0.0158
"GSE1456","CorePAM","random",21,12,0.429,0.5837,0.0776
"GSE1456","CorePAM","weight",21,13,0.381,0.5775,0.0838
"GSE1456","CorePAM","lowexpr",21,13,0.381,0.6786,-0.0173
"GSE1456","CorePAM","random",21,13,0.381,0.5997,0.0616
"GSE1456","CorePAM","weight",21,14,0.333,0.552,0.1093
"GSE1456","CorePAM","lowexpr",21,14,0.333,0.6678,-0.0065
"GSE1456","CorePAM","random",21,14,0.333,0.5756,0.0857
"GSE1456","CorePAM","weight",21,15,0.286,0.4948,0.1665
"GSE1456","CorePAM","lowexpr",21,15,0.286,0.669,-0.0076
"GSE1456","CorePAM","random",21,15,0.286,0.5613,0.1
"GSE1456","CorePAM","weight",21,16,0.238,0.4651,0.1963
"GSE1456","CorePAM","lowexpr",21,16,0.238,0.6628,-0.0015
"GSE1456","CorePAM","random",21,16,0.238,0.5639,0.0975
"GSE1456","CorePAM","weight",21,17,0.19,0.4887,0.1727
"GSE1456","CorePAM","lowexpr",21,17,0.19,0.661,4e-04
"GSE1456","CorePAM","random",21,17,0.19,0.5629,0.0984
"GSE1456","CorePAM","weight",21,18,0.143,0.458,0.2033
"GSE1456","CorePAM","lowexpr",21,18,0.143,0.6229,0.0385
"GSE1456","CorePAM","random",21,18,0.143,0.5343,0.127
"GSE1456","OncotypeDX","full",15,0,1,0.6898,0
"GSE1456","OncotypeDX","weight",15,1,0.933,0.6647,0.0251
"GSE1456","OncotypeDX","lowexpr",15,1,0.933,0.6955,-0.0058
"GSE1456","OncotypeDX","random",15,1,0.933,0.6897,0
"GSE1456","OncotypeDX","weight",15,2,0.867,0.6476,0.0422
"GSE1456","OncotypeDX","lowexpr",15,2,0.867,0.7004,-0.0106
"GSE1456","OncotypeDX","random",15,2,0.867,0.6848,0.005
"GSE1456","OncotypeDX","weight",15,3,0.8,0.637,0.0528
"GSE1456","OncotypeDX","lowexpr",15,3,0.8,0.7017,-0.0119
"GSE1456","OncotypeDX","random",15,3,0.8,0.6749,0.0149
"GSE1456","OncotypeDX","weight",15,4,0.733,0.6273,0.0625
"GSE1456","OncotypeDX","lowexpr",15,4,0.733,0.7026,-0.0128
"GSE1456","OncotypeDX","random",15,4,0.733,0.6784,0.0114
"GSE1456","OncotypeDX","weight",15,5,0.667,0.5522,0.1375
"GSE1456","OncotypeDX","lowexpr",15,5,0.667,0.7,-0.0102
"GSE1456","OncotypeDX","random",15,5,0.667,0.6766,0.0132
"GSE1456","OncotypeDX","weight",15,6,0.6,0.4805,0.2093
"GSE1456","OncotypeDX","lowexpr",15,6,0.6,0.6894,4e-04
"GSE1456","OncotypeDX","random",15,6,0.6,0.6647,0.025
"GSE1456","OncotypeDX","weight",15,7,0.533,0.5119,0.1779
"GSE1456","OncotypeDX","lowexpr",15,7,0.533,0.6862,0.0035
"GSE1456","OncotypeDX","random",15,7,0.533,0.6468,0.0429
"GSE1456","OncotypeDX","weight",15,8,0.467,0.5401,0.1496
"GSE1456","OncotypeDX","lowexpr",15,8,0.467,0.6604,0.0294
"GSE1456","OncotypeDX","random",15,8,0.467,0.6494,0.0404
"GSE1456","OncotypeDX","weight",15,9,0.4,0.5751,0.1147
"GSE1456","OncotypeDX","lowexpr",15,9,0.4,0.6545,0.0353
"GSE1456","OncotypeDX","random",15,9,0.4,0.6453,0.0445
"GSE1456","OncotypeDX","weight",15,10,0.333,0.5695,0.1203
"GSE1456","OncotypeDX","lowexpr",15,10,0.333,0.5089,0.1809
"GSE1456","OncotypeDX","random",15,10,0.333,0.6316,0.0582
"GSE1456","OncotypeDX","weight",15,11,0.267,0.527,0.1628
"GSE1456","OncotypeDX","lowexpr",15,11,0.267,0.5004,0.1894
"GSE1456","OncotypeDX","random",15,11,0.267,0.6297,0.0601
"GSE1456","OncotypeDX","weight",15,12,0.2,0.5937,0.0961
"GSE1456","OncotypeDX","lowexpr",15,12,0.2,0.4738,0.216
"GSE1456","OncotypeDX","random",15,12,0.2,0.6143,0.0754
"GSE1456","GGI","full",89,0,1,0.6706,0
"GSE1456","GGI","weight",89,1,0.989,0.6695,0.0011
"GSE1456","GGI","lowexpr",89,1,0.989,0.6701,6e-04
"GSE1456","GGI","random",89,1,0.989,0.6705,1e-04
"GSE1456","GGI","weight",89,2,0.978,0.6697,9e-04
"GSE1456","GGI","lowexpr",89,2,0.978,0.6708,-2e-04
"GSE1456","GGI","random",89,2,0.978,0.6705,1e-04
"GSE1456","GGI","weight",89,3,0.966,0.6693,0.0013
"GSE1456","GGI","lowexpr",89,3,0.966,0.6704,2e-04
"GSE1456","GGI","random",89,3,0.966,0.6708,-2e-04
"GSE1456","GGI","weight",89,4,0.955,0.6695,0.0011
"GSE1456","GGI","lowexpr",89,4,0.955,0.6693,0.0013
"GSE1456","GGI","random",89,4,0.955,0.6711,-4e-04
"GSE1456","GGI","weight",89,5,0.944,0.6686,0.002
"GSE1456","GGI","lowexpr",89,5,0.944,0.6682,0.0024
"GSE1456","GGI","random",89,5,0.944,0.6706,0
"GSE1456","GGI","weight",89,6,0.933,0.6699,7e-04
"GSE1456","GGI","lowexpr",89,6,0.933,0.6677,0.003
"GSE1456","GGI","random",89,6,0.933,0.6707,-1e-04
"GSE1456","GGI","weight",89,7,0.921,0.6706,0
"GSE1456","GGI","lowexpr",89,7,0.921,0.669,0.0017
"GSE1456","GGI","random",89,7,0.921,0.6704,2e-04
"GSE1456","GGI","weight",89,8,0.91,0.6714,-7e-04
"GSE1456","GGI","lowexpr",89,8,0.91,0.669,0.0017
"GSE1456","GGI","random",89,8,0.91,0.6709,-3e-04
"GSE1456","GGI","weight",89,9,0.899,0.6712,-6e-04
"GSE1456","GGI","lowexpr",89,9,0.899,0.6693,0.0013
"GSE1456","GGI","random",89,9,0.899,0.6712,-5e-04
"GSE1456","GGI","weight",89,10,0.888,0.6714,-7e-04
"GSE1456","GGI","lowexpr",89,10,0.888,0.6693,0.0013
"GSE1456","GGI","random",89,10,0.888,0.6709,-3e-04
"GSE1456","GGI","weight",89,11,0.876,0.6704,2e-04
"GSE1456","GGI","lowexpr",89,11,0.876,0.6691,0.0015
"GSE1456","GGI","random",89,11,0.876,0.6709,-2e-04
"GSE1456","GGI","weight",89,12,0.865,0.6708,-2e-04
"GSE1456","GGI","lowexpr",89,12,0.865,0.6704,2e-04
"GSE1456","GGI","random",89,12,0.865,0.6703,3e-04
"GSE1456","GGI","weight",89,13,0.854,0.6714,-7e-04
"GSE1456","GGI","lowexpr",89,13,0.854,0.6716,-9e-04
"GSE1456","GGI","random",89,13,0.854,0.6708,-2e-04
"GSE1456","GGI","weight",89,14,0.843,0.6714,-7e-04
"GSE1456","GGI","lowexpr",89,14,0.843,0.6738,-0.0032
"GSE1456","GGI","random",89,14,0.843,0.6711,-4e-04
"GSE1456","GGI","weight",89,15,0.831,0.6708,-2e-04
"GSE1456","GGI","lowexpr",89,15,0.831,0.6725,-0.0019
"GSE1456","GGI","random",89,15,0.831,0.6706,0
"GSE1456","GGI","weight",89,16,0.82,0.6699,7e-04
"GSE1456","GGI","lowexpr",89,16,0.82,0.6714,-7e-04
"GSE1456","GGI","random",89,16,0.82,0.6711,-4e-04
"GSE1456","GGI","weight",89,17,0.809,0.6699,7e-04
"GSE1456","GGI","lowexpr",89,17,0.809,0.6695,0.0011
"GSE1456","GGI","random",89,17,0.809,0.6712,-6e-04
"GSE1456","GGI","weight",89,18,0.798,0.6697,9e-04
"GSE1456","GGI","lowexpr",89,18,0.798,0.6691,0.0015
"GSE1456","GGI","random",89,18,0.798,0.6708,-2e-04
"GSE1456","GGI","weight",89,19,0.787,0.6697,9e-04
"GSE1456","GGI","lowexpr",89,19,0.787,0.6686,0.002
"GSE1456","GGI","random",89,19,0.787,0.6714,-7e-04
"GSE1456","GGI","weight",89,20,0.775,0.6697,9e-04
"GSE1456","GGI","lowexpr",89,20,0.775,0.6706,0
"GSE1456","GGI","random",89,20,0.775,0.6708,-1e-04
"GSE1456","GGI","weight",89,21,0.764,0.6695,0.0011
"GSE1456","GGI","lowexpr",89,21,0.764,0.6708,-2e-04
"GSE1456","GGI","random",89,21,0.764,0.6711,-4e-04
"GSE1456","GGI","weight",89,22,0.753,0.6699,7e-04
"GSE1456","GGI","lowexpr",89,22,0.753,0.671,-4e-04
"GSE1456","GGI","random",89,22,0.753,0.6715,-8e-04
"GSE1456","GGI","weight",89,23,0.742,0.6697,9e-04
"GSE1456","GGI","lowexpr",89,23,0.742,0.6727,-0.002
"GSE1456","GGI","random",89,23,0.742,0.6712,-5e-04
"GSE1456","GGI","weight",89,24,0.73,0.6697,9e-04
"GSE1456","GGI","lowexpr",89,24,0.73,0.6721,-0.0015
"GSE1456","GGI","random",89,24,0.73,0.6706,0
"GSE1456","GGI","weight",89,25,0.719,0.6684,0.0022
"GSE1456","GGI","lowexpr",89,25,0.719,0.6719,-0.0013
"GSE1456","GGI","random",89,25,0.719,0.671,-4e-04
"GSE1456","GGI","weight",89,26,0.708,0.6693,0.0013
"GSE1456","GGI","lowexpr",89,26,0.708,0.6716,-9e-04
"GSE1456","GGI","random",89,26,0.708,0.6702,4e-04
"GSE1456","GGI","weight",89,27,0.697,0.6684,0.0022
"GSE1456","GGI","lowexpr",89,27,0.697,0.671,-4e-04
"GSE1456","GGI","random",89,27,0.697,0.671,-3e-04
"GSE1456","GGI","weight",89,28,0.685,0.6691,0.0015
"GSE1456","GGI","lowexpr",89,28,0.685,0.6706,0
"GSE1456","GGI","random",89,28,0.685,0.6713,-7e-04
"GSE1456","GGI","weight",89,29,0.674,0.6693,0.0013
"GSE1456","GGI","lowexpr",89,29,0.674,0.6708,-2e-04
"GSE1456","GGI","random",89,29,0.674,0.6712,-5e-04
"GSE1456","GGI","weight",89,30,0.663,0.6669,0.0037
"GSE1456","GGI","lowexpr",89,30,0.663,0.6704,2e-04
"GSE1456","GGI","random",89,30,0.663,0.6707,0
"GSE1456","GGI","weight",89,31,0.652,0.6677,0.003
"GSE1456","GGI","lowexpr",89,31,0.652,0.6701,6e-04
"GSE1456","GGI","random",89,31,0.652,0.6719,-0.0012
"GSE1456","GGI","weight",89,32,0.64,0.6684,0.0022
"GSE1456","GGI","lowexpr",89,32,0.64,0.6701,6e-04
"GSE1456","GGI","random",89,32,0.64,0.6713,-7e-04
"GSE1456","GGI","weight",89,33,0.629,0.6682,0.0024
"GSE1456","GGI","lowexpr",89,33,0.629,0.6701,6e-04
"GSE1456","GGI","random",89,33,0.629,0.6712,-5e-04
"GSE1456","GGI","weight",89,34,0.618,0.6704,2e-04
"GSE1456","GGI","lowexpr",89,34,0.618,0.6703,4e-04
"GSE1456","GGI","random",89,34,0.618,0.6707,-1e-04
"GSE1456","GGI","weight",89,35,0.607,0.6704,2e-04
"GSE1456","GGI","lowexpr",89,35,0.607,0.671,-4e-04
"GSE1456","GGI","random",89,35,0.607,0.6715,-8e-04
"GSE1456","GGI","weight",89,36,0.596,0.6716,-9e-04
"GSE1456","GGI","lowexpr",89,36,0.596,0.6712,-6e-04
"GSE1456","GGI","random",89,36,0.596,0.6701,5e-04
"GSE1456","GGI","weight",89,37,0.584,0.6723,-0.0017
"GSE1456","GGI","lowexpr",89,37,0.584,0.6732,-0.0026
"GSE1456","GGI","random",89,37,0.584,0.6702,4e-04
"GSE1456","GGI","weight",89,38,0.573,0.6719,-0.0013
"GSE1456","GGI","lowexpr",89,38,0.573,0.6743,-0.0037
"GSE1456","GGI","random",89,38,0.573,0.6715,-9e-04
"GSE1456","GGI","weight",89,39,0.562,0.671,-4e-04
"GSE1456","GGI","lowexpr",89,39,0.562,0.673,-0.0024
"GSE1456","GGI","random",89,39,0.562,0.6712,-5e-04
"GSE1456","GGI","weight",89,40,0.551,0.6717,-0.0011
"GSE1456","GGI","lowexpr",89,40,0.551,0.6729,-0.0022
"GSE1456","GGI","random",89,40,0.551,0.6699,7e-04
"GSE1456","GGI","weight",89,41,0.539,0.6712,-6e-04
"GSE1456","GGI","lowexpr",89,41,0.539,0.6738,-0.0032
"GSE1456","GGI","random",89,41,0.539,0.6715,-9e-04
"GSE1456","GGI","weight",89,42,0.528,0.6712,-6e-04
"GSE1456","GGI","lowexpr",89,42,0.528,0.6758,-0.0052
"GSE1456","GGI","random",89,42,0.528,0.6711,-5e-04
"GSE1456","GGI","weight",89,43,0.517,0.6714,-7e-04
"GSE1456","GGI","lowexpr",89,43,0.517,0.6755,-0.0048
"GSE1456","GGI","random",89,43,0.517,0.6724,-0.0018
"GSE1456","GGI","weight",89,44,0.506,0.6717,-0.0011
"GSE1456","GGI","lowexpr",89,44,0.506,0.6749,-0.0043
"GSE1456","GGI","random",89,44,0.506,0.6716,-0.001
"GSE1456","GGI","weight",89,45,0.494,0.6708,-2e-04
"GSE1456","GGI","lowexpr",89,45,0.494,0.6743,-0.0037
"GSE1456","GGI","random",89,45,0.494,0.6703,4e-04
"GSE1456","GGI","weight",89,46,0.483,0.6693,0.0013
"GSE1456","GGI","lowexpr",89,46,0.483,0.6729,-0.0022
"GSE1456","GGI","random",89,46,0.483,0.6717,-0.0011
"GSE1456","GGI","weight",89,47,0.472,0.6695,0.0011
"GSE1456","GGI","lowexpr",89,47,0.472,0.674,-0.0033
"GSE1456","GGI","random",89,47,0.472,0.6691,0.0015
"GSE1456","GGI","weight",89,48,0.461,0.6703,4e-04
"GSE1456","GGI","lowexpr",89,48,0.461,0.6721,-0.0015
"GSE1456","GGI","random",89,48,0.461,0.6702,4e-04
"GSE1456","GGI","weight",89,49,0.449,0.6714,-7e-04
"GSE1456","GGI","lowexpr",89,49,0.449,0.6712,-6e-04
"GSE1456","GGI","random",89,49,0.449,0.6694,0.0012
"GSE1456","GGI","weight",89,50,0.438,0.6688,0.0019
"GSE1456","GGI","lowexpr",89,50,0.438,0.6717,-0.0011
"GSE1456","GGI","random",89,50,0.438,0.6691,0.0015
"GSE1456","GGI","weight",89,51,0.427,0.6678,0.0028
"GSE1456","GGI","lowexpr",89,51,0.427,0.6729,-0.0022
"GSE1456","GGI","random",89,51,0.427,0.671,-3e-04
"GSE1456","GGI","weight",89,52,0.416,0.6662,0.0045
"GSE1456","GGI","lowexpr",89,52,0.416,0.6729,-0.0022
"GSE1456","GGI","random",89,52,0.416,0.6716,-0.001
"GSE1456","GGI","weight",89,53,0.404,0.663,0.0076
"GSE1456","GGI","lowexpr",89,53,0.404,0.6749,-0.0043
"GSE1456","GGI","random",89,53,0.404,0.671,-4e-04
"GSE1456","GGI","weight",89,54,0.393,0.663,0.0076
"GSE1456","GGI","lowexpr",89,54,0.393,0.6723,-0.0017
"GSE1456","GGI","random",89,54,0.393,0.6704,2e-04
"GSE1456","GGI","weight",89,55,0.382,0.6639,0.0067
"GSE1456","GGI","lowexpr",89,55,0.382,0.6727,-0.002
"GSE1456","GGI","random",89,55,0.382,0.6703,3e-04
"GSE1456","GGI","weight",89,56,0.371,0.6628,0.0078
"GSE1456","GGI","lowexpr",89,56,0.371,0.6736,-0.003
"GSE1456","GGI","random",89,56,0.371,0.6677,0.0029
"GSE1456","GGI","weight",89,57,0.36,0.6638,0.0069
"GSE1456","GGI","lowexpr",89,57,0.36,0.6736,-0.003
"GSE1456","GGI","random",89,57,0.36,0.6688,0.0018
"GSE1456","GGI","weight",89,58,0.348,0.6634,0.0072
"GSE1456","GGI","lowexpr",89,58,0.348,0.6727,-0.002
"GSE1456","GGI","random",89,58,0.348,0.6692,0.0014
"GSE1456","GGI","weight",89,59,0.337,0.6621,0.0086
"GSE1456","GGI","lowexpr",89,59,0.337,0.6732,-0.0026
"GSE1456","GGI","random",89,59,0.337,0.6708,-2e-04
"GSE1456","GGI","weight",89,60,0.326,0.6619,0.0087
"GSE1456","GGI","lowexpr",89,60,0.326,0.6757,-0.005
"GSE1456","GGI","random",89,60,0.326,0.6695,0.0011
"GSE1456","GGI","weight",89,61,0.315,0.6612,0.0095
"GSE1456","GGI","lowexpr",89,61,0.315,0.6743,-0.0037
"GSE1456","GGI","random",89,61,0.315,0.6683,0.0023
"GSE1456","GGI","weight",89,62,0.303,0.6621,0.0086
"GSE1456","GGI","lowexpr",89,62,0.303,0.6745,-0.0039
"GSE1456","GGI","random",89,62,0.303,0.671,-4e-04
"GSE1456","GGI","weight",89,63,0.292,0.66,0.0106
"GSE1456","GGI","lowexpr",89,63,0.292,0.6736,-0.003
"GSE1456","GGI","random",89,63,0.292,0.6703,4e-04
"GSE1456","GGI","weight",89,64,0.281,0.6572,0.0134
"GSE1456","GGI","lowexpr",89,64,0.281,0.6725,-0.0019
"GSE1456","GGI","random",89,64,0.281,0.6697,9e-04
"GSE1456","GGI","weight",89,65,0.27,0.6567,0.0139
"GSE1456","GGI","lowexpr",89,65,0.27,0.6729,-0.0022
"GSE1456","GGI","random",89,65,0.27,0.6703,3e-04
"GSE1456","GGI","weight",89,66,0.258,0.6571,0.0136
"GSE1456","GGI","lowexpr",89,66,0.258,0.673,-0.0024
"GSE1456","GGI","random",89,66,0.258,0.6667,0.0039
"GSE1456","GGI","weight",89,67,0.247,0.6543,0.0164
"GSE1456","GGI","lowexpr",89,67,0.247,0.6719,-0.0013
"GSE1456","GGI","random",89,67,0.247,0.6682,0.0024
"GSE1456","GGI","weight",89,68,0.236,0.6537,0.0169
"GSE1456","GGI","lowexpr",89,68,0.236,0.6714,-7e-04
"GSE1456","GGI","random",89,68,0.236,0.6695,0.0011
"GSE1456","GGI","weight",89,69,0.225,0.6511,0.0195
"GSE1456","GGI","lowexpr",89,69,0.225,0.6701,6e-04
"GSE1456","GGI","random",89,69,0.225,0.6687,0.002
"GSE1456","GGI","weight",89,70,0.213,0.6474,0.0232
"GSE1456","GGI","lowexpr",89,70,0.213,0.6721,-0.0015
"GSE1456","GGI","random",89,70,0.213,0.6698,8e-04
"GSE1456","GGI","weight",89,71,0.202,0.6413,0.0294
"GSE1456","GGI","lowexpr",89,71,0.202,0.673,-0.0024
"GSE1456","GGI","random",89,71,0.202,0.6701,5e-04
"GSE1456","GGI","weight",89,72,0.191,0.6346,0.0361
"GSE1456","GGI","lowexpr",89,72,0.191,0.6704,2e-04
"GSE1456","GGI","random",89,72,0.191,0.6676,0.003
"GSE1456","GGI","weight",89,73,0.18,0.6279,0.0428
"GSE1456","GGI","lowexpr",89,73,0.18,0.6684,0.0022
"GSE1456","GGI","random",89,73,0.18,0.6655,0.0051
"GSE1456","GGI","weight",89,74,0.169,0.6208,0.0498
"GSE1456","GGI","lowexpr",89,74,0.169,0.6677,0.003
"GSE1456","GGI","random",89,74,0.169,0.6659,0.0047
"GSE1456","GGI","weight",89,75,0.157,0.6195,0.0511
"GSE1456","GGI","lowexpr",89,75,0.157,0.6695,0.0011
"GSE1456","GGI","random",89,75,0.157,0.6667,0.0039
"GSE1456","GGI","weight",89,76,0.146,0.6134,0.0572
"GSE1456","GGI","lowexpr",89,76,0.146,0.6701,6e-04
"GSE1456","GGI","random",89,76,0.146,0.6659,0.0048
"GSE1456","GGI","weight",89,77,0.135,0.595,0.0757
"GSE1456","GGI","lowexpr",89,77,0.135,0.6695,0.0011
"GSE1456","GGI","random",89,77,0.135,0.6675,0.0032
"GSE1456","GGI","weight",89,78,0.124,0.5981,0.0725
"GSE1456","GGI","lowexpr",89,78,0.124,0.6647,0.0059
"GSE1456","GGI","random",89,78,0.124,0.67,7e-04
"GSE1456","GGI","weight",89,79,0.112,0.6002,0.0704
"GSE1456","GGI","lowexpr",89,79,0.112,0.6704,2e-04
"GSE1456","GGI","random",89,79,0.112,0.6645,0.0061
"GSE1456","GGI","weight",89,80,0.101,0.5922,0.0784
"GSE1456","GGI","lowexpr",89,80,0.101,0.6697,9e-04
"GSE1456","GGI","random",89,80,0.101,0.6639,0.0067
"GSE1456","GGI","weight",89,81,0.09,0.5777,0.0929
"GSE1456","GGI","lowexpr",89,81,0.09,0.6723,-0.0017
"GSE1456","GGI","random",89,81,0.09,0.6629,0.0078
"GSE1456","GGI","weight",89,82,0.079,0.5792,0.0914
"GSE1456","GGI","lowexpr",89,82,0.079,0.6706,0
"GSE1456","GGI","random",89,82,0.079,0.6591,0.0115
"GSE1456","GGI","weight",89,83,0.067,0.571,0.0996
"GSE1456","GGI","lowexpr",89,83,0.067,0.6686,0.002
"GSE1456","GGI","random",89,83,0.067,0.6559,0.0148
"GSE1456","GGI","weight",89,84,0.056,0.5587,0.1119
"GSE1456","GGI","lowexpr",89,84,0.056,0.6671,0.0035
"GSE1456","GGI","random",89,84,0.056,0.652,0.0186
"GSE1456","GGI","weight",89,85,0.045,0.545,0.1257
"GSE1456","GGI","lowexpr",89,85,0.045,0.6665,0.0041
"GSE1456","GGI","random",89,85,0.045,0.6469,0.0237
"GSE1456","GGI","weight",89,86,0.034,0.5426,0.1281
"GSE1456","GGI","lowexpr",89,86,0.034,0.6714,-7e-04
"GSE1456","GGI","random",89,86,0.034,0.6431,0.0275
"GSE1456","MammaPrint","full",37,0,1,0.6738,0
"GSE1456","MammaPrint","weight",37,1,0.973,0.6727,0.0011
"GSE1456","MammaPrint","lowexpr",37,1,0.973,0.6688,0.005
"GSE1456","MammaPrint","random",37,1,0.973,0.6724,0.0014
"GSE1456","MammaPrint","weight",37,2,0.946,0.6701,0.0037
"GSE1456","MammaPrint","lowexpr",37,2,0.946,0.6712,0.0026
"GSE1456","MammaPrint","random",37,2,0.946,0.6729,9e-04
"GSE1456","MammaPrint","weight",37,3,0.919,0.6719,0.0019
"GSE1456","MammaPrint","lowexpr",37,3,0.919,0.6729,9e-04
"GSE1456","MammaPrint","random",37,3,0.919,0.6703,0.0035
"GSE1456","MammaPrint","weight",37,4,0.892,0.6716,0.0022
"GSE1456","MammaPrint","lowexpr",37,4,0.892,0.6703,0.0035
"GSE1456","MammaPrint","random",37,4,0.892,0.6712,0.0026
"GSE1456","MammaPrint","weight",37,5,0.865,0.669,0.0048
"GSE1456","MammaPrint","lowexpr",37,5,0.865,0.6688,0.005
"GSE1456","MammaPrint","random",37,5,0.865,0.6725,0.0013
"GSE1456","MammaPrint","weight",37,6,0.838,0.6699,0.0039
"GSE1456","MammaPrint","lowexpr",37,6,0.838,0.6768,-0.003
"GSE1456","MammaPrint","random",37,6,0.838,0.6687,0.0051
"GSE1456","MammaPrint","weight",37,7,0.811,0.6771,-0.0033
"GSE1456","MammaPrint","lowexpr",37,7,0.811,0.6762,-0.0024
"GSE1456","MammaPrint","random",37,7,0.811,0.6702,0.0036
"GSE1456","MammaPrint","weight",37,8,0.784,0.6861,-0.0123
"GSE1456","MammaPrint","lowexpr",37,8,0.784,0.6799,-0.0061
"GSE1456","MammaPrint","random",37,8,0.784,0.6708,0.003
"GSE1456","MammaPrint","weight",37,9,0.757,0.6827,-0.0089
"GSE1456","MammaPrint","lowexpr",37,9,0.757,0.6736,2e-04
"GSE1456","MammaPrint","random",37,9,0.757,0.6667,0.0071
"GSE1456","MammaPrint","weight",37,10,0.73,0.684,-0.0102
"GSE1456","MammaPrint","lowexpr",37,10,0.73,0.6727,0.0011
"GSE1456","MammaPrint","random",37,10,0.73,0.6677,0.0061
"GSE1456","MammaPrint","weight",37,11,0.703,0.6857,-0.0119
"GSE1456","MammaPrint","lowexpr",37,11,0.703,0.6729,9e-04
"GSE1456","MammaPrint","random",37,11,0.703,0.663,0.0108
"GSE1456","MammaPrint","weight",37,12,0.676,0.6868,-0.013
"GSE1456","MammaPrint","lowexpr",37,12,0.676,0.6697,0.0041
"GSE1456","MammaPrint","random",37,12,0.676,0.6681,0.0057
"GSE1456","MammaPrint","weight",37,13,0.649,0.6879,-0.0141
"GSE1456","MammaPrint","lowexpr",37,13,0.649,0.668,0.0058
"GSE1456","MammaPrint","random",37,13,0.649,0.6666,0.0072
"GSE1456","MammaPrint","weight",37,14,0.622,0.6933,-0.0195
"GSE1456","MammaPrint","lowexpr",37,14,0.622,0.6673,0.0065
"GSE1456","MammaPrint","random",37,14,0.622,0.6608,0.013
"GSE1456","MammaPrint","weight",37,15,0.595,0.6926,-0.0188
"GSE1456","MammaPrint","lowexpr",37,15,0.595,0.6654,0.0084
"GSE1456","MammaPrint","random",37,15,0.595,0.6613,0.0125
"GSE1456","MammaPrint","weight",37,16,0.568,0.6918,-0.018
"GSE1456","MammaPrint","lowexpr",37,16,0.568,0.6651,0.0087
"GSE1456","MammaPrint","random",37,16,0.568,0.6611,0.0127
"GSE1456","MammaPrint","weight",37,17,0.541,0.684,-0.0102
"GSE1456","MammaPrint","lowexpr",37,17,0.541,0.6604,0.0134
"GSE1456","MammaPrint","random",37,17,0.541,0.6618,0.012
"GSE1456","MammaPrint","weight",37,18,0.514,0.6812,-0.0074
"GSE1456","MammaPrint","lowexpr",37,18,0.514,0.6589,0.0149
"GSE1456","MammaPrint","random",37,18,0.514,0.6594,0.0144
"GSE1456","MammaPrint","weight",37,19,0.486,0.6907,-0.0169
"GSE1456","MammaPrint","lowexpr",37,19,0.486,0.6563,0.0175
"GSE1456","MammaPrint","random",37,19,0.486,0.6624,0.0114
"GSE1456","MammaPrint","weight",37,20,0.459,0.6862,-0.0125
"GSE1456","MammaPrint","lowexpr",37,20,0.459,0.6606,0.0132
"GSE1456","MammaPrint","random",37,20,0.459,0.66,0.0138
"GSE1456","MammaPrint","weight",37,21,0.432,0.687,-0.0132
"GSE1456","MammaPrint","lowexpr",37,21,0.432,0.6591,0.0147
"GSE1456","MammaPrint","random",37,21,0.432,0.651,0.0228
"GSE1456","MammaPrint","weight",37,22,0.405,0.6883,-0.0145
"GSE1456","MammaPrint","lowexpr",37,22,0.405,0.6507,0.023
"GSE1456","MammaPrint","random",37,22,0.405,0.6558,0.018
"GSE1456","MammaPrint","weight",37,23,0.378,0.682,-0.0082
"GSE1456","MammaPrint","lowexpr",37,23,0.378,0.6428,0.031
"GSE1456","MammaPrint","random",37,23,0.378,0.653,0.0208
"GSE1456","MammaPrint","weight",37,24,0.351,0.6926,-0.0188
"GSE1456","MammaPrint","lowexpr",37,24,0.351,0.6407,0.0331
"GSE1456","MammaPrint","random",37,24,0.351,0.6432,0.0306
"GSE1456","MammaPrint","weight",37,25,0.324,0.6993,-0.0255
"GSE1456","MammaPrint","lowexpr",37,25,0.324,0.6303,0.0435
"GSE1456","MammaPrint","random",37,25,0.324,0.6471,0.0267
"GSE1456","MammaPrint","weight",37,26,0.297,0.7048,-0.031
"GSE1456","MammaPrint","lowexpr",37,26,0.297,0.6243,0.0494
"GSE1456","MammaPrint","random",37,26,0.297,0.6451,0.0287
"GSE1456","MammaPrint","weight",37,27,0.27,0.7063,-0.0325
"GSE1456","MammaPrint","lowexpr",37,27,0.27,0.6327,0.0411
"GSE1456","MammaPrint","random",37,27,0.27,0.6493,0.0245
"GSE1456","MammaPrint","weight",37,28,0.243,0.7119,-0.0381
"GSE1456","MammaPrint","lowexpr",37,28,0.243,0.6132,0.0606
"GSE1456","MammaPrint","random",37,28,0.243,0.6521,0.0217
"GSE1456","MammaPrint","weight",37,29,0.216,0.7204,-0.0467
"GSE1456","MammaPrint","lowexpr",37,29,0.216,0.6022,0.0716
"GSE1456","MammaPrint","random",37,29,0.216,0.6241,0.0497
"GSE1456","MammaPrint","weight",37,30,0.189,0.7193,-0.0455
"GSE1456","MammaPrint","lowexpr",37,30,0.189,0.5818,0.092
"GSE1456","MammaPrint","random",37,30,0.189,0.6266,0.0472
"GSE1456","MammaPrint","weight",37,31,0.162,0.7074,-0.0336
"GSE1456","MammaPrint","lowexpr",37,31,0.162,0.5823,0.0914
"GSE1456","MammaPrint","random",37,31,0.162,0.6261,0.0477
"GSE1456","MammaPrint","weight",37,32,0.135,0.6887,-0.0149
"GSE1456","MammaPrint","lowexpr",37,32,0.135,0.5665,0.1072
"GSE1456","MammaPrint","random",37,32,0.135,0.6171,0.0567
"GSE1456","MammaPrint","weight",37,33,0.108,0.692,-0.0182
"GSE1456","MammaPrint","lowexpr",37,33,0.108,0.5625,0.1113
"GSE1456","MammaPrint","random",37,33,0.108,0.6014,0.0724
"GSE1456","MammaPrint","weight",37,34,0.081,0.6732,6e-04
"GSE1456","MammaPrint","lowexpr",37,34,0.081,0.5612,0.1126
"GSE1456","MammaPrint","random",37,34,0.081,0.5982,0.0756
