"cohort","signature","target_genes","draw","c_full","envelope"
"SCANB","GGI",24,1,0.6128,21
"SCANB","GGI",24,2,0.6109,21
"SCANB","GGI",24,3,0.6085,21
"SCANB","GGI",24,4,0.6075,21
"SCANB","GGI",24,5,0.6107,18
"SCANB","GGI",24,6,0.6095,21
"SCANB","GGI",24,7,0.608,21
"SCANB","GGI",24,8,0.6009,21
"SCANB","GGI",24,9,0.6095,21
"SCANB","GGI",24,10,0.6082,21
"SCANB","GGI",24,11,0.6129,21
"SCANB","GGI",24,12,0.6052,21
"SCANB","GGI",24,13,0.6056,20
"SCANB","GGI",24,14,0.6056,21
"SCANB","GGI",24,15,0.6095,21
"SCANB","GGI",24,16,0.6058,21
"SCANB","GGI",24,17,0.6113,21
"SCANB","GGI",24,18,0.6117,19
"SCANB","GGI",24,19,0.6085,21
"SCANB","GGI",24,20,0.6098,21
"SCANB","GGI",24,21,0.6165,21
"SCANB","GGI",24,22,0.6093,20
"SCANB","GGI",24,23,0.6068,21
"SCANB","GGI",24,24,0.6085,21
"SCANB","GGI",24,25,0.6028,21
"SCANB","GGI",24,26,0.6136,21
"SCANB","GGI",24,27,0.6069,21
"SCANB","GGI",24,28,0.6065,21
"SCANB","GGI",24,29,0.6071,21
"SCANB","GGI",24,30,0.6081,21
"SCANB","GGI",24,31,0.6109,21
"SCANB","GGI",24,32,0.6093,21
"SCANB","GGI",24,33,0.6051,21
"SCANB","GGI",24,34,0.6134,20
"SCANB","GGI",24,35,0.6139,21
"SCANB","GGI",24,36,0.5998,21
"SCANB","GGI",24,37,0.6062,21
"SCANB","GGI",24,38,0.6051,20
"SCANB","GGI",24,39,0.6055,20
"SCANB","GGI",24,40,0.611,21
"SCANB","GGI",24,41,0.6134,21
"SCANB","GGI",24,42,0.6159,18
"SCANB","GGI",24,43,0.6096,21
"SCANB","GGI",24,44,0.6043,20
"SCANB","GGI",24,45,0.6131,21
"SCANB","GGI",24,46,0.6183,21
"SCANB","GGI",24,47,0.6105,19
"SCANB","GGI",24,48,0.6082,21
"SCANB","GGI",24,49,0.6168,21
"SCANB","GGI",24,50,0.609,21
"SCANB","GGI",24,51,0.6119,21
"SCANB","GGI",24,52,0.6072,21
"SCANB","GGI",24,53,0.6069,21
"SCANB","GGI",24,54,0.6043,21
"SCANB","GGI",24,55,0.6108,21
"SCANB","GGI",24,56,0.613,21
"SCANB","GGI",24,57,0.6083,21
"SCANB","GGI",24,58,0.6126,21
"SCANB","GGI",24,59,0.6117,21
"SCANB","GGI",24,60,0.6035,21
"SCANB","GGI",24,61,0.6052,21
"SCANB","GGI",24,62,0.6044,21
"SCANB","GGI",24,63,0.6169,21
"SCANB","GGI",24,64,0.6054,21
"SCANB","GGI",24,65,0.6081,21
"SCANB","GGI",24,66,0.6082,21
"SCANB","GGI",24,67,0.6194,21
"SCANB","GGI",24,68,0.6062,21
"SCANB","GGI",24,69,0.6113,21
"SCANB","GGI",24,70,0.6107,21
"SCANB","GGI",24,71,0.6084,21
"SCANB","GGI",24,72,0.6149,20
"SCANB","GGI",24,73,0.6038,21
"SCANB","GGI",24,74,0.6032,21
"SCANB","GGI",24,75,0.609,21
"SCANB","GGI",24,76,0.6101,21
"SCANB","GGI",24,77,0.6059,18
"SCANB","GGI",24,78,0.6063,21
"SCANB","GGI",24,79,0.6034,21
"SCANB","GGI",24,80,0.6074,21
"SCANB","GGI",24,81,0.6114,21
"SCANB","GGI",24,82,0.6108,21
"SCANB","GGI",24,83,0.6105,21
"SCANB","GGI",24,84,0.6109,21
"SCANB","GGI",24,85,0.6124,21
"SCANB","GGI",24,86,0.6085,21
"SCANB","GGI",24,87,0.6071,21
"SCANB","GGI",24,88,0.6086,21
"SCANB","GGI",24,89,0.6139,21
"SCANB","GGI",24,90,0.6069,21
"SCANB","GGI",24,91,0.6111,21
"SCANB","GGI",24,92,0.6092,21
"SCANB","GGI",24,93,0.6024,21
"SCANB","GGI",24,94,0.609,19
"SCANB","GGI",24,95,0.6085,21
"SCANB","GGI",24,96,0.6119,19
"SCANB","GGI",24,97,0.6114,21
"SCANB","GGI",24,98,0.6111,21
"SCANB","GGI",24,99,0.6123,20
"SCANB","GGI",24,100,0.6193,21
"SCANB","GGI",24,101,0.6151,21
"SCANB","GGI",24,102,0.601,21
"SCANB","GGI",24,103,0.61,21
"SCANB","GGI",24,104,0.6067,21
"SCANB","GGI",24,105,0.6028,21
"SCANB","GGI",24,106,0.6063,21
"SCANB","GGI",24,107,0.6103,21
"SCANB","GGI",24,108,0.6119,21
"SCANB","GGI",24,109,0.6112,21
"SCANB","GGI",24,110,0.6132,21
"SCANB","GGI",24,111,0.6028,21
"SCANB","GGI",24,112,0.6105,21
"SCANB","GGI",24,113,0.6097,16
"SCANB","GGI",24,114,0.6177,18
"SCANB","GGI",24,115,0.6114,21
"SCANB","GGI",24,116,0.6089,21
"SCANB","GGI",24,117,0.6107,21
"SCANB","GGI",24,118,0.6091,21
"SCANB","GGI",24,119,0.6158,21
"SCANB","GGI",24,120,0.6044,21
"SCANB","GGI",24,121,0.6095,21
"SCANB","GGI",24,122,0.6091,21
"SCANB","GGI",24,123,0.6133,21
"SCANB","GGI",24,124,0.6045,19
"SCANB","GGI",24,125,0.6101,21
"SCANB","GGI",24,126,0.6079,21
"SCANB","GGI",24,127,0.6129,21
"SCANB","GGI",24,128,0.6098,21
"SCANB","GGI",24,129,0.6088,21
"SCANB","GGI",24,130,0.6093,21
"SCANB","GGI",24,131,0.6069,21
"SCANB","GGI",24,132,0.6106,21
"SCANB","GGI",24,133,0.6152,18
"SCANB","GGI",24,134,0.6123,21
"SCANB","GGI",24,135,0.6111,19
"SCANB","GGI",24,136,0.6103,21
"SCANB","GGI",24,137,0.6066,21
"SCANB","GGI",24,138,0.602,21
"SCANB","GGI",24,139,0.6129,21
"SCANB","GGI",24,140,0.6048,21
"SCANB","GGI",24,141,0.6108,21
"SCANB","GGI",24,142,0.6119,21
"SCANB","GGI",24,143,0.6056,21
"SCANB","GGI",24,144,0.6061,21
"SCANB","GGI",24,145,0.6115,21
"SCANB","GGI",24,146,0.611,21
"SCANB","GGI",24,147,0.6138,21
"SCANB","GGI",24,148,0.6108,21
"SCANB","GGI",24,149,0.6102,16
"SCANB","GGI",24,150,0.6034,21
"SCANB","GGI",24,151,0.6149,21
"SCANB","GGI",24,152,0.6104,21
"SCANB","GGI",24,153,0.6108,21
"SCANB","GGI",24,154,0.6097,21
"SCANB","GGI",24,155,0.6101,20
"SCANB","GGI",24,156,0.6069,21
"SCANB","GGI",24,157,0.6069,21
"SCANB","GGI",24,158,0.6021,21
"SCANB","GGI",24,159,0.6055,21
"SCANB","GGI",24,160,0.6008,21
"SCANB","GGI",24,161,0.6066,21
"SCANB","GGI",24,162,0.6113,21
"SCANB","GGI",24,163,0.619,20
"SCANB","GGI",24,164,0.6124,19
"SCANB","GGI",24,165,0.6229,12
"SCANB","GGI",24,166,0.6206,21
"SCANB","GGI",24,167,0.6126,21
"SCANB","GGI",24,168,0.6112,21
"SCANB","GGI",24,169,0.6075,21
"SCANB","GGI",24,170,0.6132,21
"SCANB","GGI",24,171,0.6115,21
"SCANB","GGI",24,172,0.6099,21
"SCANB","GGI",24,173,0.61,21
"SCANB","GGI",24,174,0.6109,21
"SCANB","GGI",24,175,0.6166,21
"SCANB","GGI",24,176,0.6102,21
"SCANB","GGI",24,177,0.6022,21
"SCANB","GGI",24,178,0.6137,19
"SCANB","GGI",24,179,0.6085,21
"SCANB","GGI",24,180,0.6169,21
"SCANB","GGI",24,181,0.614,21
"SCANB","GGI",24,182,0.6048,21
"SCANB","GGI",24,183,0.6125,18
"SCANB","GGI",24,184,0.6051,20
"SCANB","GGI",24,185,0.6098,21
"SCANB","GGI",24,186,0.6122,21
"SCANB","GGI",24,187,0.6108,16
"SCANB","GGI",24,188,0.6109,20
"SCANB","GGI",24,189,0.6063,21
"SCANB","GGI",24,190,0.6054,21
"SCANB","GGI",24,191,0.6136,20
"SCANB","GGI",24,192,0.6061,21
"SCANB","GGI",24,193,0.6085,21
"SCANB","GGI",24,194,0.6123,21
"SCANB","GGI",24,195,0.6058,21
"SCANB","GGI",24,196,0.6116,21
"SCANB","GGI",24,197,0.6036,21
"SCANB","GGI",24,198,0.6065,21
"SCANB","GGI",24,199,0.6066,19
"SCANB","GGI",24,200,0.6072,21
"SCANB","GGI",24,201,0.6041,21
"SCANB","GGI",24,202,0.6105,21
"SCANB","GGI",24,203,0.6039,21
"SCANB","GGI",24,204,0.6085,21
"SCANB","GGI",24,205,0.6031,21
"SCANB","GGI",24,206,0.6142,21
"SCANB","GGI",24,207,0.6179,19
"SCANB","GGI",24,208,0.6086,21
"SCANB","GGI",24,209,0.608,21
"SCANB","GGI",24,210,0.611,21
"SCANB","GGI",24,211,0.6102,21
"SCANB","GGI",24,212,0.5987,20
"SCANB","GGI",24,213,0.6154,21
"SCANB","GGI",24,214,0.6136,21
"SCANB","GGI",24,215,0.6055,21
"SCANB","GGI",24,216,0.6051,21
"SCANB","GGI",24,217,0.611,21
"SCANB","GGI",24,218,0.6073,20
"SCANB","GGI",24,219,0.6151,21
"SCANB","GGI",24,220,0.6032,21
"SCANB","GGI",24,221,0.6251,21
"SCANB","GGI",24,222,0.6119,19
"SCANB","GGI",24,223,0.6112,21
"SCANB","GGI",24,224,0.6076,21
"SCANB","GGI",24,225,0.609,21
"SCANB","GGI",24,226,0.606,21
"SCANB","GGI",24,227,0.6161,21
"SCANB","GGI",24,228,0.6054,21
"SCANB","GGI",24,229,0.6029,21
"SCANB","GGI",24,230,0.609,21
"SCANB","GGI",24,231,0.6048,21
"SCANB","GGI",24,232,0.6151,19
"SCANB","GGI",24,233,0.6022,21
"SCANB","GGI",24,234,0.611,21
"SCANB","GGI",24,235,0.614,17
"SCANB","GGI",24,236,0.619,21
"SCANB","GGI",24,237,0.6044,21
"SCANB","GGI",24,238,0.6067,21
"SCANB","GGI",24,239,0.611,21
"SCANB","GGI",24,240,0.6055,21
"SCANB","GGI",24,241,0.6105,21
"SCANB","GGI",24,242,0.6055,21
"SCANB","GGI",24,243,0.6075,21
"SCANB","GGI",24,244,0.6041,19
"SCANB","GGI",24,245,0.6158,20
"SCANB","GGI",24,246,0.6145,21
"SCANB","GGI",24,247,0.6111,18
"SCANB","GGI",24,248,0.6121,21
"SCANB","GGI",24,249,0.6155,21
"SCANB","GGI",24,250,0.6104,21
"SCANB","GGI",24,251,0.6104,21
"SCANB","GGI",24,252,0.6143,21
"SCANB","GGI",24,253,0.6088,21
"SCANB","GGI",24,254,0.6091,21
"SCANB","GGI",24,255,0.6116,21
"SCANB","GGI",24,256,0.6083,21
"SCANB","GGI",24,257,0.6086,21
"SCANB","GGI",24,258,0.6079,21
"SCANB","GGI",24,259,0.6133,21
"SCANB","GGI",24,260,0.6033,21
"SCANB","GGI",24,261,0.6038,21
"SCANB","GGI",24,262,0.6095,21
"SCANB","GGI",24,263,0.6069,21
"SCANB","GGI",24,264,0.6061,21
"SCANB","GGI",24,265,0.6061,21
"SCANB","GGI",24,266,0.6167,21
"SCANB","GGI",24,267,0.6134,21
"SCANB","GGI",24,268,0.6154,21
"SCANB","GGI",24,269,0.6059,21
"SCANB","GGI",24,270,0.6076,21
"SCANB","GGI",24,271,0.6068,21
"SCANB","GGI",24,272,0.6106,21
"SCANB","GGI",24,273,0.6082,21
"SCANB","GGI",24,274,0.6124,21
"SCANB","GGI",24,275,0.6054,21
"SCANB","GGI",24,276,0.612,21
"SCANB","GGI",24,277,0.6132,18
"SCANB","GGI",24,278,0.6112,21
"SCANB","GGI",24,279,0.6129,21
"SCANB","GGI",24,280,0.6153,21
"SCANB","GGI",24,281,0.6178,21
"SCANB","GGI",24,282,0.6095,21
"SCANB","GGI",24,283,0.6101,21
"SCANB","GGI",24,284,0.6085,21
"SCANB","GGI",24,285,0.607,21
"SCANB","GGI",24,286,0.6091,21
"SCANB","GGI",24,287,0.6054,19
"SCANB","GGI",24,288,0.6036,21
"SCANB","GGI",24,289,0.6071,21
"SCANB","GGI",24,290,0.612,21
"SCANB","GGI",24,291,0.6021,21
"SCANB","GGI",24,292,0.6063,21
"SCANB","GGI",24,293,0.6072,21
"SCANB","GGI",24,294,0.6067,21
"SCANB","GGI",24,295,0.6091,21
"SCANB","GGI",24,296,0.6124,18
"SCANB","GGI",24,297,0.6098,21
"SCANB","GGI",24,298,0.6127,20
"SCANB","GGI",24,299,0.6113,17
"SCANB","GGI",24,300,0.6038,21
"SCANB","GGI",24,301,0.6071,21
"SCANB","GGI",24,302,0.6114,21
"SCANB","GGI",24,303,0.6089,20
"SCANB","GGI",24,304,0.6126,20
"SCANB","GGI",24,305,0.6131,21
"SCANB","GGI",24,306,0.6009,21
"SCANB","GGI",24,307,0.6207,21
"SCANB","GGI",24,308,0.6147,21
"SCANB","GGI",24,309,0.6075,21
"SCANB","GGI",24,310,0.606,21
"SCANB","GGI",24,311,0.606,21
"SCANB","GGI",24,312,0.6131,21
"SCANB","GGI",24,313,0.6097,21
"SCANB","GGI",24,314,0.6094,21
"SCANB","GGI",24,315,0.6041,21
"SCANB","GGI",24,316,0.6109,21
"SCANB","GGI",24,317,0.6051,21
"SCANB","GGI",24,318,0.6138,21
"SCANB","GGI",24,319,0.6104,21
"SCANB","GGI",24,320,0.608,21
"SCANB","GGI",24,321,0.6201,19
"SCANB","GGI",24,322,0.6063,21
"SCANB","GGI",24,323,0.6062,21
"SCANB","GGI",24,324,0.609,21
"SCANB","GGI",24,325,0.6041,21
"SCANB","GGI",24,326,0.6106,21
"SCANB","GGI",24,327,0.6071,21
"SCANB","GGI",24,328,0.6104,21
"SCANB","GGI",24,329,0.6142,21
"SCANB","GGI",24,330,0.6101,21
"SCANB","GGI",24,331,0.6074,21
"SCANB","GGI",24,332,0.6129,19
"SCANB","GGI",24,333,0.612,19
"SCANB","GGI",24,334,0.6088,21
"SCANB","GGI",24,335,0.6092,21
"SCANB","GGI",24,336,0.6075,21
"SCANB","GGI",24,337,0.6091,21
"SCANB","GGI",24,338,0.6018,21
"SCANB","GGI",24,339,0.6122,21
"SCANB","GGI",24,340,0.6183,21
"SCANB","GGI",24,341,0.6078,21
"SCANB","GGI",24,342,0.6116,21
"SCANB","GGI",24,343,0.6058,21
"SCANB","GGI",24,344,0.6094,21
"SCANB","GGI",24,345,0.6167,21
"SCANB","GGI",24,346,0.5977,21
"SCANB","GGI",24,347,0.6074,21
"SCANB","GGI",24,348,0.6048,21
"SCANB","GGI",24,349,0.6078,21
"SCANB","GGI",24,350,0.6067,21
"SCANB","GGI",24,351,0.6157,21
"SCANB","GGI",24,352,0.6071,21
"SCANB","GGI",24,353,0.6007,21
"SCANB","GGI",24,354,0.6134,21
"SCANB","GGI",24,355,0.607,21
"SCANB","GGI",24,356,0.6112,21
"SCANB","GGI",24,357,0.6085,21
"SCANB","GGI",24,358,0.6106,21
"SCANB","GGI",24,359,0.6079,21
"SCANB","GGI",24,360,0.609,21
"SCANB","GGI",24,361,0.6119,21
"SCANB","GGI",24,362,0.6137,21
"SCANB","GGI",24,363,0.6076,21
"SCANB","GGI",24,364,0.612,21
"SCANB","GGI",24,365,0.6049,21
"SCANB","GGI",24,366,0.6084,21
"SCANB","GGI",24,367,0.6058,21
"SCANB","GGI",24,368,0.6045,21
"SCANB","GGI",24,369,0.6108,21
"SCANB","GGI",24,370,0.6099,21
"SCANB","GGI",24,371,0.6087,21
"SCANB","GGI",24,372,0.6049,21
"SCANB","GGI",24,373,0.608,21
"SCANB","GGI",24,374,0.607,21
"SCANB","GGI",24,375,0.6131,21
"SCANB","GGI",24,376,0.609,21
"SCANB","GGI",24,377,0.6136,21
"SCANB","GGI",24,378,0.6118,21
"SCANB","GGI",24,379,0.6107,20
"SCANB","GGI",24,380,0.6141,21
"SCANB","GGI",24,381,0.6172,21
"SCANB","GGI",24,382,0.6078,21
"SCANB","GGI",24,383,0.5993,21
"SCANB","GGI",24,384,0.6036,20
"SCANB","GGI",24,385,0.6225,21
"SCANB","GGI",24,386,0.6103,21
"SCANB","GGI",24,387,0.605,21
"SCANB","GGI",24,388,0.6097,21
"SCANB","GGI",24,389,0.6133,21
"SCANB","GGI",24,390,0.6046,21
"SCANB","GGI",24,391,0.6149,21
"SCANB","GGI",24,392,0.6041,21
"SCANB","GGI",24,393,0.6048,21
"SCANB","GGI",24,394,0.6129,21
"SCANB","GGI",24,395,0.617,21
"SCANB","GGI",24,396,0.6078,21
"SCANB","GGI",24,397,0.6078,21
"SCANB","GGI",24,398,0.6089,21
"SCANB","GGI",24,399,0.6083,18
"SCANB","GGI",24,400,0.6051,21
"SCANB","GGI",24,401,0.6112,21
"SCANB","GGI",24,402,0.6078,21
"SCANB","GGI",24,403,0.6112,18
"SCANB","GGI",24,404,0.6145,21
"SCANB","GGI",24,405,0.6125,21
"SCANB","GGI",24,406,0.607,21
"SCANB","GGI",24,407,0.6074,21
"SCANB","GGI",24,408,0.6,21
"SCANB","GGI",24,409,0.6094,21
"SCANB","GGI",24,410,0.6116,19
"SCANB","GGI",24,411,0.6169,19
"SCANB","GGI",24,412,0.6032,21
"SCANB","GGI",24,413,0.6155,18
"SCANB","GGI",24,414,0.6168,21
"SCANB","GGI",24,415,0.6105,21
"SCANB","GGI",24,416,0.6105,21
"SCANB","GGI",24,417,0.6055,21
"SCANB","GGI",24,418,0.6111,21
"SCANB","GGI",24,419,0.6058,20
"SCANB","GGI",24,420,0.6105,21
"SCANB","GGI",24,421,0.606,21
"SCANB","GGI",24,422,0.6066,21
"SCANB","GGI",24,423,0.6085,21
"SCANB","GGI",24,424,0.6084,21
"SCANB","GGI",24,425,0.6125,21
"SCANB","GGI",24,426,0.6142,21
"SCANB","GGI",24,427,0.6128,19
"SCANB","GGI",24,428,0.6105,21
"SCANB","GGI",24,429,0.5995,18
"SCANB","GGI",24,430,0.616,21
"SCANB","GGI",24,431,0.6035,19
"SCANB","GGI",24,432,0.6106,21
"SCANB","GGI",24,433,0.612,20
"SCANB","GGI",24,434,0.598,21
"SCANB","GGI",24,435,0.6108,21
"SCANB","GGI",24,436,0.6082,21
"SCANB","GGI",24,437,0.6129,21
"SCANB","GGI",24,438,0.6047,21
"SCANB","GGI",24,439,0.6031,21
"SCANB","GGI",24,440,0.6128,21
"SCANB","GGI",24,441,0.6132,21
"SCANB","GGI",24,442,0.6036,21
"SCANB","GGI",24,443,0.6126,21
"SCANB","GGI",24,444,0.6134,21
"SCANB","GGI",24,445,0.6127,21
"SCANB","GGI",24,446,0.6096,21
"SCANB","GGI",24,447,0.6044,21
"SCANB","GGI",24,448,0.6087,21
"SCANB","GGI",24,449,0.6044,21
"SCANB","GGI",24,450,0.6014,21
"SCANB","GGI",24,451,0.6131,19
"SCANB","GGI",24,452,0.6036,20
"SCANB","GGI",24,453,0.6098,21
"SCANB","GGI",24,454,0.617,21
"SCANB","GGI",24,455,0.6073,21
"SCANB","GGI",24,456,0.6139,21
"SCANB","GGI",24,457,0.6076,21
"SCANB","GGI",24,458,0.6066,21
"SCANB","GGI",24,459,0.6046,21
"SCANB","GGI",24,460,0.6082,21
"SCANB","GGI",24,461,0.6097,21
"SCANB","GGI",24,462,0.6094,21
"SCANB","GGI",24,463,0.6074,21
"SCANB","GGI",24,464,0.61,21
"SCANB","GGI",24,465,0.6109,21
"SCANB","GGI",24,466,0.61,21
"SCANB","GGI",24,467,0.6079,21
"SCANB","GGI",24,468,0.6137,19
"SCANB","GGI",24,469,0.6043,21
"SCANB","GGI",24,470,0.618,21
"SCANB","GGI",24,471,0.6043,21
"SCANB","GGI",24,472,0.6051,21
"SCANB","GGI",24,473,0.6098,21
"SCANB","GGI",24,474,0.6119,21
"SCANB","GGI",24,475,0.6088,21
"SCANB","GGI",24,476,0.6072,21
"SCANB","GGI",24,477,0.6161,21
"SCANB","GGI",24,478,0.6082,21
"SCANB","GGI",24,479,0.6066,21
"SCANB","GGI",24,480,0.6177,21
"SCANB","GGI",24,481,0.6086,21
"SCANB","GGI",24,482,0.6175,21
"SCANB","GGI",24,483,0.615,21
"SCANB","GGI",24,484,0.6071,21
"SCANB","GGI",24,485,0.6066,21
"SCANB","GGI",24,486,0.6129,21
"SCANB","GGI",24,487,0.6098,21
"SCANB","GGI",24,488,0.6045,20
"SCANB","GGI",24,489,0.6054,21
"SCANB","GGI",24,490,0.6061,21
"SCANB","GGI",24,491,0.6088,21
"SCANB","GGI",24,492,0.6068,21
"SCANB","GGI",24,493,0.6101,21
"SCANB","GGI",24,494,0.6167,21
"SCANB","GGI",24,495,0.6119,20
"SCANB","GGI",24,496,0.6003,21
"SCANB","GGI",24,497,0.6057,21
"SCANB","GGI",24,498,0.5992,21
"SCANB","GGI",24,499,0.606,21
"SCANB","GGI",24,500,0.6117,21
"SCANB","GGI",24,501,0.6114,21
"SCANB","GGI",24,502,0.613,21
"SCANB","GGI",24,503,0.6137,21
"SCANB","GGI",24,504,0.6118,21
"SCANB","GGI",24,505,0.6073,21
"SCANB","GGI",24,506,0.6103,21
"SCANB","GGI",24,507,0.6052,21
"SCANB","GGI",24,508,0.6068,21
"SCANB","GGI",24,509,0.6028,19
"SCANB","GGI",24,510,0.6098,21
"SCANB","GGI",24,511,0.6091,18
"SCANB","GGI",24,512,0.607,21
"SCANB","GGI",24,513,0.6114,21
"SCANB","GGI",24,514,0.6097,21
"SCANB","GGI",24,515,0.6121,21
"SCANB","GGI",24,516,0.61,21
"SCANB","GGI",24,517,0.6077,21
"SCANB","GGI",24,518,0.6047,20
"SCANB","GGI",24,519,0.6016,21
"SCANB","GGI",24,520,0.6102,21
"SCANB","GGI",24,521,0.6041,21
"SCANB","GGI",24,522,0.6056,21
"SCANB","GGI",24,523,0.5958,21
"SCANB","GGI",24,524,0.6033,21
"SCANB","GGI",24,525,0.6034,21
"SCANB","GGI",24,526,0.6122,21
"SCANB","GGI",24,527,0.6089,21
"SCANB","GGI",24,528,0.6119,21
"SCANB","GGI",24,529,0.6013,21
"SCANB","GGI",24,530,0.6101,21
"SCANB","GGI",24,531,0.6134,21
"SCANB","GGI",24,532,0.6082,21
"SCANB","GGI",24,533,0.6193,21
"SCANB","GGI",24,534,0.6046,21
"SCANB","GGI",24,535,0.6051,21
"SCANB","GGI",24,536,0.6142,21
"SCANB","GGI",24,537,0.6091,21
"SCANB","GGI",24,538,0.6048,21
"SCANB","GGI",24,539,0.6125,21
"SCANB","GGI",24,540,0.6181,21
"SCANB","GGI",24,541,0.612,21
"SCANB","GGI",24,542,0.6094,21
"SCANB","GGI",24,543,0.6116,20
"SCANB","GGI",24,544,0.6074,20
"SCANB","GGI",24,545,0.6141,21
"SCANB","GGI",24,546,0.6105,21
"SCANB","GGI",24,547,0.6146,20
"SCANB","GGI",24,548,0.6086,17
"SCANB","GGI",24,549,0.6099,21
"SCANB","GGI",24,550,0.6087,21
"SCANB","GGI",24,551,0.6081,21
"SCANB","GGI",24,552,0.6119,19
"SCANB","GGI",24,553,0.6168,21
"SCANB","GGI",24,554,0.607,21
"SCANB","GGI",24,555,0.6017,21
"SCANB","GGI",24,556,0.6162,21
"SCANB","GGI",24,557,0.6109,21
"SCANB","GGI",24,558,0.6052,21
"SCANB","GGI",24,559,0.6124,21
"SCANB","GGI",24,560,0.6134,21
"SCANB","GGI",24,561,0.6117,21
"SCANB","GGI",24,562,0.6102,21
"SCANB","GGI",24,563,0.6078,21
"SCANB","GGI",24,564,0.6068,21
"SCANB","GGI",24,565,0.6093,21
"SCANB","GGI",24,566,0.6123,21
"SCANB","GGI",24,567,0.6052,21
"SCANB","GGI",24,568,0.605,21
"SCANB","GGI",24,569,0.6038,21
"SCANB","GGI",24,570,0.6084,21
"SCANB","GGI",24,571,0.6001,21
"SCANB","GGI",24,572,0.6066,21
"SCANB","GGI",24,573,0.6104,21
"SCANB","GGI",24,574,0.6121,21
"SCANB","GGI",24,575,0.6129,19
"SCANB","GGI",24,576,0.6097,21
"SCANB","GGI",24,577,0.6128,21
"SCANB","GGI",24,578,0.6087,21
"SCANB","GGI",24,579,0.6083,21
"SCANB","GGI",24,580,0.6174,21
"SCANB","GGI",24,581,0.6089,18
"SCANB","GGI",24,582,0.6085,21
"SCANB","GGI",24,583,0.6071,21
"SCANB","GGI",24,584,0.6071,21
"SCANB","GGI",24,585,0.6127,21
"SCANB","GGI",24,586,0.6107,21
"SCANB","GGI",24,587,0.612,21
"SCANB","GGI",24,588,0.604,21
"SCANB","GGI",24,589,0.6069,21
"SCANB","GGI",24,590,0.608,18
"SCANB","GGI",24,591,0.6165,21
"SCANB","GGI",24,592,0.6059,21
"SCANB","GGI",24,593,0.6046,21
"SCANB","GGI",24,594,0.6116,21
"SCANB","GGI",24,595,0.6077,21
"SCANB","GGI",24,596,0.6149,21
"SCANB","GGI",24,597,0.6053,21
"SCANB","GGI",24,598,0.6068,21
"SCANB","GGI",24,599,0.6214,21
"SCANB","GGI",24,600,0.6136,21
"SCANB","GGI",24,601,0.6036,21
"SCANB","GGI",24,602,0.6066,14
"SCANB","GGI",24,603,0.6064,20
"SCANB","GGI",24,604,0.6155,21
"SCANB","GGI",24,605,0.6116,21
"SCANB","GGI",24,606,0.6092,21
"SCANB","GGI",24,607,0.6074,21
"SCANB","GGI",24,608,0.6161,21
"SCANB","GGI",24,609,0.6061,21
"SCANB","GGI",24,610,0.6116,21
"SCANB","GGI",24,611,0.6103,21
"SCANB","GGI",24,612,0.6078,21
"SCANB","GGI",24,613,0.6026,21
"SCANB","GGI",24,614,0.6041,21
"SCANB","GGI",24,615,0.614,21
"SCANB","GGI",24,616,0.6105,21
"SCANB","GGI",24,617,0.6083,21
"SCANB","GGI",24,618,0.6105,21
"SCANB","GGI",24,619,0.6097,21
"SCANB","GGI",24,620,0.6024,21
"SCANB","GGI",24,621,0.6018,21
"SCANB","GGI",24,622,0.6094,21
"SCANB","GGI",24,623,0.6087,21
"SCANB","GGI",24,624,0.6043,21
"SCANB","GGI",24,625,0.6102,21
"SCANB","GGI",24,626,0.615,21
"SCANB","GGI",24,627,0.609,21
"SCANB","GGI",24,628,0.6102,21
"SCANB","GGI",24,629,0.6069,20
"SCANB","GGI",24,630,0.6038,21
"SCANB","GGI",24,631,0.6016,21
"SCANB","GGI",24,632,0.6098,21
"SCANB","GGI",24,633,0.6058,21
"SCANB","GGI",24,634,0.6116,21
"SCANB","GGI",24,635,0.6216,21
"SCANB","GGI",24,636,0.6027,21
"SCANB","GGI",24,637,0.6086,21
"SCANB","GGI",24,638,0.6103,21
"SCANB","GGI",24,639,0.6062,21
"SCANB","GGI",24,640,0.6098,21
"SCANB","GGI",24,641,0.604,21
"SCANB","GGI",24,642,0.6144,21
"SCANB","GGI",24,643,0.6061,21
"SCANB","GGI",24,644,0.6115,20
"SCANB","GGI",24,645,0.6104,21
"SCANB","GGI",24,646,0.6067,21
"SCANB","GGI",24,647,0.6027,21
"SCANB","GGI",24,648,0.6065,19
"SCANB","GGI",24,649,0.609,21
"SCANB","GGI",24,650,0.6118,21
"SCANB","GGI",24,651,0.6063,21
"SCANB","GGI",24,652,0.6079,21
"SCANB","GGI",24,653,0.6064,21
"SCANB","GGI",24,654,0.6069,21
"SCANB","GGI",24,655,0.6012,21
"SCANB","GGI",24,656,0.6129,21
"SCANB","GGI",24,657,0.6085,21
"SCANB","GGI",24,658,0.6077,21
"SCANB","GGI",24,659,0.6079,21
"SCANB","GGI",24,660,0.6092,21
"SCANB","GGI",24,661,0.6024,21
"SCANB","GGI",24,662,0.6149,21
"SCANB","GGI",24,663,0.6122,17
"SCANB","GGI",24,664,0.6077,21
"SCANB","GGI",24,665,0.6087,21
"SCANB","GGI",24,666,0.6076,21
"SCANB","GGI",24,667,0.6159,21
"SCANB","GGI",24,668,0.6076,21
"SCANB","GGI",24,669,0.6077,19
"SCANB","GGI",24,670,0.61,21
"SCANB","GGI",24,671,0.6086,20
"SCANB","GGI",24,672,0.6027,21
"SCANB","GGI",24,673,0.6117,21
"SCANB","GGI",24,674,0.6081,21
"SCANB","GGI",24,675,0.6122,21
"SCANB","GGI",24,676,0.605,21
"SCANB","GGI",24,677,0.6099,21
"SCANB","GGI",24,678,0.6056,21
"SCANB","GGI",24,679,0.6134,16
"SCANB","GGI",24,680,0.604,21
"SCANB","GGI",24,681,0.6005,21
"SCANB","GGI",24,682,0.6084,21
"SCANB","GGI",24,683,0.6035,21
"SCANB","GGI",24,684,0.6112,17
"SCANB","GGI",24,685,0.609,21
"SCANB","GGI",24,686,0.6067,21
"SCANB","GGI",24,687,0.607,21
"SCANB","GGI",24,688,0.6071,21
"SCANB","GGI",24,689,0.6058,21
"SCANB","GGI",24,690,0.6114,21
"SCANB","GGI",24,691,0.6076,21
"SCANB","GGI",24,692,0.6057,20
"SCANB","GGI",24,693,0.6041,21
"SCANB","GGI",24,694,0.6074,21
"SCANB","GGI",24,695,0.6064,21
"SCANB","GGI",24,696,0.6118,21
"SCANB","GGI",24,697,0.6123,21
"SCANB","GGI",24,698,0.6111,19
"SCANB","GGI",24,699,0.6087,19
"SCANB","GGI",24,700,0.6108,21
"SCANB","GGI",24,701,0.6066,20
"SCANB","GGI",24,702,0.6064,21
"SCANB","GGI",24,703,0.6137,21
"SCANB","GGI",24,704,0.6093,21
"SCANB","GGI",24,705,0.6114,20
"SCANB","GGI",24,706,0.6102,21
"SCANB","GGI",24,707,0.6073,21
"SCANB","GGI",24,708,0.6042,21
"SCANB","GGI",24,709,0.6102,21
"SCANB","GGI",24,710,0.6109,21
"SCANB","GGI",24,711,0.6109,21
"SCANB","GGI",24,712,0.616,19
"SCANB","GGI",24,713,0.6099,21
"SCANB","GGI",24,714,0.6109,21
"SCANB","GGI",24,715,0.6139,19
"SCANB","GGI",24,716,0.6061,21
"SCANB","GGI",24,717,0.6075,19
"SCANB","GGI",24,718,0.6102,21
"SCANB","GGI",24,719,0.6148,21
"SCANB","GGI",24,720,0.6077,21
"SCANB","GGI",24,721,0.6017,21
"SCANB","GGI",24,722,0.6043,19
"SCANB","GGI",24,723,0.6103,21
"SCANB","GGI",24,724,0.6113,21
"SCANB","GGI",24,725,0.6056,21
"SCANB","GGI",24,726,0.6041,21
"SCANB","GGI",24,727,0.6094,21
"SCANB","GGI",24,728,0.6144,21
"SCANB","GGI",24,729,0.6216,20
"SCANB","GGI",24,730,0.6097,21
"SCANB","GGI",24,731,0.6032,21
"SCANB","GGI",24,732,0.6041,20
"SCANB","GGI",24,733,0.6023,21
"SCANB","GGI",24,734,0.6054,21
"SCANB","GGI",24,735,0.6045,21
"SCANB","GGI",24,736,0.614,21
"SCANB","GGI",24,737,0.6121,20
"SCANB","GGI",24,738,0.6162,21
"SCANB","GGI",24,739,0.6142,21
"SCANB","GGI",24,740,0.6036,21
"SCANB","GGI",24,741,0.6128,21
"SCANB","GGI",24,742,0.6095,17
"SCANB","GGI",24,743,0.6164,21
"SCANB","GGI",24,744,0.6191,21
"SCANB","GGI",24,745,0.602,21
"SCANB","GGI",24,746,0.6129,21
"SCANB","GGI",24,747,0.6123,21
"SCANB","GGI",24,748,0.6007,21
"SCANB","GGI",24,749,0.6061,20
"SCANB","GGI",24,750,0.6112,21
"SCANB","GGI",24,751,0.6137,21
"SCANB","GGI",24,752,0.612,21
"SCANB","GGI",24,753,0.6033,21
"SCANB","GGI",24,754,0.6076,20
"SCANB","GGI",24,755,0.6064,21
"SCANB","GGI",24,756,0.6081,21
"SCANB","GGI",24,757,0.6104,21
"SCANB","GGI",24,758,0.6093,13
"SCANB","GGI",24,759,0.6181,19
"SCANB","GGI",24,760,0.6084,21
"SCANB","GGI",24,761,0.6084,21
"SCANB","GGI",24,762,0.6076,21
"SCANB","GGI",24,763,0.6074,21
"SCANB","GGI",24,764,0.6126,21
"SCANB","GGI",24,765,0.6132,17
"SCANB","GGI",24,766,0.6098,21
"SCANB","GGI",24,767,0.6032,21
"SCANB","GGI",24,768,0.6148,21
"SCANB","GGI",24,769,0.6021,21
"SCANB","GGI",24,770,0.6096,20
"SCANB","GGI",24,771,0.6069,21
"SCANB","GGI",24,772,0.6144,21
"SCANB","GGI",24,773,0.6125,21
"SCANB","GGI",24,774,0.6105,21
"SCANB","GGI",24,775,0.6154,20
"SCANB","GGI",24,776,0.6095,21
"SCANB","GGI",24,777,0.6055,21
"SCANB","GGI",24,778,0.6104,19
"SCANB","GGI",24,779,0.6068,21
"SCANB","GGI",24,780,0.6039,20
"SCANB","GGI",24,781,0.6033,21
"SCANB","GGI",24,782,0.6126,19
"SCANB","GGI",24,783,0.6195,21
"SCANB","GGI",24,784,0.6106,21
"SCANB","GGI",24,785,0.6144,21
"SCANB","GGI",24,786,0.6097,21
"SCANB","GGI",24,787,0.6041,21
"SCANB","GGI",24,788,0.6061,21
"SCANB","GGI",24,789,0.6091,21
"SCANB","GGI",24,790,0.6092,21
"SCANB","GGI",24,791,0.61,17
"SCANB","GGI",24,792,0.6105,21
"SCANB","GGI",24,793,0.6126,21
"SCANB","GGI",24,794,0.6018,19
"SCANB","GGI",24,795,0.6112,21
"SCANB","GGI",24,796,0.6098,21
"SCANB","GGI",24,797,0.605,21
"SCANB","GGI",24,798,0.6081,20
"SCANB","GGI",24,799,0.6071,21
"SCANB","GGI",24,800,0.6031,21
"SCANB","GGI",24,801,0.6135,21
"SCANB","GGI",24,802,0.6033,21
"SCANB","GGI",24,803,0.6143,21
"SCANB","GGI",24,804,0.6134,21
"SCANB","GGI",24,805,0.6129,21
"SCANB","GGI",24,806,0.6071,21
"SCANB","GGI",24,807,0.6135,21
"SCANB","GGI",24,808,0.6131,21
"SCANB","GGI",24,809,0.604,20
"SCANB","GGI",24,810,0.611,21
"SCANB","GGI",24,811,0.6041,21
"SCANB","GGI",24,812,0.6069,21
"SCANB","GGI",24,813,0.6087,21
"SCANB","GGI",24,814,0.6076,21
"SCANB","GGI",24,815,0.612,21
"SCANB","GGI",24,816,0.605,21
"SCANB","GGI",24,817,0.6143,21
"SCANB","GGI",24,818,0.6021,21
"SCANB","GGI",24,819,0.6033,21
"SCANB","GGI",24,820,0.6027,21
"SCANB","GGI",24,821,0.6138,21
"SCANB","GGI",24,822,0.6023,21
"SCANB","GGI",24,823,0.6088,21
"SCANB","GGI",24,824,0.601,21
"SCANB","GGI",24,825,0.6065,21
"SCANB","GGI",24,826,0.6126,20
"SCANB","GGI",24,827,0.6064,19
"SCANB","GGI",24,828,0.6123,21
"SCANB","GGI",24,829,0.6115,21
"SCANB","GGI",24,830,0.6101,20
"SCANB","GGI",24,831,0.5986,21
"SCANB","GGI",24,832,0.608,21
"SCANB","GGI",24,833,0.6086,21
"SCANB","GGI",24,834,0.6126,21
"SCANB","GGI",24,835,0.6121,21
"SCANB","GGI",24,836,0.6117,21
"SCANB","GGI",24,837,0.6097,21
"SCANB","GGI",24,838,0.6087,21
"SCANB","GGI",24,839,0.6109,19
"SCANB","GGI",24,840,0.61,21
"SCANB","GGI",24,841,0.6125,20
"SCANB","GGI",24,842,0.6104,20
"SCANB","GGI",24,843,0.6057,21
"SCANB","GGI",24,844,0.6106,21
"SCANB","GGI",24,845,0.602,21
"SCANB","GGI",24,846,0.6039,21
"SCANB","GGI",24,847,0.6122,21
"SCANB","GGI",24,848,0.6071,21
"SCANB","GGI",24,849,0.6096,21
"SCANB","GGI",24,850,0.6109,21
"SCANB","GGI",24,851,0.6087,21
"SCANB","GGI",24,852,0.6077,21
"SCANB","GGI",24,853,0.6173,17
"SCANB","GGI",24,854,0.6122,21
"SCANB","GGI",24,855,0.6157,21
"SCANB","GGI",24,856,0.6061,21
"SCANB","GGI",24,857,0.6069,21
"SCANB","GGI",24,858,0.6099,21
"SCANB","GGI",24,859,0.6051,21
"SCANB","GGI",24,860,0.6124,21
"SCANB","GGI",24,861,0.607,21
"SCANB","GGI",24,862,0.611,21
"SCANB","GGI",24,863,0.6068,21
"SCANB","GGI",24,864,0.6129,21
"SCANB","GGI",24,865,0.6103,21
"SCANB","GGI",24,866,0.6159,21
"SCANB","GGI",24,867,0.6028,21
"SCANB","GGI",24,868,0.5996,21
"SCANB","GGI",24,869,0.6084,21
"SCANB","GGI",24,870,0.6054,21
"SCANB","GGI",24,871,0.6105,21
"SCANB","GGI",24,872,0.6055,21
"SCANB","GGI",24,873,0.6033,21
"SCANB","GGI",24,874,0.6099,21
"SCANB","GGI",24,875,0.6088,21
"SCANB","GGI",24,876,0.6017,19
"SCANB","GGI",24,877,0.6143,20
"SCANB","GGI",24,878,0.6117,21
"SCANB","GGI",24,879,0.6158,21
"SCANB","GGI",24,880,0.6055,21
"SCANB","GGI",24,881,0.6059,21
"SCANB","GGI",24,882,0.6092,20
"SCANB","GGI",24,883,0.6075,21
"SCANB","GGI",24,884,0.6108,21
"SCANB","GGI",24,885,0.6103,20
"SCANB","GGI",24,886,0.6093,21
"SCANB","GGI",24,887,0.6104,21
"SCANB","GGI",24,888,0.6066,21
"SCANB","GGI",24,889,0.6078,21
"SCANB","GGI",24,890,0.6078,21
"SCANB","GGI",24,891,0.6,20
"SCANB","GGI",24,892,0.6076,19
"SCANB","GGI",24,893,0.616,21
"SCANB","GGI",24,894,0.6055,21
"SCANB","GGI",24,895,0.6101,21
"SCANB","GGI",24,896,0.6171,21
"SCANB","GGI",24,897,0.6042,21
"SCANB","GGI",24,898,0.6076,21
"SCANB","GGI",24,899,0.6165,19
"SCANB","GGI",24,900,0.6101,21
"SCANB","GGI",24,901,0.6095,21
"SCANB","GGI",24,902,0.6137,21
"SCANB","GGI",24,903,0.6086,21
"SCANB","GGI",24,904,0.5971,21
"SCANB","GGI",24,905,0.6037,21
"SCANB","GGI",24,906,0.6127,21
"SCANB","GGI",24,907,0.6133,21
"SCANB","GGI",24,908,0.6167,20
"SCANB","GGI",24,909,0.6101,21
"SCANB","GGI",24,910,0.61,21
"SCANB","GGI",24,911,0.6151,21
"SCANB","GGI",24,912,0.6076,21
"SCANB","GGI",24,913,0.6073,20
"SCANB","GGI",24,914,0.6095,21
"SCANB","GGI",24,915,0.6053,21
"SCANB","GGI",24,916,0.6081,21
"SCANB","GGI",24,917,0.6099,20
"SCANB","GGI",24,918,0.6143,21
"SCANB","GGI",24,919,0.6157,21
"SCANB","GGI",24,920,0.6108,21
"SCANB","GGI",24,921,0.6157,21
"SCANB","GGI",24,922,0.6102,21
"SCANB","GGI",24,923,0.6085,21
"SCANB","GGI",24,924,0.6019,21
"SCANB","GGI",24,925,0.6094,21
"SCANB","GGI",24,926,0.6043,21
"SCANB","GGI",24,927,0.6099,21
"SCANB","GGI",24,928,0.61,21
"SCANB","GGI",24,929,0.6133,21
"SCANB","GGI",24,930,0.6126,21
"SCANB","GGI",24,931,0.6085,21
"SCANB","GGI",24,932,0.6105,21
"SCANB","GGI",24,933,0.6046,21
"SCANB","GGI",24,934,0.6059,21
"SCANB","GGI",24,935,0.613,21
"SCANB","GGI",24,936,0.6081,21
"SCANB","GGI",24,937,0.6014,21
"SCANB","GGI",24,938,0.6161,21
"SCANB","GGI",24,939,0.608,21
"SCANB","GGI",24,940,0.6056,21
"SCANB","GGI",24,941,0.6105,20
"SCANB","GGI",24,942,0.6097,21
"SCANB","GGI",24,943,0.6072,21
"SCANB","GGI",24,944,0.6088,20
"SCANB","GGI",24,945,0.6083,21
"SCANB","GGI",24,946,0.6028,21
"SCANB","GGI",24,947,0.6107,21
"SCANB","GGI",24,948,0.6073,21
"SCANB","GGI",24,949,0.6051,19
"SCANB","GGI",24,950,0.6091,21
"SCANB","GGI",24,951,0.6111,21
"SCANB","GGI",24,952,0.6044,20
"SCANB","GGI",24,953,0.6077,21
"SCANB","GGI",24,954,0.6099,21
"SCANB","GGI",24,955,0.6096,21
"SCANB","GGI",24,956,0.6108,21
"SCANB","GGI",24,957,0.6067,21
"SCANB","GGI",24,958,0.6041,21
"SCANB","GGI",24,959,0.6134,21
"SCANB","GGI",24,960,0.6135,21
"SCANB","GGI",24,961,0.6135,21
"SCANB","GGI",24,962,0.6052,21
"SCANB","GGI",24,963,0.6052,21
"SCANB","GGI",24,964,0.6102,21
"SCANB","GGI",24,965,0.6134,19
"SCANB","GGI",24,966,0.608,21
"SCANB","GGI",24,967,0.6066,21
"SCANB","GGI",24,968,0.6092,21
"SCANB","GGI",24,969,0.6082,16
"SCANB","GGI",24,970,0.6139,21
"SCANB","GGI",24,971,0.6041,21
"SCANB","GGI",24,972,0.6098,21
"SCANB","GGI",24,973,0.6073,21
"SCANB","GGI",24,974,0.6041,21
"SCANB","GGI",24,975,0.613,21
"SCANB","GGI",24,976,0.6111,21
"SCANB","GGI",24,977,0.6039,21
"SCANB","GGI",24,978,0.6036,21
"SCANB","GGI",24,979,0.6096,21
"SCANB","GGI",24,980,0.6105,21
"SCANB","GGI",24,981,0.6094,21
"SCANB","GGI",24,982,0.6093,21
"SCANB","GGI",24,983,0.6132,21
"SCANB","GGI",24,984,0.6054,21
"SCANB","GGI",24,985,0.609,21
"SCANB","GGI",24,986,0.617,21
"SCANB","GGI",24,987,0.6173,20
"SCANB","GGI",24,988,0.6023,21
"SCANB","GGI",24,989,0.6113,21
"SCANB","GGI",24,990,0.6123,21
"SCANB","GGI",24,991,0.6167,19
"SCANB","GGI",24,992,0.6114,21
"SCANB","GGI",24,993,0.6082,19
"SCANB","GGI",24,994,0.602,21
"SCANB","GGI",24,995,0.6082,21
"SCANB","GGI",24,996,0.6087,21
"SCANB","GGI",24,997,0.608,21
"SCANB","GGI",24,998,0.6055,21
"SCANB","GGI",24,999,0.6068,21
"SCANB","GGI",24,1000,0.6165,21
"SCANB","GGI",15,1,0.6148,9
"SCANB","GGI",15,2,0.6033,12
"SCANB","GGI",15,3,0.6042,10
"SCANB","GGI",15,4,0.6011,12
"SCANB","GGI",15,5,0.6037,12
"SCANB","GGI",15,6,0.613,12
"SCANB","GGI",15,7,0.6071,12
"SCANB","GGI",15,8,0.6153,12
"SCANB","GGI",15,9,0.6183,12
"SCANB","GGI",15,10,0.6042,12
"SCANB","GGI",15,11,0.6105,12
"SCANB","GGI",15,12,0.6102,12
"SCANB","GGI",15,13,0.6015,12
"SCANB","GGI",15,14,0.6067,12
"SCANB","GGI",15,15,0.6061,12
"SCANB","GGI",15,16,0.6091,12
"SCANB","GGI",15,17,0.5974,11
"SCANB","GGI",15,18,0.6121,11
"SCANB","GGI",15,19,0.6108,10
"SCANB","GGI",15,20,0.6137,12
"SCANB","GGI",15,21,0.6059,12
"SCANB","GGI",15,22,0.6128,12
"SCANB","GGI",15,23,0.6088,12
"SCANB","GGI",15,24,0.6053,12
"SCANB","GGI",15,25,0.6072,12
"SCANB","GGI",15,26,0.6001,12
"SCANB","GGI",15,27,0.6059,12
"SCANB","GGI",15,28,0.604,12
"SCANB","GGI",15,29,0.6219,12
"SCANB","GGI",15,30,0.6122,12
"SCANB","GGI",15,31,0.608,12
"SCANB","GGI",15,32,0.6138,12
"SCANB","GGI",15,33,0.6069,12
"SCANB","GGI",15,34,0.6101,12
"SCANB","GGI",15,35,0.6104,10
"SCANB","GGI",15,36,0.6097,12
"SCANB","GGI",15,37,0.609,12
"SCANB","GGI",15,38,0.6015,12
"SCANB","GGI",15,39,0.607,12
"SCANB","GGI",15,40,0.6076,12
"SCANB","GGI",15,41,0.6091,12
"SCANB","GGI",15,42,0.6094,12
"SCANB","GGI",15,43,0.6077,12
"SCANB","GGI",15,44,0.608,12
"SCANB","GGI",15,45,0.6093,12
"SCANB","GGI",15,46,0.6144,12
"SCANB","GGI",15,47,0.6059,12
"SCANB","GGI",15,48,0.6053,12
"SCANB","GGI",15,49,0.606,12
"SCANB","GGI",15,50,0.6021,12
"SCANB","GGI",15,51,0.6176,12
"SCANB","GGI",15,52,0.607,12
"SCANB","GGI",15,53,0.6045,12
"SCANB","GGI",15,54,0.6073,12
"SCANB","GGI",15,55,0.6108,11
"SCANB","GGI",15,56,0.6096,12
"SCANB","GGI",15,57,0.6092,12
"SCANB","GGI",15,58,0.6,12
"SCANB","GGI",15,59,0.6017,12
"SCANB","GGI",15,60,0.6128,12
"SCANB","GGI",15,61,0.6095,12
"SCANB","GGI",15,62,0.6085,12
"SCANB","GGI",15,63,0.6264,11
"SCANB","GGI",15,64,0.5967,12
"SCANB","GGI",15,65,0.6024,12
"SCANB","GGI",15,66,0.6107,12
"SCANB","GGI",15,67,0.6096,12
"SCANB","GGI",15,68,0.6108,12
"SCANB","GGI",15,69,0.6067,12
"SCANB","GGI",15,70,0.611,12
"SCANB","GGI",15,71,0.603,10
"SCANB","GGI",15,72,0.6038,12
"SCANB","GGI",15,73,0.6121,12
"SCANB","GGI",15,74,0.6129,12
"SCANB","GGI",15,75,0.602,12
"SCANB","GGI",15,76,0.6033,12
"SCANB","GGI",15,77,0.5999,12
"SCANB","GGI",15,78,0.6087,12
"SCANB","GGI",15,79,0.6033,12
"SCANB","GGI",15,80,0.6181,12
"SCANB","GGI",15,81,0.6123,12
"SCANB","GGI",15,82,0.6042,12
"SCANB","GGI",15,83,0.6096,12
"SCANB","GGI",15,84,0.6097,12
"SCANB","GGI",15,85,0.6024,12
"SCANB","GGI",15,86,0.6043,12
"SCANB","GGI",15,87,0.6013,12
"SCANB","GGI",15,88,0.6083,12
"SCANB","GGI",15,89,0.6055,12
"SCANB","GGI",15,90,0.6098,12
"SCANB","GGI",15,91,0.6013,12
"SCANB","GGI",15,92,0.5988,12
"SCANB","GGI",15,93,0.6151,12
"SCANB","GGI",15,94,0.6017,12
"SCANB","GGI",15,95,0.6129,10
"SCANB","GGI",15,96,0.6087,12
"SCANB","GGI",15,97,0.6041,12
"SCANB","GGI",15,98,0.6017,12
"SCANB","GGI",15,99,0.6069,12
"SCANB","GGI",15,100,0.6076,12
"SCANB","GGI",15,101,0.6161,12
"SCANB","GGI",15,102,0.6103,12
"SCANB","GGI",15,103,0.6196,12
"SCANB","GGI",15,104,0.606,12
"SCANB","GGI",15,105,0.6059,12
"SCANB","GGI",15,106,0.5994,12
"SCANB","GGI",15,107,0.6083,12
"SCANB","GGI",15,108,0.6027,12
"SCANB","GGI",15,109,0.6002,12
"SCANB","GGI",15,110,0.6136,12
"SCANB","GGI",15,111,0.6009,11
"SCANB","GGI",15,112,0.6059,12
"SCANB","GGI",15,113,0.6052,11
"SCANB","GGI",15,114,0.6058,12
"SCANB","GGI",15,115,0.6086,12
"SCANB","GGI",15,116,0.6048,12
"SCANB","GGI",15,117,0.5982,12
"SCANB","GGI",15,118,0.6064,12
"SCANB","GGI",15,119,0.6081,12
"SCANB","GGI",15,120,0.6125,12
"SCANB","GGI",15,121,0.603,12
"SCANB","GGI",15,122,0.6123,10
"SCANB","GGI",15,123,0.6054,12
"SCANB","GGI",15,124,0.6026,12
"SCANB","GGI",15,125,0.6056,12
"SCANB","GGI",15,126,0.6132,12
"SCANB","GGI",15,127,0.6113,12
"SCANB","GGI",15,128,0.6128,12
"SCANB","GGI",15,129,0.6212,12
"SCANB","GGI",15,130,0.6093,12
"SCANB","GGI",15,131,0.6077,12
"SCANB","GGI",15,132,0.6114,12
"SCANB","GGI",15,133,0.6081,12
"SCANB","GGI",15,134,0.6102,12
"SCANB","GGI",15,135,0.6088,12
"SCANB","GGI",15,136,0.6135,12
"SCANB","GGI",15,137,0.6121,12
"SCANB","GGI",15,138,0.6123,12
"SCANB","GGI",15,139,0.6101,12
"SCANB","GGI",15,140,0.6099,12
"SCANB","GGI",15,141,0.6179,9
"SCANB","GGI",15,142,0.6121,12
"SCANB","GGI",15,143,0.6042,12
"SCANB","GGI",15,144,0.6151,12
"SCANB","GGI",15,145,0.6085,12
"SCANB","GGI",15,146,0.6073,12
"SCANB","GGI",15,147,0.619,12
"SCANB","GGI",15,148,0.6149,12
"SCANB","GGI",15,149,0.609,12
"SCANB","GGI",15,150,0.6142,12
"SCANB","GGI",15,151,0.6077,12
"SCANB","GGI",15,152,0.5992,12
"SCANB","GGI",15,153,0.612,12
"SCANB","GGI",15,154,0.6113,12
"SCANB","GGI",15,155,0.6073,12
"SCANB","GGI",15,156,0.6018,12
"SCANB","GGI",15,157,0.6087,12
"SCANB","GGI",15,158,0.6102,12
"SCANB","GGI",15,159,0.6053,12
"SCANB","GGI",15,160,0.6134,11
"SCANB","GGI",15,161,0.6046,12
"SCANB","GGI",15,162,0.6104,12
"SCANB","GGI",15,163,0.6047,12
"SCANB","GGI",15,164,0.6153,12
"SCANB","GGI",15,165,0.6067,12
"SCANB","GGI",15,166,0.6033,12
"SCANB","GGI",15,167,0.6019,12
"SCANB","GGI",15,168,0.6066,10
"SCANB","GGI",15,169,0.6096,12
"SCANB","GGI",15,170,0.6121,12
"SCANB","GGI",15,171,0.6189,12
"SCANB","GGI",15,172,0.6022,12
"SCANB","GGI",15,173,0.6212,12
"SCANB","GGI",15,174,0.6108,12
"SCANB","GGI",15,175,0.6073,12
"SCANB","GGI",15,176,0.604,12
"SCANB","GGI",15,177,0.6095,12
"SCANB","GGI",15,178,0.6161,12
"SCANB","GGI",15,179,0.6036,12
"SCANB","GGI",15,180,0.6094,12
"SCANB","GGI",15,181,0.612,11
"SCANB","GGI",15,182,0.607,12
"SCANB","GGI",15,183,0.6095,12
"SCANB","GGI",15,184,0.6087,12
"SCANB","GGI",15,185,0.603,11
"SCANB","GGI",15,186,0.6059,12
"SCANB","GGI",15,187,0.6068,12
"SCANB","GGI",15,188,0.6006,12
"SCANB","GGI",15,189,0.5986,12
"SCANB","GGI",15,190,0.6046,12
"SCANB","GGI",15,191,0.6039,12
"SCANB","GGI",15,192,0.6039,12
"SCANB","GGI",15,193,0.6081,11
"SCANB","GGI",15,194,0.6166,12
"SCANB","GGI",15,195,0.6041,12
"SCANB","GGI",15,196,0.6084,11
"SCANB","GGI",15,197,0.6172,12
"SCANB","GGI",15,198,0.6186,12
"SCANB","GGI",15,199,0.6084,12
"SCANB","GGI",15,200,0.596,12
"SCANB","GGI",15,201,0.6032,12
"SCANB","GGI",15,202,0.6042,12
"SCANB","GGI",15,203,0.6008,12
"SCANB","GGI",15,204,0.6143,10
"SCANB","GGI",15,205,0.5982,12
"SCANB","GGI",15,206,0.6084,12
"SCANB","GGI",15,207,0.6085,12
"SCANB","GGI",15,208,0.6146,12
"SCANB","GGI",15,209,0.6129,12
"SCANB","GGI",15,210,0.6138,12
"SCANB","GGI",15,211,0.6161,12
"SCANB","GGI",15,212,0.611,12
"SCANB","GGI",15,213,0.6089,12
"SCANB","GGI",15,214,0.6147,12
"SCANB","GGI",15,215,0.6114,12
"SCANB","GGI",15,216,0.6185,12
"SCANB","GGI",15,217,0.6114,12
"SCANB","GGI",15,218,0.6099,12
"SCANB","GGI",15,219,0.603,12
"SCANB","GGI",15,220,0.6124,11
"SCANB","GGI",15,221,0.606,12
"SCANB","GGI",15,222,0.6112,10
"SCANB","GGI",15,223,0.6032,12
"SCANB","GGI",15,224,0.6025,11
"SCANB","GGI",15,225,0.5952,12
"SCANB","GGI",15,226,0.6114,12
"SCANB","GGI",15,227,0.608,12
"SCANB","GGI",15,228,0.6028,12
"SCANB","GGI",15,229,0.6071,12
"SCANB","GGI",15,230,0.6082,12
"SCANB","GGI",15,231,0.6071,12
"SCANB","GGI",15,232,0.6107,12
"SCANB","GGI",15,233,0.6086,12
"SCANB","GGI",15,234,0.606,12
"SCANB","GGI",15,235,0.6047,12
"SCANB","GGI",15,236,0.6135,12
"SCANB","GGI",15,237,0.6055,12
"SCANB","GGI",15,238,0.6167,12
"SCANB","GGI",15,239,0.6073,12
"SCANB","GGI",15,240,0.6074,12
"SCANB","GGI",15,241,0.6036,12
"SCANB","GGI",15,242,0.5957,12
"SCANB","GGI",15,243,0.6103,12
"SCANB","GGI",15,244,0.6113,12
"SCANB","GGI",15,245,0.6114,12
"SCANB","GGI",15,246,0.6105,12
"SCANB","GGI",15,247,0.6068,12
"SCANB","GGI",15,248,0.5995,12
"SCANB","GGI",15,249,0.6012,12
"SCANB","GGI",15,250,0.6161,11
"SCANB","GGI",15,251,0.6001,12
"SCANB","GGI",15,252,0.6024,11
"SCANB","GGI",15,253,0.6049,12
"SCANB","GGI",15,254,0.6003,12
"SCANB","GGI",15,255,0.6107,12
"SCANB","GGI",15,256,0.6149,12
"SCANB","GGI",15,257,0.6041,12
"SCANB","GGI",15,258,0.608,12
"SCANB","GGI",15,259,0.6133,12
"SCANB","GGI",15,260,0.6087,12
"SCANB","GGI",15,261,0.6079,12
"SCANB","GGI",15,262,0.6063,12
"SCANB","GGI",15,263,0.61,12
"SCANB","GGI",15,264,0.6122,12
"SCANB","GGI",15,265,0.6149,12
"SCANB","GGI",15,266,0.6012,12
"SCANB","GGI",15,267,0.6128,12
"SCANB","GGI",15,268,0.6162,12
"SCANB","GGI",15,269,0.6021,12
"SCANB","GGI",15,270,0.6124,12
"SCANB","GGI",15,271,0.6046,12
"SCANB","GGI",15,272,0.6096,12
"SCANB","GGI",15,273,0.614,12
"SCANB","GGI",15,274,0.6167,12
"SCANB","GGI",15,275,0.6066,12
"SCANB","GGI",15,276,0.6025,12
"SCANB","GGI",15,277,0.6087,12
"SCANB","GGI",15,278,0.6061,12
"SCANB","GGI",15,279,0.6119,12
"SCANB","GGI",15,280,0.6095,12
"SCANB","GGI",15,281,0.6007,9
"SCANB","GGI",15,282,0.6095,11
"SCANB","GGI",15,283,0.6171,12
"SCANB","GGI",15,284,0.6123,12
"SCANB","GGI",15,285,0.6022,12
"SCANB","GGI",15,286,0.6155,8
"SCANB","GGI",15,287,0.6076,12
"SCANB","GGI",15,288,0.6021,12
"SCANB","GGI",15,289,0.6071,12
"SCANB","GGI",15,290,0.6157,12
"SCANB","GGI",15,291,0.605,12
"SCANB","GGI",15,292,0.6052,12
"SCANB","GGI",15,293,0.602,12
"SCANB","GGI",15,294,0.6049,12
"SCANB","GGI",15,295,0.6062,12
"SCANB","GGI",15,296,0.6153,12
"SCANB","GGI",15,297,0.6059,12
"SCANB","GGI",15,298,0.6104,12
"SCANB","GGI",15,299,0.6079,12
"SCANB","GGI",15,300,0.6062,12
"SCANB","GGI",15,301,0.6138,12
"SCANB","GGI",15,302,0.6053,12
"SCANB","GGI",15,303,0.6152,12
"SCANB","GGI",15,304,0.6207,12
"SCANB","GGI",15,305,0.6129,12
"SCANB","GGI",15,306,0.6018,12
"SCANB","GGI",15,307,0.6132,12
"SCANB","GGI",15,308,0.6126,12
"SCANB","GGI",15,309,0.6076,12
"SCANB","GGI",15,310,0.609,12
"SCANB","GGI",15,311,0.6012,12
"SCANB","GGI",15,312,0.595,12
"SCANB","GGI",15,313,0.612,12
"SCANB","GGI",15,314,0.6115,12
"SCANB","GGI",15,315,0.6176,12
"SCANB","GGI",15,316,0.6026,12
"SCANB","GGI",15,317,0.6057,12
"SCANB","GGI",15,318,0.6018,12
"SCANB","GGI",15,319,0.605,12
"SCANB","GGI",15,320,0.6099,12
"SCANB","GGI",15,321,0.6143,12
"SCANB","GGI",15,322,0.6,12
"SCANB","GGI",15,323,0.6105,12
"SCANB","GGI",15,324,0.6186,12
"SCANB","GGI",15,325,0.6059,12
"SCANB","GGI",15,326,0.6047,12
"SCANB","GGI",15,327,0.6148,12
"SCANB","GGI",15,328,0.6151,12
"SCANB","GGI",15,329,0.6056,11
"SCANB","GGI",15,330,0.6079,12
"SCANB","GGI",15,331,0.6126,12
"SCANB","GGI",15,332,0.6042,12
"SCANB","GGI",15,333,0.613,12
"SCANB","GGI",15,334,0.6121,10
"SCANB","GGI",15,335,0.6089,9
"SCANB","GGI",15,336,0.6028,12
"SCANB","GGI",15,337,0.596,12
"SCANB","GGI",15,338,0.6046,12
"SCANB","GGI",15,339,0.6089,9
"SCANB","GGI",15,340,0.606,12
"SCANB","GGI",15,341,0.6009,12
"SCANB","GGI",15,342,0.6121,12
"SCANB","GGI",15,343,0.6117,12
"SCANB","GGI",15,344,0.6181,12
"SCANB","GGI",15,345,0.5993,12
"SCANB","GGI",15,346,0.6072,12
"SCANB","GGI",15,347,0.6036,12
"SCANB","GGI",15,348,0.6185,12
"SCANB","GGI",15,349,0.6081,12
"SCANB","GGI",15,350,0.6051,12
"SCANB","GGI",15,351,0.6019,12
"SCANB","GGI",15,352,0.6137,12
"SCANB","GGI",15,353,0.6083,12
"SCANB","GGI",15,354,0.6001,12
"SCANB","GGI",15,355,0.6039,12
"SCANB","GGI",15,356,0.6075,12
"SCANB","GGI",15,357,0.6141,9
"SCANB","GGI",15,358,0.6064,11
"SCANB","GGI",15,359,0.6017,12
"SCANB","GGI",15,360,0.6136,12
"SCANB","GGI",15,361,0.6095,12
"SCANB","GGI",15,362,0.6087,12
"SCANB","GGI",15,363,0.6021,12
"SCANB","GGI",15,364,0.6036,12
"SCANB","GGI",15,365,0.6077,12
"SCANB","GGI",15,366,0.6155,10
"SCANB","GGI",15,367,0.6071,12
"SCANB","GGI",15,368,0.6095,12
"SCANB","GGI",15,369,0.6055,12
"SCANB","GGI",15,370,0.6088,12
"SCANB","GGI",15,371,0.6049,12
"SCANB","GGI",15,372,0.6151,12
"SCANB","GGI",15,373,0.6037,12
"SCANB","GGI",15,374,0.601,12
"SCANB","GGI",15,375,0.6118,12
"SCANB","GGI",15,376,0.6099,12
"SCANB","GGI",15,377,0.6111,9
"SCANB","GGI",15,378,0.6133,12
"SCANB","GGI",15,379,0.61,12
"SCANB","GGI",15,380,0.6093,12
"SCANB","GGI",15,381,0.6113,12
"SCANB","GGI",15,382,0.6043,12
"SCANB","GGI",15,383,0.6217,12
"SCANB","GGI",15,384,0.6101,12
"SCANB","GGI",15,385,0.6087,12
"SCANB","GGI",15,386,0.6026,12
"SCANB","GGI",15,387,0.6072,12
"SCANB","GGI",15,388,0.6094,12
"SCANB","GGI",15,389,0.6189,11
"SCANB","GGI",15,390,0.6092,12
"SCANB","GGI",15,391,0.6105,12
"SCANB","GGI",15,392,0.6005,12
"SCANB","GGI",15,393,0.6106,12
"SCANB","GGI",15,394,0.6075,12
"SCANB","GGI",15,395,0.6121,12
"SCANB","GGI",15,396,0.604,12
"SCANB","GGI",15,397,0.6065,12
"SCANB","GGI",15,398,0.6032,12
"SCANB","GGI",15,399,0.5997,12
"SCANB","GGI",15,400,0.6024,12
"SCANB","GGI",15,401,0.6059,12
"SCANB","GGI",15,402,0.6068,12
"SCANB","GGI",15,403,0.6069,12
"SCANB","GGI",15,404,0.6095,12
"SCANB","GGI",15,405,0.606,12
"SCANB","GGI",15,406,0.6084,12
"SCANB","GGI",15,407,0.6261,12
"SCANB","GGI",15,408,0.6011,12
"SCANB","GGI",15,409,0.6075,12
"SCANB","GGI",15,410,0.6039,12
"SCANB","GGI",15,411,0.6127,12
"SCANB","GGI",15,412,0.61,12
"SCANB","GGI",15,413,0.6096,12
"SCANB","GGI",15,414,0.6139,12
"SCANB","GGI",15,415,0.6081,12
"SCANB","GGI",15,416,0.601,12
"SCANB","GGI",15,417,0.599,12
"SCANB","GGI",15,418,0.6137,12
"SCANB","GGI",15,419,0.6084,12
"SCANB","GGI",15,420,0.6028,12
"SCANB","GGI",15,421,0.6109,12
"SCANB","GGI",15,422,0.6157,12
"SCANB","GGI",15,423,0.6083,12
"SCANB","GGI",15,424,0.6172,12
"SCANB","GGI",15,425,0.6069,12
"SCANB","GGI",15,426,0.6009,12
"SCANB","GGI",15,427,0.6156,12
"SCANB","GGI",15,428,0.6074,12
"SCANB","GGI",15,429,0.6113,12
"SCANB","GGI",15,430,0.595,10
"SCANB","GGI",15,431,0.6201,12
"SCANB","GGI",15,432,0.6,12
"SCANB","GGI",15,433,0.6067,12
"SCANB","GGI",15,434,0.6177,12
"SCANB","GGI",15,435,0.6065,12
"SCANB","GGI",15,436,0.6169,12
"SCANB","GGI",15,437,0.6147,12
"SCANB","GGI",15,438,0.6063,12
"SCANB","GGI",15,439,0.607,12
"SCANB","GGI",15,440,0.6009,12
"SCANB","GGI",15,441,0.5991,12
"SCANB","GGI",15,442,0.6073,12
"SCANB","GGI",15,443,0.6073,12
"SCANB","GGI",15,444,0.6149,12
"SCANB","GGI",15,445,0.6082,12
"SCANB","GGI",15,446,0.6091,12
"SCANB","GGI",15,447,0.6166,12
"SCANB","GGI",15,448,0.6144,11
"SCANB","GGI",15,449,0.6125,12
"SCANB","GGI",15,450,0.6107,12
"SCANB","GGI",15,451,0.6089,12
"SCANB","GGI",15,452,0.6174,12
"SCANB","GGI",15,453,0.6159,12
"SCANB","GGI",15,454,0.6027,12
"SCANB","GGI",15,455,0.6121,12
"SCANB","GGI",15,456,0.607,12
"SCANB","GGI",15,457,0.6069,12
"SCANB","GGI",15,458,0.6076,12
"SCANB","GGI",15,459,0.6144,12
"SCANB","GGI",15,460,0.6149,11
"SCANB","GGI",15,461,0.6061,12
"SCANB","GGI",15,462,0.6106,12
"SCANB","GGI",15,463,0.6112,12
"SCANB","GGI",15,464,0.6132,12
"SCANB","GGI",15,465,0.6045,12
"SCANB","GGI",15,466,0.6171,12
"SCANB","GGI",15,467,0.6069,12
"SCANB","GGI",15,468,0.6014,12
"SCANB","GGI",15,469,0.6152,12
"SCANB","GGI",15,470,0.615,12
"SCANB","GGI",15,471,0.6123,12
"SCANB","GGI",15,472,0.6044,12
"SCANB","GGI",15,473,0.6136,12
"SCANB","GGI",15,474,0.6094,12
"SCANB","GGI",15,475,0.6118,12
"SCANB","GGI",15,476,0.6045,12
"SCANB","GGI",15,477,0.6144,12
"SCANB","GGI",15,478,0.6103,12
"SCANB","GGI",15,479,0.6184,12
"SCANB","GGI",15,480,0.6117,12
"SCANB","GGI",15,481,0.616,12
"SCANB","GGI",15,482,0.6046,12
"SCANB","GGI",15,483,0.6086,12
"SCANB","GGI",15,484,0.5949,12
"SCANB","GGI",15,485,0.6069,12
"SCANB","GGI",15,486,0.6016,12
"SCANB","GGI",15,487,0.6233,12
"SCANB","GGI",15,488,0.6009,12
"SCANB","GGI",15,489,0.6137,12
"SCANB","GGI",15,490,0.6155,12
"SCANB","GGI",15,491,0.6084,12
"SCANB","GGI",15,492,0.6056,12
"SCANB","GGI",15,493,0.6042,12
"SCANB","GGI",15,494,0.6036,12
"SCANB","GGI",15,495,0.6088,12
"SCANB","GGI",15,496,0.617,12
"SCANB","GGI",15,497,0.6031,12
"SCANB","GGI",15,498,0.6103,12
"SCANB","GGI",15,499,0.6052,12
"SCANB","GGI",15,500,0.6069,12
"SCANB","GGI",15,501,0.6089,12
"SCANB","GGI",15,502,0.6127,12
"SCANB","GGI",15,503,0.6057,12
"SCANB","GGI",15,504,0.6178,12
"SCANB","GGI",15,505,0.6043,12
"SCANB","GGI",15,506,0.6101,12
"SCANB","GGI",15,507,0.5983,12
"SCANB","GGI",15,508,0.6067,12
"SCANB","GGI",15,509,0.6063,10
"SCANB","GGI",15,510,0.6096,11
"SCANB","GGI",15,511,0.6203,12
"SCANB","GGI",15,512,0.6021,12
"SCANB","GGI",15,513,0.6141,12
"SCANB","GGI",15,514,0.6109,12
"SCANB","GGI",15,515,0.6046,12
"SCANB","GGI",15,516,0.6103,12
"SCANB","GGI",15,517,0.6144,12
"SCANB","GGI",15,518,0.6062,12
"SCANB","GGI",15,519,0.6087,12
"SCANB","GGI",15,520,0.6015,12
"SCANB","GGI",15,521,0.6108,12
"SCANB","GGI",15,522,0.6116,12
"SCANB","GGI",15,523,0.6094,12
"SCANB","GGI",15,524,0.6084,12
"SCANB","GGI",15,525,0.6202,12
"SCANB","GGI",15,526,0.6048,12
"SCANB","GGI",15,527,0.608,9
"SCANB","GGI",15,528,0.6105,12
"SCANB","GGI",15,529,0.6093,12
"SCANB","GGI",15,530,0.5996,12
"SCANB","GGI",15,531,0.6096,12
"SCANB","GGI",15,532,0.6115,12
"SCANB","GGI",15,533,0.6145,12
"SCANB","GGI",15,534,0.6075,12
"SCANB","GGI",15,535,0.6029,12
"SCANB","GGI",15,536,0.6116,12
"SCANB","GGI",15,537,0.61,12
"SCANB","GGI",15,538,0.6053,12
"SCANB","GGI",15,539,0.6027,12
"SCANB","GGI",15,540,0.618,12
"SCANB","GGI",15,541,0.616,12
"SCANB","GGI",15,542,0.6085,12
"SCANB","GGI",15,543,0.6082,12
"SCANB","GGI",15,544,0.6043,12
"SCANB","GGI",15,545,0.6086,12
"SCANB","GGI",15,546,0.603,12
"SCANB","GGI",15,547,0.6086,10
"SCANB","GGI",15,548,0.6065,12
"SCANB","GGI",15,549,0.6063,12
"SCANB","GGI",15,550,0.6139,12
"SCANB","GGI",15,551,0.6018,11
"SCANB","GGI",15,552,0.614,12
"SCANB","GGI",15,553,0.6031,12
"SCANB","GGI",15,554,0.6086,12
"SCANB","GGI",15,555,0.6143,12
"SCANB","GGI",15,556,0.6113,12
"SCANB","GGI",15,557,0.6021,12
"SCANB","GGI",15,558,0.6096,12
"SCANB","GGI",15,559,0.6167,12
"SCANB","GGI",15,560,0.6077,12
"SCANB","GGI",15,561,0.5999,12
"SCANB","GGI",15,562,0.6129,12
"SCANB","GGI",15,563,0.6148,12
"SCANB","GGI",15,564,0.6058,12
"SCANB","GGI",15,565,0.6101,12
"SCANB","GGI",15,566,0.6175,12
"SCANB","GGI",15,567,0.6119,12
"SCANB","GGI",15,568,0.6039,12
"SCANB","GGI",15,569,0.5995,11
"SCANB","GGI",15,570,0.6024,12
"SCANB","GGI",15,571,0.6088,12
"SCANB","GGI",15,572,0.6068,12
"SCANB","GGI",15,573,0.6055,12
"SCANB","GGI",15,574,0.6099,12
"SCANB","GGI",15,575,0.6009,12
"SCANB","GGI",15,576,0.6108,9
"SCANB","GGI",15,577,0.6076,12
"SCANB","GGI",15,578,0.6113,12
"SCANB","GGI",15,579,0.6253,9
"SCANB","GGI",15,580,0.6036,12
"SCANB","GGI",15,581,0.6071,12
"SCANB","GGI",15,582,0.615,12
"SCANB","GGI",15,583,0.6159,12
"SCANB","GGI",15,584,0.6034,12
"SCANB","GGI",15,585,0.611,12
"SCANB","GGI",15,586,0.6002,12
"SCANB","GGI",15,587,0.607,12
"SCANB","GGI",15,588,0.613,12
"SCANB","GGI",15,589,0.6017,12
"SCANB","GGI",15,590,0.6061,12
"SCANB","GGI",15,591,0.6031,12
"SCANB","GGI",15,592,0.6057,12
"SCANB","GGI",15,593,0.6138,12
"SCANB","GGI",15,594,0.6183,12
"SCANB","GGI",15,595,0.6084,12
"SCANB","GGI",15,596,0.6102,12
"SCANB","GGI",15,597,0.6152,12
"SCANB","GGI",15,598,0.6028,12
"SCANB","GGI",15,599,0.6105,12
"SCANB","GGI",15,600,0.6094,12
"SCANB","GGI",15,601,0.607,12
"SCANB","GGI",15,602,0.6037,8
"SCANB","GGI",15,603,0.6145,12
"SCANB","GGI",15,604,0.6052,12
"SCANB","GGI",15,605,0.6002,11
"SCANB","GGI",15,606,0.6031,12
"SCANB","GGI",15,607,0.6049,12
"SCANB","GGI",15,608,0.6089,12
"SCANB","GGI",15,609,0.6017,12
"SCANB","GGI",15,610,0.6024,12
"SCANB","GGI",15,611,0.6173,12
"SCANB","GGI",15,612,0.612,12
"SCANB","GGI",15,613,0.6003,12
"SCANB","GGI",15,614,0.6066,12
"SCANB","GGI",15,615,0.6152,12
"SCANB","GGI",15,616,0.6034,12
"SCANB","GGI",15,617,0.6126,10
"SCANB","GGI",15,618,0.5999,12
"SCANB","GGI",15,619,0.6037,12
"SCANB","GGI",15,620,0.6119,10
"SCANB","GGI",15,621,0.6069,12
"SCANB","GGI",15,622,0.6034,12
"SCANB","GGI",15,623,0.6131,10
"SCANB","GGI",15,624,0.6059,12
"SCANB","GGI",15,625,0.604,10
"SCANB","GGI",15,626,0.5989,12
"SCANB","GGI",15,627,0.6099,12
"SCANB","GGI",15,628,0.6071,12
"SCANB","GGI",15,629,0.6161,12
"SCANB","GGI",15,630,0.5964,12
"SCANB","GGI",15,631,0.6218,10
"SCANB","GGI",15,632,0.6118,12
"SCANB","GGI",15,633,0.6114,12
"SCANB","GGI",15,634,0.6123,12
"SCANB","GGI",15,635,0.6133,12
"SCANB","GGI",15,636,0.61,11
"SCANB","GGI",15,637,0.5997,12
"SCANB","GGI",15,638,0.6161,12
"SCANB","GGI",15,639,0.6109,12
"SCANB","GGI",15,640,0.5991,12
"SCANB","GGI",15,641,0.6047,12
"SCANB","GGI",15,642,0.6023,12
"SCANB","GGI",15,643,0.613,12
"SCANB","GGI",15,644,0.5984,12
"SCANB","GGI",15,645,0.6059,12
"SCANB","GGI",15,646,0.599,12
"SCANB","GGI",15,647,0.6015,12
"SCANB","GGI",15,648,0.6064,12
"SCANB","GGI",15,649,0.6164,12
"SCANB","GGI",15,650,0.6014,12
"SCANB","GGI",15,651,0.6055,12
"SCANB","GGI",15,652,0.6149,11
"SCANB","GGI",15,653,0.6068,12
"SCANB","GGI",15,654,0.607,11
"SCANB","GGI",15,655,0.606,12
"SCANB","GGI",15,656,0.6072,12
"SCANB","GGI",15,657,0.6037,12
"SCANB","GGI",15,658,0.6093,12
"SCANB","GGI",15,659,0.6153,12
"SCANB","GGI",15,660,0.608,9
"SCANB","GGI",15,661,0.6046,12
"SCANB","GGI",15,662,0.6109,12
"SCANB","GGI",15,663,0.6156,12
"SCANB","GGI",15,664,0.6134,12
"SCANB","GGI",15,665,0.6106,12
"SCANB","GGI",15,666,0.6067,12
"SCANB","GGI",15,667,0.6054,12
"SCANB","GGI",15,668,0.6107,12
"SCANB","GGI",15,669,0.6202,10
"SCANB","GGI",15,670,0.6131,12
"SCANB","GGI",15,671,0.6146,12
"SCANB","GGI",15,672,0.6086,10
"SCANB","GGI",15,673,0.608,12
"SCANB","GGI",15,674,0.6032,12
"SCANB","GGI",15,675,0.617,12
"SCANB","GGI",15,676,0.6132,12
"SCANB","GGI",15,677,0.6052,12
"SCANB","GGI",15,678,0.6086,12
"SCANB","GGI",15,679,0.6144,12
"SCANB","GGI",15,680,0.6113,12
"SCANB","GGI",15,681,0.6185,12
"SCANB","GGI",15,682,0.6098,12
"SCANB","GGI",15,683,0.6062,12
"SCANB","GGI",15,684,0.6028,12
"SCANB","GGI",15,685,0.6054,12
"SCANB","GGI",15,686,0.6132,12
"SCANB","GGI",15,687,0.6084,12
"SCANB","GGI",15,688,0.6076,10
"SCANB","GGI",15,689,0.6049,12
"SCANB","GGI",15,690,0.6112,12
"SCANB","GGI",15,691,0.6015,12
"SCANB","GGI",15,692,0.6112,12
"SCANB","GGI",15,693,0.6117,12
"SCANB","GGI",15,694,0.6129,12
"SCANB","GGI",15,695,0.6125,12
"SCANB","GGI",15,696,0.611,12
"SCANB","GGI",15,697,0.6108,12
"SCANB","GGI",15,698,0.5987,12
"SCANB","GGI",15,699,0.6067,12
"SCANB","GGI",15,700,0.6128,12
"SCANB","GGI",15,701,0.6046,12
"SCANB","GGI",15,702,0.6028,12
"SCANB","GGI",15,703,0.6125,12
"SCANB","GGI",15,704,0.6084,12
"SCANB","GGI",15,705,0.6117,12
"SCANB","GGI",15,706,0.6069,12
"SCANB","GGI",15,707,0.6088,12
"SCANB","GGI",15,708,0.6133,12
"SCANB","GGI",15,709,0.5992,12
"SCANB","GGI",15,710,0.6078,12
"SCANB","GGI",15,711,0.6141,12
"SCANB","GGI",15,712,0.6057,12
"SCANB","GGI",15,713,0.6005,12
"SCANB","GGI",15,714,0.6062,12
"SCANB","GGI",15,715,0.5972,12
"SCANB","GGI",15,716,0.6035,12
"SCANB","GGI",15,717,0.617,12
"SCANB","GGI",15,718,0.6177,12
"SCANB","GGI",15,719,0.6051,12
"SCANB","GGI",15,720,0.607,12
"SCANB","GGI",15,721,0.6074,12
"SCANB","GGI",15,722,0.6098,12
"SCANB","GGI",15,723,0.6055,12
"SCANB","GGI",15,724,0.6096,12
"SCANB","GGI",15,725,0.6003,9
"SCANB","GGI",15,726,0.6059,12
"SCANB","GGI",15,727,0.6047,12
"SCANB","GGI",15,728,0.5987,12
"SCANB","GGI",15,729,0.6111,12
"SCANB","GGI",15,730,0.6225,6
"SCANB","GGI",15,731,0.6144,12
"SCANB","GGI",15,732,0.6176,12
"SCANB","GGI",15,733,0.6186,12
"SCANB","GGI",15,734,0.5971,12
"SCANB","GGI",15,735,0.6178,12
"SCANB","GGI",15,736,0.6145,12
"SCANB","GGI",15,737,0.6159,12
"SCANB","GGI",15,738,0.6188,12
"SCANB","GGI",15,739,0.6019,11
"SCANB","GGI",15,740,0.6063,12
"SCANB","GGI",15,741,0.6114,11
"SCANB","GGI",15,742,0.6073,12
"SCANB","GGI",15,743,0.5951,12
"SCANB","GGI",15,744,0.6094,12
"SCANB","GGI",15,745,0.6071,12
"SCANB","GGI",15,746,0.6104,12
"SCANB","GGI",15,747,0.609,12
"SCANB","GGI",15,748,0.6169,10
"SCANB","GGI",15,749,0.617,12
"SCANB","GGI",15,750,0.6148,12
"SCANB","GGI",15,751,0.6005,12
"SCANB","GGI",15,752,0.6113,12
"SCANB","GGI",15,753,0.6103,12
"SCANB","GGI",15,754,0.6084,12
"SCANB","GGI",15,755,0.6112,11
"SCANB","GGI",15,756,0.6033,12
"SCANB","GGI",15,757,0.6141,12
"SCANB","GGI",15,758,0.6128,9
"SCANB","GGI",15,759,0.6057,12
"SCANB","GGI",15,760,0.603,12
"SCANB","GGI",15,761,0.6079,12
"SCANB","GGI",15,762,0.6119,12
"SCANB","GGI",15,763,0.6171,8
"SCANB","GGI",15,764,0.6087,12
"SCANB","GGI",15,765,0.6096,12
"SCANB","GGI",15,766,0.6041,12
"SCANB","GGI",15,767,0.6182,12
"SCANB","GGI",15,768,0.6077,12
"SCANB","GGI",15,769,0.6092,12
"SCANB","GGI",15,770,0.6134,12
"SCANB","GGI",15,771,0.6014,12
"SCANB","GGI",15,772,0.6031,11
"SCANB","GGI",15,773,0.6138,12
"SCANB","GGI",15,774,0.6138,12
"SCANB","GGI",15,775,0.602,12
"SCANB","GGI",15,776,0.6043,12
"SCANB","GGI",15,777,0.6084,12
"SCANB","GGI",15,778,0.6128,12
"SCANB","GGI",15,779,0.6072,12
"SCANB","GGI",15,780,0.6122,12
"SCANB","GGI",15,781,0.6084,12
"SCANB","GGI",15,782,0.6117,12
"SCANB","GGI",15,783,0.605,12
"SCANB","GGI",15,784,0.6007,12
"SCANB","GGI",15,785,0.6131,12
"SCANB","GGI",15,786,0.6053,12
"SCANB","GGI",15,787,0.6035,12
"SCANB","GGI",15,788,0.6104,10
"SCANB","GGI",15,789,0.6011,12
"SCANB","GGI",15,790,0.5983,12
"SCANB","GGI",15,791,0.6049,12
"SCANB","GGI",15,792,0.6106,12
"SCANB","GGI",15,793,0.6085,12
"SCANB","GGI",15,794,0.603,10
"SCANB","GGI",15,795,0.6149,12
"SCANB","GGI",15,796,0.602,12
"SCANB","GGI",15,797,0.6087,12
"SCANB","GGI",15,798,0.6022,12
"SCANB","GGI",15,799,0.6012,12
"SCANB","GGI",15,800,0.6044,12
"SCANB","GGI",15,801,0.5993,12
"SCANB","GGI",15,802,0.6098,12
"SCANB","GGI",15,803,0.615,12
"SCANB","GGI",15,804,0.6123,12
"SCANB","GGI",15,805,0.6124,12
"SCANB","GGI",15,806,0.6073,12
"SCANB","GGI",15,807,0.605,12
"SCANB","GGI",15,808,0.6065,12
"SCANB","GGI",15,809,0.6151,12
"SCANB","GGI",15,810,0.6059,9
"SCANB","GGI",15,811,0.6059,12
"SCANB","GGI",15,812,0.6198,12
"SCANB","GGI",15,813,0.6131,12
"SCANB","GGI",15,814,0.6115,12
"SCANB","GGI",15,815,0.6044,10
"SCANB","GGI",15,816,0.6032,12
"SCANB","GGI",15,817,0.6064,12
"SCANB","GGI",15,818,0.6054,12
"SCANB","GGI",15,819,0.6084,12
"SCANB","GGI",15,820,0.6198,12
"SCANB","GGI",15,821,0.6049,12
"SCANB","GGI",15,822,0.6074,12
"SCANB","GGI",15,823,0.6093,12
"SCANB","GGI",15,824,0.5991,12
"SCANB","GGI",15,825,0.6052,12
"SCANB","GGI",15,826,0.605,12
"SCANB","GGI",15,827,0.601,12
"SCANB","GGI",15,828,0.6057,12
"SCANB","GGI",15,829,0.6066,12
"SCANB","GGI",15,830,0.6058,12
"SCANB","GGI",15,831,0.6056,12
"SCANB","GGI",15,832,0.6043,12
"SCANB","GGI",15,833,0.6207,12
"SCANB","GGI",15,834,0.609,12
"SCANB","GGI",15,835,0.5995,12
"SCANB","GGI",15,836,0.614,12
"SCANB","GGI",15,837,0.5963,12
"SCANB","GGI",15,838,0.6108,12
"SCANB","GGI",15,839,0.6161,12
"SCANB","GGI",15,840,0.606,12
"SCANB","GGI",15,841,0.6036,12
"SCANB","GGI",15,842,0.6062,12
"SCANB","GGI",15,843,0.6024,12
"SCANB","GGI",15,844,0.6063,12
"SCANB","GGI",15,845,0.6085,12
"SCANB","GGI",15,846,0.6195,12
"SCANB","GGI",15,847,0.6075,12
"SCANB","GGI",15,848,0.6034,12
"SCANB","GGI",15,849,0.6023,12
"SCANB","GGI",15,850,0.6068,12
"SCANB","GGI",15,851,0.6109,12
"SCANB","GGI",15,852,0.6161,12
"SCANB","GGI",15,853,0.6155,12
"SCANB","GGI",15,854,0.6014,12
"SCANB","GGI",15,855,0.6111,12
"SCANB","GGI",15,856,0.6021,12
"SCANB","GGI",15,857,0.6113,11
"SCANB","GGI",15,858,0.603,11
"SCANB","GGI",15,859,0.605,12
"SCANB","GGI",15,860,0.61,12
"SCANB","GGI",15,861,0.6157,12
"SCANB","GGI",15,862,0.6009,12
"SCANB","GGI",15,863,0.603,12
"SCANB","GGI",15,864,0.6032,12
"SCANB","GGI",15,865,0.6024,12
"SCANB","GGI",15,866,0.5955,12
"SCANB","GGI",15,867,0.6123,12
"SCANB","GGI",15,868,0.6154,12
"SCANB","GGI",15,869,0.61,12
"SCANB","GGI",15,870,0.6134,12
"SCANB","GGI",15,871,0.6059,12
"SCANB","GGI",15,872,0.6093,12
"SCANB","GGI",15,873,0.6116,12
"SCANB","GGI",15,874,0.6138,12
"SCANB","GGI",15,875,0.6036,12
"SCANB","GGI",15,876,0.603,12
"SCANB","GGI",15,877,0.6118,12
"SCANB","GGI",15,878,0.612,12
"SCANB","GGI",15,879,0.6137,12
"SCANB","GGI",15,880,0.6035,12
"SCANB","GGI",15,881,0.617,12
"SCANB","GGI",15,882,0.6159,10
"SCANB","GGI",15,883,0.6073,12
"SCANB","GGI",15,884,0.6064,12
"SCANB","GGI",15,885,0.6204,12
"SCANB","GGI",15,886,0.6146,12
"SCANB","GGI",15,887,0.6085,12
"SCANB","GGI",15,888,0.6042,12
"SCANB","GGI",15,889,0.6041,12
"SCANB","GGI",15,890,0.6042,12
"SCANB","GGI",15,891,0.6105,12
"SCANB","GGI",15,892,0.6177,12
"SCANB","GGI",15,893,0.6111,11
"SCANB","GGI",15,894,0.6023,12
"SCANB","GGI",15,895,0.6158,12
"SCANB","GGI",15,896,0.6082,12
"SCANB","GGI",15,897,0.6085,12
"SCANB","GGI",15,898,0.6083,12
"SCANB","GGI",15,899,0.6071,12
"SCANB","GGI",15,900,0.6047,12
"SCANB","GGI",15,901,0.6095,12
"SCANB","GGI",15,902,0.6115,12
"SCANB","GGI",15,903,0.6051,12
"SCANB","GGI",15,904,0.6034,10
"SCANB","GGI",15,905,0.6095,12
"SCANB","GGI",15,906,0.6025,12
"SCANB","GGI",15,907,0.6228,12
"SCANB","GGI",15,908,0.6048,12
"SCANB","GGI",15,909,0.6065,12
"SCANB","GGI",15,910,0.6057,10
"SCANB","GGI",15,911,0.6043,12
"SCANB","GGI",15,912,0.6119,12
"SCANB","GGI",15,913,0.6125,12
"SCANB","GGI",15,914,0.6054,12
"SCANB","GGI",15,915,0.6152,12
"SCANB","GGI",15,916,0.6124,12
"SCANB","GGI",15,917,0.6136,12
"SCANB","GGI",15,918,0.6107,12
"SCANB","GGI",15,919,0.6077,12
"SCANB","GGI",15,920,0.61,12
"SCANB","GGI",15,921,0.6067,12
"SCANB","GGI",15,922,0.6076,12
"SCANB","GGI",15,923,0.6071,12
"SCANB","GGI",15,924,0.6113,12
"SCANB","GGI",15,925,0.6086,12
"SCANB","GGI",15,926,0.6133,12
"SCANB","GGI",15,927,0.6126,12
"SCANB","GGI",15,928,0.5997,12
"SCANB","GGI",15,929,0.6124,12
"SCANB","GGI",15,930,0.6054,12
"SCANB","GGI",15,931,0.6078,12
"SCANB","GGI",15,932,0.6088,12
"SCANB","GGI",15,933,0.6094,12
"SCANB","GGI",15,934,0.6054,12
"SCANB","GGI",15,935,0.6057,12
"SCANB","GGI",15,936,0.615,12
"SCANB","GGI",15,937,0.601,12
"SCANB","GGI",15,938,0.62,12
"SCANB","GGI",15,939,0.6118,12
"SCANB","GGI",15,940,0.6107,12
"SCANB","GGI",15,941,0.6123,12
"SCANB","GGI",15,942,0.6152,12
"SCANB","GGI",15,943,0.6073,12
"SCANB","GGI",15,944,0.6072,12
"SCANB","GGI",15,945,0.5982,12
"SCANB","GGI",15,946,0.6113,12
"SCANB","GGI",15,947,0.6153,12
"SCANB","GGI",15,948,0.6161,9
"SCANB","GGI",15,949,0.6108,12
"SCANB","GGI",15,950,0.6092,12
"SCANB","GGI",15,951,0.6029,12
"SCANB","GGI",15,952,0.6141,12
"SCANB","GGI",15,953,0.6047,11
"SCANB","GGI",15,954,0.6068,12
"SCANB","GGI",15,955,0.6102,12
"SCANB","GGI",15,956,0.5968,12
"SCANB","GGI",15,957,0.5993,12
"SCANB","GGI",15,958,0.6131,12
"SCANB","GGI",15,959,0.6048,12
"SCANB","GGI",15,960,0.6049,12
"SCANB","GGI",15,961,0.6073,11
"SCANB","GGI",15,962,0.6065,12
"SCANB","GGI",15,963,0.6103,12
"SCANB","GGI",15,964,0.6062,7
"SCANB","GGI",15,965,0.6108,12
"SCANB","GGI",15,966,0.6077,12
"SCANB","GGI",15,967,0.6129,12
"SCANB","GGI",15,968,0.6089,12
"SCANB","GGI",15,969,0.6036,12
"SCANB","GGI",15,970,0.6147,12
"SCANB","GGI",15,971,0.6043,12
"SCANB","GGI",15,972,0.6059,12
"SCANB","GGI",15,973,0.6108,12
"SCANB","GGI",15,974,0.6086,12
"SCANB","GGI",15,975,0.6049,12
"SCANB","GGI",15,976,0.6225,12
"SCANB","GGI",15,977,0.604,12
"SCANB","GGI",15,978,0.6063,12
"SCANB","GGI",15,979,0.6141,12
"SCANB","GGI",15,980,0.6079,12
"SCANB","GGI",15,981,0.6058,12
"SCANB","GGI",15,982,0.6016,12
"SCANB","GGI",15,983,0.6149,12
"SCANB","GGI",15,984,0.6108,12
"SCANB","GGI",15,985,0.6057,12
"SCANB","GGI",15,986,0.6156,12
"SCANB","GGI",15,987,0.6114,12
"SCANB","GGI",15,988,0.6082,12
"SCANB","GGI",15,989,0.6086,12
"SCANB","GGI",15,990,0.6124,12
"SCANB","GGI",15,991,0.6031,12
"SCANB","GGI",15,992,0.6024,12
"SCANB","GGI",15,993,0.6108,12
"SCANB","GGI",15,994,0.6074,12
"SCANB","GGI",15,995,0.6054,12
"SCANB","GGI",15,996,0.5938,12
"SCANB","GGI",15,997,0.6061,12
"SCANB","GGI",15,998,0.6145,9
"SCANB","GGI",15,999,0.6059,12
"SCANB","GGI",15,1000,0.6138,12
"SCANB","MammaPrint",24,1,0.61,18
"SCANB","MammaPrint",24,2,0.6175,18
"SCANB","MammaPrint",24,3,0.623,13
"SCANB","MammaPrint",24,4,0.6247,18
"SCANB","MammaPrint",24,5,0.6191,13
"SCANB","MammaPrint",24,6,0.6065,21
"SCANB","MammaPrint",24,7,0.6351,13
"SCANB","MammaPrint",24,8,0.6152,15
"SCANB","MammaPrint",24,9,0.635,13
"SCANB","MammaPrint",24,10,0.6184,15
"SCANB","MammaPrint",24,11,0.6152,18
"SCANB","MammaPrint",24,12,0.6201,16
"SCANB","MammaPrint",24,13,0.6208,17
"SCANB","MammaPrint",24,14,0.6092,21
"SCANB","MammaPrint",24,15,0.6189,15
"SCANB","MammaPrint",24,16,0.619,17
"SCANB","MammaPrint",24,17,0.6186,17
"SCANB","MammaPrint",24,18,0.6276,15
"SCANB","MammaPrint",24,19,0.6243,12
"SCANB","MammaPrint",24,20,0.6191,15
"SCANB","MammaPrint",24,21,0.6195,17
"SCANB","MammaPrint",24,22,0.6238,16
"SCANB","MammaPrint",24,23,0.6224,14
"SCANB","MammaPrint",24,24,0.623,12
"SCANB","MammaPrint",24,25,0.6144,18
"SCANB","MammaPrint",24,26,0.6224,17
"SCANB","MammaPrint",24,27,0.6151,14
"SCANB","MammaPrint",24,28,0.6225,15
"SCANB","MammaPrint",24,29,0.6186,17
"SCANB","MammaPrint",24,30,0.6292,15
"SCANB","MammaPrint",24,31,0.6175,14
"SCANB","MammaPrint",24,32,0.6321,12
"SCANB","MammaPrint",24,33,0.6211,15
"SCANB","MammaPrint",24,34,0.6272,15
"SCANB","MammaPrint",24,35,0.6245,14
"SCANB","MammaPrint",24,36,0.6213,19
"SCANB","MammaPrint",24,37,0.6194,15
"SCANB","MammaPrint",24,38,0.6165,17
"SCANB","MammaPrint",24,39,0.6243,12
"SCANB","MammaPrint",24,40,0.6189,19
"SCANB","MammaPrint",24,41,0.6166,15
"SCANB","MammaPrint",24,42,0.6224,14
"SCANB","MammaPrint",24,43,0.6157,21
"SCANB","MammaPrint",24,44,0.6171,15
"SCANB","MammaPrint",24,45,0.6225,15
"SCANB","MammaPrint",24,46,0.6216,15
"SCANB","MammaPrint",24,47,0.6112,20
"SCANB","MammaPrint",24,48,0.6248,13
"SCANB","MammaPrint",24,49,0.6166,17
"SCANB","MammaPrint",24,50,0.6323,12
"SCANB","MammaPrint",24,51,0.6306,9
"SCANB","MammaPrint",24,52,0.6133,21
"SCANB","MammaPrint",24,53,0.619,17
"SCANB","MammaPrint",24,54,0.6263,13
"SCANB","MammaPrint",24,55,0.6095,19
"SCANB","MammaPrint",24,56,0.6299,10
"SCANB","MammaPrint",24,57,0.6253,15
"SCANB","MammaPrint",24,58,0.6247,12
"SCANB","MammaPrint",24,59,0.6305,12
"SCANB","MammaPrint",24,60,0.6142,21
"SCANB","MammaPrint",24,61,0.6165,20
"SCANB","MammaPrint",24,62,0.629,14
"SCANB","MammaPrint",24,63,0.6322,11
"SCANB","MammaPrint",24,64,0.6268,12
"SCANB","MammaPrint",24,65,0.6189,13
"SCANB","MammaPrint",24,66,0.6279,12
"SCANB","MammaPrint",24,67,0.6247,14
"SCANB","MammaPrint",24,68,0.6173,17
"SCANB","MammaPrint",24,69,0.6317,11
"SCANB","MammaPrint",24,70,0.6212,17
"SCANB","MammaPrint",24,71,0.634,14
"SCANB","MammaPrint",24,72,0.6216,13
"SCANB","MammaPrint",24,73,0.6146,19
"SCANB","MammaPrint",24,74,0.63,15
"SCANB","MammaPrint",24,75,0.6247,15
"SCANB","MammaPrint",24,76,0.619,17
"SCANB","MammaPrint",24,77,0.6185,17
"SCANB","MammaPrint",24,78,0.6169,21
"SCANB","MammaPrint",24,79,0.6107,18
"SCANB","MammaPrint",24,80,0.617,19
"SCANB","MammaPrint",24,81,0.6254,14
"SCANB","MammaPrint",24,82,0.636,11
"SCANB","MammaPrint",24,83,0.618,21
"SCANB","MammaPrint",24,84,0.6193,15
"SCANB","MammaPrint",24,85,0.622,14
"SCANB","MammaPrint",24,86,0.6123,16
"SCANB","MammaPrint",24,87,0.6288,13
"SCANB","MammaPrint",24,88,0.6276,14
"SCANB","MammaPrint",24,89,0.6296,16
"SCANB","MammaPrint",24,90,0.6217,14
"SCANB","MammaPrint",24,91,0.6229,20
"SCANB","MammaPrint",24,92,0.6185,19
"SCANB","MammaPrint",24,93,0.6271,13
"SCANB","MammaPrint",24,94,0.6292,14
"SCANB","MammaPrint",24,95,0.6206,18
"SCANB","MammaPrint",24,96,0.6182,14
"SCANB","MammaPrint",24,97,0.6249,14
"SCANB","MammaPrint",24,98,0.6291,15
"SCANB","MammaPrint",24,99,0.6223,15
"SCANB","MammaPrint",24,100,0.6219,16
"SCANB","MammaPrint",24,101,0.6316,11
"SCANB","MammaPrint",24,102,0.6107,21
"SCANB","MammaPrint",24,103,0.6221,15
"SCANB","MammaPrint",24,104,0.6074,21
"SCANB","MammaPrint",24,105,0.6257,15
"SCANB","MammaPrint",24,106,0.6181,14
"SCANB","MammaPrint",24,107,0.6088,20
"SCANB","MammaPrint",24,108,0.6325,9
"SCANB","MammaPrint",24,109,0.6338,10
"SCANB","MammaPrint",24,110,0.619,15
"SCANB","MammaPrint",24,111,0.6143,21
"SCANB","MammaPrint",24,112,0.6103,21
"SCANB","MammaPrint",24,113,0.6323,14
"SCANB","MammaPrint",24,114,0.6173,15
"SCANB","MammaPrint",24,115,0.6232,14
"SCANB","MammaPrint",24,116,0.6125,15
"SCANB","MammaPrint",24,117,0.6147,16
"SCANB","MammaPrint",24,118,0.6366,15
"SCANB","MammaPrint",24,119,0.6202,14
"SCANB","MammaPrint",24,120,0.6323,14
"SCANB","MammaPrint",24,121,0.6145,17
"SCANB","MammaPrint",24,122,0.6153,19
"SCANB","MammaPrint",24,123,0.6251,15
"SCANB","MammaPrint",24,124,0.6252,11
"SCANB","MammaPrint",24,125,0.6228,14
"SCANB","MammaPrint",24,126,0.613,21
"SCANB","MammaPrint",24,127,0.623,15
"SCANB","MammaPrint",24,128,0.6355,12
"SCANB","MammaPrint",24,129,0.629,15
"SCANB","MammaPrint",24,130,0.6195,16
"SCANB","MammaPrint",24,131,0.6256,17
"SCANB","MammaPrint",24,132,0.6199,18
"SCANB","MammaPrint",24,133,0.6282,11
"SCANB","MammaPrint",24,134,0.624,16
"SCANB","MammaPrint",24,135,0.6126,21
"SCANB","MammaPrint",24,136,0.6274,15
"SCANB","MammaPrint",24,137,0.6225,11
"SCANB","MammaPrint",24,138,0.616,20
"SCANB","MammaPrint",24,139,0.6095,20
"SCANB","MammaPrint",24,140,0.6171,12
"SCANB","MammaPrint",24,141,0.6163,18
"SCANB","MammaPrint",24,142,0.6148,17
"SCANB","MammaPrint",24,143,0.6162,18
"SCANB","MammaPrint",24,144,0.6263,10
"SCANB","MammaPrint",24,145,0.6207,15
"SCANB","MammaPrint",24,146,0.6275,14
"SCANB","MammaPrint",24,147,0.6197,13
"SCANB","MammaPrint",24,148,0.6114,21
"SCANB","MammaPrint",24,149,0.6247,13
"SCANB","MammaPrint",24,150,0.6208,18
"SCANB","MammaPrint",24,151,0.6296,16
"SCANB","MammaPrint",24,152,0.6216,13
"SCANB","MammaPrint",24,153,0.6329,12
"SCANB","MammaPrint",24,154,0.6106,20
"SCANB","MammaPrint",24,155,0.6213,15
"SCANB","MammaPrint",24,156,0.6175,15
"SCANB","MammaPrint",24,157,0.6268,16
"SCANB","MammaPrint",24,158,0.6265,13
"SCANB","MammaPrint",24,159,0.6195,15
"SCANB","MammaPrint",24,160,0.6345,13
"SCANB","MammaPrint",24,161,0.6258,14
"SCANB","MammaPrint",24,162,0.6164,21
"SCANB","MammaPrint",24,163,0.6236,18
"SCANB","MammaPrint",24,164,0.6275,11
"SCANB","MammaPrint",24,165,0.6278,18
"SCANB","MammaPrint",24,166,0.6184,17
"SCANB","MammaPrint",24,167,0.626,17
"SCANB","MammaPrint",24,168,0.6189,19
"SCANB","MammaPrint",24,169,0.6106,18
"SCANB","MammaPrint",24,170,0.6215,15
"SCANB","MammaPrint",24,171,0.6218,15
"SCANB","MammaPrint",24,172,0.618,17
"SCANB","MammaPrint",24,173,0.6119,21
"SCANB","MammaPrint",24,174,0.6265,14
"SCANB","MammaPrint",24,175,0.6221,14
"SCANB","MammaPrint",24,176,0.6286,15
"SCANB","MammaPrint",24,177,0.6218,18
"SCANB","MammaPrint",24,178,0.6117,21
"SCANB","MammaPrint",24,179,0.628,10
"SCANB","MammaPrint",24,180,0.621,15
"SCANB","MammaPrint",24,181,0.6252,15
"SCANB","MammaPrint",24,182,0.6231,15
"SCANB","MammaPrint",24,183,0.6098,19
"SCANB","MammaPrint",24,184,0.626,14
"SCANB","MammaPrint",24,185,0.6223,18
"SCANB","MammaPrint",24,186,0.6139,21
"SCANB","MammaPrint",24,187,0.6266,15
"SCANB","MammaPrint",24,188,0.6226,18
"SCANB","MammaPrint",24,189,0.6214,15
"SCANB","MammaPrint",24,190,0.6194,16
"SCANB","MammaPrint",24,191,0.6255,16
"SCANB","MammaPrint",24,192,0.6285,13
"SCANB","MammaPrint",24,193,0.6247,17
"SCANB","MammaPrint",24,194,0.6287,12
"SCANB","MammaPrint",24,195,0.6163,16
"SCANB","MammaPrint",24,196,0.6198,14
"SCANB","MammaPrint",24,197,0.6199,13
"SCANB","MammaPrint",24,198,0.6178,17
"SCANB","MammaPrint",24,199,0.6183,21
"SCANB","MammaPrint",24,200,0.6182,17
"SCANB","MammaPrint",24,201,0.6213,16
"SCANB","MammaPrint",24,202,0.6217,18
"SCANB","MammaPrint",24,203,0.6226,15
"SCANB","MammaPrint",24,204,0.61,21
"SCANB","MammaPrint",24,205,0.6209,17
"SCANB","MammaPrint",24,206,0.6229,18
"SCANB","MammaPrint",24,207,0.6224,16
"SCANB","MammaPrint",24,208,0.622,16
"SCANB","MammaPrint",24,209,0.6201,16
"SCANB","MammaPrint",24,210,0.6184,17
"SCANB","MammaPrint",24,211,0.6183,18
"SCANB","MammaPrint",24,212,0.621,16
"SCANB","MammaPrint",24,213,0.6172,13
"SCANB","MammaPrint",24,214,0.6231,18
"SCANB","MammaPrint",24,215,0.6105,21
"SCANB","MammaPrint",24,216,0.6083,21
"SCANB","MammaPrint",24,217,0.6279,11
"SCANB","MammaPrint",24,218,0.6298,15
"SCANB","MammaPrint",24,219,0.6246,17
"SCANB","MammaPrint",24,220,0.6203,18
"SCANB","MammaPrint",24,221,0.6292,13
"SCANB","MammaPrint",24,222,0.6164,15
"SCANB","MammaPrint",24,223,0.6196,15
"SCANB","MammaPrint",24,224,0.6305,9
"SCANB","MammaPrint",24,225,0.6303,15
"SCANB","MammaPrint",24,226,0.6161,15
"SCANB","MammaPrint",24,227,0.6252,16
"SCANB","MammaPrint",24,228,0.6191,18
"SCANB","MammaPrint",24,229,0.6175,21
"SCANB","MammaPrint",24,230,0.6138,19
"SCANB","MammaPrint",24,231,0.6285,14
"SCANB","MammaPrint",24,232,0.6227,18
"SCANB","MammaPrint",24,233,0.6152,21
"SCANB","MammaPrint",24,234,0.6248,15
"SCANB","MammaPrint",24,235,0.6211,15
"SCANB","MammaPrint",24,236,0.6196,18
"SCANB","MammaPrint",24,237,0.6189,17
"SCANB","MammaPrint",24,238,0.6151,21
"SCANB","MammaPrint",24,239,0.6187,19
"SCANB","MammaPrint",24,240,0.6222,15
"SCANB","MammaPrint",24,241,0.6126,21
"SCANB","MammaPrint",24,242,0.6247,16
"SCANB","MammaPrint",24,243,0.6128,18
"SCANB","MammaPrint",24,244,0.6147,18
"SCANB","MammaPrint",24,245,0.6177,17
"SCANB","MammaPrint",24,246,0.6195,11
"SCANB","MammaPrint",24,247,0.6105,18
"SCANB","MammaPrint",24,248,0.6227,16
"SCANB","MammaPrint",24,249,0.6115,21
"SCANB","MammaPrint",24,250,0.6167,18
"SCANB","MammaPrint",24,251,0.6227,16
"SCANB","MammaPrint",24,252,0.6247,16
"SCANB","MammaPrint",24,253,0.618,19
"SCANB","MammaPrint",24,254,0.6296,15
"SCANB","MammaPrint",24,255,0.6291,14
"SCANB","MammaPrint",24,256,0.6293,14
"SCANB","MammaPrint",24,257,0.6305,11
"SCANB","MammaPrint",24,258,0.6117,20
"SCANB","MammaPrint",24,259,0.6145,18
"SCANB","MammaPrint",24,260,0.6258,12
"SCANB","MammaPrint",24,261,0.6097,20
"SCANB","MammaPrint",24,262,0.6258,11
"SCANB","MammaPrint",24,263,0.621,17
"SCANB","MammaPrint",24,264,0.6257,13
"SCANB","MammaPrint",24,265,0.6207,15
"SCANB","MammaPrint",24,266,0.6206,21
"SCANB","MammaPrint",24,267,0.619,14
"SCANB","MammaPrint",24,268,0.6169,16
"SCANB","MammaPrint",24,269,0.6282,14
"SCANB","MammaPrint",24,270,0.6225,20
"SCANB","MammaPrint",24,271,0.6218,15
"SCANB","MammaPrint",24,272,0.6235,19
"SCANB","MammaPrint",24,273,0.6199,11
"SCANB","MammaPrint",24,274,0.6364,11
"SCANB","MammaPrint",24,275,0.6209,15
"SCANB","MammaPrint",24,276,0.6227,17
"SCANB","MammaPrint",24,277,0.6188,17
"SCANB","MammaPrint",24,278,0.612,18
"SCANB","MammaPrint",24,279,0.6145,21
"SCANB","MammaPrint",24,280,0.6207,14
"SCANB","MammaPrint",24,281,0.6277,14
"SCANB","MammaPrint",24,282,0.6248,15
"SCANB","MammaPrint",24,283,0.6298,15
"SCANB","MammaPrint",24,284,0.6286,15
"SCANB","MammaPrint",24,285,0.6123,16
"SCANB","MammaPrint",24,286,0.6281,12
"SCANB","MammaPrint",24,287,0.6155,17
"SCANB","MammaPrint",24,288,0.6146,18
"SCANB","MammaPrint",24,289,0.6237,13
"SCANB","MammaPrint",24,290,0.612,19
"SCANB","MammaPrint",24,291,0.6188,15
"SCANB","MammaPrint",24,292,0.6194,16
"SCANB","MammaPrint",24,293,0.6269,10
"SCANB","MammaPrint",24,294,0.6315,12
"SCANB","MammaPrint",24,295,0.6162,14
"SCANB","MammaPrint",24,296,0.6241,16
"SCANB","MammaPrint",24,297,0.6277,10
"SCANB","MammaPrint",24,298,0.6178,18
"SCANB","MammaPrint",24,299,0.6236,14
"SCANB","MammaPrint",24,300,0.627,9
"SCANB","MammaPrint",24,301,0.6224,13
"SCANB","MammaPrint",24,302,0.6285,11
"SCANB","MammaPrint",24,303,0.6314,16
"SCANB","MammaPrint",24,304,0.6194,17
"SCANB","MammaPrint",24,305,0.6186,12
"SCANB","MammaPrint",24,306,0.6316,11
"SCANB","MammaPrint",24,307,0.6191,15
"SCANB","MammaPrint",24,308,0.6175,20
"SCANB","MammaPrint",24,309,0.6078,21
"SCANB","MammaPrint",24,310,0.6303,13
"SCANB","MammaPrint",24,311,0.6236,13
"SCANB","MammaPrint",24,312,0.6148,14
"SCANB","MammaPrint",24,313,0.6187,21
"SCANB","MammaPrint",24,314,0.6143,15
"SCANB","MammaPrint",24,315,0.6221,16
"SCANB","MammaPrint",24,316,0.6272,14
"SCANB","MammaPrint",24,317,0.6259,14
"SCANB","MammaPrint",24,318,0.6108,21
"SCANB","MammaPrint",24,319,0.6244,13
"SCANB","MammaPrint",24,320,0.6239,12
"SCANB","MammaPrint",24,321,0.6284,11
"SCANB","MammaPrint",24,322,0.6126,15
"SCANB","MammaPrint",24,323,0.6193,15
"SCANB","MammaPrint",24,324,0.6147,21
"SCANB","MammaPrint",24,325,0.6217,17
"SCANB","MammaPrint",24,326,0.6089,19
"SCANB","MammaPrint",24,327,0.6252,14
"SCANB","MammaPrint",24,328,0.6184,21
"SCANB","MammaPrint",24,329,0.6188,20
"SCANB","MammaPrint",24,330,0.6318,15
"SCANB","MammaPrint",24,331,0.6331,14
"SCANB","MammaPrint",24,332,0.6209,12
"SCANB","MammaPrint",24,333,0.6182,21
"SCANB","MammaPrint",24,334,0.6202,16
"SCANB","MammaPrint",24,335,0.6163,15
"SCANB","MammaPrint",24,336,0.624,14
"SCANB","MammaPrint",24,337,0.6297,9
"SCANB","MammaPrint",24,338,0.6093,18
"SCANB","MammaPrint",24,339,0.6188,19
"SCANB","MammaPrint",24,340,0.6249,16
"SCANB","MammaPrint",24,341,0.6126,20
"SCANB","MammaPrint",24,342,0.6218,12
"SCANB","MammaPrint",24,343,0.6238,16
"SCANB","MammaPrint",24,344,0.6141,21
"SCANB","MammaPrint",24,345,0.6316,10
"SCANB","MammaPrint",24,346,0.6206,16
"SCANB","MammaPrint",24,347,0.6252,18
"SCANB","MammaPrint",24,348,0.6297,14
"SCANB","MammaPrint",24,349,0.6218,13
"SCANB","MammaPrint",24,350,0.6319,13
"SCANB","MammaPrint",24,351,0.6174,16
"SCANB","MammaPrint",24,352,0.6258,16
"SCANB","MammaPrint",24,353,0.6323,14
"SCANB","MammaPrint",24,354,0.6243,14
"SCANB","MammaPrint",24,355,0.6294,15
"SCANB","MammaPrint",24,356,0.6275,13
"SCANB","MammaPrint",24,357,0.6216,14
"SCANB","MammaPrint",24,358,0.6151,21
"SCANB","MammaPrint",24,359,0.6226,16
"SCANB","MammaPrint",24,360,0.617,20
"SCANB","MammaPrint",24,361,0.6243,15
"SCANB","MammaPrint",24,362,0.6188,17
"SCANB","MammaPrint",24,363,0.6125,21
"SCANB","MammaPrint",24,364,0.6121,18
"SCANB","MammaPrint",24,365,NA,NA
"SCANB","MammaPrint",24,366,0.6257,13
"SCANB","MammaPrint",24,367,0.6162,21
"SCANB","MammaPrint",24,368,0.6278,15
"SCANB","MammaPrint",24,369,0.6106,16
"SCANB","MammaPrint",24,370,0.6256,15
"SCANB","MammaPrint",24,371,0.6138,19
"SCANB","MammaPrint",24,372,0.6156,19
"SCANB","MammaPrint",24,373,0.6293,15
"SCANB","MammaPrint",24,374,0.6331,9
"SCANB","MammaPrint",24,375,0.6193,17
"SCANB","MammaPrint",24,376,0.6217,14
"SCANB","MammaPrint",24,377,0.6141,20
"SCANB","MammaPrint",24,378,0.6202,14
"SCANB","MammaPrint",24,379,0.6294,9
"SCANB","MammaPrint",24,380,0.634,13
"SCANB","MammaPrint",24,381,0.6171,18
"SCANB","MammaPrint",24,382,0.6366,10
"SCANB","MammaPrint",24,383,0.6243,9
"SCANB","MammaPrint",24,384,0.6254,14
"SCANB","MammaPrint",24,385,0.6258,12
"SCANB","MammaPrint",24,386,0.6176,13
"SCANB","MammaPrint",24,387,0.6333,13
"SCANB","MammaPrint",24,388,0.6096,21
"SCANB","MammaPrint",24,389,0.61,21
"SCANB","MammaPrint",24,390,0.6197,14
"SCANB","MammaPrint",24,391,0.6283,14
"SCANB","MammaPrint",24,392,0.6193,16
"SCANB","MammaPrint",24,393,0.6148,19
"SCANB","MammaPrint",24,394,0.6112,19
"SCANB","MammaPrint",24,395,0.6243,17
"SCANB","MammaPrint",24,396,0.6312,14
"SCANB","MammaPrint",24,397,0.6233,16
"SCANB","MammaPrint",24,398,0.6141,19
"SCANB","MammaPrint",24,399,0.6264,12
"SCANB","MammaPrint",24,400,0.6216,13
"SCANB","MammaPrint",24,401,0.6257,15
"SCANB","MammaPrint",24,402,0.6275,16
"SCANB","MammaPrint",24,403,0.6169,20
"SCANB","MammaPrint",24,404,0.6118,19
"SCANB","MammaPrint",24,405,0.6179,16
"SCANB","MammaPrint",24,406,0.6331,12
"SCANB","MammaPrint",24,407,0.6216,16
"SCANB","MammaPrint",24,408,0.626,14
"SCANB","MammaPrint",24,409,0.6188,14
"SCANB","MammaPrint",24,410,0.622,19
"SCANB","MammaPrint",24,411,0.6154,21
"SCANB","MammaPrint",24,412,0.6255,13
"SCANB","MammaPrint",24,413,0.627,13
"SCANB","MammaPrint",24,414,0.6174,19
"SCANB","MammaPrint",24,415,0.6276,13
"SCANB","MammaPrint",24,416,0.6096,18
"SCANB","MammaPrint",24,417,0.6152,21
"SCANB","MammaPrint",24,418,0.6248,14
"SCANB","MammaPrint",24,419,0.6187,18
"SCANB","MammaPrint",24,420,0.6198,15
"SCANB","MammaPrint",24,421,0.6175,14
"SCANB","MammaPrint",24,422,0.625,17
"SCANB","MammaPrint",24,423,0.6201,16
"SCANB","MammaPrint",24,424,0.6373,13
"SCANB","MammaPrint",24,425,0.6304,13
"SCANB","MammaPrint",24,426,0.6278,13
"SCANB","MammaPrint",24,427,0.6213,17
"SCANB","MammaPrint",24,428,0.6185,16
"SCANB","MammaPrint",24,429,0.6208,18
"SCANB","MammaPrint",24,430,0.629,11
"SCANB","MammaPrint",24,431,0.6259,13
"SCANB","MammaPrint",24,432,0.6337,13
"SCANB","MammaPrint",24,433,0.6181,21
"SCANB","MammaPrint",24,434,0.6285,15
"SCANB","MammaPrint",24,435,0.6118,21
"SCANB","MammaPrint",24,436,0.614,19
"SCANB","MammaPrint",24,437,0.6223,14
"SCANB","MammaPrint",24,438,0.6215,19
"SCANB","MammaPrint",24,439,0.6254,14
"SCANB","MammaPrint",24,440,0.6234,15
"SCANB","MammaPrint",24,441,0.6157,19
"SCANB","MammaPrint",24,442,0.6241,15
"SCANB","MammaPrint",24,443,0.6117,18
"SCANB","MammaPrint",24,444,0.6254,14
"SCANB","MammaPrint",24,445,0.617,18
"SCANB","MammaPrint",24,446,0.6132,19
"SCANB","MammaPrint",24,447,0.6238,16
"SCANB","MammaPrint",24,448,0.6174,18
"SCANB","MammaPrint",24,449,0.6228,17
"SCANB","MammaPrint",24,450,0.6223,14
"SCANB","MammaPrint",24,451,0.6305,14
"SCANB","MammaPrint",24,452,0.6166,18
"SCANB","MammaPrint",24,453,0.6219,14
"SCANB","MammaPrint",24,454,0.6232,11
"SCANB","MammaPrint",24,455,0.6265,13
"SCANB","MammaPrint",24,456,0.6264,15
"SCANB","MammaPrint",24,457,0.6297,13
"SCANB","MammaPrint",24,458,0.6145,15
"SCANB","MammaPrint",24,459,0.6196,21
"SCANB","MammaPrint",24,460,0.62,15
"SCANB","MammaPrint",24,461,0.6196,13
"SCANB","MammaPrint",24,462,0.6159,18
"SCANB","MammaPrint",24,463,0.6208,19
"SCANB","MammaPrint",24,464,0.6177,18
"SCANB","MammaPrint",24,465,0.6191,15
"SCANB","MammaPrint",24,466,0.6272,16
"SCANB","MammaPrint",24,467,0.6218,14
"SCANB","MammaPrint",24,468,0.6179,17
"SCANB","MammaPrint",24,469,0.6201,14
"SCANB","MammaPrint",24,470,0.6264,13
"SCANB","MammaPrint",24,471,0.6328,16
"SCANB","MammaPrint",24,472,0.6064,19
"SCANB","MammaPrint",24,473,0.6234,14
"SCANB","MammaPrint",24,474,0.6095,21
"SCANB","MammaPrint",24,475,0.623,15
"SCANB","MammaPrint",24,476,0.6283,11
"SCANB","MammaPrint",24,477,0.6296,16
"SCANB","MammaPrint",24,478,0.6187,16
"SCANB","MammaPrint",24,479,0.6261,13
"SCANB","MammaPrint",24,480,0.6244,15
"SCANB","MammaPrint",24,481,0.6325,20
"SCANB","MammaPrint",24,482,0.6203,18
"SCANB","MammaPrint",24,483,0.6217,13
"SCANB","MammaPrint",24,484,0.6275,14
"SCANB","MammaPrint",24,485,0.6194,14
"SCANB","MammaPrint",24,486,0.6191,19
"SCANB","MammaPrint",24,487,0.6178,15
"SCANB","MammaPrint",24,488,0.6191,15
"SCANB","MammaPrint",24,489,0.6207,14
"SCANB","MammaPrint",24,490,0.624,10
"SCANB","MammaPrint",24,491,0.6204,16
"SCANB","MammaPrint",24,492,0.6268,9
"SCANB","MammaPrint",24,493,0.6179,15
"SCANB","MammaPrint",24,494,0.6284,13
"SCANB","MammaPrint",24,495,0.6151,18
"SCANB","MammaPrint",24,496,0.6186,15
"SCANB","MammaPrint",24,497,0.6172,16
"SCANB","MammaPrint",24,498,0.6242,12
"SCANB","MammaPrint",24,499,0.6249,17
"SCANB","MammaPrint",24,500,0.6246,11
"SCANB","MammaPrint",24,501,0.6169,15
"SCANB","MammaPrint",24,502,0.6077,20
"SCANB","MammaPrint",24,503,0.6302,13
"SCANB","MammaPrint",24,504,0.6187,18
"SCANB","MammaPrint",24,505,0.6265,12
"SCANB","MammaPrint",24,506,0.6181,18
"SCANB","MammaPrint",24,507,0.6295,14
"SCANB","MammaPrint",24,508,0.6186,18
"SCANB","MammaPrint",24,509,0.6175,14
"SCANB","MammaPrint",24,510,0.6258,17
"SCANB","MammaPrint",24,511,0.6209,16
"SCANB","MammaPrint",24,512,0.6174,18
"SCANB","MammaPrint",24,513,0.6218,9
"SCANB","MammaPrint",24,514,0.6272,12
"SCANB","MammaPrint",24,515,0.6203,17
"SCANB","MammaPrint",24,516,0.6304,10
"SCANB","MammaPrint",24,517,0.6287,13
"SCANB","MammaPrint",24,518,0.627,13
"SCANB","MammaPrint",24,519,NA,NA
"SCANB","MammaPrint",24,520,0.6119,18
"SCANB","MammaPrint",24,521,0.6155,16
"SCANB","MammaPrint",24,522,0.6248,15
"SCANB","MammaPrint",24,523,0.6267,17
"SCANB","MammaPrint",24,524,0.6222,14
"SCANB","MammaPrint",24,525,0.6088,21
"SCANB","MammaPrint",24,526,0.6232,12
"SCANB","MammaPrint",24,527,0.6176,17
"SCANB","MammaPrint",24,528,0.6165,18
"SCANB","MammaPrint",24,529,0.6163,16
"SCANB","MammaPrint",24,530,0.6248,15
"SCANB","MammaPrint",24,531,0.6245,14
"SCANB","MammaPrint",24,532,0.6279,10
"SCANB","MammaPrint",24,533,NA,NA
"SCANB","MammaPrint",24,534,0.617,15
"SCANB","MammaPrint",24,535,0.6174,17
"SCANB","MammaPrint",24,536,0.626,14
"SCANB","MammaPrint",24,537,0.6236,14
"SCANB","MammaPrint",24,538,0.6141,21
"SCANB","MammaPrint",24,539,0.6152,18
"SCANB","MammaPrint",24,540,0.6231,14
"SCANB","MammaPrint",24,541,0.6254,14
"SCANB","MammaPrint",24,542,0.6166,17
"SCANB","MammaPrint",24,543,0.6267,17
"SCANB","MammaPrint",24,544,0.6201,18
"SCANB","MammaPrint",24,545,0.6192,19
"SCANB","MammaPrint",24,546,0.6232,16
"SCANB","MammaPrint",24,547,0.6131,16
"SCANB","MammaPrint",24,548,0.621,16
"SCANB","MammaPrint",24,549,0.6228,14
"SCANB","MammaPrint",24,550,0.609,21
"SCANB","MammaPrint",24,551,0.6194,17
"SCANB","MammaPrint",24,552,0.6201,19
"SCANB","MammaPrint",24,553,0.6123,14
"SCANB","MammaPrint",24,554,0.6104,19
"SCANB","MammaPrint",24,555,0.6164,16
"SCANB","MammaPrint",24,556,0.6125,19
"SCANB","MammaPrint",24,557,0.6264,15
"SCANB","MammaPrint",24,558,0.6228,17
"SCANB","MammaPrint",24,559,0.6263,12
"SCANB","MammaPrint",24,560,0.6281,13
"SCANB","MammaPrint",24,561,0.6217,17
"SCANB","MammaPrint",24,562,0.6235,14
"SCANB","MammaPrint",24,563,0.623,18
"SCANB","MammaPrint",24,564,0.6227,17
"SCANB","MammaPrint",24,565,0.6363,11
"SCANB","MammaPrint",24,566,0.6182,13
"SCANB","MammaPrint",24,567,0.6175,17
"SCANB","MammaPrint",24,568,0.6264,10
"SCANB","MammaPrint",24,569,0.6248,15
"SCANB","MammaPrint",24,570,0.6244,14
"SCANB","MammaPrint",24,571,0.6209,15
"SCANB","MammaPrint",24,572,0.6131,19
"SCANB","MammaPrint",24,573,0.6252,14
"SCANB","MammaPrint",24,574,0.6286,16
"SCANB","MammaPrint",24,575,0.6246,18
"SCANB","MammaPrint",24,576,0.6253,17
"SCANB","MammaPrint",24,577,0.6226,17
"SCANB","MammaPrint",24,578,0.615,15
"SCANB","MammaPrint",24,579,0.634,13
"SCANB","MammaPrint",24,580,0.6212,16
"SCANB","MammaPrint",24,581,0.6319,15
"SCANB","MammaPrint",24,582,0.6238,14
"SCANB","MammaPrint",24,583,0.6216,11
"SCANB","MammaPrint",24,584,0.6243,16
"SCANB","MammaPrint",24,585,0.6233,17
"SCANB","MammaPrint",24,586,0.6242,15
"SCANB","MammaPrint",24,587,0.6176,20
"SCANB","MammaPrint",24,588,0.6225,11
"SCANB","MammaPrint",24,589,0.616,21
"SCANB","MammaPrint",24,590,0.6244,12
"SCANB","MammaPrint",24,591,0.6191,18
"SCANB","MammaPrint",24,592,0.6178,16
"SCANB","MammaPrint",24,593,0.6227,14
"SCANB","MammaPrint",24,594,0.6222,11
"SCANB","MammaPrint",24,595,0.6104,18
"SCANB","MammaPrint",24,596,0.6173,17
"SCANB","MammaPrint",24,597,0.6334,12
"SCANB","MammaPrint",24,598,0.6272,14
"SCANB","MammaPrint",24,599,0.6303,11
"SCANB","MammaPrint",24,600,0.624,11
"SCANB","MammaPrint",24,601,0.6174,18
"SCANB","MammaPrint",24,602,0.6188,15
"SCANB","MammaPrint",24,603,0.615,18
"SCANB","MammaPrint",24,604,0.621,19
"SCANB","MammaPrint",24,605,0.6287,14
"SCANB","MammaPrint",24,606,0.6173,15
"SCANB","MammaPrint",24,607,0.6181,15
"SCANB","MammaPrint",24,608,0.6278,12
"SCANB","MammaPrint",24,609,0.622,15
"SCANB","MammaPrint",24,610,0.6264,15
"SCANB","MammaPrint",24,611,0.6257,17
"SCANB","MammaPrint",24,612,0.6247,16
"SCANB","MammaPrint",24,613,0.6154,18
"SCANB","MammaPrint",24,614,0.6269,14
"SCANB","MammaPrint",24,615,0.631,14
"SCANB","MammaPrint",24,616,0.6286,15
"SCANB","MammaPrint",24,617,0.6199,15
"SCANB","MammaPrint",24,618,0.6198,17
"SCANB","MammaPrint",24,619,0.6176,21
"SCANB","MammaPrint",24,620,0.6315,13
"SCANB","MammaPrint",24,621,0.6239,14
"SCANB","MammaPrint",24,622,0.6222,13
"SCANB","MammaPrint",24,623,0.6201,19
"SCANB","MammaPrint",24,624,0.618,17
"SCANB","MammaPrint",24,625,0.619,16
"SCANB","MammaPrint",24,626,0.6233,13
"SCANB","MammaPrint",24,627,0.6233,9
"SCANB","MammaPrint",24,628,0.6295,10
"SCANB","MammaPrint",24,629,0.625,16
"SCANB","MammaPrint",24,630,0.6248,12
"SCANB","MammaPrint",24,631,0.6234,17
"SCANB","MammaPrint",24,632,0.6151,17
"SCANB","MammaPrint",24,633,0.6172,17
"SCANB","MammaPrint",24,634,0.6251,13
"SCANB","MammaPrint",24,635,0.6289,14
"SCANB","MammaPrint",24,636,0.6257,11
"SCANB","MammaPrint",24,637,0.6188,16
"SCANB","MammaPrint",24,638,0.6226,14
"SCANB","MammaPrint",24,639,0.6319,9
"SCANB","MammaPrint",24,640,0.6124,20
"SCANB","MammaPrint",24,641,0.6201,18
"SCANB","MammaPrint",24,642,0.6166,15
"SCANB","MammaPrint",24,643,0.6144,20
"SCANB","MammaPrint",24,644,0.632,10
"SCANB","MammaPrint",24,645,0.6147,18
"SCANB","MammaPrint",24,646,0.6168,15
"SCANB","MammaPrint",24,647,0.6269,12
"SCANB","MammaPrint",24,648,0.6308,10
"SCANB","MammaPrint",24,649,0.6239,15
"SCANB","MammaPrint",24,650,0.625,13
"SCANB","MammaPrint",24,651,0.6072,21
"SCANB","MammaPrint",24,652,0.6162,16
"SCANB","MammaPrint",24,653,0.6232,12
"SCANB","MammaPrint",24,654,0.6208,18
"SCANB","MammaPrint",24,655,0.6225,16
"SCANB","MammaPrint",24,656,0.6179,18
"SCANB","MammaPrint",24,657,0.6136,15
"SCANB","MammaPrint",24,658,0.6144,19
"SCANB","MammaPrint",24,659,0.6222,14
"SCANB","MammaPrint",24,660,0.6275,9
"SCANB","MammaPrint",24,661,0.6323,12
"SCANB","MammaPrint",24,662,0.6205,17
"SCANB","MammaPrint",24,663,0.6147,13
"SCANB","MammaPrint",24,664,0.6313,11
"SCANB","MammaPrint",24,665,0.6166,18
"SCANB","MammaPrint",24,666,0.6159,20
"SCANB","MammaPrint",24,667,0.6198,15
"SCANB","MammaPrint",24,668,0.6221,18
"SCANB","MammaPrint",24,669,0.6308,13
"SCANB","MammaPrint",24,670,0.6276,16
"SCANB","MammaPrint",24,671,0.6196,20
"SCANB","MammaPrint",24,672,0.6248,17
"SCANB","MammaPrint",24,673,0.6118,21
"SCANB","MammaPrint",24,674,0.6247,11
"SCANB","MammaPrint",24,675,0.6265,18
"SCANB","MammaPrint",24,676,0.6362,13
"SCANB","MammaPrint",24,677,0.6232,13
"SCANB","MammaPrint",24,678,0.6266,15
"SCANB","MammaPrint",24,679,0.6227,13
"SCANB","MammaPrint",24,680,0.6116,19
"SCANB","MammaPrint",24,681,0.6112,19
"SCANB","MammaPrint",24,682,0.6251,16
"SCANB","MammaPrint",24,683,0.6206,16
"SCANB","MammaPrint",24,684,0.622,16
"SCANB","MammaPrint",24,685,0.6261,11
"SCANB","MammaPrint",24,686,0.6225,14
"SCANB","MammaPrint",24,687,0.6202,13
"SCANB","MammaPrint",24,688,0.6282,13
"SCANB","MammaPrint",24,689,0.6244,18
"SCANB","MammaPrint",24,690,0.6159,16
"SCANB","MammaPrint",24,691,0.634,11
"SCANB","MammaPrint",24,692,0.6262,11
"SCANB","MammaPrint",24,693,0.6189,18
"SCANB","MammaPrint",24,694,0.6183,12
"SCANB","MammaPrint",24,695,0.6305,13
"SCANB","MammaPrint",24,696,0.6262,14
"SCANB","MammaPrint",24,697,0.6253,16
"SCANB","MammaPrint",24,698,0.6187,15
"SCANB","MammaPrint",24,699,0.6205,18
"SCANB","MammaPrint",24,700,0.6209,10
"SCANB","MammaPrint",24,701,0.6126,16
"SCANB","MammaPrint",24,702,0.6284,11
"SCANB","MammaPrint",24,703,0.6259,15
"SCANB","MammaPrint",24,704,0.6269,11
"SCANB","MammaPrint",24,705,0.6254,15
"SCANB","MammaPrint",24,706,0.6154,17
"SCANB","MammaPrint",24,707,0.6179,21
"SCANB","MammaPrint",24,708,0.6293,10
"SCANB","MammaPrint",24,709,0.6212,14
"SCANB","MammaPrint",24,710,0.6135,16
"SCANB","MammaPrint",24,711,0.6202,15
"SCANB","MammaPrint",24,712,0.6233,12
"SCANB","MammaPrint",24,713,0.6277,13
"SCANB","MammaPrint",24,714,0.6283,11
"SCANB","MammaPrint",24,715,0.6242,14
"SCANB","MammaPrint",24,716,0.6225,13
"SCANB","MammaPrint",24,717,0.6078,19
"SCANB","MammaPrint",24,718,0.6108,18
"SCANB","MammaPrint",24,719,0.6229,12
"SCANB","MammaPrint",24,720,0.6273,13
"SCANB","MammaPrint",24,721,0.6336,10
"SCANB","MammaPrint",24,722,0.6207,14
"SCANB","MammaPrint",24,723,0.629,10
"SCANB","MammaPrint",24,724,0.6184,14
"SCANB","MammaPrint",24,725,0.6202,13
"SCANB","MammaPrint",24,726,0.6131,19
"SCANB","MammaPrint",24,727,0.6299,20
"SCANB","MammaPrint",24,728,0.6227,15
"SCANB","MammaPrint",24,729,0.621,14
"SCANB","MammaPrint",24,730,0.6163,16
"SCANB","MammaPrint",24,731,0.6263,9
"SCANB","MammaPrint",24,732,0.6296,11
"SCANB","MammaPrint",24,733,NA,NA
"SCANB","MammaPrint",24,734,0.6223,18
"SCANB","MammaPrint",24,735,0.623,12
"SCANB","MammaPrint",24,736,0.6154,16
"SCANB","MammaPrint",24,737,0.628,12
"SCANB","MammaPrint",24,738,0.6327,11
"SCANB","MammaPrint",24,739,0.6232,18
"SCANB","MammaPrint",24,740,0.6239,18
"SCANB","MammaPrint",24,741,0.6261,13
"SCANB","MammaPrint",24,742,0.6304,13
"SCANB","MammaPrint",24,743,0.6136,18
"SCANB","MammaPrint",24,744,0.6112,19
"SCANB","MammaPrint",24,745,0.62,12
"SCANB","MammaPrint",24,746,0.63,11
"SCANB","MammaPrint",24,747,0.6076,18
"SCANB","MammaPrint",24,748,0.6111,21
"SCANB","MammaPrint",24,749,0.6277,17
"SCANB","MammaPrint",24,750,0.6323,15
"SCANB","MammaPrint",24,751,0.6264,17
"SCANB","MammaPrint",24,752,0.6213,18
"SCANB","MammaPrint",24,753,0.6184,16
"SCANB","MammaPrint",24,754,0.6176,20
"SCANB","MammaPrint",24,755,0.6317,12
"SCANB","MammaPrint",24,756,0.6225,14
"SCANB","MammaPrint",24,757,0.6226,18
"SCANB","MammaPrint",24,758,0.6198,20
"SCANB","MammaPrint",24,759,0.6182,13
"SCANB","MammaPrint",24,760,0.6311,17
"SCANB","MammaPrint",24,761,0.6168,14
"SCANB","MammaPrint",24,762,0.6218,13
"SCANB","MammaPrint",24,763,0.62,17
"SCANB","MammaPrint",24,764,0.6127,19
"SCANB","MammaPrint",24,765,0.6121,21
"SCANB","MammaPrint",24,766,0.6169,15
"SCANB","MammaPrint",24,767,0.6235,15
"SCANB","MammaPrint",24,768,0.6247,13
"SCANB","MammaPrint",24,769,0.6229,17
"SCANB","MammaPrint",24,770,0.6233,15
"SCANB","MammaPrint",24,771,0.6249,15
"SCANB","MammaPrint",24,772,0.6149,20
"SCANB","MammaPrint",24,773,0.6228,18
"SCANB","MammaPrint",24,774,0.6222,18
"SCANB","MammaPrint",24,775,0.6259,9
"SCANB","MammaPrint",24,776,0.6255,17
"SCANB","MammaPrint",24,777,0.6182,15
"SCANB","MammaPrint",24,778,0.6213,13
"SCANB","MammaPrint",24,779,0.6235,15
"SCANB","MammaPrint",24,780,0.6192,17
"SCANB","MammaPrint",24,781,0.6243,12
"SCANB","MammaPrint",24,782,0.6174,17
"SCANB","MammaPrint",24,783,0.6239,14
"SCANB","MammaPrint",24,784,0.6253,14
"SCANB","MammaPrint",24,785,0.6127,18
"SCANB","MammaPrint",24,786,0.616,15
"SCANB","MammaPrint",24,787,0.6116,18
"SCANB","MammaPrint",24,788,0.6334,14
"SCANB","MammaPrint",24,789,0.6311,11
"SCANB","MammaPrint",24,790,0.6241,9
"SCANB","MammaPrint",24,791,0.6105,19
"SCANB","MammaPrint",24,792,0.6218,14
"SCANB","MammaPrint",24,793,0.6188,16
"SCANB","MammaPrint",24,794,0.6173,16
"SCANB","MammaPrint",24,795,0.6094,21
"SCANB","MammaPrint",24,796,0.6221,14
"SCANB","MammaPrint",24,797,0.6121,20
"SCANB","MammaPrint",24,798,0.6201,21
"SCANB","MammaPrint",24,799,0.6218,15
"SCANB","MammaPrint",24,800,0.6249,15
"SCANB","MammaPrint",24,801,0.6212,14
"SCANB","MammaPrint",24,802,0.6107,17
"SCANB","MammaPrint",24,803,NA,NA
"SCANB","MammaPrint",24,804,0.6194,16
"SCANB","MammaPrint",24,805,0.6171,17
"SCANB","MammaPrint",24,806,0.6148,18
"SCANB","MammaPrint",24,807,0.6209,16
"SCANB","MammaPrint",24,808,0.6263,13
"SCANB","MammaPrint",24,809,0.6136,17
"SCANB","MammaPrint",24,810,0.6066,21
"SCANB","MammaPrint",24,811,0.6164,18
"SCANB","MammaPrint",24,812,0.6176,19
"SCANB","MammaPrint",24,813,0.6266,15
"SCANB","MammaPrint",24,814,0.6331,15
"SCANB","MammaPrint",24,815,0.614,18
"SCANB","MammaPrint",24,816,0.6072,19
"SCANB","MammaPrint",24,817,0.6274,10
"SCANB","MammaPrint",24,818,0.6143,19
"SCANB","MammaPrint",24,819,0.6164,18
"SCANB","MammaPrint",24,820,0.6282,15
"SCANB","MammaPrint",24,821,0.6144,21
"SCANB","MammaPrint",24,822,0.6258,15
"SCANB","MammaPrint",24,823,0.6262,13
"SCANB","MammaPrint",24,824,0.6283,12
"SCANB","MammaPrint",24,825,0.6285,9
"SCANB","MammaPrint",24,826,0.6123,20
"SCANB","MammaPrint",24,827,0.6162,18
"SCANB","MammaPrint",24,828,0.6095,21
"SCANB","MammaPrint",24,829,0.6214,15
"SCANB","MammaPrint",24,830,0.6145,17
"SCANB","MammaPrint",24,831,0.6245,11
"SCANB","MammaPrint",24,832,0.6226,17
"SCANB","MammaPrint",24,833,0.6261,14
"SCANB","MammaPrint",24,834,0.6111,17
"SCANB","MammaPrint",24,835,0.6157,14
"SCANB","MammaPrint",24,836,0.6225,16
"SCANB","MammaPrint",24,837,0.6294,12
"SCANB","MammaPrint",24,838,0.6252,15
"SCANB","MammaPrint",24,839,0.6211,12
"SCANB","MammaPrint",24,840,0.6271,17
"SCANB","MammaPrint",24,841,0.619,12
"SCANB","MammaPrint",24,842,0.617,17
"SCANB","MammaPrint",24,843,0.6183,18
"SCANB","MammaPrint",24,844,0.6318,16
"SCANB","MammaPrint",24,845,0.6109,21
"SCANB","MammaPrint",24,846,0.6197,14
"SCANB","MammaPrint",24,847,0.6226,17
"SCANB","MammaPrint",24,848,0.6278,17
"SCANB","MammaPrint",24,849,0.6195,13
"SCANB","MammaPrint",24,850,0.6193,21
"SCANB","MammaPrint",24,851,0.624,15
"SCANB","MammaPrint",24,852,0.6217,14
"SCANB","MammaPrint",24,853,0.6276,12
"SCANB","MammaPrint",24,854,0.6286,14
"SCANB","MammaPrint",24,855,0.6147,19
"SCANB","MammaPrint",24,856,0.6247,15
"SCANB","MammaPrint",24,857,0.6285,16
"SCANB","MammaPrint",24,858,0.618,18
"SCANB","MammaPrint",24,859,0.6179,15
"SCANB","MammaPrint",24,860,0.6098,21
"SCANB","MammaPrint",24,861,0.6179,17
"SCANB","MammaPrint",24,862,0.6229,16
"SCANB","MammaPrint",24,863,0.6223,21
"SCANB","MammaPrint",24,864,0.6273,13
"SCANB","MammaPrint",24,865,0.616,19
"SCANB","MammaPrint",24,866,0.6158,15
"SCANB","MammaPrint",24,867,0.6179,20
"SCANB","MammaPrint",24,868,0.6354,13
"SCANB","MammaPrint",24,869,0.6283,15
"SCANB","MammaPrint",24,870,0.6222,15
"SCANB","MammaPrint",24,871,0.6157,15
"SCANB","MammaPrint",24,872,0.6164,15
"SCANB","MammaPrint",24,873,0.6186,17
"SCANB","MammaPrint",24,874,0.6319,8
"SCANB","MammaPrint",24,875,0.6134,17
"SCANB","MammaPrint",24,876,0.6187,18
"SCANB","MammaPrint",24,877,0.6266,15
"SCANB","MammaPrint",24,878,0.6229,16
"SCANB","MammaPrint",24,879,0.6248,14
"SCANB","MammaPrint",24,880,0.626,14
"SCANB","MammaPrint",24,881,0.6174,21
"SCANB","MammaPrint",24,882,0.6185,14
"SCANB","MammaPrint",24,883,0.6193,21
"SCANB","MammaPrint",24,884,0.6218,16
"SCANB","MammaPrint",24,885,0.6232,11
"SCANB","MammaPrint",24,886,0.6094,21
"SCANB","MammaPrint",24,887,0.6166,15
"SCANB","MammaPrint",24,888,0.6274,14
"SCANB","MammaPrint",24,889,0.623,16
"SCANB","MammaPrint",24,890,0.6332,12
"SCANB","MammaPrint",24,891,0.6352,11
"SCANB","MammaPrint",24,892,0.6204,15
"SCANB","MammaPrint",24,893,0.6178,18
"SCANB","MammaPrint",24,894,0.6149,19
"SCANB","MammaPrint",24,895,0.6233,16
"SCANB","MammaPrint",24,896,0.6288,11
"SCANB","MammaPrint",24,897,0.6205,13
"SCANB","MammaPrint",24,898,0.622,13
"SCANB","MammaPrint",24,899,0.625,16
"SCANB","MammaPrint",24,900,0.6143,18
"SCANB","MammaPrint",24,901,0.622,14
"SCANB","MammaPrint",24,902,0.611,21
"SCANB","MammaPrint",24,903,0.636,12
"SCANB","MammaPrint",24,904,0.624,13
"SCANB","MammaPrint",24,905,0.6187,18
"SCANB","MammaPrint",24,906,0.6155,16
"SCANB","MammaPrint",24,907,0.6111,21
"SCANB","MammaPrint",24,908,0.6159,18
"SCANB","MammaPrint",24,909,0.6151,18
"SCANB","MammaPrint",24,910,0.6182,14
"SCANB","MammaPrint",24,911,0.6128,21
"SCANB","MammaPrint",24,912,0.6175,14
"SCANB","MammaPrint",24,913,0.6228,16
"SCANB","MammaPrint",24,914,0.6142,21
"SCANB","MammaPrint",24,915,0.6217,15
"SCANB","MammaPrint",24,916,0.6377,11
"SCANB","MammaPrint",24,917,0.6361,9
"SCANB","MammaPrint",24,918,0.6267,16
"SCANB","MammaPrint",24,919,0.6315,12
"SCANB","MammaPrint",24,920,0.6252,18
"SCANB","MammaPrint",24,921,0.6136,17
"SCANB","MammaPrint",24,922,0.6157,18
"SCANB","MammaPrint",24,923,0.6236,16
"SCANB","MammaPrint",24,924,0.6212,16
"SCANB","MammaPrint",24,925,0.6277,14
"SCANB","MammaPrint",24,926,0.617,16
"SCANB","MammaPrint",24,927,0.6145,16
"SCANB","MammaPrint",24,928,0.6206,18
"SCANB","MammaPrint",24,929,0.6309,13
"SCANB","MammaPrint",24,930,0.6165,16
"SCANB","MammaPrint",24,931,0.6202,16
"SCANB","MammaPrint",24,932,0.6269,13
"SCANB","MammaPrint",24,933,0.6151,14
"SCANB","MammaPrint",24,934,0.626,18
"SCANB","MammaPrint",24,935,0.6141,21
"SCANB","MammaPrint",24,936,0.6152,18
"SCANB","MammaPrint",24,937,0.6256,15
"SCANB","MammaPrint",24,938,0.6114,19
"SCANB","MammaPrint",24,939,0.6171,14
"SCANB","MammaPrint",24,940,0.6216,17
"SCANB","MammaPrint",24,941,0.6318,14
"SCANB","MammaPrint",24,942,0.6288,12
"SCANB","MammaPrint",24,943,0.6284,15
"SCANB","MammaPrint",24,944,0.6266,14
"SCANB","MammaPrint",24,945,0.6284,14
"SCANB","MammaPrint",24,946,0.6185,16
"SCANB","MammaPrint",24,947,0.6121,18
"SCANB","MammaPrint",24,948,0.6193,10
"SCANB","MammaPrint",24,949,0.6305,12
"SCANB","MammaPrint",24,950,0.6234,15
"SCANB","MammaPrint",24,951,0.6205,15
"SCANB","MammaPrint",24,952,0.6346,12
"SCANB","MammaPrint",24,953,0.6127,15
"SCANB","MammaPrint",24,954,0.6249,12
"SCANB","MammaPrint",24,955,0.6181,21
"SCANB","MammaPrint",24,956,0.6179,18
"SCANB","MammaPrint",24,957,0.6209,15
"SCANB","MammaPrint",24,958,0.624,12
"SCANB","MammaPrint",24,959,0.621,21
"SCANB","MammaPrint",24,960,0.6252,13
"SCANB","MammaPrint",24,961,0.6261,10
"SCANB","MammaPrint",24,962,0.6306,12
"SCANB","MammaPrint",24,963,0.6173,17
"SCANB","MammaPrint",24,964,0.6201,16
"SCANB","MammaPrint",24,965,0.627,14
"SCANB","MammaPrint",24,966,0.6239,16
"SCANB","MammaPrint",24,967,0.6196,19
"SCANB","MammaPrint",24,968,0.6181,19
"SCANB","MammaPrint",24,969,0.6277,16
"SCANB","MammaPrint",24,970,0.6164,17
"SCANB","MammaPrint",24,971,0.6147,21
"SCANB","MammaPrint",24,972,0.6163,21
"SCANB","MammaPrint",24,973,0.6274,17
"SCANB","MammaPrint",24,974,0.6134,18
"SCANB","MammaPrint",24,975,0.6166,20
"SCANB","MammaPrint",24,976,0.6309,11
"SCANB","MammaPrint",24,977,0.6251,13
"SCANB","MammaPrint",24,978,0.6169,18
"SCANB","MammaPrint",24,979,0.6232,13
"SCANB","MammaPrint",24,980,0.6176,15
"SCANB","MammaPrint",24,981,0.6187,14
"SCANB","MammaPrint",24,982,0.6162,21
"SCANB","MammaPrint",24,983,0.6256,16
"SCANB","MammaPrint",24,984,0.6219,14
"SCANB","MammaPrint",24,985,0.62,16
"SCANB","MammaPrint",24,986,0.6178,15
"SCANB","MammaPrint",24,987,0.6047,21
"SCANB","MammaPrint",24,988,0.6192,17
"SCANB","MammaPrint",24,989,0.621,15
"SCANB","MammaPrint",24,990,0.6332,10
"SCANB","MammaPrint",24,991,0.6151,18
"SCANB","MammaPrint",24,992,0.6205,15
"SCANB","MammaPrint",24,993,0.6255,15
"SCANB","MammaPrint",24,994,0.6296,11
"SCANB","MammaPrint",24,995,0.6255,13
"SCANB","MammaPrint",24,996,0.6303,13
"SCANB","MammaPrint",24,997,0.6225,15
"SCANB","MammaPrint",24,998,0.6253,14
"SCANB","MammaPrint",24,999,0.6186,17
"SCANB","MammaPrint",24,1000,0.6161,19
"SCANB","MammaPrint",15,1,0.6323,5
"SCANB","MammaPrint",15,2,0.6115,11
"SCANB","MammaPrint",15,3,0.6242,9
"SCANB","MammaPrint",15,4,0.6199,10
"SCANB","MammaPrint",15,5,0.6184,9
"SCANB","MammaPrint",15,6,0.6286,9
"SCANB","MammaPrint",15,7,0.611,12
"SCANB","MammaPrint",15,8,0.623,10
"SCANB","MammaPrint",15,9,0.6156,12
"SCANB","MammaPrint",15,10,0.6316,9
"SCANB","MammaPrint",15,11,0.6066,12
"SCANB","MammaPrint",15,12,0.6153,8
"SCANB","MammaPrint",15,13,0.622,10
"SCANB","MammaPrint",15,14,0.6121,12
"SCANB","MammaPrint",15,15,0.6231,8
"SCANB","MammaPrint",15,16,0.6298,7
"SCANB","MammaPrint",15,17,0.6212,7
"SCANB","MammaPrint",15,18,0.6181,12
"SCANB","MammaPrint",15,19,0.6059,12
"SCANB","MammaPrint",15,20,0.6273,6
"SCANB","MammaPrint",15,21,0.6048,12
"SCANB","MammaPrint",15,22,0.607,10
"SCANB","MammaPrint",15,23,0.6127,11
"SCANB","MammaPrint",15,24,0.6185,9
"SCANB","MammaPrint",15,25,0.6088,11
"SCANB","MammaPrint",15,26,0.6177,8
"SCANB","MammaPrint",15,27,0.6152,9
"SCANB","MammaPrint",15,28,0.6098,7
"SCANB","MammaPrint",15,29,0.626,4
"SCANB","MammaPrint",15,30,0.6232,8
"SCANB","MammaPrint",15,31,0.6028,12
"SCANB","MammaPrint",15,32,0.6275,6
"SCANB","MammaPrint",15,33,0.6226,9
"SCANB","MammaPrint",15,34,0.6284,9
"SCANB","MammaPrint",15,35,0.634,10
"SCANB","MammaPrint",15,36,0.6168,9
"SCANB","MammaPrint",15,37,0.6176,9
"SCANB","MammaPrint",15,38,0.5995,12
"SCANB","MammaPrint",15,39,0.6166,11
"SCANB","MammaPrint",15,40,0.613,10
"SCANB","MammaPrint",15,41,0.6055,6
"SCANB","MammaPrint",15,42,0.619,7
"SCANB","MammaPrint",15,43,0.6058,12
"SCANB","MammaPrint",15,44,0.6136,5
"SCANB","MammaPrint",15,45,0.6121,9
"SCANB","MammaPrint",15,46,0.6235,7
"SCANB","MammaPrint",15,47,0.6143,8
"SCANB","MammaPrint",15,48,0.598,12
"SCANB","MammaPrint",15,49,0.6237,8
"SCANB","MammaPrint",15,50,0.6221,9
"SCANB","MammaPrint",15,51,0.6191,11
"SCANB","MammaPrint",15,52,0.6235,10
"SCANB","MammaPrint",15,53,0.6313,12
"SCANB","MammaPrint",15,54,0.6138,7
"SCANB","MammaPrint",15,55,0.6177,6
"SCANB","MammaPrint",15,56,0.6102,12
"SCANB","MammaPrint",15,57,0.6084,12
"SCANB","MammaPrint",15,58,0.6088,10
"SCANB","MammaPrint",15,59,0.6119,9
"SCANB","MammaPrint",15,60,0.6294,5
"SCANB","MammaPrint",15,61,0.6272,8
"SCANB","MammaPrint",15,62,0.6155,11
"SCANB","MammaPrint",15,63,0.6202,8
"SCANB","MammaPrint",15,64,0.6062,12
"SCANB","MammaPrint",15,65,0.6105,12
"SCANB","MammaPrint",15,66,0.6146,8
"SCANB","MammaPrint",15,67,0.6206,10
"SCANB","MammaPrint",15,68,0.6122,10
"SCANB","MammaPrint",15,69,0.6308,9
"SCANB","MammaPrint",15,70,0.6374,8
"SCANB","MammaPrint",15,71,0.6122,11
"SCANB","MammaPrint",15,72,0.6135,8
"SCANB","MammaPrint",15,73,0.6246,10
"SCANB","MammaPrint",15,74,0.608,8
"SCANB","MammaPrint",15,75,0.6168,11
"SCANB","MammaPrint",15,76,0.6334,7
"SCANB","MammaPrint",15,77,0.6202,11
"SCANB","MammaPrint",15,78,0.6148,11
"SCANB","MammaPrint",15,79,0.6315,9
"SCANB","MammaPrint",15,80,0.6181,10
"SCANB","MammaPrint",15,81,0.6295,9
"SCANB","MammaPrint",15,82,0.6293,7
"SCANB","MammaPrint",15,83,0.6383,7
"SCANB","MammaPrint",15,84,0.6166,9
"SCANB","MammaPrint",15,85,0.6309,8
"SCANB","MammaPrint",15,86,0.6177,10
"SCANB","MammaPrint",15,87,0.6139,12
"SCANB","MammaPrint",15,88,0.6339,6
"SCANB","MammaPrint",15,89,0.6202,5
"SCANB","MammaPrint",15,90,0.6162,9
"SCANB","MammaPrint",15,91,0.6154,8
"SCANB","MammaPrint",15,92,0.6155,12
"SCANB","MammaPrint",15,93,0.6168,9
"SCANB","MammaPrint",15,94,0.6175,12
"SCANB","MammaPrint",15,95,0.6113,10
"SCANB","MammaPrint",15,96,0.6088,8
"SCANB","MammaPrint",15,97,0.6184,9
"SCANB","MammaPrint",15,98,0.6279,6
"SCANB","MammaPrint",15,99,0.6139,12
"SCANB","MammaPrint",15,100,0.6254,8
"SCANB","MammaPrint",15,101,0.6086,12
"SCANB","MammaPrint",15,102,0.6139,10
"SCANB","MammaPrint",15,103,0.6196,12
"SCANB","MammaPrint",15,104,0.6018,9
"SCANB","MammaPrint",15,105,0.6215,7
"SCANB","MammaPrint",15,106,0.6152,9
"SCANB","MammaPrint",15,107,0.5991,9
"SCANB","MammaPrint",15,108,0.6276,11
"SCANB","MammaPrint",15,109,0.6281,12
"SCANB","MammaPrint",15,110,0.6143,12
"SCANB","MammaPrint",15,111,0.6172,7
"SCANB","MammaPrint",15,112,0.6217,10
"SCANB","MammaPrint",15,113,0.617,12
"SCANB","MammaPrint",15,114,0.6049,12
"SCANB","MammaPrint",15,115,0.6278,9
"SCANB","MammaPrint",15,116,0.5973,11
"SCANB","MammaPrint",15,117,0.6097,9
"SCANB","MammaPrint",15,118,0.6156,10
"SCANB","MammaPrint",15,119,0.6048,9
"SCANB","MammaPrint",15,120,0.6281,8
"SCANB","MammaPrint",15,121,0.6223,10
"SCANB","MammaPrint",15,122,0.6266,9
"SCANB","MammaPrint",15,123,0.6182,9
"SCANB","MammaPrint",15,124,0.6189,8
"SCANB","MammaPrint",15,125,0.6128,8
"SCANB","MammaPrint",15,126,0.6087,12
"SCANB","MammaPrint",15,127,0.617,10
"SCANB","MammaPrint",15,128,0.6244,3
"SCANB","MammaPrint",15,129,0.6015,11
"SCANB","MammaPrint",15,130,0.6303,6
"SCANB","MammaPrint",15,131,0.6259,5
"SCANB","MammaPrint",15,132,0.6198,10
"SCANB","MammaPrint",15,133,0.6209,8
"SCANB","MammaPrint",15,134,0.624,9
"SCANB","MammaPrint",15,135,0.616,6
"SCANB","MammaPrint",15,136,0.6254,8
"SCANB","MammaPrint",15,137,0.6229,4
"SCANB","MammaPrint",15,138,0.6223,10
"SCANB","MammaPrint",15,139,0.6189,11
"SCANB","MammaPrint",15,140,0.6278,9
"SCANB","MammaPrint",15,141,0.6226,8
"SCANB","MammaPrint",15,142,0.6012,12
"SCANB","MammaPrint",15,143,0.6176,9
"SCANB","MammaPrint",15,144,0.6219,8
"SCANB","MammaPrint",15,145,0.6118,8
"SCANB","MammaPrint",15,146,0.6133,7
"SCANB","MammaPrint",15,147,0.622,10
"SCANB","MammaPrint",15,148,0.6358,8
"SCANB","MammaPrint",15,149,0.6196,8
"SCANB","MammaPrint",15,150,0.6224,7
"SCANB","MammaPrint",15,151,0.6285,7
"SCANB","MammaPrint",15,152,0.6122,8
"SCANB","MammaPrint",15,153,0.6204,6
"SCANB","MammaPrint",15,154,0.6213,6
"SCANB","MammaPrint",15,155,0.623,8
"SCANB","MammaPrint",15,156,0.6102,12
"SCANB","MammaPrint",15,157,0.5934,12
"SCANB","MammaPrint",15,158,0.6128,10
"SCANB","MammaPrint",15,159,0.6136,9
"SCANB","MammaPrint",15,160,0.6295,6
"SCANB","MammaPrint",15,161,0.6067,10
"SCANB","MammaPrint",15,162,0.6207,8
"SCANB","MammaPrint",15,163,0.6121,8
"SCANB","MammaPrint",15,164,0.6265,11
"SCANB","MammaPrint",15,165,0.6183,6
"SCANB","MammaPrint",15,166,0.6045,12
"SCANB","MammaPrint",15,167,0.6312,6
"SCANB","MammaPrint",15,168,0.6057,11
"SCANB","MammaPrint",15,169,0.6188,12
"SCANB","MammaPrint",15,170,0.6172,8
"SCANB","MammaPrint",15,171,0.6251,8
"SCANB","MammaPrint",15,172,0.6099,10
"SCANB","MammaPrint",15,173,0.6216,8
"SCANB","MammaPrint",15,174,0.6182,10
"SCANB","MammaPrint",15,175,0.6063,10
"SCANB","MammaPrint",15,176,0.6077,12
"SCANB","MammaPrint",15,177,0.616,9
"SCANB","MammaPrint",15,178,0.6219,9
"SCANB","MammaPrint",15,179,0.6237,7
"SCANB","MammaPrint",15,180,0.6239,9
"SCANB","MammaPrint",15,181,0.6215,9
"SCANB","MammaPrint",15,182,0.6205,6
"SCANB","MammaPrint",15,183,0.6193,9
"SCANB","MammaPrint",15,184,0.6124,12
"SCANB","MammaPrint",15,185,0.6089,9
"SCANB","MammaPrint",15,186,0.623,5
"SCANB","MammaPrint",15,187,0.6208,9
"SCANB","MammaPrint",15,188,0.6107,8
"SCANB","MammaPrint",15,189,0.6162,9
"SCANB","MammaPrint",15,190,0.6075,12
"SCANB","MammaPrint",15,191,0.6206,9
"SCANB","MammaPrint",15,192,0.5968,12
"SCANB","MammaPrint",15,193,0.6165,8
"SCANB","MammaPrint",15,194,0.6082,12
"SCANB","MammaPrint",15,195,0.6071,10
"SCANB","MammaPrint",15,196,0.6305,6
"SCANB","MammaPrint",15,197,0.6266,9
"SCANB","MammaPrint",15,198,0.6209,11
"SCANB","MammaPrint",15,199,0.6171,7
"SCANB","MammaPrint",15,200,0.6166,10
"SCANB","MammaPrint",15,201,0.6261,10
"SCANB","MammaPrint",15,202,0.6179,10
"SCANB","MammaPrint",15,203,0.6176,8
"SCANB","MammaPrint",15,204,0.6277,11
"SCANB","MammaPrint",15,205,0.6138,8
"SCANB","MammaPrint",15,206,0.628,6
"SCANB","MammaPrint",15,207,0.6399,7
"SCANB","MammaPrint",15,208,0.6268,5
"SCANB","MammaPrint",15,209,0.6242,6
"SCANB","MammaPrint",15,210,0.6047,12
"SCANB","MammaPrint",15,211,0.6096,11
"SCANB","MammaPrint",15,212,0.6261,8
"SCANB","MammaPrint",15,213,0.6098,11
"SCANB","MammaPrint",15,214,0.6086,11
"SCANB","MammaPrint",15,215,0.6229,9
"SCANB","MammaPrint",15,216,0.6241,8
"SCANB","MammaPrint",15,217,0.5984,12
"SCANB","MammaPrint",15,218,0.6159,10
"SCANB","MammaPrint",15,219,0.6038,12
"SCANB","MammaPrint",15,220,0.6196,10
"SCANB","MammaPrint",15,221,0.5942,11
"SCANB","MammaPrint",15,222,0.6191,10
"SCANB","MammaPrint",15,223,0.6214,11
"SCANB","MammaPrint",15,224,0.6145,8
"SCANB","MammaPrint",15,225,0.6168,9
"SCANB","MammaPrint",15,226,0.6178,9
"SCANB","MammaPrint",15,227,0.6289,7
"SCANB","MammaPrint",15,228,0.6156,8
"SCANB","MammaPrint",15,229,0.6347,6
"SCANB","MammaPrint",15,230,0.6205,11
"SCANB","MammaPrint",15,231,0.6185,7
"SCANB","MammaPrint",15,232,0.6071,11
"SCANB","MammaPrint",15,233,0.6271,8
"SCANB","MammaPrint",15,234,0.6163,9
"SCANB","MammaPrint",15,235,0.6161,10
"SCANB","MammaPrint",15,236,0.6212,9
"SCANB","MammaPrint",15,237,0.6201,10
"SCANB","MammaPrint",15,238,0.6249,8
"SCANB","MammaPrint",15,239,0.6076,12
"SCANB","MammaPrint",15,240,0.6167,8
"SCANB","MammaPrint",15,241,0.5971,11
"SCANB","MammaPrint",15,242,0.6213,6
"SCANB","MammaPrint",15,243,0.6172,10
"SCANB","MammaPrint",15,244,0.6302,9
"SCANB","MammaPrint",15,245,0.6194,8
"SCANB","MammaPrint",15,246,0.6027,9
"SCANB","MammaPrint",15,247,0.6113,12
"SCANB","MammaPrint",15,248,0.6177,9
"SCANB","MammaPrint",15,249,0.6201,11
"SCANB","MammaPrint",15,250,0.6259,7
"SCANB","MammaPrint",15,251,0.6251,7
"SCANB","MammaPrint",15,252,0.586,10
"SCANB","MammaPrint",15,253,0.6154,12
"SCANB","MammaPrint",15,254,0.6232,7
"SCANB","MammaPrint",15,255,0.6073,8
"SCANB","MammaPrint",15,256,0.6223,4
"SCANB","MammaPrint",15,257,0.6079,12
"SCANB","MammaPrint",15,258,0.6303,5
"SCANB","MammaPrint",15,259,0.6097,11
"SCANB","MammaPrint",15,260,0.6157,9
"SCANB","MammaPrint",15,261,0.634,6
"SCANB","MammaPrint",15,262,0.6228,6
"SCANB","MammaPrint",15,263,0.6138,12
"SCANB","MammaPrint",15,264,0.6103,10
"SCANB","MammaPrint",15,265,0.6161,7
"SCANB","MammaPrint",15,266,0.6158,12
"SCANB","MammaPrint",15,267,0.6215,10
"SCANB","MammaPrint",15,268,0.6004,12
"SCANB","MammaPrint",15,269,0.6231,7
"SCANB","MammaPrint",15,270,0.6323,5
"SCANB","MammaPrint",15,271,0.6332,7
"SCANB","MammaPrint",15,272,0.6379,12
"SCANB","MammaPrint",15,273,0.6054,12
"SCANB","MammaPrint",15,274,0.6108,10
"SCANB","MammaPrint",15,275,0.6011,12
"SCANB","MammaPrint",15,276,0.6129,11
"SCANB","MammaPrint",15,277,0.6242,9
"SCANB","MammaPrint",15,278,0.6218,11
"SCANB","MammaPrint",15,279,0.6092,6
"SCANB","MammaPrint",15,280,0.6388,6
"SCANB","MammaPrint",15,281,0.6194,9
"SCANB","MammaPrint",15,282,0.6156,12
"SCANB","MammaPrint",15,283,0.6289,8
"SCANB","MammaPrint",15,284,0.6081,11
"SCANB","MammaPrint",15,285,0.6338,7
"SCANB","MammaPrint",15,286,0.6213,10
"SCANB","MammaPrint",15,287,0.6085,12
"SCANB","MammaPrint",15,288,0.6302,10
"SCANB","MammaPrint",15,289,0.6131,8
"SCANB","MammaPrint",15,290,0.636,9
"SCANB","MammaPrint",15,291,0.5938,9
"SCANB","MammaPrint",15,292,0.6258,7
"SCANB","MammaPrint",15,293,0.617,8
"SCANB","MammaPrint",15,294,0.6287,6
"SCANB","MammaPrint",15,295,0.6095,8
"SCANB","MammaPrint",15,296,0.6245,6
"SCANB","MammaPrint",15,297,0.6006,12
"SCANB","MammaPrint",15,298,0.6057,10
"SCANB","MammaPrint",15,299,0.6231,9
"SCANB","MammaPrint",15,300,0.6147,12
"SCANB","MammaPrint",15,301,0.6301,7
"SCANB","MammaPrint",15,302,0.6217,7
"SCANB","MammaPrint",15,303,0.6068,9
"SCANB","MammaPrint",15,304,0.6092,12
"SCANB","MammaPrint",15,305,0.6179,9
"SCANB","MammaPrint",15,306,0.6244,6
"SCANB","MammaPrint",15,307,0.6176,10
"SCANB","MammaPrint",15,308,0.6183,11
"SCANB","MammaPrint",15,309,0.6253,7
"SCANB","MammaPrint",15,310,0.6241,8
"SCANB","MammaPrint",15,311,0.6106,12
"SCANB","MammaPrint",15,312,0.6209,10
"SCANB","MammaPrint",15,313,0.6233,9
"SCANB","MammaPrint",15,314,0.6211,6
"SCANB","MammaPrint",15,315,0.599,12
"SCANB","MammaPrint",15,316,0.6131,11
"SCANB","MammaPrint",15,317,0.6269,6
"SCANB","MammaPrint",15,318,0.62,9
"SCANB","MammaPrint",15,319,0.6095,11
"SCANB","MammaPrint",15,320,0.6322,6
"SCANB","MammaPrint",15,321,0.622,10
"SCANB","MammaPrint",15,322,0.6286,10
"SCANB","MammaPrint",15,323,0.6123,10
"SCANB","MammaPrint",15,324,0.5925,12
"SCANB","MammaPrint",15,325,0.6243,6
"SCANB","MammaPrint",15,326,0.6056,12
"SCANB","MammaPrint",15,327,0.615,8
"SCANB","MammaPrint",15,328,0.6289,8
"SCANB","MammaPrint",15,329,0.6169,7
"SCANB","MammaPrint",15,330,0.6192,8
"SCANB","MammaPrint",15,331,0.6222,11
"SCANB","MammaPrint",15,332,0.633,8
"SCANB","MammaPrint",15,333,0.6059,7
"SCANB","MammaPrint",15,334,0.6108,12
"SCANB","MammaPrint",15,335,0.6159,8
"SCANB","MammaPrint",15,336,0.6165,11
"SCANB","MammaPrint",15,337,0.6215,11
"SCANB","MammaPrint",15,338,0.62,8
"SCANB","MammaPrint",15,339,0.6285,8
"SCANB","MammaPrint",15,340,0.6265,11
"SCANB","MammaPrint",15,341,0.6045,10
"SCANB","MammaPrint",15,342,0.6071,5
"SCANB","MammaPrint",15,343,0.6052,11
"SCANB","MammaPrint",15,344,0.6243,9
"SCANB","MammaPrint",15,345,0.6108,8
"SCANB","MammaPrint",15,346,0.6105,12
"SCANB","MammaPrint",15,347,0.6334,7
"SCANB","MammaPrint",15,348,0.6131,12
"SCANB","MammaPrint",15,349,0.6128,10
"SCANB","MammaPrint",15,350,0.6086,12
"SCANB","MammaPrint",15,351,0.619,8
"SCANB","MammaPrint",15,352,0.6253,9
"SCANB","MammaPrint",15,353,0.6122,10
"SCANB","MammaPrint",15,354,0.6343,6
"SCANB","MammaPrint",15,355,0.6237,11
"SCANB","MammaPrint",15,356,0.6105,12
"SCANB","MammaPrint",15,357,0.6343,6
"SCANB","MammaPrint",15,358,0.6143,11
"SCANB","MammaPrint",15,359,0.6181,10
"SCANB","MammaPrint",15,360,0.6181,9
"SCANB","MammaPrint",15,361,0.6063,12
"SCANB","MammaPrint",15,362,0.6202,11
"SCANB","MammaPrint",15,363,0.6235,7
"SCANB","MammaPrint",15,364,0.6357,4
"SCANB","MammaPrint",15,365,0.6068,12
"SCANB","MammaPrint",15,366,0.6072,12
"SCANB","MammaPrint",15,367,0.6135,9
"SCANB","MammaPrint",15,368,0.6248,8
"SCANB","MammaPrint",15,369,0.6183,6
"SCANB","MammaPrint",15,370,0.612,9
"SCANB","MammaPrint",15,371,0.6068,12
"SCANB","MammaPrint",15,372,0.6251,7
"SCANB","MammaPrint",15,373,0.6282,10
"SCANB","MammaPrint",15,374,0.6227,6
"SCANB","MammaPrint",15,375,0.6265,11
"SCANB","MammaPrint",15,376,0.6269,7
"SCANB","MammaPrint",15,377,0.6247,7
"SCANB","MammaPrint",15,378,0.6073,11
"SCANB","MammaPrint",15,379,0.616,11
"SCANB","MammaPrint",15,380,0.6213,11
"SCANB","MammaPrint",15,381,0.6147,10
"SCANB","MammaPrint",15,382,0.6103,10
"SCANB","MammaPrint",15,383,0.612,12
"SCANB","MammaPrint",15,384,0.6275,10
"SCANB","MammaPrint",15,385,0.6113,9
"SCANB","MammaPrint",15,386,0.6206,10
"SCANB","MammaPrint",15,387,0.6272,6
"SCANB","MammaPrint",15,388,0.6152,7
"SCANB","MammaPrint",15,389,0.6242,10
"SCANB","MammaPrint",15,390,0.6049,11
"SCANB","MammaPrint",15,391,0.6221,10
"SCANB","MammaPrint",15,392,0.6133,10
"SCANB","MammaPrint",15,393,0.5977,8
"SCANB","MammaPrint",15,394,0.6294,10
"SCANB","MammaPrint",15,395,0.6009,10
"SCANB","MammaPrint",15,396,0.5994,10
"SCANB","MammaPrint",15,397,0.6266,8
"SCANB","MammaPrint",15,398,0.6248,9
"SCANB","MammaPrint",15,399,0.6219,7
"SCANB","MammaPrint",15,400,0.6283,6
"SCANB","MammaPrint",15,401,0.63,10
"SCANB","MammaPrint",15,402,0.6189,7
"SCANB","MammaPrint",15,403,0.618,9
"SCANB","MammaPrint",15,404,0.615,12
"SCANB","MammaPrint",15,405,0.6112,12
"SCANB","MammaPrint",15,406,0.6168,11
"SCANB","MammaPrint",15,407,0.613,12
"SCANB","MammaPrint",15,408,0.636,6
"SCANB","MammaPrint",15,409,0.618,8
"SCANB","MammaPrint",15,410,0.6309,5
"SCANB","MammaPrint",15,411,0.611,9
"SCANB","MammaPrint",15,412,0.597,12
"SCANB","MammaPrint",15,413,0.6145,10
"SCANB","MammaPrint",15,414,0.6143,9
"SCANB","MammaPrint",15,415,0.6277,10
"SCANB","MammaPrint",15,416,0.6223,9
"SCANB","MammaPrint",15,417,0.6271,8
"SCANB","MammaPrint",15,418,0.6067,11
"SCANB","MammaPrint",15,419,0.6116,12
"SCANB","MammaPrint",15,420,0.6328,4
"SCANB","MammaPrint",15,421,0.6157,9
"SCANB","MammaPrint",15,422,0.6131,8
"SCANB","MammaPrint",15,423,0.6206,9
"SCANB","MammaPrint",15,424,0.6171,11
"SCANB","MammaPrint",15,425,0.631,9
"SCANB","MammaPrint",15,426,0.6363,7
"SCANB","MammaPrint",15,427,0.6224,10
"SCANB","MammaPrint",15,428,0.5958,11
"SCANB","MammaPrint",15,429,0.626,10
"SCANB","MammaPrint",15,430,0.6086,12
"SCANB","MammaPrint",15,431,0.6261,7
"SCANB","MammaPrint",15,432,0.6122,8
"SCANB","MammaPrint",15,433,0.6138,11
"SCANB","MammaPrint",15,434,0.6196,5
"SCANB","MammaPrint",15,435,0.6169,9
"SCANB","MammaPrint",15,436,0.6058,10
"SCANB","MammaPrint",15,437,0.6158,8
"SCANB","MammaPrint",15,438,0.6213,8
"SCANB","MammaPrint",15,439,0.6269,6
"SCANB","MammaPrint",15,440,0.6225,8
"SCANB","MammaPrint",15,441,0.6071,9
"SCANB","MammaPrint",15,442,0.6108,11
"SCANB","MammaPrint",15,443,0.6189,12
"SCANB","MammaPrint",15,444,0.6265,7
"SCANB","MammaPrint",15,445,0.6288,9
"SCANB","MammaPrint",15,446,0.6138,8
"SCANB","MammaPrint",15,447,0.6163,10
"SCANB","MammaPrint",15,448,0.6273,10
"SCANB","MammaPrint",15,449,0.6248,6
"SCANB","MammaPrint",15,450,0.6115,12
"SCANB","MammaPrint",15,451,0.6208,8
"SCANB","MammaPrint",15,452,0.6236,9
"SCANB","MammaPrint",15,453,0.6206,7
"SCANB","MammaPrint",15,454,0.6172,12
"SCANB","MammaPrint",15,455,0.6164,5
"SCANB","MammaPrint",15,456,0.6121,12
"SCANB","MammaPrint",15,457,0.6198,9
"SCANB","MammaPrint",15,458,0.6102,12
"SCANB","MammaPrint",15,459,0.6234,10
"SCANB","MammaPrint",15,460,0.6318,5
"SCANB","MammaPrint",15,461,0.6205,12
"SCANB","MammaPrint",15,462,0.6268,4
"SCANB","MammaPrint",15,463,0.6331,8
"SCANB","MammaPrint",15,464,0.6223,7
"SCANB","MammaPrint",15,465,0.6259,9
"SCANB","MammaPrint",15,466,0.623,3
"SCANB","MammaPrint",15,467,0.6135,12
"SCANB","MammaPrint",15,468,0.6128,12
"SCANB","MammaPrint",15,469,0.6216,5
"SCANB","MammaPrint",15,470,0.6082,10
"SCANB","MammaPrint",15,471,0.6179,9
"SCANB","MammaPrint",15,472,0.6298,10
"SCANB","MammaPrint",15,473,0.6179,6
"SCANB","MammaPrint",15,474,0.6311,9
"SCANB","MammaPrint",15,475,0.6374,8
"SCANB","MammaPrint",15,476,0.6353,7
"SCANB","MammaPrint",15,477,0.6155,12
"SCANB","MammaPrint",15,478,0.6195,6
"SCANB","MammaPrint",15,479,0.6189,10
"SCANB","MammaPrint",15,480,0.6162,9
"SCANB","MammaPrint",15,481,0.6274,8
"SCANB","MammaPrint",15,482,0.6287,6
"SCANB","MammaPrint",15,483,0.6064,12
"SCANB","MammaPrint",15,484,0.6149,12
"SCANB","MammaPrint",15,485,0.6078,8
"SCANB","MammaPrint",15,486,0.6097,10
"SCANB","MammaPrint",15,487,0.6148,10
"SCANB","MammaPrint",15,488,0.6094,9
"SCANB","MammaPrint",15,489,0.6084,12
"SCANB","MammaPrint",15,490,0.623,6
"SCANB","MammaPrint",15,491,0.628,7
"SCANB","MammaPrint",15,492,0.6179,8
"SCANB","MammaPrint",15,493,0.6296,7
"SCANB","MammaPrint",15,494,0.623,4
"SCANB","MammaPrint",15,495,0.6099,10
"SCANB","MammaPrint",15,496,0.6234,11
"SCANB","MammaPrint",15,497,0.6179,9
"SCANB","MammaPrint",15,498,0.613,11
"SCANB","MammaPrint",15,499,0.6258,11
"SCANB","MammaPrint",15,500,0.6222,12
"SCANB","MammaPrint",15,501,0.6271,7
"SCANB","MammaPrint",15,502,0.6229,8
"SCANB","MammaPrint",15,503,0.6269,5
"SCANB","MammaPrint",15,504,0.6202,5
"SCANB","MammaPrint",15,505,0.632,8
"SCANB","MammaPrint",15,506,0.617,11
"SCANB","MammaPrint",15,507,0.6258,11
"SCANB","MammaPrint",15,508,0.5959,12
"SCANB","MammaPrint",15,509,0.6031,9
"SCANB","MammaPrint",15,510,0.6269,8
"SCANB","MammaPrint",15,511,0.6098,9
"SCANB","MammaPrint",15,512,0.6268,7
"SCANB","MammaPrint",15,513,0.6127,12
"SCANB","MammaPrint",15,514,0.6352,7
"SCANB","MammaPrint",15,515,0.62,7
"SCANB","MammaPrint",15,516,0.6081,12
"SCANB","MammaPrint",15,517,0.6188,8
"SCANB","MammaPrint",15,518,0.6236,9
"SCANB","MammaPrint",15,519,0.635,6
"SCANB","MammaPrint",15,520,0.6283,7
"SCANB","MammaPrint",15,521,0.6009,11
"SCANB","MammaPrint",15,522,0.6117,12
"SCANB","MammaPrint",15,523,0.6106,10
"SCANB","MammaPrint",15,524,0.6036,8
"SCANB","MammaPrint",15,525,0.6162,11
"SCANB","MammaPrint",15,526,0.6219,8
"SCANB","MammaPrint",15,527,0.6213,7
"SCANB","MammaPrint",15,528,0.6118,9
"SCANB","MammaPrint",15,529,0.609,12
"SCANB","MammaPrint",15,530,0.6298,9
"SCANB","MammaPrint",15,531,0.6076,11
"SCANB","MammaPrint",15,532,0.6348,7
"SCANB","MammaPrint",15,533,0.6252,4
"SCANB","MammaPrint",15,534,0.6153,9
"SCANB","MammaPrint",15,535,0.6046,9
"SCANB","MammaPrint",15,536,0.6307,7
"SCANB","MammaPrint",15,537,0.6165,10
"SCANB","MammaPrint",15,538,0.6248,8
"SCANB","MammaPrint",15,539,0.6226,9
"SCANB","MammaPrint",15,540,0.6144,11
"SCANB","MammaPrint",15,541,0.6072,12
"SCANB","MammaPrint",15,542,0.6238,9
"SCANB","MammaPrint",15,543,0.6262,7
"SCANB","MammaPrint",15,544,0.6141,10
"SCANB","MammaPrint",15,545,0.6167,11
"SCANB","MammaPrint",15,546,0.6207,5
"SCANB","MammaPrint",15,547,0.6288,7
"SCANB","MammaPrint",15,548,0.6114,10
"SCANB","MammaPrint",15,549,0.6069,12
"SCANB","MammaPrint",15,550,0.6202,7
"SCANB","MammaPrint",15,551,0.6295,9
"SCANB","MammaPrint",15,552,0.6136,10
"SCANB","MammaPrint",15,553,0.611,10
"SCANB","MammaPrint",15,554,0.6243,6
"SCANB","MammaPrint",15,555,0.6299,6
"SCANB","MammaPrint",15,556,0.6117,8
"SCANB","MammaPrint",15,557,0.6247,10
"SCANB","MammaPrint",15,558,0.6187,6
"SCANB","MammaPrint",15,559,0.6275,9
"SCANB","MammaPrint",15,560,0.6289,11
"SCANB","MammaPrint",15,561,0.625,7
"SCANB","MammaPrint",15,562,0.6248,8
"SCANB","MammaPrint",15,563,0.6195,10
"SCANB","MammaPrint",15,564,0.6303,6
"SCANB","MammaPrint",15,565,0.608,12
"SCANB","MammaPrint",15,566,0.6172,9
"SCANB","MammaPrint",15,567,0.617,8
"SCANB","MammaPrint",15,568,0.6039,12
"SCANB","MammaPrint",15,569,0.6352,6
"SCANB","MammaPrint",15,570,0.6053,9
"SCANB","MammaPrint",15,571,0.6154,5
"SCANB","MammaPrint",15,572,0.6206,11
"SCANB","MammaPrint",15,573,0.6151,7
"SCANB","MammaPrint",15,574,0.6188,8
"SCANB","MammaPrint",15,575,0.6168,8
"SCANB","MammaPrint",15,576,0.6281,10
"SCANB","MammaPrint",15,577,0.6276,6
"SCANB","MammaPrint",15,578,0.6169,11
"SCANB","MammaPrint",15,579,0.6147,12
"SCANB","MammaPrint",15,580,0.6236,3
"SCANB","MammaPrint",15,581,0.6191,10
"SCANB","MammaPrint",15,582,0.6169,12
"SCANB","MammaPrint",15,583,0.6235,7
"SCANB","MammaPrint",15,584,0.6414,6
"SCANB","MammaPrint",15,585,0.6273,11
"SCANB","MammaPrint",15,586,0.6135,9
"SCANB","MammaPrint",15,587,0.6107,12
"SCANB","MammaPrint",15,588,0.6108,12
"SCANB","MammaPrint",15,589,0.6473,9
"SCANB","MammaPrint",15,590,0.6153,11
"SCANB","MammaPrint",15,591,0.6149,7
"SCANB","MammaPrint",15,592,0.6206,9
"SCANB","MammaPrint",15,593,0.6218,10
"SCANB","MammaPrint",15,594,0.6266,8
"SCANB","MammaPrint",15,595,0.6109,9
"SCANB","MammaPrint",15,596,0.6158,7
"SCANB","MammaPrint",15,597,0.6264,5
"SCANB","MammaPrint",15,598,0.6213,11
"SCANB","MammaPrint",15,599,0.6132,8
"SCANB","MammaPrint",15,600,0.6234,9
"SCANB","MammaPrint",15,601,0.6286,6
"SCANB","MammaPrint",15,602,0.6254,9
"SCANB","MammaPrint",15,603,0.6191,9
"SCANB","MammaPrint",15,604,0.6081,10
"SCANB","MammaPrint",15,605,0.6101,12
"SCANB","MammaPrint",15,606,0.626,6
"SCANB","MammaPrint",15,607,0.6177,9
"SCANB","MammaPrint",15,608,0.6262,9
"SCANB","MammaPrint",15,609,0.6266,10
"SCANB","MammaPrint",15,610,0.6301,8
"SCANB","MammaPrint",15,611,0.6292,8
"SCANB","MammaPrint",15,612,0.6173,8
"SCANB","MammaPrint",15,613,0.6224,8
"SCANB","MammaPrint",15,614,0.619,11
"SCANB","MammaPrint",15,615,0.621,7
"SCANB","MammaPrint",15,616,0.6051,12
"SCANB","MammaPrint",15,617,0.6108,8
"SCANB","MammaPrint",15,618,0.5974,12
"SCANB","MammaPrint",15,619,0.6006,12
"SCANB","MammaPrint",15,620,0.6215,8
"SCANB","MammaPrint",15,621,0.6097,12
"SCANB","MammaPrint",15,622,0.6095,12
"SCANB","MammaPrint",15,623,0.6213,9
"SCANB","MammaPrint",15,624,0.6337,6
"SCANB","MammaPrint",15,625,0.6327,8
"SCANB","MammaPrint",15,626,0.6256,11
"SCANB","MammaPrint",15,627,0.6032,9
"SCANB","MammaPrint",15,628,0.6104,11
"SCANB","MammaPrint",15,629,0.6075,11
"SCANB","MammaPrint",15,630,0.6313,7
"SCANB","MammaPrint",15,631,0.6174,8
"SCANB","MammaPrint",15,632,0.6238,8
"SCANB","MammaPrint",15,633,0.6117,12
"SCANB","MammaPrint",15,634,0.6049,12
"SCANB","MammaPrint",15,635,0.6024,12
"SCANB","MammaPrint",15,636,0.6202,7
"SCANB","MammaPrint",15,637,0.6072,12
"SCANB","MammaPrint",15,638,0.6149,4
"SCANB","MammaPrint",15,639,0.6078,11
"SCANB","MammaPrint",15,640,0.6255,9
"SCANB","MammaPrint",15,641,0.5987,12
"SCANB","MammaPrint",15,642,0.6197,12
"SCANB","MammaPrint",15,643,0.6245,10
"SCANB","MammaPrint",15,644,0.6288,9
"SCANB","MammaPrint",15,645,0.6299,7
"SCANB","MammaPrint",15,646,0.6137,11
"SCANB","MammaPrint",15,647,0.6193,8
"SCANB","MammaPrint",15,648,0.6086,8
"SCANB","MammaPrint",15,649,0.6244,8
"SCANB","MammaPrint",15,650,0.6254,11
"SCANB","MammaPrint",15,651,0.6002,12
"SCANB","MammaPrint",15,652,0.6229,10
"SCANB","MammaPrint",15,653,0.6218,9
"SCANB","MammaPrint",15,654,0.6105,9
"SCANB","MammaPrint",15,655,0.6248,9
"SCANB","MammaPrint",15,656,0.6016,12
"SCANB","MammaPrint",15,657,0.6216,8
"SCANB","MammaPrint",15,658,0.6066,9
"SCANB","MammaPrint",15,659,0.6008,9
"SCANB","MammaPrint",15,660,0.6106,9
"SCANB","MammaPrint",15,661,0.6301,4
"SCANB","MammaPrint",15,662,0.6112,12
"SCANB","MammaPrint",15,663,0.609,8
"SCANB","MammaPrint",15,664,0.6169,10
"SCANB","MammaPrint",15,665,0.607,11
"SCANB","MammaPrint",15,666,0.6276,9
"SCANB","MammaPrint",15,667,0.6385,6
"SCANB","MammaPrint",15,668,0.618,12
"SCANB","MammaPrint",15,669,0.6229,10
"SCANB","MammaPrint",15,670,0.5995,10
"SCANB","MammaPrint",15,671,0.6132,10
"SCANB","MammaPrint",15,672,0.5975,12
"SCANB","MammaPrint",15,673,0.6281,9
"SCANB","MammaPrint",15,674,0.6166,10
"SCANB","MammaPrint",15,675,0.6063,7
"SCANB","MammaPrint",15,676,0.6282,4
"SCANB","MammaPrint",15,677,0.5996,9
"SCANB","MammaPrint",15,678,0.6237,7
"SCANB","MammaPrint",15,679,0.6312,7
"SCANB","MammaPrint",15,680,0.6036,12
"SCANB","MammaPrint",15,681,0.6033,11
"SCANB","MammaPrint",15,682,0.629,10
"SCANB","MammaPrint",15,683,0.6163,10
"SCANB","MammaPrint",15,684,0.6031,12
"SCANB","MammaPrint",15,685,0.608,8
"SCANB","MammaPrint",15,686,0.6093,11
"SCANB","MammaPrint",15,687,0.6043,12
"SCANB","MammaPrint",15,688,0.6208,9
"SCANB","MammaPrint",15,689,0.6235,9
"SCANB","MammaPrint",15,690,0.6262,8
"SCANB","MammaPrint",15,691,0.6082,12
"SCANB","MammaPrint",15,692,0.6231,5
"SCANB","MammaPrint",15,693,0.6174,8
"SCANB","MammaPrint",15,694,0.6274,7
"SCANB","MammaPrint",15,695,0.615,10
"SCANB","MammaPrint",15,696,0.6365,7
"SCANB","MammaPrint",15,697,0.624,7
"SCANB","MammaPrint",15,698,0.6224,5
"SCANB","MammaPrint",15,699,0.6146,8
"SCANB","MammaPrint",15,700,0.6174,6
"SCANB","MammaPrint",15,701,0.6193,11
"SCANB","MammaPrint",15,702,0.6068,10
"SCANB","MammaPrint",15,703,0.6224,7
"SCANB","MammaPrint",15,704,0.6184,9
"SCANB","MammaPrint",15,705,0.6147,9
"SCANB","MammaPrint",15,706,0.619,11
"SCANB","MammaPrint",15,707,0.6231,9
"SCANB","MammaPrint",15,708,0.6269,7
"SCANB","MammaPrint",15,709,0.6198,11
"SCANB","MammaPrint",15,710,0.6296,11
"SCANB","MammaPrint",15,711,0.6111,11
"SCANB","MammaPrint",15,712,0.5988,12
"SCANB","MammaPrint",15,713,0.6304,7
"SCANB","MammaPrint",15,714,0.6227,6
"SCANB","MammaPrint",15,715,0.6214,6
"SCANB","MammaPrint",15,716,0.6169,9
"SCANB","MammaPrint",15,717,0.6308,5
"SCANB","MammaPrint",15,718,0.6141,11
"SCANB","MammaPrint",15,719,0.6265,11
"SCANB","MammaPrint",15,720,0.5978,12
"SCANB","MammaPrint",15,721,0.6247,7
"SCANB","MammaPrint",15,722,0.6241,7
"SCANB","MammaPrint",15,723,0.6081,9
"SCANB","MammaPrint",15,724,0.6281,7
"SCANB","MammaPrint",15,725,0.6227,12
"SCANB","MammaPrint",15,726,0.6315,6
"SCANB","MammaPrint",15,727,0.621,11
"SCANB","MammaPrint",15,728,0.6112,7
"SCANB","MammaPrint",15,729,0.632,8
"SCANB","MammaPrint",15,730,0.6061,12
"SCANB","MammaPrint",15,731,0.6127,9
"SCANB","MammaPrint",15,732,0.5934,10
"SCANB","MammaPrint",15,733,0.6115,7
"SCANB","MammaPrint",15,734,0.6104,10
"SCANB","MammaPrint",15,735,0.6253,9
"SCANB","MammaPrint",15,736,0.604,9
"SCANB","MammaPrint",15,737,0.612,10
"SCANB","MammaPrint",15,738,0.6299,9
"SCANB","MammaPrint",15,739,0.6174,10
"SCANB","MammaPrint",15,740,0.6076,12
"SCANB","MammaPrint",15,741,0.6169,12
"SCANB","MammaPrint",15,742,0.6329,5
"SCANB","MammaPrint",15,743,0.6093,11
"SCANB","MammaPrint",15,744,0.6098,7
"SCANB","MammaPrint",15,745,0.6305,7
"SCANB","MammaPrint",15,746,0.6255,6
"SCANB","MammaPrint",15,747,0.6234,5
"SCANB","MammaPrint",15,748,0.6091,8
"SCANB","MammaPrint",15,749,0.6047,12
"SCANB","MammaPrint",15,750,0.6173,9
"SCANB","MammaPrint",15,751,0.6068,12
"SCANB","MammaPrint",15,752,0.6209,12
"SCANB","MammaPrint",15,753,0.6147,11
"SCANB","MammaPrint",15,754,0.6166,10
"SCANB","MammaPrint",15,755,0.6318,8
"SCANB","MammaPrint",15,756,0.6416,5
"SCANB","MammaPrint",15,757,0.608,8
"SCANB","MammaPrint",15,758,0.6152,6
"SCANB","MammaPrint",15,759,0.6134,12
"SCANB","MammaPrint",15,760,0.6254,7
"SCANB","MammaPrint",15,761,0.623,6
"SCANB","MammaPrint",15,762,0.6264,6
"SCANB","MammaPrint",15,763,0.6126,7
"SCANB","MammaPrint",15,764,0.6149,10
"SCANB","MammaPrint",15,765,0.6261,5
"SCANB","MammaPrint",15,766,0.6139,12
"SCANB","MammaPrint",15,767,0.6095,12
"SCANB","MammaPrint",15,768,0.6184,9
"SCANB","MammaPrint",15,769,0.632,7
"SCANB","MammaPrint",15,770,0.6144,12
"SCANB","MammaPrint",15,771,0.6275,8
"SCANB","MammaPrint",15,772,0.6122,11
"SCANB","MammaPrint",15,773,0.6115,12
"SCANB","MammaPrint",15,774,0.6098,10
"SCANB","MammaPrint",15,775,0.634,4
"SCANB","MammaPrint",15,776,0.6155,11
"SCANB","MammaPrint",15,777,0.6083,12
"SCANB","MammaPrint",15,778,0.6265,7
"SCANB","MammaPrint",15,779,0.6123,12
"SCANB","MammaPrint",15,780,0.6142,12
"SCANB","MammaPrint",15,781,0.626,9
"SCANB","MammaPrint",15,782,0.6041,10
"SCANB","MammaPrint",15,783,0.6226,8
"SCANB","MammaPrint",15,784,0.6139,10
"SCANB","MammaPrint",15,785,0.6284,4
"SCANB","MammaPrint",15,786,0.6313,7
"SCANB","MammaPrint",15,787,0.6176,10
"SCANB","MammaPrint",15,788,0.6429,5
"SCANB","MammaPrint",15,789,0.6106,8
"SCANB","MammaPrint",15,790,0.614,9
"SCANB","MammaPrint",15,791,0.6176,8
"SCANB","MammaPrint",15,792,0.6278,9
"SCANB","MammaPrint",15,793,0.6301,4
"SCANB","MammaPrint",15,794,0.6271,5
"SCANB","MammaPrint",15,795,0.6248,10
"SCANB","MammaPrint",15,796,0.6347,10
"SCANB","MammaPrint",15,797,0.6228,12
"SCANB","MammaPrint",15,798,0.6295,8
"SCANB","MammaPrint",15,799,0.6215,8
"SCANB","MammaPrint",15,800,0.6152,4
"SCANB","MammaPrint",15,801,0.6171,9
"SCANB","MammaPrint",15,802,0.6214,6
"SCANB","MammaPrint",15,803,0.6054,12
"SCANB","MammaPrint",15,804,0.6171,11
"SCANB","MammaPrint",15,805,0.6112,9
"SCANB","MammaPrint",15,806,0.6217,6
"SCANB","MammaPrint",15,807,0.6026,12
"SCANB","MammaPrint",15,808,0.6234,7
"SCANB","MammaPrint",15,809,0.6142,9
"SCANB","MammaPrint",15,810,0.6123,12
"SCANB","MammaPrint",15,811,0.6225,7
"SCANB","MammaPrint",15,812,0.6238,6
"SCANB","MammaPrint",15,813,0.6208,9
"SCANB","MammaPrint",15,814,0.6138,10
"SCANB","MammaPrint",15,815,0.6143,9
"SCANB","MammaPrint",15,816,0.6201,8
"SCANB","MammaPrint",15,817,0.6039,10
"SCANB","MammaPrint",15,818,0.625,5
"SCANB","MammaPrint",15,819,0.6113,10
"SCANB","MammaPrint",15,820,0.6182,8
"SCANB","MammaPrint",15,821,0.6103,9
"SCANB","MammaPrint",15,822,0.618,10
"SCANB","MammaPrint",15,823,0.6248,7
"SCANB","MammaPrint",15,824,0.6334,7
"SCANB","MammaPrint",15,825,0.6071,9
"SCANB","MammaPrint",15,826,0.6111,10
"SCANB","MammaPrint",15,827,0.6089,8
"SCANB","MammaPrint",15,828,0.6164,10
"SCANB","MammaPrint",15,829,0.636,8
"SCANB","MammaPrint",15,830,0.6266,7
"SCANB","MammaPrint",15,831,0.6377,6
"SCANB","MammaPrint",15,832,0.6228,9
"SCANB","MammaPrint",15,833,0.6152,10
"SCANB","MammaPrint",15,834,0.6188,10
"SCANB","MammaPrint",15,835,0.6207,9
"SCANB","MammaPrint",15,836,0.6126,10
"SCANB","MammaPrint",15,837,0.6075,9
"SCANB","MammaPrint",15,838,0.6038,9
"SCANB","MammaPrint",15,839,0.6058,9
"SCANB","MammaPrint",15,840,0.6284,9
"SCANB","MammaPrint",15,841,0.6329,5
"SCANB","MammaPrint",15,842,0.6051,12
"SCANB","MammaPrint",15,843,0.6068,10
"SCANB","MammaPrint",15,844,0.6127,12
"SCANB","MammaPrint",15,845,0.6249,9
"SCANB","MammaPrint",15,846,0.636,5
"SCANB","MammaPrint",15,847,0.6282,6
"SCANB","MammaPrint",15,848,0.615,8
"SCANB","MammaPrint",15,849,0.6173,9
"SCANB","MammaPrint",15,850,0.6189,10
"SCANB","MammaPrint",15,851,0.6207,9
"SCANB","MammaPrint",15,852,0.6252,8
"SCANB","MammaPrint",15,853,0.6138,12
"SCANB","MammaPrint",15,854,0.6007,6
"SCANB","MammaPrint",15,855,0.6133,11
"SCANB","MammaPrint",15,856,0.6214,8
"SCANB","MammaPrint",15,857,0.6157,9
"SCANB","MammaPrint",15,858,0.6115,9
"SCANB","MammaPrint",15,859,0.6115,12
"SCANB","MammaPrint",15,860,0.6045,12
"SCANB","MammaPrint",15,861,0.6276,9
"SCANB","MammaPrint",15,862,0.6327,8
"SCANB","MammaPrint",15,863,0.6244,10
"SCANB","MammaPrint",15,864,0.613,10
"SCANB","MammaPrint",15,865,0.6163,11
"SCANB","MammaPrint",15,866,0.6341,10
"SCANB","MammaPrint",15,867,0.608,12
"SCANB","MammaPrint",15,868,0.6174,8
"SCANB","MammaPrint",15,869,0.6261,7
"SCANB","MammaPrint",15,870,0.6081,10
"SCANB","MammaPrint",15,871,0.6112,9
"SCANB","MammaPrint",15,872,0.6271,10
"SCANB","MammaPrint",15,873,0.6377,4
"SCANB","MammaPrint",15,874,0.6254,9
"SCANB","MammaPrint",15,875,0.6033,12
"SCANB","MammaPrint",15,876,0.6261,10
"SCANB","MammaPrint",15,877,0.6121,10
"SCANB","MammaPrint",15,878,0.6274,8
"SCANB","MammaPrint",15,879,0.6093,12
"SCANB","MammaPrint",15,880,0.6161,5
"SCANB","MammaPrint",15,881,0.6181,7
"SCANB","MammaPrint",15,882,0.62,10
"SCANB","MammaPrint",15,883,0.6154,10
"SCANB","MammaPrint",15,884,0.6265,7
"SCANB","MammaPrint",15,885,0.6251,8
"SCANB","MammaPrint",15,886,0.6416,8
"SCANB","MammaPrint",15,887,0.6029,12
"SCANB","MammaPrint",15,888,0.6054,12
"SCANB","MammaPrint",15,889,0.6085,8
"SCANB","MammaPrint",15,890,0.6334,9
"SCANB","MammaPrint",15,891,0.6225,7
"SCANB","MammaPrint",15,892,0.6301,10
"SCANB","MammaPrint",15,893,0.599,11
"SCANB","MammaPrint",15,894,0.6169,10
"SCANB","MammaPrint",15,895,0.6343,9
"SCANB","MammaPrint",15,896,0.6193,6
"SCANB","MammaPrint",15,897,0.6225,6
"SCANB","MammaPrint",15,898,0.6081,12
"SCANB","MammaPrint",15,899,0.6059,12
"SCANB","MammaPrint",15,900,0.5979,12
"SCANB","MammaPrint",15,901,0.6203,8
"SCANB","MammaPrint",15,902,0.627,7
"SCANB","MammaPrint",15,903,0.6095,12
"SCANB","MammaPrint",15,904,0.6195,5
"SCANB","MammaPrint",15,905,0.632,10
"SCANB","MammaPrint",15,906,0.6207,12
"SCANB","MammaPrint",15,907,0.622,8
"SCANB","MammaPrint",15,908,0.6077,9
"SCANB","MammaPrint",15,909,0.6371,8
"SCANB","MammaPrint",15,910,0.6168,9
"SCANB","MammaPrint",15,911,0.6223,11
"SCANB","MammaPrint",15,912,0.6064,10
"SCANB","MammaPrint",15,913,0.6242,8
"SCANB","MammaPrint",15,914,0.607,10
"SCANB","MammaPrint",15,915,0.6253,3
"SCANB","MammaPrint",15,916,0.6177,9
"SCANB","MammaPrint",15,917,0.6227,6
"SCANB","MammaPrint",15,918,0.6071,12
"SCANB","MammaPrint",15,919,0.6189,8
"SCANB","MammaPrint",15,920,0.6078,12
"SCANB","MammaPrint",15,921,0.6066,9
"SCANB","MammaPrint",15,922,0.6222,7
"SCANB","MammaPrint",15,923,0.5981,12
"SCANB","MammaPrint",15,924,0.6211,7
"SCANB","MammaPrint",15,925,0.6333,10
"SCANB","MammaPrint",15,926,0.6023,11
"SCANB","MammaPrint",15,927,0.619,6
"SCANB","MammaPrint",15,928,0.6034,12
"SCANB","MammaPrint",15,929,0.6336,7
"SCANB","MammaPrint",15,930,0.6123,8
"SCANB","MammaPrint",15,931,0.6168,10
"SCANB","MammaPrint",15,932,0.6204,9
"SCANB","MammaPrint",15,933,0.6191,7
"SCANB","MammaPrint",15,934,0.6254,6
"SCANB","MammaPrint",15,935,0.6204,8
"SCANB","MammaPrint",15,936,0.6083,10
"SCANB","MammaPrint",15,937,0.6265,8
"SCANB","MammaPrint",15,938,0.6057,11
"SCANB","MammaPrint",15,939,0.6129,9
"SCANB","MammaPrint",15,940,0.6111,12
"SCANB","MammaPrint",15,941,0.6168,7
"SCANB","MammaPrint",15,942,0.6119,12
"SCANB","MammaPrint",15,943,0.6307,11
"SCANB","MammaPrint",15,944,0.63,6
"SCANB","MammaPrint",15,945,0.6006,12
"SCANB","MammaPrint",15,946,0.6067,12
"SCANB","MammaPrint",15,947,0.6308,6
"SCANB","MammaPrint",15,948,0.6307,6
"SCANB","MammaPrint",15,949,0.6152,7
"SCANB","MammaPrint",15,950,0.6401,8
"SCANB","MammaPrint",15,951,0.6227,4
"SCANB","MammaPrint",15,952,0.6423,7
"SCANB","MammaPrint",15,953,0.6317,6
"SCANB","MammaPrint",15,954,0.617,10
"SCANB","MammaPrint",15,955,0.6022,11
"SCANB","MammaPrint",15,956,0.6141,10
"SCANB","MammaPrint",15,957,0.6149,10
"SCANB","MammaPrint",15,958,0.6086,6
"SCANB","MammaPrint",15,959,0.6097,10
"SCANB","MammaPrint",15,960,0.6372,7
"SCANB","MammaPrint",15,961,0.6075,11
"SCANB","MammaPrint",15,962,0.6298,6
"SCANB","MammaPrint",15,963,0.6078,12
"SCANB","MammaPrint",15,964,0.6373,5
"SCANB","MammaPrint",15,965,0.6177,9
"SCANB","MammaPrint",15,966,0.6198,9
"SCANB","MammaPrint",15,967,0.6223,6
"SCANB","MammaPrint",15,968,0.6026,10
"SCANB","MammaPrint",15,969,0.624,11
"SCANB","MammaPrint",15,970,0.6262,8
"SCANB","MammaPrint",15,971,0.6195,11
"SCANB","MammaPrint",15,972,0.6218,8
"SCANB","MammaPrint",15,973,0.6142,12
"SCANB","MammaPrint",15,974,0.623,9
"SCANB","MammaPrint",15,975,0.6093,11
"SCANB","MammaPrint",15,976,0.6093,12
"SCANB","MammaPrint",15,977,0.6014,12
"SCANB","MammaPrint",15,978,0.6404,6
"SCANB","MammaPrint",15,979,0.6314,6
"SCANB","MammaPrint",15,980,0.62,6
"SCANB","MammaPrint",15,981,0.6356,9
"SCANB","MammaPrint",15,982,0.6217,4
"SCANB","MammaPrint",15,983,0.624,9
"SCANB","MammaPrint",15,984,0.6282,8
"SCANB","MammaPrint",15,985,0.6267,7
"SCANB","MammaPrint",15,986,0.6314,8
"SCANB","MammaPrint",15,987,0.6237,7
"SCANB","MammaPrint",15,988,0.6311,7
"SCANB","MammaPrint",15,989,0.6222,8
"SCANB","MammaPrint",15,990,0.6095,9
"SCANB","MammaPrint",15,991,0.616,9
"SCANB","MammaPrint",15,992,0.6194,10
"SCANB","MammaPrint",15,993,0.6126,8
"SCANB","MammaPrint",15,994,0.6148,12
"SCANB","MammaPrint",15,995,0.6225,9
"SCANB","MammaPrint",15,996,0.6281,8
"SCANB","MammaPrint",15,997,0.6124,12
"SCANB","MammaPrint",15,998,0.6034,12
"SCANB","MammaPrint",15,999,0.6307,9
"SCANB","MammaPrint",15,1000,0.6283,5
"SCANB","CorePAM",15,1,0.6727,2
"SCANB","CorePAM",15,2,0.6766,1
"SCANB","CorePAM",15,3,0.6678,2
"SCANB","CorePAM",15,4,0.6873,0
"SCANB","CorePAM",15,5,0.6801,1
"SCANB","CorePAM",15,6,0.6675,1
"SCANB","CorePAM",15,7,0.6607,0
"SCANB","CorePAM",15,8,0.688,0
"SCANB","CorePAM",15,9,0.6828,0
"SCANB","CorePAM",15,10,0.6818,1
"SCANB","CorePAM",15,11,0.6695,1
"SCANB","CorePAM",15,12,0.5908,5
"SCANB","CorePAM",15,13,0.6508,0
"SCANB","CorePAM",15,14,0.6587,0
"SCANB","CorePAM",15,15,0.6715,0
"SCANB","CorePAM",15,16,0.6669,0
"SCANB","CorePAM",15,17,0.6846,0
"SCANB","CorePAM",15,18,0.6806,1
"SCANB","CorePAM",15,19,0.6649,0
"SCANB","CorePAM",15,20,0.6255,4
"SCANB","CorePAM",15,21,0.6717,1
"SCANB","CorePAM",15,22,0.6718,2
"SCANB","CorePAM",15,23,0.6565,0
"SCANB","CorePAM",15,24,0.6712,3
"SCANB","CorePAM",15,25,0.6438,0
"SCANB","CorePAM",15,26,0.6695,0
"SCANB","CorePAM",15,27,0.6814,1
"SCANB","CorePAM",15,28,0.6672,0
"SCANB","CorePAM",15,29,0.6832,1
"SCANB","CorePAM",15,30,0.6475,0
"SCANB","CorePAM",15,31,0.6474,0
"SCANB","CorePAM",15,32,0.6698,0
"SCANB","CorePAM",15,33,0.6756,1
"SCANB","CorePAM",15,34,0.6678,2
"SCANB","CorePAM",15,35,0.6621,0
"SCANB","CorePAM",15,36,0.6756,1
"SCANB","CorePAM",15,37,0.6675,0
"SCANB","CorePAM",15,38,0.6442,0
"SCANB","CorePAM",15,39,0.6771,0
"SCANB","CorePAM",15,40,0.686,1
"SCANB","CorePAM",15,41,0.6712,1
"SCANB","CorePAM",15,42,0.6721,0
"SCANB","CorePAM",15,43,0.6806,1
"SCANB","CorePAM",15,44,0.6488,0
"SCANB","CorePAM",15,45,0.6789,4
"SCANB","CorePAM",15,46,0.6565,0
"SCANB","CorePAM",15,47,0.6731,3
"SCANB","CorePAM",15,48,0.6768,0
"SCANB","CorePAM",15,49,0.6812,0
"SCANB","CorePAM",15,50,0.6709,1
"SCANB","CorePAM",15,51,0.6785,0
"SCANB","CorePAM",15,52,0.6669,1
"SCANB","CorePAM",15,53,0.6809,1
"SCANB","CorePAM",15,54,0.6789,4
"SCANB","CorePAM",15,55,0.6699,3
"SCANB","CorePAM",15,56,0.6601,0
"SCANB","CorePAM",15,57,0.6694,1
"SCANB","CorePAM",15,58,0.6906,0
"SCANB","CorePAM",15,59,0.6657,0
"SCANB","CorePAM",15,60,0.672,1
"SCANB","CorePAM",15,61,0.6869,0
"SCANB","CorePAM",15,62,0.6685,0
"SCANB","CorePAM",15,63,0.6666,0
"SCANB","CorePAM",15,64,0.6694,0
"SCANB","CorePAM",15,65,0.6578,1
"SCANB","CorePAM",15,66,0.663,4
"SCANB","CorePAM",15,67,0.6851,0
"SCANB","CorePAM",15,68,0.6744,0
"SCANB","CorePAM",15,69,0.6609,0
"SCANB","CorePAM",15,70,0.6807,0
"SCANB","CorePAM",15,71,0.651,0
"SCANB","CorePAM",15,72,0.6565,2
"SCANB","CorePAM",15,73,0.6675,1
"SCANB","CorePAM",15,74,0.6749,3
"SCANB","CorePAM",15,75,0.679,0
"SCANB","CorePAM",15,76,0.6752,0
"SCANB","CorePAM",15,77,0.6858,0
"SCANB","CorePAM",15,78,0.6761,0
"SCANB","CorePAM",15,79,0.6756,0
"SCANB","CorePAM",15,80,0.5862,0
"SCANB","CorePAM",15,81,0.6638,0
"SCANB","CorePAM",15,82,0.6729,0
"SCANB","CorePAM",15,83,0.6514,0
"SCANB","CorePAM",15,84,0.6663,1
"SCANB","CorePAM",15,85,0.6593,4
"SCANB","CorePAM",15,86,0.6643,1
"SCANB","CorePAM",15,87,0.6828,0
"SCANB","CorePAM",15,88,0.6636,0
"SCANB","CorePAM",15,89,0.649,2
"SCANB","CorePAM",15,90,0.6791,0
"SCANB","CorePAM",15,91,0.6464,0
"SCANB","CorePAM",15,92,0.6348,7
"SCANB","CorePAM",15,93,0.681,1
"SCANB","CorePAM",15,94,0.6727,3
"SCANB","CorePAM",15,95,0.6664,1
"SCANB","CorePAM",15,96,0.6743,0
"SCANB","CorePAM",15,97,0.6724,0
"SCANB","CorePAM",15,98,0.6643,2
"SCANB","CorePAM",15,99,0.6691,1
"SCANB","CorePAM",15,100,0.678,0
"SCANB","CorePAM",15,101,0.6857,0
"SCANB","CorePAM",15,102,0.6771,1
"SCANB","CorePAM",15,103,0.6825,0
"SCANB","CorePAM",15,104,0.6446,0
"SCANB","CorePAM",15,105,0.6764,0
"SCANB","CorePAM",15,106,0.674,0
"SCANB","CorePAM",15,107,0.6669,2
"SCANB","CorePAM",15,108,0.6532,3
"SCANB","CorePAM",15,109,0.6554,0
"SCANB","CorePAM",15,110,0.6618,3
"SCANB","CorePAM",15,111,0.6356,3
"SCANB","CorePAM",15,112,0.6829,0
"SCANB","CorePAM",15,113,0.6814,2
"SCANB","CorePAM",15,114,0.6741,1
"SCANB","CorePAM",15,115,0.6687,3
"SCANB","CorePAM",15,116,0.6332,1
"SCANB","CorePAM",15,117,0.68,2
"SCANB","CorePAM",15,118,0.6789,0
"SCANB","CorePAM",15,119,0.681,0
"SCANB","CorePAM",15,120,0.572,3
"SCANB","CorePAM",15,121,0.6651,0
"SCANB","CorePAM",15,122,0.6721,3
"SCANB","CorePAM",15,123,0.692,0
"SCANB","CorePAM",15,124,0.6865,1
"SCANB","CorePAM",15,125,0.6789,0
"SCANB","CorePAM",15,126,0.6823,0
"SCANB","CorePAM",15,127,0.6702,0
"SCANB","CorePAM",15,128,0.6731,0
"SCANB","CorePAM",15,129,0.6681,0
"SCANB","CorePAM",15,130,0.687,1
"SCANB","CorePAM",15,131,0.6601,0
"SCANB","CorePAM",15,132,0.6685,0
"SCANB","CorePAM",15,133,0.6801,1
"SCANB","CorePAM",15,134,0.6807,0
"SCANB","CorePAM",15,135,0.6445,4
"SCANB","CorePAM",15,136,0.6594,0
"SCANB","CorePAM",15,137,0.666,4
"SCANB","CorePAM",15,138,0.6571,0
"SCANB","CorePAM",15,139,0.6679,0
"SCANB","CorePAM",15,140,0.6502,0
"SCANB","CorePAM",15,141,0.6805,1
"SCANB","CorePAM",15,142,0.6661,0
"SCANB","CorePAM",15,143,0.6413,4
"SCANB","CorePAM",15,144,0.6523,0
"SCANB","CorePAM",15,145,0.6627,0
"SCANB","CorePAM",15,146,0.6726,1
"SCANB","CorePAM",15,147,0.6777,1
"SCANB","CorePAM",15,148,0.5614,5
"SCANB","CorePAM",15,149,0.6835,0
"SCANB","CorePAM",15,150,0.6672,2
"SCANB","CorePAM",15,151,0.6802,1
"SCANB","CorePAM",15,152,0.6827,1
"SCANB","CorePAM",15,153,0.6713,1
"SCANB","CorePAM",15,154,0.6665,4
"SCANB","CorePAM",15,155,0.6712,1
"SCANB","CorePAM",15,156,0.6727,1
"SCANB","CorePAM",15,157,0.6554,0
"SCANB","CorePAM",15,158,0.6686,3
"SCANB","CorePAM",15,159,0.671,1
"SCANB","CorePAM",15,160,0.6802,0
"SCANB","CorePAM",15,161,0.6056,2
"SCANB","CorePAM",15,162,0.6801,0
"SCANB","CorePAM",15,163,0.6487,0
"SCANB","CorePAM",15,164,0.6659,2
"SCANB","CorePAM",15,165,0.6855,0
"SCANB","CorePAM",15,166,0.682,1
"SCANB","CorePAM",15,167,0.6832,0
"SCANB","CorePAM",15,168,0.6668,2
"SCANB","CorePAM",15,169,0.6293,4
"SCANB","CorePAM",15,170,0.6359,0
"SCANB","CorePAM",15,171,0.6032,6
"SCANB","CorePAM",15,172,0.6388,0
"SCANB","CorePAM",15,173,0.6708,0
"SCANB","CorePAM",15,174,0.6477,0
"SCANB","CorePAM",15,175,0.666,0
"SCANB","CorePAM",15,176,0.6406,6
"SCANB","CorePAM",15,177,0.6587,4
"SCANB","CorePAM",15,178,0.681,0
"SCANB","CorePAM",15,179,0.6728,0
"SCANB","CorePAM",15,180,0.6353,0
"SCANB","CorePAM",15,181,0.6559,4
"SCANB","CorePAM",15,182,0.6576,0
"SCANB","CorePAM",15,183,0.6778,0
"SCANB","CorePAM",15,184,0.6623,0
"SCANB","CorePAM",15,185,0.6607,1
"SCANB","CorePAM",15,186,0.6617,3
"SCANB","CorePAM",15,187,0.6721,3
"SCANB","CorePAM",15,188,0.6715,0
"SCANB","CorePAM",15,189,0.6745,0
"SCANB","CorePAM",15,190,0.6731,0
"SCANB","CorePAM",15,191,0.6846,0
"SCANB","CorePAM",15,192,0.655,0
"SCANB","CorePAM",15,193,0.6472,0
"SCANB","CorePAM",15,194,0.6832,1
"SCANB","CorePAM",15,195,0.6407,0
"SCANB","CorePAM",15,196,0.6455,0
"SCANB","CorePAM",15,197,0.6647,2
"SCANB","CorePAM",15,198,0.6761,1
"SCANB","CorePAM",15,199,0.6681,0
"SCANB","CorePAM",15,200,0.6795,0
"SCANB","CorePAM",15,201,0.6818,0
"SCANB","CorePAM",15,202,0.675,2
"SCANB","CorePAM",15,203,0.6743,0
"SCANB","CorePAM",15,204,0.6674,1
"SCANB","CorePAM",15,205,0.6692,3
"SCANB","CorePAM",15,206,0.6772,1
"SCANB","CorePAM",15,207,0.6092,0
"SCANB","CorePAM",15,208,0.6559,0
"SCANB","CorePAM",15,209,0.6725,0
"SCANB","CorePAM",15,210,0.5966,0
"SCANB","CorePAM",15,211,0.6577,0
"SCANB","CorePAM",15,212,0.6522,1
"SCANB","CorePAM",15,213,0.6736,1
"SCANB","CorePAM",15,214,0.6617,0
"SCANB","CorePAM",15,215,0.6828,1
"SCANB","CorePAM",15,216,0.6701,0
"SCANB","CorePAM",15,217,0.6477,3
"SCANB","CorePAM",15,218,0.6826,0
"SCANB","CorePAM",15,219,0.6439,4
"SCANB","CorePAM",15,220,0.6702,0
"SCANB","CorePAM",15,221,0.6767,0
"SCANB","CorePAM",15,222,0.661,0
"SCANB","CorePAM",15,223,0.6804,1
"SCANB","CorePAM",15,224,0.6743,3
"SCANB","CorePAM",15,225,0.6608,0
"SCANB","CorePAM",15,226,0.6851,0
"SCANB","CorePAM",15,227,0.6405,4
"SCANB","CorePAM",15,228,0.6022,0
"SCANB","CorePAM",15,229,0.6763,1
"SCANB","CorePAM",15,230,0.6576,0
"SCANB","CorePAM",15,231,0.6764,1
"SCANB","CorePAM",15,232,0.6494,0
"SCANB","CorePAM",15,233,0.6774,1
"SCANB","CorePAM",15,234,0.68,0
"SCANB","CorePAM",15,235,0.6814,1
"SCANB","CorePAM",15,236,0.6683,0
"SCANB","CorePAM",15,237,0.6947,1
"SCANB","CorePAM",15,238,0.6245,5
"SCANB","CorePAM",15,239,0.6906,0
"SCANB","CorePAM",15,240,0.6784,3
"SCANB","CorePAM",15,241,0.6659,1
"SCANB","CorePAM",15,242,0.661,2
"SCANB","CorePAM",15,243,0.6764,1
"SCANB","CorePAM",15,244,0.6742,0
"SCANB","CorePAM",15,245,0.675,1
"SCANB","CorePAM",15,246,0.6906,0
"SCANB","CorePAM",15,247,0.6464,0
"SCANB","CorePAM",15,248,0.6581,0
"SCANB","CorePAM",15,249,0.6675,0
"SCANB","CorePAM",15,250,0.6694,3
"SCANB","CorePAM",15,251,0.6678,3
"SCANB","CorePAM",15,252,0.6565,0
"SCANB","CorePAM",15,253,0.6717,0
"SCANB","CorePAM",15,254,0.6684,1
"SCANB","CorePAM",15,255,0.6693,1
"SCANB","CorePAM",15,256,0.6627,0
"SCANB","CorePAM",15,257,0.6736,1
"SCANB","CorePAM",15,258,0.6389,4
"SCANB","CorePAM",15,259,0.6797,0
"SCANB","CorePAM",15,260,0.6287,4
"SCANB","CorePAM",15,261,0.6518,0
"SCANB","CorePAM",15,262,0.6552,0
"SCANB","CorePAM",15,263,0.6806,0
"SCANB","CorePAM",15,264,0.6392,0
"SCANB","CorePAM",15,265,0.6689,0
"SCANB","CorePAM",15,266,0.6758,0
"SCANB","CorePAM",15,267,0.6766,3
"SCANB","CorePAM",15,268,0.6543,2
"SCANB","CorePAM",15,269,0.6822,0
"SCANB","CorePAM",15,270,0.6694,0
"SCANB","CorePAM",15,271,0.669,1
"SCANB","CorePAM",15,272,0.5985,0
"SCANB","CorePAM",15,273,0.6778,0
"SCANB","CorePAM",15,274,0.6184,0
"SCANB","CorePAM",15,275,0.6794,1
"SCANB","CorePAM",15,276,0.6822,1
"SCANB","CorePAM",15,277,0.6695,0
"SCANB","CorePAM",15,278,0.676,1
"SCANB","CorePAM",15,279,0.6642,2
"SCANB","CorePAM",15,280,0.6663,3
"SCANB","CorePAM",15,281,0.6729,1
"SCANB","CorePAM",15,282,0.6711,1
"SCANB","CorePAM",15,283,0.6497,0
"SCANB","CorePAM",15,284,0.6618,0
"SCANB","CorePAM",15,285,0.6744,1
"SCANB","CorePAM",15,286,0.6497,0
"SCANB","CorePAM",15,287,0.6724,0
"SCANB","CorePAM",15,288,0.6788,1
"SCANB","CorePAM",15,289,0.6524,0
"SCANB","CorePAM",15,290,0.6317,0
"SCANB","CorePAM",15,291,0.671,1
"SCANB","CorePAM",15,292,0.6737,1
"SCANB","CorePAM",15,293,0.6848,1
"SCANB","CorePAM",15,294,0.6648,3
"SCANB","CorePAM",15,295,0.6839,0
"SCANB","CorePAM",15,296,0.6655,5
"SCANB","CorePAM",15,297,0.6742,0
"SCANB","CorePAM",15,298,0.6801,0
"SCANB","CorePAM",15,299,0.6655,5
"SCANB","CorePAM",15,300,0.6611,4
"SCANB","CorePAM",15,301,0.6524,4
"SCANB","CorePAM",15,302,0.6666,3
"SCANB","CorePAM",15,303,0.6436,0
"SCANB","CorePAM",15,304,0.6809,0
"SCANB","CorePAM",15,305,0.6731,1
"SCANB","CorePAM",15,306,0.6781,0
"SCANB","CorePAM",15,307,0.6829,1
"SCANB","CorePAM",15,308,0.6932,0
"SCANB","CorePAM",15,309,0.6534,2
"SCANB","CorePAM",15,310,0.6676,1
"SCANB","CorePAM",15,311,0.6664,0
"SCANB","CorePAM",15,312,0.6689,3
"SCANB","CorePAM",15,313,0.6823,0
"SCANB","CorePAM",15,314,0.6816,0
"SCANB","CorePAM",15,315,0.646,0
"SCANB","CorePAM",15,316,0.6853,1
"SCANB","CorePAM",15,317,0.6616,2
"SCANB","CorePAM",15,318,0.5269,4
"SCANB","CorePAM",15,319,0.673,3
"SCANB","CorePAM",15,320,0.6018,12
"SCANB","CorePAM",15,321,0.6712,2
"SCANB","CorePAM",15,322,0.6702,0
"SCANB","CorePAM",15,323,0.673,0
"SCANB","CorePAM",15,324,0.668,0
"SCANB","CorePAM",15,325,0.6498,0
"SCANB","CorePAM",15,326,0.5935,0
"SCANB","CorePAM",15,327,0.6666,1
"SCANB","CorePAM",15,328,0.6787,0
"SCANB","CorePAM",15,329,0.6687,1
"SCANB","CorePAM",15,330,0.6819,0
"SCANB","CorePAM",15,331,0.6384,0
"SCANB","CorePAM",15,332,0.6748,0
"SCANB","CorePAM",15,333,0.6708,3
"SCANB","CorePAM",15,334,0.6469,0
"SCANB","CorePAM",15,335,0.6645,1
"SCANB","CorePAM",15,336,0.6762,1
"SCANB","CorePAM",15,337,0.6778,0
"SCANB","CorePAM",15,338,0.6848,0
"SCANB","CorePAM",15,339,0.6693,1
"SCANB","CorePAM",15,340,0.6524,2
"SCANB","CorePAM",15,341,0.6882,0
"SCANB","CorePAM",15,342,0.6748,0
"SCANB","CorePAM",15,343,0.6667,0
"SCANB","CorePAM",15,344,0.6059,5
"SCANB","CorePAM",15,345,0.6812,1
"SCANB","CorePAM",15,346,0.618,0
"SCANB","CorePAM",15,347,0.6712,0
"SCANB","CorePAM",15,348,0.6698,0
"SCANB","CorePAM",15,349,0.6396,0
"SCANB","CorePAM",15,350,0.6343,5
"SCANB","CorePAM",15,351,0.6704,0
"SCANB","CorePAM",15,352,0.643,0
"SCANB","CorePAM",15,353,0.6692,0
"SCANB","CorePAM",15,354,0.654,0
"SCANB","CorePAM",15,355,0.6374,0
"SCANB","CorePAM",15,356,0.682,3
"SCANB","CorePAM",15,357,0.674,0
"SCANB","CorePAM",15,358,0.657,0
"SCANB","CorePAM",15,359,0.6442,4
"SCANB","CorePAM",15,360,0.6845,1
"SCANB","CorePAM",15,361,0.6817,1
"SCANB","CorePAM",15,362,0.6864,0
"SCANB","CorePAM",15,363,0.6667,0
"SCANB","CorePAM",15,364,0.6486,4
"SCANB","CorePAM",15,365,0.657,1
"SCANB","CorePAM",15,366,0.6896,0
"SCANB","CorePAM",15,367,0.6866,0
"SCANB","CorePAM",15,368,0.6684,0
"SCANB","CorePAM",15,369,0.6502,0
"SCANB","CorePAM",15,370,0.6609,4
"SCANB","CorePAM",15,371,0.6357,4
"SCANB","CorePAM",15,372,0.5992,0
"SCANB","CorePAM",15,373,0.6817,1
"SCANB","CorePAM",15,374,0.6559,3
"SCANB","CorePAM",15,375,0.6673,0
"SCANB","CorePAM",15,376,0.6693,0
"SCANB","CorePAM",15,377,0.6794,1
"SCANB","CorePAM",15,378,0.6535,0
"SCANB","CorePAM",15,379,0.6614,0
"SCANB","CorePAM",15,380,0.6886,1
"SCANB","CorePAM",15,381,0.6775,1
"SCANB","CorePAM",15,382,0.6763,2
"SCANB","CorePAM",15,383,0.6741,2
"SCANB","CorePAM",15,384,0.6707,1
"SCANB","CorePAM",15,385,0.678,0
"SCANB","CorePAM",15,386,0.6648,2
"SCANB","CorePAM",15,387,0.673,1
"SCANB","CorePAM",15,388,0.6468,0
"SCANB","CorePAM",15,389,0.6465,0
"SCANB","CorePAM",15,390,0.6814,1
"SCANB","CorePAM",15,391,0.6693,0
"SCANB","CorePAM",15,392,0.6626,4
"SCANB","CorePAM",15,393,0.6868,1
"SCANB","CorePAM",15,394,0.6595,4
"SCANB","CorePAM",15,395,0.6656,0
"SCANB","CorePAM",15,396,0.6826,1
"SCANB","CorePAM",15,397,0.6505,3
"SCANB","CorePAM",15,398,0.659,5
"SCANB","CorePAM",15,399,0.67,1
"SCANB","CorePAM",15,400,0.6696,1
"SCANB","CorePAM",15,401,0.6325,2
"SCANB","CorePAM",15,402,0.6709,0
"SCANB","CorePAM",15,403,0.6751,1
"SCANB","CorePAM",15,404,0.6713,0
"SCANB","CorePAM",15,405,0.6597,2
"SCANB","CorePAM",15,406,0.6789,0
"SCANB","CorePAM",15,407,0.6891,0
"SCANB","CorePAM",15,408,0.6924,0
"SCANB","CorePAM",15,409,0.6461,0
"SCANB","CorePAM",15,410,0.6662,3
"SCANB","CorePAM",15,411,0.673,0
"SCANB","CorePAM",15,412,0.6752,0
"SCANB","CorePAM",15,413,0.6691,3
"SCANB","CorePAM",15,414,0.6719,2
"SCANB","CorePAM",15,415,0.6761,0
"SCANB","CorePAM",15,416,0.6905,0
"SCANB","CorePAM",15,417,0.6721,0
"SCANB","CorePAM",15,418,0.6614,0
"SCANB","CorePAM",15,419,0.6446,0
"SCANB","CorePAM",15,420,0.6858,0
"SCANB","CorePAM",15,421,0.5625,0
"SCANB","CorePAM",15,422,0.6646,0
"SCANB","CorePAM",15,423,0.6584,0
"SCANB","CorePAM",15,424,0.6772,0
"SCANB","CorePAM",15,425,0.6831,0
"SCANB","CorePAM",15,426,0.6584,1
"SCANB","CorePAM",15,427,0.6754,0
"SCANB","CorePAM",15,428,0.6306,0
"SCANB","CorePAM",15,429,0.6762,1
"SCANB","CorePAM",15,430,0.6814,0
"SCANB","CorePAM",15,431,0.6732,0
"SCANB","CorePAM",15,432,0.6744,1
"SCANB","CorePAM",15,433,0.66,0
"SCANB","CorePAM",15,434,0.6787,0
"SCANB","CorePAM",15,435,0.5935,0
"SCANB","CorePAM",15,436,0.6801,1
"SCANB","CorePAM",15,437,0.6635,0
"SCANB","CorePAM",15,438,0.6571,0
"SCANB","CorePAM",15,439,0.6812,1
"SCANB","CorePAM",15,440,0.6814,0
"SCANB","CorePAM",15,441,0.6873,0
"SCANB","CorePAM",15,442,0.667,1
"SCANB","CorePAM",15,443,0.6812,1
"SCANB","CorePAM",15,444,0.6728,3
"SCANB","CorePAM",15,445,0.6855,1
"SCANB","CorePAM",15,446,0.6641,0
"SCANB","CorePAM",15,447,0.6934,0
"SCANB","CorePAM",15,448,0.6517,6
"SCANB","CorePAM",15,449,0.6502,0
"SCANB","CorePAM",15,450,0.6674,2
"SCANB","CorePAM",15,451,0.5916,0
"SCANB","CorePAM",15,452,0.6768,0
"SCANB","CorePAM",15,453,0.6753,1
"SCANB","CorePAM",15,454,0.6878,0
"SCANB","CorePAM",15,455,0.6583,3
"SCANB","CorePAM",15,456,0.6835,1
"SCANB","CorePAM",15,457,0.677,0
"SCANB","CorePAM",15,458,0.6901,1
"SCANB","CorePAM",15,459,0.6749,0
"SCANB","CorePAM",15,460,0.6706,0
"SCANB","CorePAM",15,461,0.6813,0
"SCANB","CorePAM",15,462,0.68,0
"SCANB","CorePAM",15,463,0.6665,2
"SCANB","CorePAM",15,464,0.6508,5
"SCANB","CorePAM",15,465,0.6658,1
"SCANB","CorePAM",15,466,0.6601,3
"SCANB","CorePAM",15,467,0.6518,3
"SCANB","CorePAM",15,468,0.6864,0
"SCANB","CorePAM",15,469,0.676,0
"SCANB","CorePAM",15,470,0.6723,3
"SCANB","CorePAM",15,471,0.6389,0
"SCANB","CorePAM",15,472,0.6835,0
"SCANB","CorePAM",15,473,0.6755,1
"SCANB","CorePAM",15,474,0.6865,1
"SCANB","CorePAM",15,475,0.6772,1
"SCANB","CorePAM",15,476,0.6607,0
"SCANB","CorePAM",15,477,0.6655,0
"SCANB","CorePAM",15,478,0.6657,0
"SCANB","CorePAM",15,479,0.6796,0
"SCANB","CorePAM",15,480,0.6682,1
"SCANB","CorePAM",15,481,0.6779,0
"SCANB","CorePAM",15,482,0.6697,1
"SCANB","CorePAM",15,483,0.6717,0
"SCANB","CorePAM",15,484,0.646,0
"SCANB","CorePAM",15,485,0.676,1
"SCANB","CorePAM",15,486,0.6167,4
"SCANB","CorePAM",15,487,0.6661,1
"SCANB","CorePAM",15,488,0.6712,0
"SCANB","CorePAM",15,489,0.6669,0
"SCANB","CorePAM",15,490,0.6781,2
"SCANB","CorePAM",15,491,0.6748,0
"SCANB","CorePAM",15,492,0.6558,0
"SCANB","CorePAM",15,493,0.6908,1
"SCANB","CorePAM",15,494,0.6761,1
"SCANB","CorePAM",15,495,0.6566,1
"SCANB","CorePAM",15,496,0.6511,3
"SCANB","CorePAM",15,497,0.6678,0
"SCANB","CorePAM",15,498,0.6682,0
"SCANB","CorePAM",15,499,0.6654,0
"SCANB","CorePAM",15,500,0.6812,0
"SCANB","CorePAM",15,501,0.653,0
"SCANB","CorePAM",15,502,0.6771,1
"SCANB","CorePAM",15,503,0.674,1
"SCANB","CorePAM",15,504,0.6454,0
"SCANB","CorePAM",15,505,0.6654,0
"SCANB","CorePAM",15,506,0.6737,0
"SCANB","CorePAM",15,507,0.6807,1
"SCANB","CorePAM",15,508,0.6455,0
"SCANB","CorePAM",15,509,0.6685,0
"SCANB","CorePAM",15,510,0.6798,1
"SCANB","CorePAM",15,511,0.6763,0
"SCANB","CorePAM",15,512,0.6594,5
"SCANB","CorePAM",15,513,0.6792,3
"SCANB","CorePAM",15,514,0.6903,1
"SCANB","CorePAM",15,515,0.6669,2
"SCANB","CorePAM",15,516,0.6713,1
"SCANB","CorePAM",15,517,0.6424,0
"SCANB","CorePAM",15,518,0.6665,2
"SCANB","CorePAM",15,519,0.6735,1
"SCANB","CorePAM",15,520,0.6709,0
"SCANB","CorePAM",15,521,0.6751,0
"SCANB","CorePAM",15,522,0.6843,0
"SCANB","CorePAM",15,523,0.6824,0
"SCANB","CorePAM",15,524,0.673,0
"SCANB","CorePAM",15,525,0.6795,0
"SCANB","CorePAM",15,526,0.6794,2
"SCANB","CorePAM",15,527,0.6794,0
"SCANB","CorePAM",15,528,0.6881,1
"SCANB","CorePAM",15,529,0.6689,0
"SCANB","CorePAM",15,530,0.6676,0
"SCANB","CorePAM",15,531,0.5906,4
"SCANB","CorePAM",15,532,0.6707,0
"SCANB","CorePAM",15,533,0.6144,0
"SCANB","CorePAM",15,534,0.648,0
"SCANB","CorePAM",15,535,0.6821,1
"SCANB","CorePAM",15,536,0.6753,0
"SCANB","CorePAM",15,537,0.6546,0
"SCANB","CorePAM",15,538,0.6484,6
"SCANB","CorePAM",15,539,0.636,0
"SCANB","CorePAM",15,540,0.6674,1
"SCANB","CorePAM",15,541,0.6883,0
"SCANB","CorePAM",15,542,0.6051,0
"SCANB","CorePAM",15,543,0.675,0
"SCANB","CorePAM",15,544,0.6535,0
"SCANB","CorePAM",15,545,0.682,0
"SCANB","CorePAM",15,546,0.6803,0
"SCANB","CorePAM",15,547,0.6541,0
"SCANB","CorePAM",15,548,0.6793,0
"SCANB","CorePAM",15,549,0.6793,1
"SCANB","CorePAM",15,550,0.6718,1
"SCANB","CorePAM",15,551,0.6788,0
"SCANB","CorePAM",15,552,0.679,0
"SCANB","CorePAM",15,553,0.6728,0
"SCANB","CorePAM",15,554,0.6467,0
"SCANB","CorePAM",15,555,0.6698,0
"SCANB","CorePAM",15,556,0.6708,1
"SCANB","CorePAM",15,557,0.6382,4
"SCANB","CorePAM",15,558,0.6536,3
"SCANB","CorePAM",15,559,0.6819,0
"SCANB","CorePAM",15,560,0.6761,0
"SCANB","CorePAM",15,561,0.6681,1
"SCANB","CorePAM",15,562,0.6291,0
"SCANB","CorePAM",15,563,0.6577,2
"SCANB","CorePAM",15,564,0.6697,1
"SCANB","CorePAM",15,565,0.6835,1
"SCANB","CorePAM",15,566,0.683,1
"SCANB","CorePAM",15,567,0.6751,3
"SCANB","CorePAM",15,568,0.663,1
"SCANB","CorePAM",15,569,0.6618,0
"SCANB","CorePAM",15,570,0.659,2
"SCANB","CorePAM",15,571,0.6671,3
"SCANB","CorePAM",15,572,0.6856,0
"SCANB","CorePAM",15,573,0.6783,1
"SCANB","CorePAM",15,574,0.6715,0
"SCANB","CorePAM",15,575,0.6459,0
"SCANB","CorePAM",15,576,0.6592,0
"SCANB","CorePAM",15,577,0.6844,1
"SCANB","CorePAM",15,578,0.6903,0
"SCANB","CorePAM",15,579,0.6626,0
"SCANB","CorePAM",15,580,0.6922,1
"SCANB","CorePAM",15,581,0.5785,0
"SCANB","CorePAM",15,582,0.6449,0
"SCANB","CorePAM",15,583,0.6609,0
"SCANB","CorePAM",15,584,0.6747,1
"SCANB","CorePAM",15,585,0.6705,2
"SCANB","CorePAM",15,586,0.694,1
"SCANB","CorePAM",15,587,0.6519,0
"SCANB","CorePAM",15,588,0.6693,0
"SCANB","CorePAM",15,589,0.6693,0
"SCANB","CorePAM",15,590,0.6649,3
"SCANB","CorePAM",15,591,0.6641,3
"SCANB","CorePAM",15,592,0.6056,0
"SCANB","CorePAM",15,593,0.67,3
"SCANB","CorePAM",15,594,0.6458,0
"SCANB","CorePAM",15,595,0.6812,0
"SCANB","CorePAM",15,596,0.6719,1
"SCANB","CorePAM",15,597,0.682,0
"SCANB","CorePAM",15,598,0.6237,0
"SCANB","CorePAM",15,599,0.6561,0
"SCANB","CorePAM",15,600,0.6747,3
"SCANB","CorePAM",15,601,0.6607,1
"SCANB","CorePAM",15,602,0.6736,3
"SCANB","CorePAM",15,603,0.6877,1
"SCANB","CorePAM",15,604,0.6783,0
"SCANB","CorePAM",15,605,0.6761,0
"SCANB","CorePAM",15,606,0.6771,2
"SCANB","CorePAM",15,607,0.6773,2
"SCANB","CorePAM",15,608,0.686,0
"SCANB","CorePAM",15,609,0.6776,2
"SCANB","CorePAM",15,610,0.6496,0
"SCANB","CorePAM",15,611,0.6779,0
"SCANB","CorePAM",15,612,0.6529,4
"SCANB","CorePAM",15,613,0.6706,1
"SCANB","CorePAM",15,614,0.6738,0
"SCANB","CorePAM",15,615,0.6907,0
"SCANB","CorePAM",15,616,0.6655,4
"SCANB","CorePAM",15,617,0.6712,1
"SCANB","CorePAM",15,618,0.6374,2
"SCANB","CorePAM",15,619,0.6741,4
"SCANB","CorePAM",15,620,0.6723,1
"SCANB","CorePAM",15,621,0.6714,0
"SCANB","CorePAM",15,622,0.678,0
"SCANB","CorePAM",15,623,0.6742,0
"SCANB","CorePAM",15,624,0.6842,0
"SCANB","CorePAM",15,625,0.6509,0
"SCANB","CorePAM",15,626,0.6519,0
"SCANB","CorePAM",15,627,0.673,0
"SCANB","CorePAM",15,628,0.657,2
"SCANB","CorePAM",15,629,0.6433,0
"SCANB","CorePAM",15,630,0.6821,1
"SCANB","CorePAM",15,631,0.6799,1
"SCANB","CorePAM",15,632,0.6593,0
"SCANB","CorePAM",15,633,0.673,2
"SCANB","CorePAM",15,634,0.6608,0
"SCANB","CorePAM",15,635,0.6795,0
"SCANB","CorePAM",15,636,0.646,0
"SCANB","CorePAM",15,637,0.6918,1
"SCANB","CorePAM",15,638,0.68,1
"SCANB","CorePAM",15,639,0.6732,1
"SCANB","CorePAM",15,640,0.6617,4
"SCANB","CorePAM",15,641,0.6448,0
"SCANB","CorePAM",15,642,0.6727,0
"SCANB","CorePAM",15,643,0.6704,0
"SCANB","CorePAM",15,644,0.6722,5
"SCANB","CorePAM",15,645,0.6768,1
"SCANB","CorePAM",15,646,0.6838,1
"SCANB","CorePAM",15,647,0.6774,0
"SCANB","CorePAM",15,648,0.6,5
"SCANB","CorePAM",15,649,0.6888,0
"SCANB","CorePAM",15,650,0.6784,0
"SCANB","CorePAM",15,651,0.6631,0
"SCANB","CorePAM",15,652,0.6507,3
"SCANB","CorePAM",15,653,0.667,2
"SCANB","CorePAM",15,654,0.6492,2
"SCANB","CorePAM",15,655,0.6621,1
"SCANB","CorePAM",15,656,0.6761,0
"SCANB","CorePAM",15,657,0.6369,0
"SCANB","CorePAM",15,658,0.6584,0
"SCANB","CorePAM",15,659,0.6592,3
"SCANB","CorePAM",15,660,0.687,0
"SCANB","CorePAM",15,661,0.6621,4
"SCANB","CorePAM",15,662,0.6243,0
"SCANB","CorePAM",15,663,0.6684,4
"SCANB","CorePAM",15,664,0.6737,1
"SCANB","CorePAM",15,665,0.6482,0
"SCANB","CorePAM",15,666,0.666,2
"SCANB","CorePAM",15,667,0.644,0
"SCANB","CorePAM",15,668,0.6782,1
"SCANB","CorePAM",15,669,0.6763,1
"SCANB","CorePAM",15,670,0.6651,1
"SCANB","CorePAM",15,671,0.684,1
"SCANB","CorePAM",15,672,0.6398,0
"SCANB","CorePAM",15,673,0.6644,0
"SCANB","CorePAM",15,674,0.6532,0
"SCANB","CorePAM",15,675,0.6439,0
"SCANB","CorePAM",15,676,0.6631,1
"SCANB","CorePAM",15,677,0.6831,0
"SCANB","CorePAM",15,678,0.6819,1
"SCANB","CorePAM",15,679,0.6694,0
"SCANB","CorePAM",15,680,0.6761,1
"SCANB","CorePAM",15,681,0.6422,4
"SCANB","CorePAM",15,682,0.6658,1
"SCANB","CorePAM",15,683,0.6618,0
"SCANB","CorePAM",15,684,0.6671,0
"SCANB","CorePAM",15,685,0.6489,3
"SCANB","CorePAM",15,686,0.6642,1
"SCANB","CorePAM",15,687,0.5787,4
"SCANB","CorePAM",15,688,0.6686,0
"SCANB","CorePAM",15,689,0.6671,1
"SCANB","CorePAM",15,690,0.6676,3
"SCANB","CorePAM",15,691,0.6674,0
"SCANB","CorePAM",15,692,0.6873,0
"SCANB","CorePAM",15,693,0.6024,0
"SCANB","CorePAM",15,694,0.6559,0
"SCANB","CorePAM",15,695,0.6474,2
"SCANB","CorePAM",15,696,0.6839,1
"SCANB","CorePAM",15,697,0.6771,0
"SCANB","CorePAM",15,698,0.6745,0
"SCANB","CorePAM",15,699,0.6726,1
"SCANB","CorePAM",15,700,0.6556,0
"SCANB","CorePAM",15,701,0.6636,1
"SCANB","CorePAM",15,702,0.6558,0
"SCANB","CorePAM",15,703,0.6648,2
"SCANB","CorePAM",15,704,0.6641,0
"SCANB","CorePAM",15,705,0.6824,0
"SCANB","CorePAM",15,706,0.6656,0
"SCANB","CorePAM",15,707,0.682,0
"SCANB","CorePAM",15,708,0.6769,1
"SCANB","CorePAM",15,709,0.6558,0
"SCANB","CorePAM",15,710,0.6516,0
"SCANB","CorePAM",15,711,0.6769,3
"SCANB","CorePAM",15,712,0.6644,1
"SCANB","CorePAM",15,713,0.674,1
"SCANB","CorePAM",15,714,0.6617,4
"SCANB","CorePAM",15,715,0.666,2
"SCANB","CorePAM",15,716,0.6616,2
"SCANB","CorePAM",15,717,0.6792,0
"SCANB","CorePAM",15,718,0.6695,0
"SCANB","CorePAM",15,719,0.6637,0
"SCANB","CorePAM",15,720,0.6597,1
"SCANB","CorePAM",15,721,0.6554,0
"SCANB","CorePAM",15,722,0.6784,0
"SCANB","CorePAM",15,723,0.6852,0
"SCANB","CorePAM",15,724,0.6788,2
"SCANB","CorePAM",15,725,0.6655,2
"SCANB","CorePAM",15,726,0.6842,2
"SCANB","CorePAM",15,727,0.6644,0
"SCANB","CorePAM",15,728,0.6598,0
"SCANB","CorePAM",15,729,0.679,1
"SCANB","CorePAM",15,730,0.6574,0
"SCANB","CorePAM",15,731,0.6754,0
"SCANB","CorePAM",15,732,0.6426,5
"SCANB","CorePAM",15,733,0.6735,1
"SCANB","CorePAM",15,734,0.6674,1
"SCANB","CorePAM",15,735,0.6453,0
"SCANB","CorePAM",15,736,0.6802,2
"SCANB","CorePAM",15,737,0.676,0
"SCANB","CorePAM",15,738,0.652,0
"SCANB","CorePAM",15,739,0.6676,0
"SCANB","CorePAM",15,740,0.6827,0
"SCANB","CorePAM",15,741,0.6553,4
"SCANB","CorePAM",15,742,0.6517,4
"SCANB","CorePAM",15,743,0.64,0
"SCANB","CorePAM",15,744,0.6622,1
"SCANB","CorePAM",15,745,0.6594,0
"SCANB","CorePAM",15,746,0.6786,0
"SCANB","CorePAM",15,747,0.675,0
"SCANB","CorePAM",15,748,0.6748,0
"SCANB","CorePAM",15,749,0.677,1
"SCANB","CorePAM",15,750,0.6682,1
"SCANB","CorePAM",15,751,0.6703,2
"SCANB","CorePAM",15,752,0.6723,0
"SCANB","CorePAM",15,753,0.6787,1
"SCANB","CorePAM",15,754,0.654,3
"SCANB","CorePAM",15,755,0.5945,5
"SCANB","CorePAM",15,756,0.6655,2
"SCANB","CorePAM",15,757,0.6357,0
"SCANB","CorePAM",15,758,0.6941,1
"SCANB","CorePAM",15,759,0.6718,0
"SCANB","CorePAM",15,760,0.6716,3
"SCANB","CorePAM",15,761,0.651,0
"SCANB","CorePAM",15,762,0.684,0
"SCANB","CorePAM",15,763,0.6478,0
"SCANB","CorePAM",15,764,0.6322,0
"SCANB","CorePAM",15,765,0.6762,1
"SCANB","CorePAM",15,766,0.682,1
"SCANB","CorePAM",15,767,0.6728,0
"SCANB","CorePAM",15,768,0.6878,1
"SCANB","CorePAM",15,769,0.6786,1
"SCANB","CorePAM",15,770,0.6574,3
"SCANB","CorePAM",15,771,0.6587,2
"SCANB","CorePAM",15,772,0.6775,1
"SCANB","CorePAM",15,773,0.6731,0
"SCANB","CorePAM",15,774,0.6803,0
"SCANB","CorePAM",15,775,0.6821,0
"SCANB","CorePAM",15,776,0.681,1
"SCANB","CorePAM",15,777,0.6852,0
"SCANB","CorePAM",15,778,0.5949,0
"SCANB","CorePAM",15,779,0.6751,1
"SCANB","CorePAM",15,780,0.6487,0
"SCANB","CorePAM",15,781,0.67,0
"SCANB","CorePAM",15,782,0.6852,0
"SCANB","CorePAM",15,783,0.6876,0
"SCANB","CorePAM",15,784,0.6704,0
"SCANB","CorePAM",15,785,0.6772,0
"SCANB","CorePAM",15,786,0.6563,3
"SCANB","CorePAM",15,787,0.6322,0
"SCANB","CorePAM",15,788,0.6418,0
"SCANB","CorePAM",15,789,0.6803,0
"SCANB","CorePAM",15,790,0.6827,1
"SCANB","CorePAM",15,791,0.632,3
"SCANB","CorePAM",15,792,0.6588,0
"SCANB","CorePAM",15,793,0.6738,2
"SCANB","CorePAM",15,794,0.651,3
"SCANB","CorePAM",15,795,0.6639,3
"SCANB","CorePAM",15,796,0.6632,1
"SCANB","CorePAM",15,797,0.6814,0
"SCANB","CorePAM",15,798,0.6716,0
"SCANB","CorePAM",15,799,0.6691,5
"SCANB","CorePAM",15,800,0.692,0
"SCANB","CorePAM",15,801,0.6233,5
"SCANB","CorePAM",15,802,0.6926,1
"SCANB","CorePAM",15,803,0.6717,0
"SCANB","CorePAM",15,804,0.6755,1
"SCANB","CorePAM",15,805,0.6725,0
"SCANB","CorePAM",15,806,0.6454,0
"SCANB","CorePAM",15,807,0.685,0
"SCANB","CorePAM",15,808,0.6773,0
"SCANB","CorePAM",15,809,0.6798,0
"SCANB","CorePAM",15,810,0.674,1
"SCANB","CorePAM",15,811,0.6541,0
"SCANB","CorePAM",15,812,0.691,0
"SCANB","CorePAM",15,813,0.6136,6
"SCANB","CorePAM",15,814,0.6433,0
"SCANB","CorePAM",15,815,0.6498,0
"SCANB","CorePAM",15,816,0.6659,0
"SCANB","CorePAM",15,817,0.6846,1
"SCANB","CorePAM",15,818,0.6666,0
"SCANB","CorePAM",15,819,0.6488,0
"SCANB","CorePAM",15,820,0.6769,0
"SCANB","CorePAM",15,821,0.6829,0
"SCANB","CorePAM",15,822,0.6631,0
"SCANB","CorePAM",15,823,0.6598,0
"SCANB","CorePAM",15,824,0.6839,0
"SCANB","CorePAM",15,825,0.6305,0
"SCANB","CorePAM",15,826,0.6534,0
"SCANB","CorePAM",15,827,0.6644,1
"SCANB","CorePAM",15,828,0.5985,12
"SCANB","CorePAM",15,829,0.6539,0
"SCANB","CorePAM",15,830,0.6725,2
"SCANB","CorePAM",15,831,0.6819,0
"SCANB","CorePAM",15,832,0.6832,0
"SCANB","CorePAM",15,833,0.6738,3
"SCANB","CorePAM",15,834,0.6826,0
"SCANB","CorePAM",15,835,0.6555,3
"SCANB","CorePAM",15,836,0.6685,3
"SCANB","CorePAM",15,837,0.6612,3
"SCANB","CorePAM",15,838,0.6722,0
"SCANB","CorePAM",15,839,0.6808,2
"SCANB","CorePAM",15,840,0.6762,1
"SCANB","CorePAM",15,841,0.6571,1
"SCANB","CorePAM",15,842,0.6653,0
"SCANB","CorePAM",15,843,0.6801,1
"SCANB","CorePAM",15,844,0.673,0
"SCANB","CorePAM",15,845,0.6801,1
"SCANB","CorePAM",15,846,0.6778,0
"SCANB","CorePAM",15,847,0.6371,0
"SCANB","CorePAM",15,848,0.6646,4
"SCANB","CorePAM",15,849,0.6666,0
"SCANB","CorePAM",15,850,0.668,0
"SCANB","CorePAM",15,851,0.641,5
"SCANB","CorePAM",15,852,0.6848,1
"SCANB","CorePAM",15,853,0.6515,0
"SCANB","CorePAM",15,854,0.6695,1
"SCANB","CorePAM",15,855,0.6757,1
"SCANB","CorePAM",15,856,0.6629,4
"SCANB","CorePAM",15,857,0.6711,1
"SCANB","CorePAM",15,858,0.662,1
"SCANB","CorePAM",15,859,0.6834,0
"SCANB","CorePAM",15,860,0.6835,1
"SCANB","CorePAM",15,861,0.642,0
"SCANB","CorePAM",15,862,0.6666,1
"SCANB","CorePAM",15,863,0.6931,1
"SCANB","CorePAM",15,864,0.6838,0
"SCANB","CorePAM",15,865,0.6697,2
"SCANB","CorePAM",15,866,0.685,0
"SCANB","CorePAM",15,867,0.67,1
"SCANB","CorePAM",15,868,0.6806,0
"SCANB","CorePAM",15,869,0.683,1
"SCANB","CorePAM",15,870,0.673,0
"SCANB","CorePAM",15,871,0.6704,0
"SCANB","CorePAM",15,872,0.6715,0
"SCANB","CorePAM",15,873,0.6808,2
"SCANB","CorePAM",15,874,0.6138,6
"SCANB","CorePAM",15,875,0.6534,0
"SCANB","CorePAM",15,876,0.6618,1
"SCANB","CorePAM",15,877,0.6558,0
"SCANB","CorePAM",15,878,0.674,5
"SCANB","CorePAM",15,879,0.6666,1
"SCANB","CorePAM",15,880,0.6758,0
"SCANB","CorePAM",15,881,0.6669,1
"SCANB","CorePAM",15,882,0.6642,0
"SCANB","CorePAM",15,883,0.6713,0
"SCANB","CorePAM",15,884,0.6712,0
"SCANB","CorePAM",15,885,0.6683,1
"SCANB","CorePAM",15,886,0.686,0
"SCANB","CorePAM",15,887,0.675,0
"SCANB","CorePAM",15,888,0.6639,2
"SCANB","CorePAM",15,889,0.676,0
"SCANB","CorePAM",15,890,0.6306,4
"SCANB","CorePAM",15,891,0.659,0
"SCANB","CorePAM",15,892,0.6669,0
"SCANB","CorePAM",15,893,0.6836,0
"SCANB","CorePAM",15,894,0.6743,1
"SCANB","CorePAM",15,895,0.6818,1
"SCANB","CorePAM",15,896,0.602,4
"SCANB","CorePAM",15,897,0.6692,0
"SCANB","CorePAM",15,898,0.6793,0
"SCANB","CorePAM",15,899,0.6778,0
"SCANB","CorePAM",15,900,0.6697,2
"SCANB","CorePAM",15,901,0.6853,0
"SCANB","CorePAM",15,902,0.6843,0
"SCANB","CorePAM",15,903,0.6691,3
"SCANB","CorePAM",15,904,0.6652,0
"SCANB","CorePAM",15,905,0.6494,0
"SCANB","CorePAM",15,906,0.6292,5
"SCANB","CorePAM",15,907,0.6682,5
"SCANB","CorePAM",15,908,0.672,1
"SCANB","CorePAM",15,909,0.6656,1
"SCANB","CorePAM",15,910,0.6653,1
"SCANB","CorePAM",15,911,0.6689,0
"SCANB","CorePAM",15,912,0.6749,3
"SCANB","CorePAM",15,913,0.6578,3
"SCANB","CorePAM",15,914,0.6719,0
"SCANB","CorePAM",15,915,0.6822,1
"SCANB","CorePAM",15,916,0.6753,3
"SCANB","CorePAM",15,917,0.6335,4
"SCANB","CorePAM",15,918,0.6607,1
"SCANB","CorePAM",15,919,0.6557,0
"SCANB","CorePAM",15,920,0.6617,0
"SCANB","CorePAM",15,921,0.6581,0
"SCANB","CorePAM",15,922,0.6689,1
"SCANB","CorePAM",15,923,0.666,3
"SCANB","CorePAM",15,924,0.6512,3
"SCANB","CorePAM",15,925,0.6557,0
"SCANB","CorePAM",15,926,0.6464,0
"SCANB","CorePAM",15,927,0.6592,0
"SCANB","CorePAM",15,928,0.6729,0
"SCANB","CorePAM",15,929,0.6679,3
"SCANB","CorePAM",15,930,0.6498,0
"SCANB","CorePAM",15,931,0.6892,1
"SCANB","CorePAM",15,932,0.6726,1
"SCANB","CorePAM",15,933,0.583,0
"SCANB","CorePAM",15,934,0.6714,1
"SCANB","CorePAM",15,935,0.6754,0
"SCANB","CorePAM",15,936,0.6816,0
"SCANB","CorePAM",15,937,0.6776,0
"SCANB","CorePAM",15,938,0.6411,0
"SCANB","CorePAM",15,939,0.6654,0
"SCANB","CorePAM",15,940,0.6705,0
"SCANB","CorePAM",15,941,0.6196,4
"SCANB","CorePAM",15,942,0.6661,3
"SCANB","CorePAM",15,943,0.6817,1
"SCANB","CorePAM",15,944,0.6749,1
"SCANB","CorePAM",15,945,0.6189,0
"SCANB","CorePAM",15,946,0.6701,3
"SCANB","CorePAM",15,947,0.679,0
"SCANB","CorePAM",15,948,0.6411,2
"SCANB","CorePAM",15,949,0.6738,1
"SCANB","CorePAM",15,950,0.6397,0
"SCANB","CorePAM",15,951,0.6784,2
"SCANB","CorePAM",15,952,0.6281,0
"SCANB","CorePAM",15,953,0.6482,3
"SCANB","CorePAM",15,954,0.6835,1
"SCANB","CorePAM",15,955,0.6262,0
"SCANB","CorePAM",15,956,0.6409,0
"SCANB","CorePAM",15,957,0.6735,0
"SCANB","CorePAM",15,958,0.6513,0
"SCANB","CorePAM",15,959,0.6612,1
"SCANB","CorePAM",15,960,0.678,3
"SCANB","CorePAM",15,961,0.6666,0
"SCANB","CorePAM",15,962,0.6832,1
"SCANB","CorePAM",15,963,0.6346,5
"SCANB","CorePAM",15,964,0.6902,1
"SCANB","CorePAM",15,965,0.668,1
"SCANB","CorePAM",15,966,0.6602,0
"SCANB","CorePAM",15,967,0.6671,0
"SCANB","CorePAM",15,968,0.6661,3
"SCANB","CorePAM",15,969,0.6734,0
"SCANB","CorePAM",15,970,0.6605,0
"SCANB","CorePAM",15,971,0.6591,0
"SCANB","CorePAM",15,972,0.673,0
"SCANB","CorePAM",15,973,0.632,0
"SCANB","CorePAM",15,974,0.6771,0
"SCANB","CorePAM",15,975,0.6753,0
"SCANB","CorePAM",15,976,0.6845,0
"SCANB","CorePAM",15,977,0.6829,0
"SCANB","CorePAM",15,978,0.6745,0
"SCANB","CorePAM",15,979,0.6846,1
"SCANB","CorePAM",15,980,0.6688,0
"SCANB","CorePAM",15,981,0.6639,0
"SCANB","CorePAM",15,982,0.6231,4
"SCANB","CorePAM",15,983,0.6496,0
"SCANB","CorePAM",15,984,0.6647,0
"SCANB","CorePAM",15,985,0.6699,1
"SCANB","CorePAM",15,986,0.6846,1
"SCANB","CorePAM",15,987,0.6593,1
"SCANB","CorePAM",15,988,0.6744,0
"SCANB","CorePAM",15,989,0.6583,0
"SCANB","CorePAM",15,990,0.6576,0
"SCANB","CorePAM",15,991,0.6519,0
"SCANB","CorePAM",15,992,0.6297,5
"SCANB","CorePAM",15,993,0.676,0
"SCANB","CorePAM",15,994,0.6836,2
"SCANB","CorePAM",15,995,0.6888,0
"SCANB","CorePAM",15,996,0.6583,0
"SCANB","CorePAM",15,997,0.6662,0
"SCANB","CorePAM",15,998,0.6793,1
"SCANB","CorePAM",15,999,0.675,3
"SCANB","CorePAM",15,1000,0.663,1
"TCGA_BRCA","GGI",24,1,0.5586,21
"TCGA_BRCA","GGI",24,2,0.5667,21
"TCGA_BRCA","GGI",24,3,0.565,21
"TCGA_BRCA","GGI",24,4,0.5539,21
"TCGA_BRCA","GGI",24,5,0.5685,21
"TCGA_BRCA","GGI",24,6,0.5678,21
"TCGA_BRCA","GGI",24,7,0.5611,21
"TCGA_BRCA","GGI",24,8,0.5629,21
"TCGA_BRCA","GGI",24,9,0.5753,21
"TCGA_BRCA","GGI",24,10,0.5642,21
"TCGA_BRCA","GGI",24,11,0.5681,21
"TCGA_BRCA","GGI",24,12,0.5651,20
"TCGA_BRCA","GGI",24,13,0.5628,20
"TCGA_BRCA","GGI",24,14,0.5652,21
"TCGA_BRCA","GGI",24,15,0.5615,21
"TCGA_BRCA","GGI",24,16,0.5672,21
"TCGA_BRCA","GGI",24,17,0.5638,21
"TCGA_BRCA","GGI",24,18,0.5683,21
"TCGA_BRCA","GGI",24,19,0.5661,17
"TCGA_BRCA","GGI",24,20,0.5669,19
"TCGA_BRCA","GGI",24,21,0.5717,21
"TCGA_BRCA","GGI",24,22,0.5676,21
"TCGA_BRCA","GGI",24,23,0.5672,21
"TCGA_BRCA","GGI",24,24,0.5608,21
"TCGA_BRCA","GGI",24,25,0.5693,20
"TCGA_BRCA","GGI",24,26,0.5638,21
"TCGA_BRCA","GGI",24,27,0.5667,21
"TCGA_BRCA","GGI",24,28,0.5703,21
"TCGA_BRCA","GGI",24,29,0.5759,21
"TCGA_BRCA","GGI",24,30,0.5682,21
"TCGA_BRCA","GGI",24,31,0.5731,21
"TCGA_BRCA","GGI",24,32,0.5723,13
"TCGA_BRCA","GGI",24,33,0.5561,21
"TCGA_BRCA","GGI",24,34,0.5657,21
"TCGA_BRCA","GGI",24,35,0.5649,21
"TCGA_BRCA","GGI",24,36,0.5632,21
"TCGA_BRCA","GGI",24,37,0.5644,18
"TCGA_BRCA","GGI",24,38,0.5612,21
"TCGA_BRCA","GGI",24,39,0.5707,21
"TCGA_BRCA","GGI",24,40,0.5667,21
"TCGA_BRCA","GGI",24,41,0.5649,21
"TCGA_BRCA","GGI",24,42,0.564,21
"TCGA_BRCA","GGI",24,43,0.5719,21
"TCGA_BRCA","GGI",24,44,0.5582,21
"TCGA_BRCA","GGI",24,45,0.5536,21
"TCGA_BRCA","GGI",24,46,0.5614,21
"TCGA_BRCA","GGI",24,47,0.5556,21
"TCGA_BRCA","GGI",24,48,0.562,21
"TCGA_BRCA","GGI",24,49,0.5692,13
"TCGA_BRCA","GGI",24,50,0.5706,21
"TCGA_BRCA","GGI",24,51,0.561,21
"TCGA_BRCA","GGI",24,52,0.5753,21
"TCGA_BRCA","GGI",24,53,0.5581,21
"TCGA_BRCA","GGI",24,54,0.5624,21
"TCGA_BRCA","GGI",24,55,0.5683,21
"TCGA_BRCA","GGI",24,56,0.565,21
"TCGA_BRCA","GGI",24,57,0.5604,21
"TCGA_BRCA","GGI",24,58,0.5706,21
"TCGA_BRCA","GGI",24,59,0.5613,21
"TCGA_BRCA","GGI",24,60,0.5656,21
"TCGA_BRCA","GGI",24,61,0.5665,21
"TCGA_BRCA","GGI",24,62,0.5594,21
"TCGA_BRCA","GGI",24,63,0.5695,21
"TCGA_BRCA","GGI",24,64,0.5638,21
"TCGA_BRCA","GGI",24,65,0.5663,20
"TCGA_BRCA","GGI",24,66,0.5615,21
"TCGA_BRCA","GGI",24,67,0.5696,17
"TCGA_BRCA","GGI",24,68,0.5533,19
"TCGA_BRCA","GGI",24,69,0.5742,21
"TCGA_BRCA","GGI",24,70,0.5667,21
"TCGA_BRCA","GGI",24,71,0.5668,21
"TCGA_BRCA","GGI",24,72,0.5677,15
"TCGA_BRCA","GGI",24,73,0.568,21
"TCGA_BRCA","GGI",24,74,0.5654,21
"TCGA_BRCA","GGI",24,75,0.5731,21
"TCGA_BRCA","GGI",24,76,0.5675,19
"TCGA_BRCA","GGI",24,77,0.5714,21
"TCGA_BRCA","GGI",24,78,0.5732,21
"TCGA_BRCA","GGI",24,79,0.5694,19
"TCGA_BRCA","GGI",24,80,0.5668,21
"TCGA_BRCA","GGI",24,81,0.5724,21
"TCGA_BRCA","GGI",24,82,0.565,21
"TCGA_BRCA","GGI",24,83,0.5734,21
"TCGA_BRCA","GGI",24,84,0.5643,21
"TCGA_BRCA","GGI",24,85,0.5612,21
"TCGA_BRCA","GGI",24,86,0.5639,21
"TCGA_BRCA","GGI",24,87,0.5639,21
"TCGA_BRCA","GGI",24,88,0.5725,21
"TCGA_BRCA","GGI",24,89,0.5619,21
"TCGA_BRCA","GGI",24,90,0.5705,21
"TCGA_BRCA","GGI",24,91,0.5623,21
"TCGA_BRCA","GGI",24,92,0.5574,20
"TCGA_BRCA","GGI",24,93,0.5618,21
"TCGA_BRCA","GGI",24,94,0.5566,20
"TCGA_BRCA","GGI",24,95,0.5626,21
"TCGA_BRCA","GGI",24,96,0.5725,20
"TCGA_BRCA","GGI",24,97,0.5612,21
"TCGA_BRCA","GGI",24,98,0.5579,21
"TCGA_BRCA","GGI",24,99,0.5698,21
"TCGA_BRCA","GGI",24,100,0.5747,21
"TCGA_BRCA","GGI",24,101,0.556,21
"TCGA_BRCA","GGI",24,102,0.5699,21
"TCGA_BRCA","GGI",24,103,0.5603,21
"TCGA_BRCA","GGI",24,104,0.5643,21
"TCGA_BRCA","GGI",24,105,0.5678,21
"TCGA_BRCA","GGI",24,106,0.5726,21
"TCGA_BRCA","GGI",24,107,0.5669,21
"TCGA_BRCA","GGI",24,108,0.5628,19
"TCGA_BRCA","GGI",24,109,0.5682,21
"TCGA_BRCA","GGI",24,110,0.5681,21
"TCGA_BRCA","GGI",24,111,0.5699,21
"TCGA_BRCA","GGI",24,112,0.5633,21
"TCGA_BRCA","GGI",24,113,0.563,13
"TCGA_BRCA","GGI",24,114,0.5778,21
"TCGA_BRCA","GGI",24,115,0.5662,21
"TCGA_BRCA","GGI",24,116,0.5687,21
"TCGA_BRCA","GGI",24,117,0.5644,19
"TCGA_BRCA","GGI",24,118,0.5666,21
"TCGA_BRCA","GGI",24,119,0.5659,21
"TCGA_BRCA","GGI",24,120,0.5688,21
"TCGA_BRCA","GGI",24,121,0.563,21
"TCGA_BRCA","GGI",24,122,0.5586,21
"TCGA_BRCA","GGI",24,123,0.5662,21
"TCGA_BRCA","GGI",24,124,0.5607,20
"TCGA_BRCA","GGI",24,125,0.5579,18
"TCGA_BRCA","GGI",24,126,0.5698,19
"TCGA_BRCA","GGI",24,127,0.5666,21
"TCGA_BRCA","GGI",24,128,0.5656,21
"TCGA_BRCA","GGI",24,129,0.5576,21
"TCGA_BRCA","GGI",24,130,0.5654,21
"TCGA_BRCA","GGI",24,131,0.5623,21
"TCGA_BRCA","GGI",24,132,0.5735,19
"TCGA_BRCA","GGI",24,133,0.5658,21
"TCGA_BRCA","GGI",24,134,0.5622,21
"TCGA_BRCA","GGI",24,135,0.5608,21
"TCGA_BRCA","GGI",24,136,0.5683,21
"TCGA_BRCA","GGI",24,137,0.5617,21
"TCGA_BRCA","GGI",24,138,0.5678,21
"TCGA_BRCA","GGI",24,139,0.5741,21
"TCGA_BRCA","GGI",24,140,0.5616,21
"TCGA_BRCA","GGI",24,141,0.5615,21
"TCGA_BRCA","GGI",24,142,0.5656,21
"TCGA_BRCA","GGI",24,143,0.5654,21
"TCGA_BRCA","GGI",24,144,0.567,21
"TCGA_BRCA","GGI",24,145,0.5658,21
"TCGA_BRCA","GGI",24,146,0.5658,21
"TCGA_BRCA","GGI",24,147,0.5614,21
"TCGA_BRCA","GGI",24,148,0.5624,21
"TCGA_BRCA","GGI",24,149,0.5642,21
"TCGA_BRCA","GGI",24,150,0.5638,21
"TCGA_BRCA","GGI",24,151,0.5718,21
"TCGA_BRCA","GGI",24,152,0.5604,21
"TCGA_BRCA","GGI",24,153,0.5677,21
"TCGA_BRCA","GGI",24,154,0.5756,19
"TCGA_BRCA","GGI",24,155,0.5656,21
"TCGA_BRCA","GGI",24,156,0.5587,21
"TCGA_BRCA","GGI",24,157,0.564,16
"TCGA_BRCA","GGI",24,158,0.5692,21
"TCGA_BRCA","GGI",24,159,0.5606,21
"TCGA_BRCA","GGI",24,160,0.5628,21
"TCGA_BRCA","GGI",24,161,0.5696,21
"TCGA_BRCA","GGI",24,162,0.568,20
"TCGA_BRCA","GGI",24,163,0.5592,21
"TCGA_BRCA","GGI",24,164,0.5673,21
"TCGA_BRCA","GGI",24,165,0.5621,21
"TCGA_BRCA","GGI",24,166,0.561,21
"TCGA_BRCA","GGI",24,167,0.5666,21
"TCGA_BRCA","GGI",24,168,0.5696,21
"TCGA_BRCA","GGI",24,169,0.5685,21
"TCGA_BRCA","GGI",24,170,0.5686,18
"TCGA_BRCA","GGI",24,171,0.5584,21
"TCGA_BRCA","GGI",24,172,0.5646,21
"TCGA_BRCA","GGI",24,173,0.5681,21
"TCGA_BRCA","GGI",24,174,0.565,21
"TCGA_BRCA","GGI",24,175,0.5697,21
"TCGA_BRCA","GGI",24,176,0.5555,21
"TCGA_BRCA","GGI",24,177,0.5656,21
"TCGA_BRCA","GGI",24,178,0.5684,21
"TCGA_BRCA","GGI",24,179,0.5691,21
"TCGA_BRCA","GGI",24,180,0.5674,21
"TCGA_BRCA","GGI",24,181,0.5607,21
"TCGA_BRCA","GGI",24,182,0.5658,21
"TCGA_BRCA","GGI",24,183,0.5638,21
"TCGA_BRCA","GGI",24,184,0.5649,21
"TCGA_BRCA","GGI",24,185,0.5637,21
"TCGA_BRCA","GGI",24,186,0.571,21
"TCGA_BRCA","GGI",24,187,0.5643,21
"TCGA_BRCA","GGI",24,188,0.5682,21
"TCGA_BRCA","GGI",24,189,0.57,21
"TCGA_BRCA","GGI",24,190,0.5764,17
"TCGA_BRCA","GGI",24,191,0.5683,21
"TCGA_BRCA","GGI",24,192,0.559,16
"TCGA_BRCA","GGI",24,193,0.563,21
"TCGA_BRCA","GGI",24,194,0.5649,21
"TCGA_BRCA","GGI",24,195,0.5706,21
"TCGA_BRCA","GGI",24,196,0.5623,21
"TCGA_BRCA","GGI",24,197,0.5645,21
"TCGA_BRCA","GGI",24,198,0.5754,21
"TCGA_BRCA","GGI",24,199,0.5636,21
"TCGA_BRCA","GGI",24,200,0.5624,21
"TCGA_BRCA","GGI",24,201,0.5591,21
"TCGA_BRCA","GGI",24,202,0.5582,21
"TCGA_BRCA","GGI",24,203,0.5744,21
"TCGA_BRCA","GGI",24,204,0.5612,21
"TCGA_BRCA","GGI",24,205,0.5584,21
"TCGA_BRCA","GGI",24,206,0.557,21
"TCGA_BRCA","GGI",24,207,0.561,21
"TCGA_BRCA","GGI",24,208,0.5603,20
"TCGA_BRCA","GGI",24,209,0.559,21
"TCGA_BRCA","GGI",24,210,0.5561,21
"TCGA_BRCA","GGI",24,211,0.5589,21
"TCGA_BRCA","GGI",24,212,0.5738,21
"TCGA_BRCA","GGI",24,213,0.5638,21
"TCGA_BRCA","GGI",24,214,0.5748,21
"TCGA_BRCA","GGI",24,215,0.5602,21
"TCGA_BRCA","GGI",24,216,0.5702,20
"TCGA_BRCA","GGI",24,217,0.5564,21
"TCGA_BRCA","GGI",24,218,0.5644,21
"TCGA_BRCA","GGI",24,219,0.5739,21
"TCGA_BRCA","GGI",24,220,0.5588,21
"TCGA_BRCA","GGI",24,221,0.5638,20
"TCGA_BRCA","GGI",24,222,0.5626,21
"TCGA_BRCA","GGI",24,223,0.5625,21
"TCGA_BRCA","GGI",24,224,0.5724,21
"TCGA_BRCA","GGI",24,225,0.5676,21
"TCGA_BRCA","GGI",24,226,0.5644,21
"TCGA_BRCA","GGI",24,227,0.5664,21
"TCGA_BRCA","GGI",24,228,0.5553,21
"TCGA_BRCA","GGI",24,229,0.5718,20
"TCGA_BRCA","GGI",24,230,0.5705,21
"TCGA_BRCA","GGI",24,231,0.5668,21
"TCGA_BRCA","GGI",24,232,0.5665,21
"TCGA_BRCA","GGI",24,233,0.5635,21
"TCGA_BRCA","GGI",24,234,0.5616,21
"TCGA_BRCA","GGI",24,235,0.5717,21
"TCGA_BRCA","GGI",24,236,0.5551,21
"TCGA_BRCA","GGI",24,237,0.5792,21
"TCGA_BRCA","GGI",24,238,0.5667,21
"TCGA_BRCA","GGI",24,239,0.5603,21
"TCGA_BRCA","GGI",24,240,0.5647,21
"TCGA_BRCA","GGI",24,241,0.5583,21
"TCGA_BRCA","GGI",24,242,0.561,17
"TCGA_BRCA","GGI",24,243,0.5711,19
"TCGA_BRCA","GGI",24,244,0.566,21
"TCGA_BRCA","GGI",24,245,0.5682,21
"TCGA_BRCA","GGI",24,246,0.5619,18
"TCGA_BRCA","GGI",24,247,0.5643,16
"TCGA_BRCA","GGI",24,248,0.5715,18
"TCGA_BRCA","GGI",24,249,0.5622,21
"TCGA_BRCA","GGI",24,250,0.5647,21
"TCGA_BRCA","GGI",24,251,0.5717,19
"TCGA_BRCA","GGI",24,252,0.5642,20
"TCGA_BRCA","GGI",24,253,0.5659,21
"TCGA_BRCA","GGI",24,254,0.5653,21
"TCGA_BRCA","GGI",24,255,0.5669,21
"TCGA_BRCA","GGI",24,256,0.5702,21
"TCGA_BRCA","GGI",24,257,0.567,19
"TCGA_BRCA","GGI",24,258,0.57,21
"TCGA_BRCA","GGI",24,259,0.5612,21
"TCGA_BRCA","GGI",24,260,0.5668,21
"TCGA_BRCA","GGI",24,261,0.5698,21
"TCGA_BRCA","GGI",24,262,0.5719,21
"TCGA_BRCA","GGI",24,263,0.5677,21
"TCGA_BRCA","GGI",24,264,0.5625,21
"TCGA_BRCA","GGI",24,265,0.5601,21
"TCGA_BRCA","GGI",24,266,0.5697,21
"TCGA_BRCA","GGI",24,267,0.5726,19
"TCGA_BRCA","GGI",24,268,0.5667,20
"TCGA_BRCA","GGI",24,269,0.5632,21
"TCGA_BRCA","GGI",24,270,0.5722,21
"TCGA_BRCA","GGI",24,271,0.5718,21
"TCGA_BRCA","GGI",24,272,0.5628,21
"TCGA_BRCA","GGI",24,273,0.5688,18
"TCGA_BRCA","GGI",24,274,0.5637,20
"TCGA_BRCA","GGI",24,275,0.5747,19
"TCGA_BRCA","GGI",24,276,0.5692,21
"TCGA_BRCA","GGI",24,277,0.5587,21
"TCGA_BRCA","GGI",24,278,0.5648,21
"TCGA_BRCA","GGI",24,279,0.5632,21
"TCGA_BRCA","GGI",24,280,0.5638,21
"TCGA_BRCA","GGI",24,281,0.5633,21
"TCGA_BRCA","GGI",24,282,0.5686,21
"TCGA_BRCA","GGI",24,283,0.576,21
"TCGA_BRCA","GGI",24,284,0.5653,21
"TCGA_BRCA","GGI",24,285,0.5624,21
"TCGA_BRCA","GGI",24,286,0.5595,18
"TCGA_BRCA","GGI",24,287,0.5643,21
"TCGA_BRCA","GGI",24,288,0.5619,21
"TCGA_BRCA","GGI",24,289,0.5556,21
"TCGA_BRCA","GGI",24,290,0.577,21
"TCGA_BRCA","GGI",24,291,0.5616,21
"TCGA_BRCA","GGI",24,292,0.5699,21
"TCGA_BRCA","GGI",24,293,0.5669,21
"TCGA_BRCA","GGI",24,294,0.5606,21
"TCGA_BRCA","GGI",24,295,0.5725,21
"TCGA_BRCA","GGI",24,296,0.5739,21
"TCGA_BRCA","GGI",24,297,0.5615,21
"TCGA_BRCA","GGI",24,298,0.5568,21
"TCGA_BRCA","GGI",24,299,0.5657,21
"TCGA_BRCA","GGI",24,300,0.5608,21
"TCGA_BRCA","GGI",24,301,0.5678,21
"TCGA_BRCA","GGI",24,302,0.5649,20
"TCGA_BRCA","GGI",24,303,0.5726,21
"TCGA_BRCA","GGI",24,304,0.563,21
"TCGA_BRCA","GGI",24,305,0.5675,21
"TCGA_BRCA","GGI",24,306,0.5601,21
"TCGA_BRCA","GGI",24,307,0.5642,21
"TCGA_BRCA","GGI",24,308,0.5709,21
"TCGA_BRCA","GGI",24,309,0.5652,21
"TCGA_BRCA","GGI",24,310,0.5714,20
"TCGA_BRCA","GGI",24,311,0.5624,21
"TCGA_BRCA","GGI",24,312,0.5598,21
"TCGA_BRCA","GGI",24,313,0.5613,21
"TCGA_BRCA","GGI",24,314,0.5738,21
"TCGA_BRCA","GGI",24,315,0.5695,21
"TCGA_BRCA","GGI",24,316,0.5653,19
"TCGA_BRCA","GGI",24,317,0.5689,21
"TCGA_BRCA","GGI",24,318,0.5658,21
"TCGA_BRCA","GGI",24,319,0.569,21
"TCGA_BRCA","GGI",24,320,0.5652,21
"TCGA_BRCA","GGI",24,321,0.5635,21
"TCGA_BRCA","GGI",24,322,0.5606,21
"TCGA_BRCA","GGI",24,323,0.5588,21
"TCGA_BRCA","GGI",24,324,0.5633,18
"TCGA_BRCA","GGI",24,325,0.5596,19
"TCGA_BRCA","GGI",24,326,0.5632,21
"TCGA_BRCA","GGI",24,327,0.5624,21
"TCGA_BRCA","GGI",24,328,0.5765,21
"TCGA_BRCA","GGI",24,329,0.5543,21
"TCGA_BRCA","GGI",24,330,0.5724,21
"TCGA_BRCA","GGI",24,331,0.569,20
"TCGA_BRCA","GGI",24,332,0.5609,21
"TCGA_BRCA","GGI",24,333,NA,NA
"TCGA_BRCA","GGI",24,334,0.5594,21
"TCGA_BRCA","GGI",24,335,0.5596,21
"TCGA_BRCA","GGI",24,336,0.5653,21
"TCGA_BRCA","GGI",24,337,0.5675,16
"TCGA_BRCA","GGI",24,338,0.5677,20
"TCGA_BRCA","GGI",24,339,0.5705,21
"TCGA_BRCA","GGI",24,340,0.5649,21
"TCGA_BRCA","GGI",24,341,0.5634,21
"TCGA_BRCA","GGI",24,342,0.5673,21
"TCGA_BRCA","GGI",24,343,0.5657,21
"TCGA_BRCA","GGI",24,344,0.5683,12
"TCGA_BRCA","GGI",24,345,0.5625,21
"TCGA_BRCA","GGI",24,346,0.5627,21
"TCGA_BRCA","GGI",24,347,0.5704,19
"TCGA_BRCA","GGI",24,348,0.5609,21
"TCGA_BRCA","GGI",24,349,0.5647,21
"TCGA_BRCA","GGI",24,350,0.5687,21
"TCGA_BRCA","GGI",24,351,0.5661,21
"TCGA_BRCA","GGI",24,352,0.5603,21
"TCGA_BRCA","GGI",24,353,0.558,21
"TCGA_BRCA","GGI",24,354,0.5573,21
"TCGA_BRCA","GGI",24,355,0.5597,21
"TCGA_BRCA","GGI",24,356,0.5763,17
"TCGA_BRCA","GGI",24,357,0.5651,19
"TCGA_BRCA","GGI",24,358,0.5734,20
"TCGA_BRCA","GGI",24,359,0.5636,18
"TCGA_BRCA","GGI",24,360,0.5717,15
"TCGA_BRCA","GGI",24,361,0.5715,11
"TCGA_BRCA","GGI",24,362,0.5611,16
"TCGA_BRCA","GGI",24,363,0.5645,21
"TCGA_BRCA","GGI",24,364,0.5647,21
"TCGA_BRCA","GGI",24,365,0.5708,21
"TCGA_BRCA","GGI",24,366,0.5582,21
"TCGA_BRCA","GGI",24,367,0.5612,18
"TCGA_BRCA","GGI",24,368,0.5684,18
"TCGA_BRCA","GGI",24,369,0.5596,21
"TCGA_BRCA","GGI",24,370,0.5593,21
"TCGA_BRCA","GGI",24,371,0.566,21
"TCGA_BRCA","GGI",24,372,0.5669,21
"TCGA_BRCA","GGI",24,373,0.5714,21
"TCGA_BRCA","GGI",24,374,0.5633,21
"TCGA_BRCA","GGI",24,375,0.569,21
"TCGA_BRCA","GGI",24,376,0.5657,20
"TCGA_BRCA","GGI",24,377,0.5623,19
"TCGA_BRCA","GGI",24,378,0.5681,21
"TCGA_BRCA","GGI",24,379,0.5722,19
"TCGA_BRCA","GGI",24,380,0.5607,21
"TCGA_BRCA","GGI",24,381,0.5505,21
"TCGA_BRCA","GGI",24,382,0.5626,21
"TCGA_BRCA","GGI",24,383,0.5597,21
"TCGA_BRCA","GGI",24,384,0.5643,19
"TCGA_BRCA","GGI",24,385,0.5566,21
"TCGA_BRCA","GGI",24,386,0.5677,21
"TCGA_BRCA","GGI",24,387,0.5787,19
"TCGA_BRCA","GGI",24,388,0.5588,21
"TCGA_BRCA","GGI",24,389,0.5597,21
"TCGA_BRCA","GGI",24,390,0.5707,21
"TCGA_BRCA","GGI",24,391,0.5665,21
"TCGA_BRCA","GGI",24,392,0.5662,21
"TCGA_BRCA","GGI",24,393,0.5697,21
"TCGA_BRCA","GGI",24,394,0.5665,21
"TCGA_BRCA","GGI",24,395,0.5627,21
"TCGA_BRCA","GGI",24,396,0.5659,21
"TCGA_BRCA","GGI",24,397,0.5622,21
"TCGA_BRCA","GGI",24,398,0.5723,19
"TCGA_BRCA","GGI",24,399,0.56,21
"TCGA_BRCA","GGI",24,400,0.5645,21
"TCGA_BRCA","GGI",24,401,0.561,21
"TCGA_BRCA","GGI",24,402,0.5688,21
"TCGA_BRCA","GGI",24,403,0.5753,21
"TCGA_BRCA","GGI",24,404,0.5647,21
"TCGA_BRCA","GGI",24,405,0.5688,20
"TCGA_BRCA","GGI",24,406,0.569,18
"TCGA_BRCA","GGI",24,407,0.5719,21
"TCGA_BRCA","GGI",24,408,0.5696,21
"TCGA_BRCA","GGI",24,409,0.5621,21
"TCGA_BRCA","GGI",24,410,0.574,21
"TCGA_BRCA","GGI",24,411,0.5591,21
"TCGA_BRCA","GGI",24,412,0.5631,21
"TCGA_BRCA","GGI",24,413,0.5548,21
"TCGA_BRCA","GGI",24,414,0.5688,21
"TCGA_BRCA","GGI",24,415,0.5695,21
"TCGA_BRCA","GGI",24,416,0.5659,21
"TCGA_BRCA","GGI",24,417,0.5644,21
"TCGA_BRCA","GGI",24,418,0.5679,21
"TCGA_BRCA","GGI",24,419,0.5633,19
"TCGA_BRCA","GGI",24,420,0.5721,21
"TCGA_BRCA","GGI",24,421,0.5706,21
"TCGA_BRCA","GGI",24,422,0.5627,21
"TCGA_BRCA","GGI",24,423,0.5693,21
"TCGA_BRCA","GGI",24,424,0.5555,21
"TCGA_BRCA","GGI",24,425,0.5685,18
"TCGA_BRCA","GGI",24,426,0.5581,21
"TCGA_BRCA","GGI",24,427,0.563,21
"TCGA_BRCA","GGI",24,428,0.563,20
"TCGA_BRCA","GGI",24,429,0.5701,21
"TCGA_BRCA","GGI",24,430,0.5727,21
"TCGA_BRCA","GGI",24,431,0.5699,21
"TCGA_BRCA","GGI",24,432,0.5724,21
"TCGA_BRCA","GGI",24,433,0.5651,21
"TCGA_BRCA","GGI",24,434,0.5561,21
"TCGA_BRCA","GGI",24,435,0.569,21
"TCGA_BRCA","GGI",24,436,0.5574,21
"TCGA_BRCA","GGI",24,437,0.5543,21
"TCGA_BRCA","GGI",24,438,0.5736,21
"TCGA_BRCA","GGI",24,439,0.5597,21
"TCGA_BRCA","GGI",24,440,0.5642,21
"TCGA_BRCA","GGI",24,441,0.5645,21
"TCGA_BRCA","GGI",24,442,0.5633,21
"TCGA_BRCA","GGI",24,443,0.5631,21
"TCGA_BRCA","GGI",24,444,0.5585,21
"TCGA_BRCA","GGI",24,445,0.5728,21
"TCGA_BRCA","GGI",24,446,0.5706,21
"TCGA_BRCA","GGI",24,447,0.5651,21
"TCGA_BRCA","GGI",24,448,0.5745,21
"TCGA_BRCA","GGI",24,449,0.5609,21
"TCGA_BRCA","GGI",24,450,0.5608,21
"TCGA_BRCA","GGI",24,451,0.5727,21
"TCGA_BRCA","GGI",24,452,0.583,21
"TCGA_BRCA","GGI",24,453,0.5571,21
"TCGA_BRCA","GGI",24,454,0.559,21
"TCGA_BRCA","GGI",24,455,0.5582,21
"TCGA_BRCA","GGI",24,456,0.5591,21
"TCGA_BRCA","GGI",24,457,0.5613,21
"TCGA_BRCA","GGI",24,458,0.5628,21
"TCGA_BRCA","GGI",24,459,0.5638,21
"TCGA_BRCA","GGI",24,460,0.5661,16
"TCGA_BRCA","GGI",24,461,0.5578,21
"TCGA_BRCA","GGI",24,462,0.5672,21
"TCGA_BRCA","GGI",24,463,0.5627,21
"TCGA_BRCA","GGI",24,464,0.5616,21
"TCGA_BRCA","GGI",24,465,0.5738,21
"TCGA_BRCA","GGI",24,466,0.5651,21
"TCGA_BRCA","GGI",24,467,0.563,21
"TCGA_BRCA","GGI",24,468,0.5555,21
"TCGA_BRCA","GGI",24,469,0.563,21
"TCGA_BRCA","GGI",24,470,0.5604,21
"TCGA_BRCA","GGI",24,471,0.5729,21
"TCGA_BRCA","GGI",24,472,0.565,21
"TCGA_BRCA","GGI",24,473,0.5614,21
"TCGA_BRCA","GGI",24,474,0.566,21
"TCGA_BRCA","GGI",24,475,0.5647,20
"TCGA_BRCA","GGI",24,476,0.5629,21
"TCGA_BRCA","GGI",24,477,0.5596,21
"TCGA_BRCA","GGI",24,478,0.5796,21
"TCGA_BRCA","GGI",24,479,0.5684,21
"TCGA_BRCA","GGI",24,480,0.5704,21
"TCGA_BRCA","GGI",24,481,0.5652,21
"TCGA_BRCA","GGI",24,482,0.5741,21
"TCGA_BRCA","GGI",24,483,0.5747,21
"TCGA_BRCA","GGI",24,484,0.5643,20
"TCGA_BRCA","GGI",24,485,0.5558,21
"TCGA_BRCA","GGI",24,486,0.5619,21
"TCGA_BRCA","GGI",24,487,0.5662,21
"TCGA_BRCA","GGI",24,488,0.5553,21
"TCGA_BRCA","GGI",24,489,0.5691,21
"TCGA_BRCA","GGI",24,490,0.5629,21
"TCGA_BRCA","GGI",24,491,0.5698,21
"TCGA_BRCA","GGI",24,492,0.564,21
"TCGA_BRCA","GGI",24,493,0.5628,21
"TCGA_BRCA","GGI",24,494,0.5649,21
"TCGA_BRCA","GGI",24,495,0.5685,17
"TCGA_BRCA","GGI",24,496,0.5664,14
"TCGA_BRCA","GGI",24,497,0.564,21
"TCGA_BRCA","GGI",24,498,0.5697,16
"TCGA_BRCA","GGI",24,499,0.5566,21
"TCGA_BRCA","GGI",24,500,0.5729,21
"TCGA_BRCA","GGI",24,501,0.5687,21
"TCGA_BRCA","GGI",24,502,0.5653,21
"TCGA_BRCA","GGI",24,503,0.5591,21
"TCGA_BRCA","GGI",24,504,0.567,21
"TCGA_BRCA","GGI",24,505,0.5676,21
"TCGA_BRCA","GGI",24,506,0.5632,21
"TCGA_BRCA","GGI",24,507,0.5582,21
"TCGA_BRCA","GGI",24,508,0.5585,21
"TCGA_BRCA","GGI",24,509,0.5587,21
"TCGA_BRCA","GGI",24,510,0.5665,21
"TCGA_BRCA","GGI",24,511,0.5607,21
"TCGA_BRCA","GGI",24,512,0.5599,21
"TCGA_BRCA","GGI",24,513,0.5622,21
"TCGA_BRCA","GGI",24,514,0.5636,21
"TCGA_BRCA","GGI",24,515,0.5608,20
"TCGA_BRCA","GGI",24,516,0.5689,21
"TCGA_BRCA","GGI",24,517,0.5693,21
"TCGA_BRCA","GGI",24,518,0.5679,21
"TCGA_BRCA","GGI",24,519,0.5668,21
"TCGA_BRCA","GGI",24,520,0.5695,21
"TCGA_BRCA","GGI",24,521,0.5602,21
"TCGA_BRCA","GGI",24,522,0.5639,21
"TCGA_BRCA","GGI",24,523,0.5574,21
"TCGA_BRCA","GGI",24,524,0.5703,21
"TCGA_BRCA","GGI",24,525,0.5638,21
"TCGA_BRCA","GGI",24,526,0.5698,21
"TCGA_BRCA","GGI",24,527,0.5611,21
"TCGA_BRCA","GGI",24,528,0.5644,21
"TCGA_BRCA","GGI",24,529,0.5726,21
"TCGA_BRCA","GGI",24,530,0.5665,19
"TCGA_BRCA","GGI",24,531,0.5669,21
"TCGA_BRCA","GGI",24,532,0.5632,20
"TCGA_BRCA","GGI",24,533,0.567,20
"TCGA_BRCA","GGI",24,534,0.562,21
"TCGA_BRCA","GGI",24,535,0.5696,21
"TCGA_BRCA","GGI",24,536,0.5685,21
"TCGA_BRCA","GGI",24,537,0.5689,21
"TCGA_BRCA","GGI",24,538,0.5632,21
"TCGA_BRCA","GGI",24,539,0.5552,21
"TCGA_BRCA","GGI",24,540,0.5572,21
"TCGA_BRCA","GGI",24,541,0.5662,21
"TCGA_BRCA","GGI",24,542,0.5604,21
"TCGA_BRCA","GGI",24,543,0.5646,20
"TCGA_BRCA","GGI",24,544,0.5677,20
"TCGA_BRCA","GGI",24,545,0.5649,21
"TCGA_BRCA","GGI",24,546,0.5697,21
"TCGA_BRCA","GGI",24,547,0.5626,21
"TCGA_BRCA","GGI",24,548,0.5617,21
"TCGA_BRCA","GGI",24,549,0.5541,21
"TCGA_BRCA","GGI",24,550,0.5713,21
"TCGA_BRCA","GGI",24,551,0.5624,21
"TCGA_BRCA","GGI",24,552,0.5737,21
"TCGA_BRCA","GGI",24,553,0.5607,21
"TCGA_BRCA","GGI",24,554,0.5563,21
"TCGA_BRCA","GGI",24,555,0.5695,21
"TCGA_BRCA","GGI",24,556,0.562,21
"TCGA_BRCA","GGI",24,557,0.5666,21
"TCGA_BRCA","GGI",24,558,0.5649,21
"TCGA_BRCA","GGI",24,559,0.5763,21
"TCGA_BRCA","GGI",24,560,0.562,21
"TCGA_BRCA","GGI",24,561,0.5644,18
"TCGA_BRCA","GGI",24,562,0.5619,19
"TCGA_BRCA","GGI",24,563,0.5658,21
"TCGA_BRCA","GGI",24,564,0.5653,21
"TCGA_BRCA","GGI",24,565,0.5632,21
"TCGA_BRCA","GGI",24,566,0.568,21
"TCGA_BRCA","GGI",24,567,0.5639,21
"TCGA_BRCA","GGI",24,568,0.5554,21
"TCGA_BRCA","GGI",24,569,0.567,17
"TCGA_BRCA","GGI",24,570,0.5705,21
"TCGA_BRCA","GGI",24,571,0.5592,21
"TCGA_BRCA","GGI",24,572,0.5521,21
"TCGA_BRCA","GGI",24,573,0.5622,21
"TCGA_BRCA","GGI",24,574,0.5674,21
"TCGA_BRCA","GGI",24,575,0.5691,21
"TCGA_BRCA","GGI",24,576,0.5681,21
"TCGA_BRCA","GGI",24,577,0.5633,21
"TCGA_BRCA","GGI",24,578,0.5762,21
"TCGA_BRCA","GGI",24,579,0.5631,21
"TCGA_BRCA","GGI",24,580,0.5644,21
"TCGA_BRCA","GGI",24,581,0.5585,19
"TCGA_BRCA","GGI",24,582,0.563,21
"TCGA_BRCA","GGI",24,583,0.574,20
"TCGA_BRCA","GGI",24,584,0.5663,17
"TCGA_BRCA","GGI",24,585,0.5709,21
"TCGA_BRCA","GGI",24,586,0.5741,21
"TCGA_BRCA","GGI",24,587,0.5645,20
"TCGA_BRCA","GGI",24,588,0.5571,21
"TCGA_BRCA","GGI",24,589,0.5514,21
"TCGA_BRCA","GGI",24,590,0.5696,21
"TCGA_BRCA","GGI",24,591,0.5628,21
"TCGA_BRCA","GGI",24,592,0.5619,21
"TCGA_BRCA","GGI",24,593,0.5618,21
"TCGA_BRCA","GGI",24,594,0.5721,15
"TCGA_BRCA","GGI",24,595,0.5642,21
"TCGA_BRCA","GGI",24,596,0.5584,21
"TCGA_BRCA","GGI",24,597,0.5737,21
"TCGA_BRCA","GGI",24,598,0.5621,21
"TCGA_BRCA","GGI",24,599,0.5738,21
"TCGA_BRCA","GGI",24,600,0.569,21
"TCGA_BRCA","GGI",24,601,0.5613,21
"TCGA_BRCA","GGI",24,602,0.5655,19
"TCGA_BRCA","GGI",24,603,0.5673,21
"TCGA_BRCA","GGI",24,604,0.5648,21
"TCGA_BRCA","GGI",24,605,0.5679,21
"TCGA_BRCA","GGI",24,606,0.5611,21
"TCGA_BRCA","GGI",24,607,0.5733,21
"TCGA_BRCA","GGI",24,608,0.5614,21
"TCGA_BRCA","GGI",24,609,0.5658,21
"TCGA_BRCA","GGI",24,610,0.5682,21
"TCGA_BRCA","GGI",24,611,0.5614,21
"TCGA_BRCA","GGI",24,612,0.5648,21
"TCGA_BRCA","GGI",24,613,0.571,21
"TCGA_BRCA","GGI",24,614,0.5682,21
"TCGA_BRCA","GGI",24,615,0.5663,21
"TCGA_BRCA","GGI",24,616,0.5687,21
"TCGA_BRCA","GGI",24,617,0.581,13
"TCGA_BRCA","GGI",24,618,0.5715,19
"TCGA_BRCA","GGI",24,619,0.5607,21
"TCGA_BRCA","GGI",24,620,0.5657,21
"TCGA_BRCA","GGI",24,621,0.5652,21
"TCGA_BRCA","GGI",24,622,0.567,20
"TCGA_BRCA","GGI",24,623,0.5614,21
"TCGA_BRCA","GGI",24,624,0.5595,21
"TCGA_BRCA","GGI",24,625,0.5735,21
"TCGA_BRCA","GGI",24,626,0.5629,11
"TCGA_BRCA","GGI",24,627,0.5621,21
"TCGA_BRCA","GGI",24,628,0.5631,21
"TCGA_BRCA","GGI",24,629,0.563,21
"TCGA_BRCA","GGI",24,630,0.5608,21
"TCGA_BRCA","GGI",24,631,0.5659,21
"TCGA_BRCA","GGI",24,632,0.5686,21
"TCGA_BRCA","GGI",24,633,0.5638,20
"TCGA_BRCA","GGI",24,634,0.5615,21
"TCGA_BRCA","GGI",24,635,0.5703,21
"TCGA_BRCA","GGI",24,636,0.5586,21
"TCGA_BRCA","GGI",24,637,0.5659,21
"TCGA_BRCA","GGI",24,638,0.567,21
"TCGA_BRCA","GGI",24,639,0.5692,21
"TCGA_BRCA","GGI",24,640,0.5648,20
"TCGA_BRCA","GGI",24,641,0.5609,20
"TCGA_BRCA","GGI",24,642,0.5576,21
"TCGA_BRCA","GGI",24,643,0.5592,21
"TCGA_BRCA","GGI",24,644,0.5635,21
"TCGA_BRCA","GGI",24,645,0.5703,21
"TCGA_BRCA","GGI",24,646,0.5646,21
"TCGA_BRCA","GGI",24,647,0.5688,21
"TCGA_BRCA","GGI",24,648,0.5693,21
"TCGA_BRCA","GGI",24,649,0.5628,19
"TCGA_BRCA","GGI",24,650,0.5698,21
"TCGA_BRCA","GGI",24,651,0.5687,21
"TCGA_BRCA","GGI",24,652,0.5759,20
"TCGA_BRCA","GGI",24,653,0.568,21
"TCGA_BRCA","GGI",24,654,0.5618,21
"TCGA_BRCA","GGI",24,655,0.5642,21
"TCGA_BRCA","GGI",24,656,0.5654,20
"TCGA_BRCA","GGI",24,657,0.5641,21
"TCGA_BRCA","GGI",24,658,0.5663,21
"TCGA_BRCA","GGI",24,659,0.558,21
"TCGA_BRCA","GGI",24,660,0.5632,21
"TCGA_BRCA","GGI",24,661,0.5637,21
"TCGA_BRCA","GGI",24,662,0.5614,21
"TCGA_BRCA","GGI",24,663,0.5605,21
"TCGA_BRCA","GGI",24,664,0.5707,21
"TCGA_BRCA","GGI",24,665,0.5604,21
"TCGA_BRCA","GGI",24,666,0.5567,21
"TCGA_BRCA","GGI",24,667,0.5592,21
"TCGA_BRCA","GGI",24,668,0.5621,21
"TCGA_BRCA","GGI",24,669,0.5628,21
"TCGA_BRCA","GGI",24,670,0.5543,21
"TCGA_BRCA","GGI",24,671,0.5617,21
"TCGA_BRCA","GGI",24,672,0.562,21
"TCGA_BRCA","GGI",24,673,0.5648,21
"TCGA_BRCA","GGI",24,674,0.5677,21
"TCGA_BRCA","GGI",24,675,0.5658,21
"TCGA_BRCA","GGI",24,676,0.5654,21
"TCGA_BRCA","GGI",24,677,0.5581,21
"TCGA_BRCA","GGI",24,678,0.571,20
"TCGA_BRCA","GGI",24,679,0.5614,21
"TCGA_BRCA","GGI",24,680,0.567,21
"TCGA_BRCA","GGI",24,681,0.5701,18
"TCGA_BRCA","GGI",24,682,0.5651,21
"TCGA_BRCA","GGI",24,683,0.5654,21
"TCGA_BRCA","GGI",24,684,0.5624,19
"TCGA_BRCA","GGI",24,685,0.5599,21
"TCGA_BRCA","GGI",24,686,0.5673,21
"TCGA_BRCA","GGI",24,687,0.5697,21
"TCGA_BRCA","GGI",24,688,0.5668,21
"TCGA_BRCA","GGI",24,689,0.5639,21
"TCGA_BRCA","GGI",24,690,0.5675,21
"TCGA_BRCA","GGI",24,691,0.5555,21
"TCGA_BRCA","GGI",24,692,0.5675,21
"TCGA_BRCA","GGI",24,693,0.5624,21
"TCGA_BRCA","GGI",24,694,0.5657,18
"TCGA_BRCA","GGI",24,695,0.5594,20
"TCGA_BRCA","GGI",24,696,0.5616,21
"TCGA_BRCA","GGI",24,697,0.562,20
"TCGA_BRCA","GGI",24,698,0.5585,21
"TCGA_BRCA","GGI",24,699,0.5667,21
"TCGA_BRCA","GGI",24,700,0.5595,21
"TCGA_BRCA","GGI",24,701,0.5653,21
"TCGA_BRCA","GGI",24,702,0.5606,21
"TCGA_BRCA","GGI",24,703,0.561,21
"TCGA_BRCA","GGI",24,704,0.5636,21
"TCGA_BRCA","GGI",24,705,0.568,20
"TCGA_BRCA","GGI",24,706,0.5672,21
"TCGA_BRCA","GGI",24,707,0.5659,21
"TCGA_BRCA","GGI",24,708,0.5659,21
"TCGA_BRCA","GGI",24,709,0.5563,21
"TCGA_BRCA","GGI",24,710,0.5654,21
"TCGA_BRCA","GGI",24,711,0.563,21
"TCGA_BRCA","GGI",24,712,0.5621,21
"TCGA_BRCA","GGI",24,713,0.5626,21
"TCGA_BRCA","GGI",24,714,0.56,21
"TCGA_BRCA","GGI",24,715,0.5633,21
"TCGA_BRCA","GGI",24,716,0.5796,21
"TCGA_BRCA","GGI",24,717,0.5658,21
"TCGA_BRCA","GGI",24,718,0.5708,21
"TCGA_BRCA","GGI",24,719,0.5594,21
"TCGA_BRCA","GGI",24,720,0.5588,21
"TCGA_BRCA","GGI",24,721,0.5664,21
"TCGA_BRCA","GGI",24,722,0.5662,21
"TCGA_BRCA","GGI",24,723,0.5727,21
"TCGA_BRCA","GGI",24,724,0.5657,21
"TCGA_BRCA","GGI",24,725,0.5597,21
"TCGA_BRCA","GGI",24,726,0.5651,21
"TCGA_BRCA","GGI",24,727,0.5616,21
"TCGA_BRCA","GGI",24,728,0.5638,19
"TCGA_BRCA","GGI",24,729,0.5682,20
"TCGA_BRCA","GGI",24,730,0.577,16
"TCGA_BRCA","GGI",24,731,0.5643,21
"TCGA_BRCA","GGI",24,732,0.5637,21
"TCGA_BRCA","GGI",24,733,0.5636,21
"TCGA_BRCA","GGI",24,734,0.5672,21
"TCGA_BRCA","GGI",24,735,0.5726,17
"TCGA_BRCA","GGI",24,736,0.5734,20
"TCGA_BRCA","GGI",24,737,0.5676,21
"TCGA_BRCA","GGI",24,738,0.5669,21
"TCGA_BRCA","GGI",24,739,0.5639,21
"TCGA_BRCA","GGI",24,740,0.566,21
"TCGA_BRCA","GGI",24,741,0.5723,20
"TCGA_BRCA","GGI",24,742,0.559,21
"TCGA_BRCA","GGI",24,743,0.5691,21
"TCGA_BRCA","GGI",24,744,0.5629,19
"TCGA_BRCA","GGI",24,745,0.5555,21
"TCGA_BRCA","GGI",24,746,0.5626,21
"TCGA_BRCA","GGI",24,747,0.5559,21
"TCGA_BRCA","GGI",24,748,0.5661,20
"TCGA_BRCA","GGI",24,749,0.5583,21
"TCGA_BRCA","GGI",24,750,0.5716,21
"TCGA_BRCA","GGI",24,751,0.5686,21
"TCGA_BRCA","GGI",24,752,0.5645,21
"TCGA_BRCA","GGI",24,753,0.5673,20
"TCGA_BRCA","GGI",24,754,0.5664,17
"TCGA_BRCA","GGI",24,755,0.5615,20
"TCGA_BRCA","GGI",24,756,0.5623,19
"TCGA_BRCA","GGI",24,757,0.5609,21
"TCGA_BRCA","GGI",24,758,0.5653,21
"TCGA_BRCA","GGI",24,759,0.5585,21
"TCGA_BRCA","GGI",24,760,0.5713,21
"TCGA_BRCA","GGI",24,761,0.565,21
"TCGA_BRCA","GGI",24,762,0.5697,21
"TCGA_BRCA","GGI",24,763,0.5617,21
"TCGA_BRCA","GGI",24,764,0.563,21
"TCGA_BRCA","GGI",24,765,0.5749,21
"TCGA_BRCA","GGI",24,766,0.5676,20
"TCGA_BRCA","GGI",24,767,0.5657,18
"TCGA_BRCA","GGI",24,768,0.5759,21
"TCGA_BRCA","GGI",24,769,0.564,19
"TCGA_BRCA","GGI",24,770,0.5694,21
"TCGA_BRCA","GGI",24,771,0.5628,21
"TCGA_BRCA","GGI",24,772,0.562,17
"TCGA_BRCA","GGI",24,773,0.5739,21
"TCGA_BRCA","GGI",24,774,0.5644,20
"TCGA_BRCA","GGI",24,775,0.5708,17
"TCGA_BRCA","GGI",24,776,0.5594,21
"TCGA_BRCA","GGI",24,777,0.5673,21
"TCGA_BRCA","GGI",24,778,0.567,21
"TCGA_BRCA","GGI",24,779,0.5631,21
"TCGA_BRCA","GGI",24,780,0.5591,21
"TCGA_BRCA","GGI",24,781,0.5618,21
"TCGA_BRCA","GGI",24,782,0.5714,21
"TCGA_BRCA","GGI",24,783,0.5701,21
"TCGA_BRCA","GGI",24,784,0.5601,21
"TCGA_BRCA","GGI",24,785,0.5613,21
"TCGA_BRCA","GGI",24,786,0.5672,21
"TCGA_BRCA","GGI",24,787,0.5701,21
"TCGA_BRCA","GGI",24,788,0.5678,21
"TCGA_BRCA","GGI",24,789,0.5664,21
"TCGA_BRCA","GGI",24,790,0.5734,21
"TCGA_BRCA","GGI",24,791,0.572,21
"TCGA_BRCA","GGI",24,792,0.5655,21
"TCGA_BRCA","GGI",24,793,0.5663,21
"TCGA_BRCA","GGI",24,794,0.5697,19
"TCGA_BRCA","GGI",24,795,0.561,21
"TCGA_BRCA","GGI",24,796,0.5654,21
"TCGA_BRCA","GGI",24,797,0.5691,21
"TCGA_BRCA","GGI",24,798,0.5647,21
"TCGA_BRCA","GGI",24,799,0.5678,20
"TCGA_BRCA","GGI",24,800,0.5749,21
"TCGA_BRCA","GGI",24,801,0.5624,21
"TCGA_BRCA","GGI",24,802,0.5682,21
"TCGA_BRCA","GGI",24,803,0.5636,21
"TCGA_BRCA","GGI",24,804,0.5684,21
"TCGA_BRCA","GGI",24,805,0.5737,21
"TCGA_BRCA","GGI",24,806,0.5618,21
"TCGA_BRCA","GGI",24,807,0.5625,21
"TCGA_BRCA","GGI",24,808,0.5604,21
"TCGA_BRCA","GGI",24,809,0.5661,21
"TCGA_BRCA","GGI",24,810,0.5607,21
"TCGA_BRCA","GGI",24,811,0.5628,20
"TCGA_BRCA","GGI",24,812,0.5587,20
"TCGA_BRCA","GGI",24,813,0.5691,21
"TCGA_BRCA","GGI",24,814,0.5628,21
"TCGA_BRCA","GGI",24,815,0.5623,21
"TCGA_BRCA","GGI",24,816,0.5744,21
"TCGA_BRCA","GGI",24,817,0.5709,21
"TCGA_BRCA","GGI",24,818,0.5615,21
"TCGA_BRCA","GGI",24,819,0.5609,21
"TCGA_BRCA","GGI",24,820,0.5709,21
"TCGA_BRCA","GGI",24,821,0.5707,21
"TCGA_BRCA","GGI",24,822,0.5633,18
"TCGA_BRCA","GGI",24,823,0.572,21
"TCGA_BRCA","GGI",24,824,0.5585,21
"TCGA_BRCA","GGI",24,825,0.5631,21
"TCGA_BRCA","GGI",24,826,0.5713,21
"TCGA_BRCA","GGI",24,827,0.5603,21
"TCGA_BRCA","GGI",24,828,0.5802,21
"TCGA_BRCA","GGI",24,829,0.564,21
"TCGA_BRCA","GGI",24,830,0.5637,21
"TCGA_BRCA","GGI",24,831,0.567,20
"TCGA_BRCA","GGI",24,832,0.5697,21
"TCGA_BRCA","GGI",24,833,0.5558,21
"TCGA_BRCA","GGI",24,834,0.5712,20
"TCGA_BRCA","GGI",24,835,0.5647,21
"TCGA_BRCA","GGI",24,836,0.5698,21
"TCGA_BRCA","GGI",24,837,0.5653,21
"TCGA_BRCA","GGI",24,838,0.5592,21
"TCGA_BRCA","GGI",24,839,0.5618,21
"TCGA_BRCA","GGI",24,840,0.5645,21
"TCGA_BRCA","GGI",24,841,0.5618,21
"TCGA_BRCA","GGI",24,842,0.5603,19
"TCGA_BRCA","GGI",24,843,0.5688,17
"TCGA_BRCA","GGI",24,844,0.5692,21
"TCGA_BRCA","GGI",24,845,0.5704,21
"TCGA_BRCA","GGI",24,846,0.573,21
"TCGA_BRCA","GGI",24,847,0.5681,21
"TCGA_BRCA","GGI",24,848,0.5672,21
"TCGA_BRCA","GGI",24,849,0.5678,19
"TCGA_BRCA","GGI",24,850,0.5636,21
"TCGA_BRCA","GGI",24,851,0.57,21
"TCGA_BRCA","GGI",24,852,0.5692,19
"TCGA_BRCA","GGI",24,853,0.5707,21
"TCGA_BRCA","GGI",24,854,0.5674,21
"TCGA_BRCA","GGI",24,855,0.5568,21
"TCGA_BRCA","GGI",24,856,0.5777,21
"TCGA_BRCA","GGI",24,857,0.568,21
"TCGA_BRCA","GGI",24,858,0.5684,21
"TCGA_BRCA","GGI",24,859,0.5635,21
"TCGA_BRCA","GGI",24,860,0.5611,21
"TCGA_BRCA","GGI",24,861,0.5578,21
"TCGA_BRCA","GGI",24,862,0.5633,21
"TCGA_BRCA","GGI",24,863,0.5628,20
"TCGA_BRCA","GGI",24,864,0.5721,21
"TCGA_BRCA","GGI",24,865,0.5628,21
"TCGA_BRCA","GGI",24,866,0.5664,21
"TCGA_BRCA","GGI",24,867,0.5647,21
"TCGA_BRCA","GGI",24,868,0.568,21
"TCGA_BRCA","GGI",24,869,0.5609,20
"TCGA_BRCA","GGI",24,870,0.5706,21
"TCGA_BRCA","GGI",24,871,0.5605,18
"TCGA_BRCA","GGI",24,872,0.5612,21
"TCGA_BRCA","GGI",24,873,0.5617,20
"TCGA_BRCA","GGI",24,874,0.5695,21
"TCGA_BRCA","GGI",24,875,0.5687,21
"TCGA_BRCA","GGI",24,876,0.5651,21
"TCGA_BRCA","GGI",24,877,0.565,21
"TCGA_BRCA","GGI",24,878,0.5649,21
"TCGA_BRCA","GGI",24,879,0.5594,21
"TCGA_BRCA","GGI",24,880,0.5669,21
"TCGA_BRCA","GGI",24,881,0.5645,21
"TCGA_BRCA","GGI",24,882,0.5732,21
"TCGA_BRCA","GGI",24,883,0.5715,21
"TCGA_BRCA","GGI",24,884,0.5649,21
"TCGA_BRCA","GGI",24,885,0.5669,19
"TCGA_BRCA","GGI",24,886,0.5567,20
"TCGA_BRCA","GGI",24,887,0.5579,21
"TCGA_BRCA","GGI",24,888,0.5638,21
"TCGA_BRCA","GGI",24,889,0.565,21
"TCGA_BRCA","GGI",24,890,0.568,21
"TCGA_BRCA","GGI",24,891,0.5629,21
"TCGA_BRCA","GGI",24,892,0.5587,21
"TCGA_BRCA","GGI",24,893,0.5695,21
"TCGA_BRCA","GGI",24,894,0.5684,21
"TCGA_BRCA","GGI",24,895,0.5655,21
"TCGA_BRCA","GGI",24,896,0.5612,21
"TCGA_BRCA","GGI",24,897,0.5609,21
"TCGA_BRCA","GGI",24,898,0.5602,21
"TCGA_BRCA","GGI",24,899,0.5638,21
"TCGA_BRCA","GGI",24,900,0.5607,20
"TCGA_BRCA","GGI",24,901,0.5652,21
"TCGA_BRCA","GGI",24,902,0.5638,21
"TCGA_BRCA","GGI",24,903,0.5638,21
"TCGA_BRCA","GGI",24,904,0.5628,19
"TCGA_BRCA","GGI",24,905,0.5701,19
"TCGA_BRCA","GGI",24,906,0.5665,20
"TCGA_BRCA","GGI",24,907,0.5664,21
"TCGA_BRCA","GGI",24,908,0.5557,21
"TCGA_BRCA","GGI",24,909,0.5619,21
"TCGA_BRCA","GGI",24,910,0.5622,19
"TCGA_BRCA","GGI",24,911,0.5673,21
"TCGA_BRCA","GGI",24,912,0.5601,21
"TCGA_BRCA","GGI",24,913,0.5675,21
"TCGA_BRCA","GGI",24,914,0.5757,19
"TCGA_BRCA","GGI",24,915,0.5587,21
"TCGA_BRCA","GGI",24,916,0.5636,20
"TCGA_BRCA","GGI",24,917,0.5641,21
"TCGA_BRCA","GGI",24,918,0.557,21
"TCGA_BRCA","GGI",24,919,0.5647,21
"TCGA_BRCA","GGI",24,920,0.5638,21
"TCGA_BRCA","GGI",24,921,0.5653,21
"TCGA_BRCA","GGI",24,922,0.5554,21
"TCGA_BRCA","GGI",24,923,0.5642,21
"TCGA_BRCA","GGI",24,924,0.5789,21
"TCGA_BRCA","GGI",24,925,0.5585,21
"TCGA_BRCA","GGI",24,926,0.5672,21
"TCGA_BRCA","GGI",24,927,0.573,14
"TCGA_BRCA","GGI",24,928,0.5667,21
"TCGA_BRCA","GGI",24,929,0.5669,21
"TCGA_BRCA","GGI",24,930,0.5739,21
"TCGA_BRCA","GGI",24,931,0.5714,21
"TCGA_BRCA","GGI",24,932,0.5562,21
"TCGA_BRCA","GGI",24,933,0.5685,21
"TCGA_BRCA","GGI",24,934,0.5612,21
"TCGA_BRCA","GGI",24,935,0.5708,20
"TCGA_BRCA","GGI",24,936,0.5629,21
"TCGA_BRCA","GGI",24,937,0.5644,21
"TCGA_BRCA","GGI",24,938,0.566,21
"TCGA_BRCA","GGI",24,939,0.5643,21
"TCGA_BRCA","GGI",24,940,0.5662,21
"TCGA_BRCA","GGI",24,941,0.5678,21
"TCGA_BRCA","GGI",24,942,0.5628,21
"TCGA_BRCA","GGI",24,943,0.5705,21
"TCGA_BRCA","GGI",24,944,0.5739,15
"TCGA_BRCA","GGI",24,945,0.5648,21
"TCGA_BRCA","GGI",24,946,0.5677,16
"TCGA_BRCA","GGI",24,947,0.5579,21
"TCGA_BRCA","GGI",24,948,0.5774,21
"TCGA_BRCA","GGI",24,949,0.5626,21
"TCGA_BRCA","GGI",24,950,0.5773,21
"TCGA_BRCA","GGI",24,951,0.5647,21
"TCGA_BRCA","GGI",24,952,0.5608,21
"TCGA_BRCA","GGI",24,953,0.5604,21
"TCGA_BRCA","GGI",24,954,0.5657,21
"TCGA_BRCA","GGI",24,955,0.5622,21
"TCGA_BRCA","GGI",24,956,0.5669,21
"TCGA_BRCA","GGI",24,957,0.5648,21
"TCGA_BRCA","GGI",24,958,0.5702,21
"TCGA_BRCA","GGI",24,959,0.5649,21
"TCGA_BRCA","GGI",24,960,0.5629,21
"TCGA_BRCA","GGI",24,961,0.5696,21
"TCGA_BRCA","GGI",24,962,0.5701,21
"TCGA_BRCA","GGI",24,963,0.5673,21
"TCGA_BRCA","GGI",24,964,0.5716,21
"TCGA_BRCA","GGI",24,965,0.5598,21
"TCGA_BRCA","GGI",24,966,0.5602,21
"TCGA_BRCA","GGI",24,967,0.5622,21
"TCGA_BRCA","GGI",24,968,0.5659,21
"TCGA_BRCA","GGI",24,969,0.565,21
"TCGA_BRCA","GGI",24,970,0.554,21
"TCGA_BRCA","GGI",24,971,0.5633,21
"TCGA_BRCA","GGI",24,972,0.5646,21
"TCGA_BRCA","GGI",24,973,0.557,18
"TCGA_BRCA","GGI",24,974,0.5655,21
"TCGA_BRCA","GGI",24,975,0.5574,21
"TCGA_BRCA","GGI",24,976,0.5586,21
"TCGA_BRCA","GGI",24,977,0.5634,21
"TCGA_BRCA","GGI",24,978,0.5604,21
"TCGA_BRCA","GGI",24,979,0.5619,21
"TCGA_BRCA","GGI",24,980,0.5679,21
"TCGA_BRCA","GGI",24,981,0.5683,21
"TCGA_BRCA","GGI",24,982,0.5628,21
"TCGA_BRCA","GGI",24,983,0.5638,21
"TCGA_BRCA","GGI",24,984,0.5562,21
"TCGA_BRCA","GGI",24,985,0.5672,21
"TCGA_BRCA","GGI",24,986,0.5715,21
"TCGA_BRCA","GGI",24,987,0.563,21
"TCGA_BRCA","GGI",24,988,0.5677,18
"TCGA_BRCA","GGI",24,989,0.5711,21
"TCGA_BRCA","GGI",24,990,0.5688,21
"TCGA_BRCA","GGI",24,991,0.5718,21
"TCGA_BRCA","GGI",24,992,0.556,21
"TCGA_BRCA","GGI",24,993,0.5563,20
"TCGA_BRCA","GGI",24,994,0.5583,21
"TCGA_BRCA","GGI",24,995,0.5636,21
"TCGA_BRCA","GGI",24,996,0.5664,21
"TCGA_BRCA","GGI",24,997,0.5618,19
"TCGA_BRCA","GGI",24,998,0.5591,21
"TCGA_BRCA","GGI",24,999,0.562,21
"TCGA_BRCA","GGI",24,1000,0.5706,21
"TCGA_BRCA","GGI",15,1,0.5645,12
"TCGA_BRCA","GGI",15,2,0.5746,12
"TCGA_BRCA","GGI",15,3,0.5566,12
"TCGA_BRCA","GGI",15,4,0.5767,12
"TCGA_BRCA","GGI",15,5,0.5505,12
"TCGA_BRCA","GGI",15,6,0.5638,12
"TCGA_BRCA","GGI",15,7,0.5578,12
"TCGA_BRCA","GGI",15,8,0.5607,12
"TCGA_BRCA","GGI",15,9,0.5758,12
"TCGA_BRCA","GGI",15,10,0.5655,12
"TCGA_BRCA","GGI",15,11,0.5589,12
"TCGA_BRCA","GGI",15,12,0.5659,11
"TCGA_BRCA","GGI",15,13,0.5599,12
"TCGA_BRCA","GGI",15,14,0.5694,12
"TCGA_BRCA","GGI",15,15,0.5689,12
"TCGA_BRCA","GGI",15,16,0.56,12
"TCGA_BRCA","GGI",15,17,0.5708,12
"TCGA_BRCA","GGI",15,18,0.568,9
"TCGA_BRCA","GGI",15,19,0.5631,12
"TCGA_BRCA","GGI",15,20,0.5762,12
"TCGA_BRCA","GGI",15,21,0.5603,11
"TCGA_BRCA","GGI",15,22,0.5684,12
"TCGA_BRCA","GGI",15,23,0.5683,6
"TCGA_BRCA","GGI",15,24,0.5623,12
"TCGA_BRCA","GGI",15,25,0.574,12
"TCGA_BRCA","GGI",15,26,0.5674,12
"TCGA_BRCA","GGI",15,27,0.5618,12
"TCGA_BRCA","GGI",15,28,0.5661,11
"TCGA_BRCA","GGI",15,29,0.5624,12
"TCGA_BRCA","GGI",15,30,0.5616,12
"TCGA_BRCA","GGI",15,31,0.5687,10
"TCGA_BRCA","GGI",15,32,0.5781,12
"TCGA_BRCA","GGI",15,33,0.5616,12
"TCGA_BRCA","GGI",15,34,0.5535,12
"TCGA_BRCA","GGI",15,35,0.5601,12
"TCGA_BRCA","GGI",15,36,0.5596,12
"TCGA_BRCA","GGI",15,37,0.5505,12
"TCGA_BRCA","GGI",15,38,0.5595,12
"TCGA_BRCA","GGI",15,39,0.5665,12
"TCGA_BRCA","GGI",15,40,0.5668,12
"TCGA_BRCA","GGI",15,41,0.5692,12
"TCGA_BRCA","GGI",15,42,0.5607,11
"TCGA_BRCA","GGI",15,43,0.5579,12
"TCGA_BRCA","GGI",15,44,0.5655,12
"TCGA_BRCA","GGI",15,45,0.5661,12
"TCGA_BRCA","GGI",15,46,0.5625,12
"TCGA_BRCA","GGI",15,47,0.5703,9
"TCGA_BRCA","GGI",15,48,0.5637,11
"TCGA_BRCA","GGI",15,49,0.5634,12
"TCGA_BRCA","GGI",15,50,0.5649,12
"TCGA_BRCA","GGI",15,51,0.581,12
"TCGA_BRCA","GGI",15,52,0.569,12
"TCGA_BRCA","GGI",15,53,0.5586,10
"TCGA_BRCA","GGI",15,54,0.5618,12
"TCGA_BRCA","GGI",15,55,0.5604,12
"TCGA_BRCA","GGI",15,56,0.57,12
"TCGA_BRCA","GGI",15,57,0.5701,12
"TCGA_BRCA","GGI",15,58,0.5679,12
"TCGA_BRCA","GGI",15,59,0.5656,11
"TCGA_BRCA","GGI",15,60,NA,NA
"TCGA_BRCA","GGI",15,61,0.5661,12
"TCGA_BRCA","GGI",15,62,0.56,12
"TCGA_BRCA","GGI",15,63,0.5667,12
"TCGA_BRCA","GGI",15,64,0.5657,12
"TCGA_BRCA","GGI",15,65,0.5691,12
"TCGA_BRCA","GGI",15,66,0.5565,12
"TCGA_BRCA","GGI",15,67,0.5628,12
"TCGA_BRCA","GGI",15,68,0.5668,10
"TCGA_BRCA","GGI",15,69,0.5506,12
"TCGA_BRCA","GGI",15,70,0.572,12
"TCGA_BRCA","GGI",15,71,0.5717,12
"TCGA_BRCA","GGI",15,72,0.5712,12
"TCGA_BRCA","GGI",15,73,0.5642,10
"TCGA_BRCA","GGI",15,74,0.5628,12
"TCGA_BRCA","GGI",15,75,0.5609,12
"TCGA_BRCA","GGI",15,76,0.5564,12
"TCGA_BRCA","GGI",15,77,0.5614,12
"TCGA_BRCA","GGI",15,78,0.57,12
"TCGA_BRCA","GGI",15,79,0.5599,12
"TCGA_BRCA","GGI",15,80,0.563,12
"TCGA_BRCA","GGI",15,81,0.5563,12
"TCGA_BRCA","GGI",15,82,0.5589,12
"TCGA_BRCA","GGI",15,83,0.5597,11
"TCGA_BRCA","GGI",15,84,0.5745,12
"TCGA_BRCA","GGI",15,85,0.5661,12
"TCGA_BRCA","GGI",15,86,0.5579,12
"TCGA_BRCA","GGI",15,87,0.5582,12
"TCGA_BRCA","GGI",15,88,0.5574,12
"TCGA_BRCA","GGI",15,89,0.5664,10
"TCGA_BRCA","GGI",15,90,0.565,12
"TCGA_BRCA","GGI",15,91,0.5722,12
"TCGA_BRCA","GGI",15,92,0.5614,12
"TCGA_BRCA","GGI",15,93,0.5655,12
"TCGA_BRCA","GGI",15,94,0.558,12
"TCGA_BRCA","GGI",15,95,0.5687,12
"TCGA_BRCA","GGI",15,96,0.562,12
"TCGA_BRCA","GGI",15,97,0.5579,12
"TCGA_BRCA","GGI",15,98,0.5655,12
"TCGA_BRCA","GGI",15,99,0.5639,12
"TCGA_BRCA","GGI",15,100,0.5679,12
"TCGA_BRCA","GGI",15,101,0.5695,12
"TCGA_BRCA","GGI",15,102,0.5633,12
"TCGA_BRCA","GGI",15,103,0.5661,12
"TCGA_BRCA","GGI",15,104,0.5639,12
"TCGA_BRCA","GGI",15,105,0.5718,10
"TCGA_BRCA","GGI",15,106,0.5609,12
"TCGA_BRCA","GGI",15,107,0.5533,12
"TCGA_BRCA","GGI",15,108,0.5802,12
"TCGA_BRCA","GGI",15,109,0.5695,12
"TCGA_BRCA","GGI",15,110,0.5696,10
"TCGA_BRCA","GGI",15,111,0.5636,12
"TCGA_BRCA","GGI",15,112,0.5583,12
"TCGA_BRCA","GGI",15,113,0.5598,12
"TCGA_BRCA","GGI",15,114,0.5606,12
"TCGA_BRCA","GGI",15,115,0.5679,12
"TCGA_BRCA","GGI",15,116,0.5779,12
"TCGA_BRCA","GGI",15,117,0.5517,12
"TCGA_BRCA","GGI",15,118,0.5587,12
"TCGA_BRCA","GGI",15,119,0.5582,12
"TCGA_BRCA","GGI",15,120,0.5757,12
"TCGA_BRCA","GGI",15,121,0.5534,12
"TCGA_BRCA","GGI",15,122,0.5588,12
"TCGA_BRCA","GGI",15,123,0.5651,12
"TCGA_BRCA","GGI",15,124,0.5642,12
"TCGA_BRCA","GGI",15,125,0.5763,11
"TCGA_BRCA","GGI",15,126,0.5587,12
"TCGA_BRCA","GGI",15,127,0.571,12
"TCGA_BRCA","GGI",15,128,0.5582,12
"TCGA_BRCA","GGI",15,129,0.5702,12
"TCGA_BRCA","GGI",15,130,0.5629,12
"TCGA_BRCA","GGI",15,131,0.5651,12
"TCGA_BRCA","GGI",15,132,0.5589,12
"TCGA_BRCA","GGI",15,133,0.5743,9
"TCGA_BRCA","GGI",15,134,0.573,12
"TCGA_BRCA","GGI",15,135,0.5523,12
"TCGA_BRCA","GGI",15,136,0.5595,12
"TCGA_BRCA","GGI",15,137,0.5535,12
"TCGA_BRCA","GGI",15,138,0.5733,12
"TCGA_BRCA","GGI",15,139,0.5592,12
"TCGA_BRCA","GGI",15,140,0.5619,12
"TCGA_BRCA","GGI",15,141,0.5593,12
"TCGA_BRCA","GGI",15,142,0.5663,12
"TCGA_BRCA","GGI",15,143,0.5765,12
"TCGA_BRCA","GGI",15,144,0.5651,12
"TCGA_BRCA","GGI",15,145,0.5638,12
"TCGA_BRCA","GGI",15,146,0.5529,12
"TCGA_BRCA","GGI",15,147,0.5608,10
"TCGA_BRCA","GGI",15,148,0.557,12
"TCGA_BRCA","GGI",15,149,0.5819,10
"TCGA_BRCA","GGI",15,150,0.5722,12
"TCGA_BRCA","GGI",15,151,0.5715,12
"TCGA_BRCA","GGI",15,152,0.5603,12
"TCGA_BRCA","GGI",15,153,0.5611,12
"TCGA_BRCA","GGI",15,154,0.568,12
"TCGA_BRCA","GGI",15,155,0.5656,12
"TCGA_BRCA","GGI",15,156,0.5656,11
"TCGA_BRCA","GGI",15,157,0.5587,12
"TCGA_BRCA","GGI",15,158,0.5712,12
"TCGA_BRCA","GGI",15,159,0.57,12
"TCGA_BRCA","GGI",15,160,0.5598,12
"TCGA_BRCA","GGI",15,161,0.558,12
"TCGA_BRCA","GGI",15,162,0.5503,12
"TCGA_BRCA","GGI",15,163,0.5616,12
"TCGA_BRCA","GGI",15,164,0.5575,12
"TCGA_BRCA","GGI",15,165,0.5566,10
"TCGA_BRCA","GGI",15,166,0.5658,11
"TCGA_BRCA","GGI",15,167,0.5489,12
"TCGA_BRCA","GGI",15,168,0.5619,12
"TCGA_BRCA","GGI",15,169,0.5528,12
"TCGA_BRCA","GGI",15,170,0.5616,12
"TCGA_BRCA","GGI",15,171,0.5539,12
"TCGA_BRCA","GGI",15,172,0.5629,12
"TCGA_BRCA","GGI",15,173,0.562,12
"TCGA_BRCA","GGI",15,174,0.5685,12
"TCGA_BRCA","GGI",15,175,0.5547,12
"TCGA_BRCA","GGI",15,176,0.5588,12
"TCGA_BRCA","GGI",15,177,0.5591,12
"TCGA_BRCA","GGI",15,178,0.5792,8
"TCGA_BRCA","GGI",15,179,0.5603,12
"TCGA_BRCA","GGI",15,180,0.5702,11
"TCGA_BRCA","GGI",15,181,0.5533,12
"TCGA_BRCA","GGI",15,182,0.5634,12
"TCGA_BRCA","GGI",15,183,0.5763,12
"TCGA_BRCA","GGI",15,184,0.5621,12
"TCGA_BRCA","GGI",15,185,0.5639,12
"TCGA_BRCA","GGI",15,186,0.5721,12
"TCGA_BRCA","GGI",15,187,0.5612,12
"TCGA_BRCA","GGI",15,188,0.5647,12
"TCGA_BRCA","GGI",15,189,0.5592,12
"TCGA_BRCA","GGI",15,190,0.5628,11
"TCGA_BRCA","GGI",15,191,0.5588,12
"TCGA_BRCA","GGI",15,192,0.5616,12
"TCGA_BRCA","GGI",15,193,0.5634,12
"TCGA_BRCA","GGI",15,194,0.5684,12
"TCGA_BRCA","GGI",15,195,0.5685,8
"TCGA_BRCA","GGI",15,196,0.5712,10
"TCGA_BRCA","GGI",15,197,0.5629,12
"TCGA_BRCA","GGI",15,198,0.5624,12
"TCGA_BRCA","GGI",15,199,0.5621,12
"TCGA_BRCA","GGI",15,200,0.5701,12
"TCGA_BRCA","GGI",15,201,0.5553,8
"TCGA_BRCA","GGI",15,202,0.5683,12
"TCGA_BRCA","GGI",15,203,0.5761,12
"TCGA_BRCA","GGI",15,204,0.5684,12
"TCGA_BRCA","GGI",15,205,0.5655,12
"TCGA_BRCA","GGI",15,206,0.5529,12
"TCGA_BRCA","GGI",15,207,0.5568,11
"TCGA_BRCA","GGI",15,208,0.5711,12
"TCGA_BRCA","GGI",15,209,0.5563,12
"TCGA_BRCA","GGI",15,210,0.5652,12
"TCGA_BRCA","GGI",15,211,0.5591,12
"TCGA_BRCA","GGI",15,212,0.5607,12
"TCGA_BRCA","GGI",15,213,0.5729,12
"TCGA_BRCA","GGI",15,214,0.5622,12
"TCGA_BRCA","GGI",15,215,0.5683,12
"TCGA_BRCA","GGI",15,216,0.5661,12
"TCGA_BRCA","GGI",15,217,0.5653,12
"TCGA_BRCA","GGI",15,218,0.5558,12
"TCGA_BRCA","GGI",15,219,0.5591,12
"TCGA_BRCA","GGI",15,220,0.5749,12
"TCGA_BRCA","GGI",15,221,0.5592,12
"TCGA_BRCA","GGI",15,222,0.5714,12
"TCGA_BRCA","GGI",15,223,0.559,12
"TCGA_BRCA","GGI",15,224,0.56,12
"TCGA_BRCA","GGI",15,225,0.5673,12
"TCGA_BRCA","GGI",15,226,0.5603,12
"TCGA_BRCA","GGI",15,227,0.5571,12
"TCGA_BRCA","GGI",15,228,0.5602,12
"TCGA_BRCA","GGI",15,229,0.5776,12
"TCGA_BRCA","GGI",15,230,0.5572,8
"TCGA_BRCA","GGI",15,231,0.5651,12
"TCGA_BRCA","GGI",15,232,0.5743,12
"TCGA_BRCA","GGI",15,233,0.5594,12
"TCGA_BRCA","GGI",15,234,0.5739,12
"TCGA_BRCA","GGI",15,235,0.5521,12
"TCGA_BRCA","GGI",15,236,0.5581,12
"TCGA_BRCA","GGI",15,237,0.5661,12
"TCGA_BRCA","GGI",15,238,0.5643,12
"TCGA_BRCA","GGI",15,239,0.5647,12
"TCGA_BRCA","GGI",15,240,0.56,12
"TCGA_BRCA","GGI",15,241,0.5463,12
"TCGA_BRCA","GGI",15,242,0.5642,11
"TCGA_BRCA","GGI",15,243,0.5632,9
"TCGA_BRCA","GGI",15,244,0.5559,12
"TCGA_BRCA","GGI",15,245,0.5736,12
"TCGA_BRCA","GGI",15,246,0.5705,12
"TCGA_BRCA","GGI",15,247,0.5568,12
"TCGA_BRCA","GGI",15,248,0.5554,12
"TCGA_BRCA","GGI",15,249,0.5581,12
"TCGA_BRCA","GGI",15,250,0.5647,12
"TCGA_BRCA","GGI",15,251,0.565,12
"TCGA_BRCA","GGI",15,252,0.5657,8
"TCGA_BRCA","GGI",15,253,0.5742,12
"TCGA_BRCA","GGI",15,254,0.5752,9
"TCGA_BRCA","GGI",15,255,0.5566,12
"TCGA_BRCA","GGI",15,256,0.5604,12
"TCGA_BRCA","GGI",15,257,0.5679,12
"TCGA_BRCA","GGI",15,258,0.5683,12
"TCGA_BRCA","GGI",15,259,0.5693,12
"TCGA_BRCA","GGI",15,260,0.5654,12
"TCGA_BRCA","GGI",15,261,0.5739,12
"TCGA_BRCA","GGI",15,262,0.569,12
"TCGA_BRCA","GGI",15,263,0.5554,11
"TCGA_BRCA","GGI",15,264,0.5677,12
"TCGA_BRCA","GGI",15,265,0.5654,12
"TCGA_BRCA","GGI",15,266,0.5574,12
"TCGA_BRCA","GGI",15,267,0.563,12
"TCGA_BRCA","GGI",15,268,0.5648,12
"TCGA_BRCA","GGI",15,269,0.5554,9
"TCGA_BRCA","GGI",15,270,0.5714,12
"TCGA_BRCA","GGI",15,271,0.5538,10
"TCGA_BRCA","GGI",15,272,0.5597,12
"TCGA_BRCA","GGI",15,273,0.5756,12
"TCGA_BRCA","GGI",15,274,0.5513,12
"TCGA_BRCA","GGI",15,275,0.5583,12
"TCGA_BRCA","GGI",15,276,0.5686,12
"TCGA_BRCA","GGI",15,277,0.5634,12
"TCGA_BRCA","GGI",15,278,0.567,12
"TCGA_BRCA","GGI",15,279,0.5695,10
"TCGA_BRCA","GGI",15,280,0.5594,11
"TCGA_BRCA","GGI",15,281,0.5762,12
"TCGA_BRCA","GGI",15,282,0.5664,12
"TCGA_BRCA","GGI",15,283,0.5598,12
"TCGA_BRCA","GGI",15,284,0.5601,12
"TCGA_BRCA","GGI",15,285,0.5634,12
"TCGA_BRCA","GGI",15,286,0.5645,12
"TCGA_BRCA","GGI",15,287,0.5674,12
"TCGA_BRCA","GGI",15,288,0.5646,12
"TCGA_BRCA","GGI",15,289,0.555,12
"TCGA_BRCA","GGI",15,290,0.553,10
"TCGA_BRCA","GGI",15,291,0.5604,12
"TCGA_BRCA","GGI",15,292,0.5655,10
"TCGA_BRCA","GGI",15,293,0.5642,12
"TCGA_BRCA","GGI",15,294,0.5741,12
"TCGA_BRCA","GGI",15,295,0.5581,12
"TCGA_BRCA","GGI",15,296,0.5552,11
"TCGA_BRCA","GGI",15,297,0.5597,12
"TCGA_BRCA","GGI",15,298,0.5659,12
"TCGA_BRCA","GGI",15,299,0.5699,9
"TCGA_BRCA","GGI",15,300,0.5606,12
"TCGA_BRCA","GGI",15,301,0.5773,12
"TCGA_BRCA","GGI",15,302,0.5663,12
"TCGA_BRCA","GGI",15,303,0.5754,12
"TCGA_BRCA","GGI",15,304,0.5624,12
"TCGA_BRCA","GGI",15,305,0.5656,12
"TCGA_BRCA","GGI",15,306,0.5568,12
"TCGA_BRCA","GGI",15,307,0.5634,12
"TCGA_BRCA","GGI",15,308,0.5771,10
"TCGA_BRCA","GGI",15,309,0.5671,12
"TCGA_BRCA","GGI",15,310,0.5735,12
"TCGA_BRCA","GGI",15,311,0.563,12
"TCGA_BRCA","GGI",15,312,0.5743,12
"TCGA_BRCA","GGI",15,313,0.5708,12
"TCGA_BRCA","GGI",15,314,0.566,12
"TCGA_BRCA","GGI",15,315,0.5581,12
"TCGA_BRCA","GGI",15,316,0.5607,12
"TCGA_BRCA","GGI",15,317,0.5653,12
"TCGA_BRCA","GGI",15,318,0.559,12
"TCGA_BRCA","GGI",15,319,0.5613,12
"TCGA_BRCA","GGI",15,320,0.5604,12
"TCGA_BRCA","GGI",15,321,0.5716,12
"TCGA_BRCA","GGI",15,322,0.5739,12
"TCGA_BRCA","GGI",15,323,0.5575,12
"TCGA_BRCA","GGI",15,324,0.5549,12
"TCGA_BRCA","GGI",15,325,0.5618,12
"TCGA_BRCA","GGI",15,326,0.5721,12
"TCGA_BRCA","GGI",15,327,0.5567,12
"TCGA_BRCA","GGI",15,328,0.5679,12
"TCGA_BRCA","GGI",15,329,0.5612,12
"TCGA_BRCA","GGI",15,330,0.5701,12
"TCGA_BRCA","GGI",15,331,0.5815,12
"TCGA_BRCA","GGI",15,332,0.5602,12
"TCGA_BRCA","GGI",15,333,0.5648,12
"TCGA_BRCA","GGI",15,334,0.5679,12
"TCGA_BRCA","GGI",15,335,0.5597,12
"TCGA_BRCA","GGI",15,336,0.5607,12
"TCGA_BRCA","GGI",15,337,0.554,12
"TCGA_BRCA","GGI",15,338,0.563,12
"TCGA_BRCA","GGI",15,339,0.5524,8
"TCGA_BRCA","GGI",15,340,0.5753,12
"TCGA_BRCA","GGI",15,341,0.5779,9
"TCGA_BRCA","GGI",15,342,0.5593,12
"TCGA_BRCA","GGI",15,343,0.5586,12
"TCGA_BRCA","GGI",15,344,0.558,12
"TCGA_BRCA","GGI",15,345,0.5694,12
"TCGA_BRCA","GGI",15,346,0.5753,12
"TCGA_BRCA","GGI",15,347,0.5733,12
"TCGA_BRCA","GGI",15,348,0.5578,12
"TCGA_BRCA","GGI",15,349,0.565,11
"TCGA_BRCA","GGI",15,350,0.5695,12
"TCGA_BRCA","GGI",15,351,0.555,12
"TCGA_BRCA","GGI",15,352,0.5622,12
"TCGA_BRCA","GGI",15,353,0.5582,12
"TCGA_BRCA","GGI",15,354,0.574,12
"TCGA_BRCA","GGI",15,355,0.5527,12
"TCGA_BRCA","GGI",15,356,0.5599,12
"TCGA_BRCA","GGI",15,357,0.5565,12
"TCGA_BRCA","GGI",15,358,0.5468,11
"TCGA_BRCA","GGI",15,359,0.5634,12
"TCGA_BRCA","GGI",15,360,0.5533,12
"TCGA_BRCA","GGI",15,361,0.5621,10
"TCGA_BRCA","GGI",15,362,0.5693,12
"TCGA_BRCA","GGI",15,363,0.5698,12
"TCGA_BRCA","GGI",15,364,0.5814,12
"TCGA_BRCA","GGI",15,365,0.5666,12
"TCGA_BRCA","GGI",15,366,0.5653,12
"TCGA_BRCA","GGI",15,367,0.5593,12
"TCGA_BRCA","GGI",15,368,0.5793,11
"TCGA_BRCA","GGI",15,369,0.5716,12
"TCGA_BRCA","GGI",15,370,0.5758,12
"TCGA_BRCA","GGI",15,371,0.5651,12
"TCGA_BRCA","GGI",15,372,0.5566,12
"TCGA_BRCA","GGI",15,373,0.5662,12
"TCGA_BRCA","GGI",15,374,0.5528,12
"TCGA_BRCA","GGI",15,375,0.5597,12
"TCGA_BRCA","GGI",15,376,0.5659,12
"TCGA_BRCA","GGI",15,377,0.5629,12
"TCGA_BRCA","GGI",15,378,0.563,12
"TCGA_BRCA","GGI",15,379,0.5576,12
"TCGA_BRCA","GGI",15,380,0.5709,12
"TCGA_BRCA","GGI",15,381,0.573,12
"TCGA_BRCA","GGI",15,382,0.5672,12
"TCGA_BRCA","GGI",15,383,0.5589,12
"TCGA_BRCA","GGI",15,384,0.558,12
"TCGA_BRCA","GGI",15,385,0.5559,8
"TCGA_BRCA","GGI",15,386,0.5608,12
"TCGA_BRCA","GGI",15,387,0.5599,12
"TCGA_BRCA","GGI",15,388,0.5489,12
"TCGA_BRCA","GGI",15,389,0.5638,12
"TCGA_BRCA","GGI",15,390,0.5627,12
"TCGA_BRCA","GGI",15,391,0.5655,12
"TCGA_BRCA","GGI",15,392,0.5594,11
"TCGA_BRCA","GGI",15,393,0.5755,12
"TCGA_BRCA","GGI",15,394,0.548,12
"TCGA_BRCA","GGI",15,395,0.5647,12
"TCGA_BRCA","GGI",15,396,0.567,12
"TCGA_BRCA","GGI",15,397,0.5644,12
"TCGA_BRCA","GGI",15,398,0.567,12
"TCGA_BRCA","GGI",15,399,0.5599,12
"TCGA_BRCA","GGI",15,400,0.5709,12
"TCGA_BRCA","GGI",15,401,0.575,7
"TCGA_BRCA","GGI",15,402,0.5617,9
"TCGA_BRCA","GGI",15,403,0.5646,12
"TCGA_BRCA","GGI",15,404,0.5542,12
"TCGA_BRCA","GGI",15,405,0.5641,12
"TCGA_BRCA","GGI",15,406,0.5663,12
"TCGA_BRCA","GGI",15,407,0.5749,7
"TCGA_BRCA","GGI",15,408,0.5666,12
"TCGA_BRCA","GGI",15,409,0.5816,12
"TCGA_BRCA","GGI",15,410,0.562,12
"TCGA_BRCA","GGI",15,411,0.5565,12
"TCGA_BRCA","GGI",15,412,0.5671,11
"TCGA_BRCA","GGI",15,413,0.5762,12
"TCGA_BRCA","GGI",15,414,0.5689,12
"TCGA_BRCA","GGI",15,415,0.555,12
"TCGA_BRCA","GGI",15,416,0.5587,12
"TCGA_BRCA","GGI",15,417,0.568,12
"TCGA_BRCA","GGI",15,418,0.5555,12
"TCGA_BRCA","GGI",15,419,0.5885,9
"TCGA_BRCA","GGI",15,420,0.5597,12
"TCGA_BRCA","GGI",15,421,0.5776,12
"TCGA_BRCA","GGI",15,422,0.5759,12
"TCGA_BRCA","GGI",15,423,0.5693,12
"TCGA_BRCA","GGI",15,424,0.565,12
"TCGA_BRCA","GGI",15,425,0.5771,10
"TCGA_BRCA","GGI",15,426,0.5655,12
"TCGA_BRCA","GGI",15,427,0.5637,12
"TCGA_BRCA","GGI",15,428,0.565,12
"TCGA_BRCA","GGI",15,429,0.5641,12
"TCGA_BRCA","GGI",15,430,0.5653,12
"TCGA_BRCA","GGI",15,431,0.567,12
"TCGA_BRCA","GGI",15,432,0.5672,12
"TCGA_BRCA","GGI",15,433,0.5627,12
"TCGA_BRCA","GGI",15,434,0.5688,12
"TCGA_BRCA","GGI",15,435,0.5767,8
"TCGA_BRCA","GGI",15,436,0.5609,12
"TCGA_BRCA","GGI",15,437,0.5769,12
"TCGA_BRCA","GGI",15,438,0.5672,12
"TCGA_BRCA","GGI",15,439,0.5578,12
"TCGA_BRCA","GGI",15,440,0.5588,12
"TCGA_BRCA","GGI",15,441,0.5621,11
"TCGA_BRCA","GGI",15,442,0.5702,10
"TCGA_BRCA","GGI",15,443,0.5656,12
"TCGA_BRCA","GGI",15,444,0.5677,12
"TCGA_BRCA","GGI",15,445,0.5612,10
"TCGA_BRCA","GGI",15,446,0.5714,12
"TCGA_BRCA","GGI",15,447,0.5706,12
"TCGA_BRCA","GGI",15,448,0.5748,12
"TCGA_BRCA","GGI",15,449,0.5649,12
"TCGA_BRCA","GGI",15,450,0.564,12
"TCGA_BRCA","GGI",15,451,0.5729,12
"TCGA_BRCA","GGI",15,452,0.5632,12
"TCGA_BRCA","GGI",15,453,0.557,12
"TCGA_BRCA","GGI",15,454,0.567,12
"TCGA_BRCA","GGI",15,455,0.5713,9
"TCGA_BRCA","GGI",15,456,0.5707,12
"TCGA_BRCA","GGI",15,457,0.5551,12
"TCGA_BRCA","GGI",15,458,0.5773,11
"TCGA_BRCA","GGI",15,459,0.5565,12
"TCGA_BRCA","GGI",15,460,0.5603,12
"TCGA_BRCA","GGI",15,461,0.5645,12
"TCGA_BRCA","GGI",15,462,0.5656,12
"TCGA_BRCA","GGI",15,463,0.5579,12
"TCGA_BRCA","GGI",15,464,0.5507,12
"TCGA_BRCA","GGI",15,465,0.5589,12
"TCGA_BRCA","GGI",15,466,0.5558,12
"TCGA_BRCA","GGI",15,467,0.5754,12
"TCGA_BRCA","GGI",15,468,0.5679,12
"TCGA_BRCA","GGI",15,469,0.5833,10
"TCGA_BRCA","GGI",15,470,0.5754,12
"TCGA_BRCA","GGI",15,471,0.5656,12
"TCGA_BRCA","GGI",15,472,0.5603,12
"TCGA_BRCA","GGI",15,473,0.5605,12
"TCGA_BRCA","GGI",15,474,0.5673,12
"TCGA_BRCA","GGI",15,475,0.578,12
"TCGA_BRCA","GGI",15,476,0.5735,12
"TCGA_BRCA","GGI",15,477,0.5677,12
"TCGA_BRCA","GGI",15,478,0.5733,12
"TCGA_BRCA","GGI",15,479,0.5654,12
"TCGA_BRCA","GGI",15,480,0.5676,12
"TCGA_BRCA","GGI",15,481,0.5603,12
"TCGA_BRCA","GGI",15,482,0.5743,11
"TCGA_BRCA","GGI",15,483,0.5666,12
"TCGA_BRCA","GGI",15,484,0.5635,12
"TCGA_BRCA","GGI",15,485,0.574,12
"TCGA_BRCA","GGI",15,486,0.5707,12
"TCGA_BRCA","GGI",15,487,0.5571,12
"TCGA_BRCA","GGI",15,488,0.5649,12
"TCGA_BRCA","GGI",15,489,0.5556,12
"TCGA_BRCA","GGI",15,490,0.5823,12
"TCGA_BRCA","GGI",15,491,0.5592,12
"TCGA_BRCA","GGI",15,492,0.5621,11
"TCGA_BRCA","GGI",15,493,0.547,12
"TCGA_BRCA","GGI",15,494,0.5561,12
"TCGA_BRCA","GGI",15,495,0.5599,12
"TCGA_BRCA","GGI",15,496,0.5541,12
"TCGA_BRCA","GGI",15,497,0.5706,12
"TCGA_BRCA","GGI",15,498,0.5618,12
"TCGA_BRCA","GGI",15,499,0.561,12
"TCGA_BRCA","GGI",15,500,0.5746,12
"TCGA_BRCA","GGI",15,501,0.567,12
"TCGA_BRCA","GGI",15,502,0.554,12
"TCGA_BRCA","GGI",15,503,0.559,12
"TCGA_BRCA","GGI",15,504,0.5591,12
"TCGA_BRCA","GGI",15,505,0.566,12
"TCGA_BRCA","GGI",15,506,0.5587,12
"TCGA_BRCA","GGI",15,507,0.5678,12
"TCGA_BRCA","GGI",15,508,0.5634,12
"TCGA_BRCA","GGI",15,509,0.5689,12
"TCGA_BRCA","GGI",15,510,0.5686,12
"TCGA_BRCA","GGI",15,511,0.5575,12
"TCGA_BRCA","GGI",15,512,0.5623,12
"TCGA_BRCA","GGI",15,513,0.5562,12
"TCGA_BRCA","GGI",15,514,0.5721,8
"TCGA_BRCA","GGI",15,515,0.5615,12
"TCGA_BRCA","GGI",15,516,0.565,12
"TCGA_BRCA","GGI",15,517,0.5537,12
"TCGA_BRCA","GGI",15,518,0.5572,12
"TCGA_BRCA","GGI",15,519,0.5662,12
"TCGA_BRCA","GGI",15,520,0.5749,8
"TCGA_BRCA","GGI",15,521,0.5605,12
"TCGA_BRCA","GGI",15,522,0.5636,12
"TCGA_BRCA","GGI",15,523,0.5803,9
"TCGA_BRCA","GGI",15,524,0.5652,12
"TCGA_BRCA","GGI",15,525,0.5632,12
"TCGA_BRCA","GGI",15,526,0.5579,12
"TCGA_BRCA","GGI",15,527,0.5629,12
"TCGA_BRCA","GGI",15,528,0.571,12
"TCGA_BRCA","GGI",15,529,0.554,12
"TCGA_BRCA","GGI",15,530,0.5692,12
"TCGA_BRCA","GGI",15,531,0.5756,12
"TCGA_BRCA","GGI",15,532,0.5724,12
"TCGA_BRCA","GGI",15,533,0.5619,12
"TCGA_BRCA","GGI",15,534,0.5646,11
"TCGA_BRCA","GGI",15,535,0.5557,12
"TCGA_BRCA","GGI",15,536,0.5584,12
"TCGA_BRCA","GGI",15,537,0.5641,12
"TCGA_BRCA","GGI",15,538,0.5638,12
"TCGA_BRCA","GGI",15,539,0.574,11
"TCGA_BRCA","GGI",15,540,0.5563,12
"TCGA_BRCA","GGI",15,541,0.5688,11
"TCGA_BRCA","GGI",15,542,0.5678,12
"TCGA_BRCA","GGI",15,543,0.557,12
"TCGA_BRCA","GGI",15,544,0.576,12
"TCGA_BRCA","GGI",15,545,0.5658,12
"TCGA_BRCA","GGI",15,546,0.5592,12
"TCGA_BRCA","GGI",15,547,0.5604,12
"TCGA_BRCA","GGI",15,548,0.5623,12
"TCGA_BRCA","GGI",15,549,0.5617,12
"TCGA_BRCA","GGI",15,550,0.5543,12
"TCGA_BRCA","GGI",15,551,0.5657,12
"TCGA_BRCA","GGI",15,552,0.5638,12
"TCGA_BRCA","GGI",15,553,0.5525,12
"TCGA_BRCA","GGI",15,554,0.5669,12
"TCGA_BRCA","GGI",15,555,0.563,9
"TCGA_BRCA","GGI",15,556,0.5682,11
"TCGA_BRCA","GGI",15,557,0.5746,12
"TCGA_BRCA","GGI",15,558,0.5651,12
"TCGA_BRCA","GGI",15,559,0.5603,9
"TCGA_BRCA","GGI",15,560,0.5651,12
"TCGA_BRCA","GGI",15,561,0.5771,10
"TCGA_BRCA","GGI",15,562,0.5556,10
"TCGA_BRCA","GGI",15,563,0.5556,12
"TCGA_BRCA","GGI",15,564,0.5652,12
"TCGA_BRCA","GGI",15,565,0.5696,12
"TCGA_BRCA","GGI",15,566,0.565,12
"TCGA_BRCA","GGI",15,567,0.5749,12
"TCGA_BRCA","GGI",15,568,0.5575,9
"TCGA_BRCA","GGI",15,569,0.5665,9
"TCGA_BRCA","GGI",15,570,0.5656,12
"TCGA_BRCA","GGI",15,571,0.5576,12
"TCGA_BRCA","GGI",15,572,0.5613,12
"TCGA_BRCA","GGI",15,573,0.5677,12
"TCGA_BRCA","GGI",15,574,0.5519,12
"TCGA_BRCA","GGI",15,575,0.5716,11
"TCGA_BRCA","GGI",15,576,0.5682,12
"TCGA_BRCA","GGI",15,577,0.5638,12
"TCGA_BRCA","GGI",15,578,0.5725,12
"TCGA_BRCA","GGI",15,579,0.5652,10
"TCGA_BRCA","GGI",15,580,0.5674,12
"TCGA_BRCA","GGI",15,581,0.5629,12
"TCGA_BRCA","GGI",15,582,0.5613,12
"TCGA_BRCA","GGI",15,583,0.557,12
"TCGA_BRCA","GGI",15,584,0.5596,12
"TCGA_BRCA","GGI",15,585,0.5656,12
"TCGA_BRCA","GGI",15,586,0.5645,12
"TCGA_BRCA","GGI",15,587,0.5662,12
"TCGA_BRCA","GGI",15,588,0.5721,9
"TCGA_BRCA","GGI",15,589,0.5612,12
"TCGA_BRCA","GGI",15,590,0.5729,12
"TCGA_BRCA","GGI",15,591,0.5572,12
"TCGA_BRCA","GGI",15,592,0.5579,11
"TCGA_BRCA","GGI",15,593,0.5661,12
"TCGA_BRCA","GGI",15,594,0.5597,12
"TCGA_BRCA","GGI",15,595,0.5499,12
"TCGA_BRCA","GGI",15,596,0.5683,12
"TCGA_BRCA","GGI",15,597,0.555,12
"TCGA_BRCA","GGI",15,598,0.5743,12
"TCGA_BRCA","GGI",15,599,0.563,12
"TCGA_BRCA","GGI",15,600,0.5605,12
"TCGA_BRCA","GGI",15,601,0.5575,12
"TCGA_BRCA","GGI",15,602,0.5717,12
"TCGA_BRCA","GGI",15,603,0.5665,12
"TCGA_BRCA","GGI",15,604,0.5705,12
"TCGA_BRCA","GGI",15,605,0.565,12
"TCGA_BRCA","GGI",15,606,0.5633,12
"TCGA_BRCA","GGI",15,607,0.5684,11
"TCGA_BRCA","GGI",15,608,0.5702,12
"TCGA_BRCA","GGI",15,609,0.5712,12
"TCGA_BRCA","GGI",15,610,0.562,12
"TCGA_BRCA","GGI",15,611,0.5707,12
"TCGA_BRCA","GGI",15,612,0.5644,10
"TCGA_BRCA","GGI",15,613,0.5593,12
"TCGA_BRCA","GGI",15,614,0.5667,12
"TCGA_BRCA","GGI",15,615,0.5747,11
"TCGA_BRCA","GGI",15,616,0.5662,12
"TCGA_BRCA","GGI",15,617,0.5726,12
"TCGA_BRCA","GGI",15,618,0.5661,12
"TCGA_BRCA","GGI",15,619,0.5714,12
"TCGA_BRCA","GGI",15,620,0.56,12
"TCGA_BRCA","GGI",15,621,0.5679,12
"TCGA_BRCA","GGI",15,622,0.5708,12
"TCGA_BRCA","GGI",15,623,0.5715,12
"TCGA_BRCA","GGI",15,624,0.5629,12
"TCGA_BRCA","GGI",15,625,0.5598,12
"TCGA_BRCA","GGI",15,626,0.5645,12
"TCGA_BRCA","GGI",15,627,0.5739,12
"TCGA_BRCA","GGI",15,628,0.564,12
"TCGA_BRCA","GGI",15,629,0.5737,12
"TCGA_BRCA","GGI",15,630,0.5599,12
"TCGA_BRCA","GGI",15,631,0.5622,12
"TCGA_BRCA","GGI",15,632,0.5669,12
"TCGA_BRCA","GGI",15,633,0.5662,12
"TCGA_BRCA","GGI",15,634,0.5819,12
"TCGA_BRCA","GGI",15,635,0.5543,12
"TCGA_BRCA","GGI",15,636,0.5594,12
"TCGA_BRCA","GGI",15,637,0.5617,12
"TCGA_BRCA","GGI",15,638,0.5576,12
"TCGA_BRCA","GGI",15,639,0.5672,12
"TCGA_BRCA","GGI",15,640,0.5539,12
"TCGA_BRCA","GGI",15,641,0.5698,12
"TCGA_BRCA","GGI",15,642,0.5708,12
"TCGA_BRCA","GGI",15,643,0.5668,11
"TCGA_BRCA","GGI",15,644,0.5685,12
"TCGA_BRCA","GGI",15,645,0.5623,12
"TCGA_BRCA","GGI",15,646,0.5688,12
"TCGA_BRCA","GGI",15,647,0.57,12
"TCGA_BRCA","GGI",15,648,0.5633,12
"TCGA_BRCA","GGI",15,649,0.5669,12
"TCGA_BRCA","GGI",15,650,0.5783,12
"TCGA_BRCA","GGI",15,651,0.5729,12
"TCGA_BRCA","GGI",15,652,0.5738,11
"TCGA_BRCA","GGI",15,653,0.5582,12
"TCGA_BRCA","GGI",15,654,0.5726,12
"TCGA_BRCA","GGI",15,655,0.5728,12
"TCGA_BRCA","GGI",15,656,0.5574,10
"TCGA_BRCA","GGI",15,657,0.5509,12
"TCGA_BRCA","GGI",15,658,0.5676,12
"TCGA_BRCA","GGI",15,659,0.5743,12
"TCGA_BRCA","GGI",15,660,0.5734,12
"TCGA_BRCA","GGI",15,661,0.5665,12
"TCGA_BRCA","GGI",15,662,0.5622,10
"TCGA_BRCA","GGI",15,663,0.5622,12
"TCGA_BRCA","GGI",15,664,0.5573,12
"TCGA_BRCA","GGI",15,665,0.5664,12
"TCGA_BRCA","GGI",15,666,0.5654,12
"TCGA_BRCA","GGI",15,667,0.5728,12
"TCGA_BRCA","GGI",15,668,0.5595,12
"TCGA_BRCA","GGI",15,669,0.5653,12
"TCGA_BRCA","GGI",15,670,0.552,12
"TCGA_BRCA","GGI",15,671,0.5592,11
"TCGA_BRCA","GGI",15,672,0.5717,12
"TCGA_BRCA","GGI",15,673,0.5667,12
"TCGA_BRCA","GGI",15,674,0.5571,12
"TCGA_BRCA","GGI",15,675,0.5595,12
"TCGA_BRCA","GGI",15,676,0.5572,12
"TCGA_BRCA","GGI",15,677,0.5545,12
"TCGA_BRCA","GGI",15,678,0.5538,12
"TCGA_BRCA","GGI",15,679,0.5666,11
"TCGA_BRCA","GGI",15,680,0.5704,12
"TCGA_BRCA","GGI",15,681,0.5726,12
"TCGA_BRCA","GGI",15,682,0.5642,12
"TCGA_BRCA","GGI",15,683,0.5658,12
"TCGA_BRCA","GGI",15,684,0.552,12
"TCGA_BRCA","GGI",15,685,0.5676,12
"TCGA_BRCA","GGI",15,686,0.5688,10
"TCGA_BRCA","GGI",15,687,0.554,12
"TCGA_BRCA","GGI",15,688,0.5603,12
"TCGA_BRCA","GGI",15,689,0.5597,12
"TCGA_BRCA","GGI",15,690,0.562,12
"TCGA_BRCA","GGI",15,691,0.5626,12
"TCGA_BRCA","GGI",15,692,0.5658,11
"TCGA_BRCA","GGI",15,693,0.5694,11
"TCGA_BRCA","GGI",15,694,0.5554,9
"TCGA_BRCA","GGI",15,695,0.5599,12
"TCGA_BRCA","GGI",15,696,0.5618,12
"TCGA_BRCA","GGI",15,697,0.5664,12
"TCGA_BRCA","GGI",15,698,0.5581,12
"TCGA_BRCA","GGI",15,699,0.5599,12
"TCGA_BRCA","GGI",15,700,0.5585,12
"TCGA_BRCA","GGI",15,701,0.5705,12
"TCGA_BRCA","GGI",15,702,0.5729,12
"TCGA_BRCA","GGI",15,703,0.5755,11
"TCGA_BRCA","GGI",15,704,0.5571,12
"TCGA_BRCA","GGI",15,705,0.5628,10
"TCGA_BRCA","GGI",15,706,0.5555,12
"TCGA_BRCA","GGI",15,707,0.5569,12
"TCGA_BRCA","GGI",15,708,0.5693,12
"TCGA_BRCA","GGI",15,709,0.5672,12
"TCGA_BRCA","GGI",15,710,0.5641,12
"TCGA_BRCA","GGI",15,711,0.5644,12
"TCGA_BRCA","GGI",15,712,0.5647,12
"TCGA_BRCA","GGI",15,713,0.5634,12
"TCGA_BRCA","GGI",15,714,0.5648,12
"TCGA_BRCA","GGI",15,715,0.5609,10
"TCGA_BRCA","GGI",15,716,0.567,12
"TCGA_BRCA","GGI",15,717,0.5612,12
"TCGA_BRCA","GGI",15,718,0.5602,12
"TCGA_BRCA","GGI",15,719,0.5641,12
"TCGA_BRCA","GGI",15,720,0.5612,12
"TCGA_BRCA","GGI",15,721,0.5642,12
"TCGA_BRCA","GGI",15,722,0.5608,12
"TCGA_BRCA","GGI",15,723,0.5661,12
"TCGA_BRCA","GGI",15,724,0.5737,11
"TCGA_BRCA","GGI",15,725,0.5768,12
"TCGA_BRCA","GGI",15,726,0.571,12
"TCGA_BRCA","GGI",15,727,0.5578,12
"TCGA_BRCA","GGI",15,728,0.5633,12
"TCGA_BRCA","GGI",15,729,0.5625,12
"TCGA_BRCA","GGI",15,730,0.5612,12
"TCGA_BRCA","GGI",15,731,0.5675,12
"TCGA_BRCA","GGI",15,732,0.5729,12
"TCGA_BRCA","GGI",15,733,0.5663,11
"TCGA_BRCA","GGI",15,734,0.5651,12
"TCGA_BRCA","GGI",15,735,0.5603,12
"TCGA_BRCA","GGI",15,736,0.562,12
"TCGA_BRCA","GGI",15,737,0.5716,12
"TCGA_BRCA","GGI",15,738,0.5591,12
"TCGA_BRCA","GGI",15,739,0.5736,12
"TCGA_BRCA","GGI",15,740,0.5701,11
"TCGA_BRCA","GGI",15,741,0.5694,8
"TCGA_BRCA","GGI",15,742,0.5678,12
"TCGA_BRCA","GGI",15,743,0.5834,12
"TCGA_BRCA","GGI",15,744,0.5551,12
"TCGA_BRCA","GGI",15,745,0.5786,12
"TCGA_BRCA","GGI",15,746,0.565,11
"TCGA_BRCA","GGI",15,747,0.5621,12
"TCGA_BRCA","GGI",15,748,0.5702,11
"TCGA_BRCA","GGI",15,749,0.5606,12
"TCGA_BRCA","GGI",15,750,0.5722,10
"TCGA_BRCA","GGI",15,751,0.5709,12
"TCGA_BRCA","GGI",15,752,0.5755,12
"TCGA_BRCA","GGI",15,753,0.5616,12
"TCGA_BRCA","GGI",15,754,0.5686,12
"TCGA_BRCA","GGI",15,755,0.5547,12
"TCGA_BRCA","GGI",15,756,0.5605,11
"TCGA_BRCA","GGI",15,757,0.556,12
"TCGA_BRCA","GGI",15,758,0.5621,12
"TCGA_BRCA","GGI",15,759,0.5598,12
"TCGA_BRCA","GGI",15,760,0.5592,12
"TCGA_BRCA","GGI",15,761,0.5672,12
"TCGA_BRCA","GGI",15,762,0.5742,12
"TCGA_BRCA","GGI",15,763,0.5825,12
"TCGA_BRCA","GGI",15,764,0.5633,12
"TCGA_BRCA","GGI",15,765,0.5605,12
"TCGA_BRCA","GGI",15,766,0.5616,12
"TCGA_BRCA","GGI",15,767,0.5559,12
"TCGA_BRCA","GGI",15,768,0.5641,12
"TCGA_BRCA","GGI",15,769,0.5714,6
"TCGA_BRCA","GGI",15,770,0.5656,12
"TCGA_BRCA","GGI",15,771,0.5756,12
"TCGA_BRCA","GGI",15,772,0.571,12
"TCGA_BRCA","GGI",15,773,0.5562,12
"TCGA_BRCA","GGI",15,774,0.5553,12
"TCGA_BRCA","GGI",15,775,0.5577,12
"TCGA_BRCA","GGI",15,776,0.5707,9
"TCGA_BRCA","GGI",15,777,0.5746,12
"TCGA_BRCA","GGI",15,778,0.5627,12
"TCGA_BRCA","GGI",15,779,0.5588,12
"TCGA_BRCA","GGI",15,780,0.5613,12
"TCGA_BRCA","GGI",15,781,0.566,12
"TCGA_BRCA","GGI",15,782,0.5695,12
"TCGA_BRCA","GGI",15,783,0.5603,12
"TCGA_BRCA","GGI",15,784,0.578,12
"TCGA_BRCA","GGI",15,785,0.5588,12
"TCGA_BRCA","GGI",15,786,0.5594,12
"TCGA_BRCA","GGI",15,787,0.5612,12
"TCGA_BRCA","GGI",15,788,0.5539,12
"TCGA_BRCA","GGI",15,789,0.5792,12
"TCGA_BRCA","GGI",15,790,0.5601,12
"TCGA_BRCA","GGI",15,791,0.5737,12
"TCGA_BRCA","GGI",15,792,0.5515,12
"TCGA_BRCA","GGI",15,793,0.5749,12
"TCGA_BRCA","GGI",15,794,0.5604,12
"TCGA_BRCA","GGI",15,795,0.5622,12
"TCGA_BRCA","GGI",15,796,0.5568,12
"TCGA_BRCA","GGI",15,797,0.5538,10
"TCGA_BRCA","GGI",15,798,0.5521,12
"TCGA_BRCA","GGI",15,799,0.5664,12
"TCGA_BRCA","GGI",15,800,0.5774,8
"TCGA_BRCA","GGI",15,801,0.5761,12
"TCGA_BRCA","GGI",15,802,0.5778,12
"TCGA_BRCA","GGI",15,803,0.5534,12
"TCGA_BRCA","GGI",15,804,0.549,12
"TCGA_BRCA","GGI",15,805,0.5678,12
"TCGA_BRCA","GGI",15,806,0.5581,12
"TCGA_BRCA","GGI",15,807,0.5653,12
"TCGA_BRCA","GGI",15,808,0.5607,12
"TCGA_BRCA","GGI",15,809,0.5639,12
"TCGA_BRCA","GGI",15,810,0.5713,12
"TCGA_BRCA","GGI",15,811,0.5699,11
"TCGA_BRCA","GGI",15,812,0.5643,12
"TCGA_BRCA","GGI",15,813,0.5598,12
"TCGA_BRCA","GGI",15,814,0.5625,12
"TCGA_BRCA","GGI",15,815,0.5678,12
"TCGA_BRCA","GGI",15,816,0.5633,12
"TCGA_BRCA","GGI",15,817,0.5697,12
"TCGA_BRCA","GGI",15,818,0.5573,12
"TCGA_BRCA","GGI",15,819,0.5568,12
"TCGA_BRCA","GGI",15,820,0.57,12
"TCGA_BRCA","GGI",15,821,0.5763,12
"TCGA_BRCA","GGI",15,822,0.5614,12
"TCGA_BRCA","GGI",15,823,0.5743,12
"TCGA_BRCA","GGI",15,824,0.5669,12
"TCGA_BRCA","GGI",15,825,0.567,12
"TCGA_BRCA","GGI",15,826,0.5697,12
"TCGA_BRCA","GGI",15,827,0.5698,12
"TCGA_BRCA","GGI",15,828,0.5653,12
"TCGA_BRCA","GGI",15,829,0.5794,9
"TCGA_BRCA","GGI",15,830,0.5767,12
"TCGA_BRCA","GGI",15,831,0.5602,11
"TCGA_BRCA","GGI",15,832,0.5636,12
"TCGA_BRCA","GGI",15,833,0.5644,12
"TCGA_BRCA","GGI",15,834,0.5662,12
"TCGA_BRCA","GGI",15,835,0.5561,12
"TCGA_BRCA","GGI",15,836,0.564,12
"TCGA_BRCA","GGI",15,837,0.5644,12
"TCGA_BRCA","GGI",15,838,0.5744,12
"TCGA_BRCA","GGI",15,839,0.5677,12
"TCGA_BRCA","GGI",15,840,0.5661,12
"TCGA_BRCA","GGI",15,841,0.5699,12
"TCGA_BRCA","GGI",15,842,0.5643,10
"TCGA_BRCA","GGI",15,843,0.5538,12
"TCGA_BRCA","GGI",15,844,0.5642,12
"TCGA_BRCA","GGI",15,845,0.5616,12
"TCGA_BRCA","GGI",15,846,0.572,10
"TCGA_BRCA","GGI",15,847,0.5547,12
"TCGA_BRCA","GGI",15,848,0.557,12
"TCGA_BRCA","GGI",15,849,0.564,12
"TCGA_BRCA","GGI",15,850,0.5627,12
"TCGA_BRCA","GGI",15,851,0.5617,12
"TCGA_BRCA","GGI",15,852,0.5568,12
"TCGA_BRCA","GGI",15,853,0.5502,12
"TCGA_BRCA","GGI",15,854,0.5672,12
"TCGA_BRCA","GGI",15,855,0.5775,12
"TCGA_BRCA","GGI",15,856,0.5652,12
"TCGA_BRCA","GGI",15,857,0.5655,12
"TCGA_BRCA","GGI",15,858,0.569,12
"TCGA_BRCA","GGI",15,859,0.5656,11
"TCGA_BRCA","GGI",15,860,0.5523,12
"TCGA_BRCA","GGI",15,861,0.5791,12
"TCGA_BRCA","GGI",15,862,0.5672,12
"TCGA_BRCA","GGI",15,863,0.5658,12
"TCGA_BRCA","GGI",15,864,0.5698,12
"TCGA_BRCA","GGI",15,865,0.5675,12
"TCGA_BRCA","GGI",15,866,0.568,12
"TCGA_BRCA","GGI",15,867,0.5771,12
"TCGA_BRCA","GGI",15,868,0.5582,9
"TCGA_BRCA","GGI",15,869,0.5597,12
"TCGA_BRCA","GGI",15,870,0.5755,10
"TCGA_BRCA","GGI",15,871,0.5698,12
"TCGA_BRCA","GGI",15,872,0.5639,12
"TCGA_BRCA","GGI",15,873,0.567,12
"TCGA_BRCA","GGI",15,874,0.5642,12
"TCGA_BRCA","GGI",15,875,0.5611,12
"TCGA_BRCA","GGI",15,876,0.5643,12
"TCGA_BRCA","GGI",15,877,0.553,12
"TCGA_BRCA","GGI",15,878,0.5574,12
"TCGA_BRCA","GGI",15,879,0.5606,10
"TCGA_BRCA","GGI",15,880,0.5717,12
"TCGA_BRCA","GGI",15,881,0.5663,12
"TCGA_BRCA","GGI",15,882,0.5707,12
"TCGA_BRCA","GGI",15,883,0.5665,12
"TCGA_BRCA","GGI",15,884,0.5629,12
"TCGA_BRCA","GGI",15,885,0.5546,12
"TCGA_BRCA","GGI",15,886,0.5646,12
"TCGA_BRCA","GGI",15,887,0.5614,12
"TCGA_BRCA","GGI",15,888,0.5508,12
"TCGA_BRCA","GGI",15,889,0.5558,12
"TCGA_BRCA","GGI",15,890,0.5762,12
"TCGA_BRCA","GGI",15,891,0.5557,12
"TCGA_BRCA","GGI",15,892,0.5712,12
"TCGA_BRCA","GGI",15,893,0.5622,12
"TCGA_BRCA","GGI",15,894,0.5656,12
"TCGA_BRCA","GGI",15,895,0.5515,12
"TCGA_BRCA","GGI",15,896,0.5786,12
"TCGA_BRCA","GGI",15,897,0.5594,12
"TCGA_BRCA","GGI",15,898,0.5611,12
"TCGA_BRCA","GGI",15,899,0.5545,12
"TCGA_BRCA","GGI",15,900,0.556,12
"TCGA_BRCA","GGI",15,901,0.5572,11
"TCGA_BRCA","GGI",15,902,0.5664,12
"TCGA_BRCA","GGI",15,903,0.5699,12
"TCGA_BRCA","GGI",15,904,0.5587,12
"TCGA_BRCA","GGI",15,905,0.5602,12
"TCGA_BRCA","GGI",15,906,0.5623,12
"TCGA_BRCA","GGI",15,907,0.5531,12
"TCGA_BRCA","GGI",15,908,0.5609,10
"TCGA_BRCA","GGI",15,909,0.5669,10
"TCGA_BRCA","GGI",15,910,0.555,12
"TCGA_BRCA","GGI",15,911,0.5613,9
"TCGA_BRCA","GGI",15,912,0.575,12
"TCGA_BRCA","GGI",15,913,0.5627,12
"TCGA_BRCA","GGI",15,914,0.5614,12
"TCGA_BRCA","GGI",15,915,0.5482,11
"TCGA_BRCA","GGI",15,916,0.5676,12
"TCGA_BRCA","GGI",15,917,0.5561,12
"TCGA_BRCA","GGI",15,918,0.5668,12
"TCGA_BRCA","GGI",15,919,0.5632,12
"TCGA_BRCA","GGI",15,920,0.5699,12
"TCGA_BRCA","GGI",15,921,0.551,12
"TCGA_BRCA","GGI",15,922,0.5567,12
"TCGA_BRCA","GGI",15,923,0.5647,12
"TCGA_BRCA","GGI",15,924,0.5673,12
"TCGA_BRCA","GGI",15,925,0.581,12
"TCGA_BRCA","GGI",15,926,0.5665,12
"TCGA_BRCA","GGI",15,927,0.568,12
"TCGA_BRCA","GGI",15,928,0.5655,12
"TCGA_BRCA","GGI",15,929,0.5766,10
"TCGA_BRCA","GGI",15,930,0.5592,12
"TCGA_BRCA","GGI",15,931,0.5754,12
"TCGA_BRCA","GGI",15,932,0.5677,12
"TCGA_BRCA","GGI",15,933,0.557,12
"TCGA_BRCA","GGI",15,934,0.5671,12
"TCGA_BRCA","GGI",15,935,0.5584,12
"TCGA_BRCA","GGI",15,936,0.5691,12
"TCGA_BRCA","GGI",15,937,0.5754,12
"TCGA_BRCA","GGI",15,938,0.5711,12
"TCGA_BRCA","GGI",15,939,0.5627,12
"TCGA_BRCA","GGI",15,940,0.574,12
"TCGA_BRCA","GGI",15,941,0.5648,12
"TCGA_BRCA","GGI",15,942,0.564,12
"TCGA_BRCA","GGI",15,943,0.5652,12
"TCGA_BRCA","GGI",15,944,0.5642,12
"TCGA_BRCA","GGI",15,945,0.5581,12
"TCGA_BRCA","GGI",15,946,0.5561,12
"TCGA_BRCA","GGI",15,947,0.5635,12
"TCGA_BRCA","GGI",15,948,0.563,12
"TCGA_BRCA","GGI",15,949,0.553,12
"TCGA_BRCA","GGI",15,950,0.5728,12
"TCGA_BRCA","GGI",15,951,0.5603,12
"TCGA_BRCA","GGI",15,952,0.5689,12
"TCGA_BRCA","GGI",15,953,0.5659,12
"TCGA_BRCA","GGI",15,954,0.5563,12
"TCGA_BRCA","GGI",15,955,0.5692,11
"TCGA_BRCA","GGI",15,956,0.5674,12
"TCGA_BRCA","GGI",15,957,0.5575,12
"TCGA_BRCA","GGI",15,958,0.5626,12
"TCGA_BRCA","GGI",15,959,0.5668,12
"TCGA_BRCA","GGI",15,960,0.5688,12
"TCGA_BRCA","GGI",15,961,0.5593,12
"TCGA_BRCA","GGI",15,962,0.5742,12
"TCGA_BRCA","GGI",15,963,0.5701,12
"TCGA_BRCA","GGI",15,964,0.5636,12
"TCGA_BRCA","GGI",15,965,0.556,12
"TCGA_BRCA","GGI",15,966,0.5614,12
"TCGA_BRCA","GGI",15,967,0.5716,11
"TCGA_BRCA","GGI",15,968,0.5653,12
"TCGA_BRCA","GGI",15,969,0.5622,12
"TCGA_BRCA","GGI",15,970,0.547,12
"TCGA_BRCA","GGI",15,971,0.5737,12
"TCGA_BRCA","GGI",15,972,0.5787,12
"TCGA_BRCA","GGI",15,973,0.5766,9
"TCGA_BRCA","GGI",15,974,0.5705,11
"TCGA_BRCA","GGI",15,975,0.5767,11
"TCGA_BRCA","GGI",15,976,0.5662,12
"TCGA_BRCA","GGI",15,977,0.5687,10
"TCGA_BRCA","GGI",15,978,0.557,12
"TCGA_BRCA","GGI",15,979,0.5558,12
"TCGA_BRCA","GGI",15,980,0.556,12
"TCGA_BRCA","GGI",15,981,0.5679,12
"TCGA_BRCA","GGI",15,982,0.5591,12
"TCGA_BRCA","GGI",15,983,0.5661,12
"TCGA_BRCA","GGI",15,984,0.5639,10
"TCGA_BRCA","GGI",15,985,0.5598,12
"TCGA_BRCA","GGI",15,986,0.5626,12
"TCGA_BRCA","GGI",15,987,0.5762,11
"TCGA_BRCA","GGI",15,988,0.5645,12
"TCGA_BRCA","GGI",15,989,0.5636,10
"TCGA_BRCA","GGI",15,990,0.5641,12
"TCGA_BRCA","GGI",15,991,0.5709,12
"TCGA_BRCA","GGI",15,992,0.5559,12
"TCGA_BRCA","GGI",15,993,0.5661,12
"TCGA_BRCA","GGI",15,994,0.563,12
"TCGA_BRCA","GGI",15,995,0.5522,12
"TCGA_BRCA","GGI",15,996,0.5734,12
"TCGA_BRCA","GGI",15,997,0.561,12
"TCGA_BRCA","GGI",15,998,0.5633,12
"TCGA_BRCA","GGI",15,999,0.5764,12
"TCGA_BRCA","GGI",15,1000,0.5681,12
"TCGA_BRCA","MammaPrint",24,1,0.5753,13
"TCGA_BRCA","MammaPrint",24,2,0.5771,15
"TCGA_BRCA","MammaPrint",24,3,0.5685,20
"TCGA_BRCA","MammaPrint",24,4,0.5861,14
"TCGA_BRCA","MammaPrint",24,5,0.5949,10
"TCGA_BRCA","MammaPrint",24,6,0.5761,20
"TCGA_BRCA","MammaPrint",24,7,0.5695,20
"TCGA_BRCA","MammaPrint",24,8,0.5729,20
"TCGA_BRCA","MammaPrint",24,9,0.5934,15
"TCGA_BRCA","MammaPrint",24,10,0.5781,21
"TCGA_BRCA","MammaPrint",24,11,0.598,20
"TCGA_BRCA","MammaPrint",24,12,0.5711,14
"TCGA_BRCA","MammaPrint",24,13,0.5868,16
"TCGA_BRCA","MammaPrint",24,14,0.5801,13
"TCGA_BRCA","MammaPrint",24,15,0.5728,20
"TCGA_BRCA","MammaPrint",24,16,0.5818,13
"TCGA_BRCA","MammaPrint",24,17,0.5789,9
"TCGA_BRCA","MammaPrint",24,18,0.5858,13
"TCGA_BRCA","MammaPrint",24,19,0.5805,21
"TCGA_BRCA","MammaPrint",24,20,0.5795,20
"TCGA_BRCA","MammaPrint",24,21,0.5772,20
"TCGA_BRCA","MammaPrint",24,22,0.5902,12
"TCGA_BRCA","MammaPrint",24,23,0.5796,21
"TCGA_BRCA","MammaPrint",24,24,0.5842,21
"TCGA_BRCA","MammaPrint",24,25,0.5829,20
"TCGA_BRCA","MammaPrint",24,26,0.5763,21
"TCGA_BRCA","MammaPrint",24,27,0.5678,13
"TCGA_BRCA","MammaPrint",24,28,0.578,12
"TCGA_BRCA","MammaPrint",24,29,0.5916,15
"TCGA_BRCA","MammaPrint",24,30,0.5836,13
"TCGA_BRCA","MammaPrint",24,31,0.5765,21
"TCGA_BRCA","MammaPrint",24,32,0.5791,20
"TCGA_BRCA","MammaPrint",24,33,0.5857,10
"TCGA_BRCA","MammaPrint",24,34,0.5712,21
"TCGA_BRCA","MammaPrint",24,35,0.586,13
"TCGA_BRCA","MammaPrint",24,36,0.5766,11
"TCGA_BRCA","MammaPrint",24,37,0.5699,19
"TCGA_BRCA","MammaPrint",24,38,0.5763,21
"TCGA_BRCA","MammaPrint",24,39,0.5841,14
"TCGA_BRCA","MammaPrint",24,40,0.5855,11
"TCGA_BRCA","MammaPrint",24,41,0.5776,12
"TCGA_BRCA","MammaPrint",24,42,0.5788,21
"TCGA_BRCA","MammaPrint",24,43,0.5945,12
"TCGA_BRCA","MammaPrint",24,44,0.5953,15
"TCGA_BRCA","MammaPrint",24,45,0.5848,13
"TCGA_BRCA","MammaPrint",24,46,0.5835,13
"TCGA_BRCA","MammaPrint",24,47,0.5772,21
"TCGA_BRCA","MammaPrint",24,48,0.5897,11
"TCGA_BRCA","MammaPrint",24,49,0.5863,12
"TCGA_BRCA","MammaPrint",24,50,0.5842,21
"TCGA_BRCA","MammaPrint",24,51,0.5956,17
"TCGA_BRCA","MammaPrint",24,52,0.5754,20
"TCGA_BRCA","MammaPrint",24,53,0.5766,21
"TCGA_BRCA","MammaPrint",24,54,0.5771,20
"TCGA_BRCA","MammaPrint",24,55,0.5702,14
"TCGA_BRCA","MammaPrint",24,56,0.5773,14
"TCGA_BRCA","MammaPrint",24,57,0.5937,13
"TCGA_BRCA","MammaPrint",24,58,0.5906,14
"TCGA_BRCA","MammaPrint",24,59,0.5731,20
"TCGA_BRCA","MammaPrint",24,60,0.5859,20
"TCGA_BRCA","MammaPrint",24,61,0.5694,12
"TCGA_BRCA","MammaPrint",24,62,0.5915,14
"TCGA_BRCA","MammaPrint",24,63,0.5702,13
"TCGA_BRCA","MammaPrint",24,64,0.5844,21
"TCGA_BRCA","MammaPrint",24,65,0.5866,14
"TCGA_BRCA","MammaPrint",24,66,0.5874,12
"TCGA_BRCA","MammaPrint",24,67,0.5754,21
"TCGA_BRCA","MammaPrint",24,68,0.5894,14
"TCGA_BRCA","MammaPrint",24,69,0.5901,8
"TCGA_BRCA","MammaPrint",24,70,0.5885,12
"TCGA_BRCA","MammaPrint",24,71,0.5862,21
"TCGA_BRCA","MammaPrint",24,72,0.5764,15
"TCGA_BRCA","MammaPrint",24,73,0.5741,12
"TCGA_BRCA","MammaPrint",24,74,0.5901,12
"TCGA_BRCA","MammaPrint",24,75,0.5813,21
"TCGA_BRCA","MammaPrint",24,76,0.5923,11
"TCGA_BRCA","MammaPrint",24,77,0.5807,16
"TCGA_BRCA","MammaPrint",24,78,0.5764,16
"TCGA_BRCA","MammaPrint",24,79,0.5785,15
"TCGA_BRCA","MammaPrint",24,80,0.5761,13
"TCGA_BRCA","MammaPrint",24,81,0.5811,14
"TCGA_BRCA","MammaPrint",24,82,0.58,13
"TCGA_BRCA","MammaPrint",24,83,0.5763,20
"TCGA_BRCA","MammaPrint",24,84,0.5827,12
"TCGA_BRCA","MammaPrint",24,85,0.5978,10
"TCGA_BRCA","MammaPrint",24,86,0.5942,12
"TCGA_BRCA","MammaPrint",24,87,0.5838,11
"TCGA_BRCA","MammaPrint",24,88,0.58,15
"TCGA_BRCA","MammaPrint",24,89,0.5856,21
"TCGA_BRCA","MammaPrint",24,90,0.5895,13
"TCGA_BRCA","MammaPrint",24,91,0.5841,20
"TCGA_BRCA","MammaPrint",24,92,0.5831,21
"TCGA_BRCA","MammaPrint",24,93,0.5719,21
"TCGA_BRCA","MammaPrint",24,94,0.5792,21
"TCGA_BRCA","MammaPrint",24,95,0.5789,21
"TCGA_BRCA","MammaPrint",24,96,0.5763,21
"TCGA_BRCA","MammaPrint",24,97,0.5907,21
"TCGA_BRCA","MammaPrint",24,98,0.5775,14
"TCGA_BRCA","MammaPrint",24,99,0.5749,21
"TCGA_BRCA","MammaPrint",24,100,0.5826,12
"TCGA_BRCA","MammaPrint",24,101,0.5778,12
"TCGA_BRCA","MammaPrint",24,102,0.5846,13
"TCGA_BRCA","MammaPrint",24,103,0.5842,12
"TCGA_BRCA","MammaPrint",24,104,0.5787,11
"TCGA_BRCA","MammaPrint",24,105,0.5883,20
"TCGA_BRCA","MammaPrint",24,106,0.5708,12
"TCGA_BRCA","MammaPrint",24,107,0.5821,11
"TCGA_BRCA","MammaPrint",24,108,0.575,21
"TCGA_BRCA","MammaPrint",24,109,0.5656,15
"TCGA_BRCA","MammaPrint",24,110,0.5796,20
"TCGA_BRCA","MammaPrint",24,111,0.5831,11
"TCGA_BRCA","MammaPrint",24,112,0.5808,12
"TCGA_BRCA","MammaPrint",24,113,0.5883,15
"TCGA_BRCA","MammaPrint",24,114,0.5745,12
"TCGA_BRCA","MammaPrint",24,115,0.5868,20
"TCGA_BRCA","MammaPrint",24,116,0.5694,13
"TCGA_BRCA","MammaPrint",24,117,0.587,13
"TCGA_BRCA","MammaPrint",24,118,0.5806,20
"TCGA_BRCA","MammaPrint",24,119,0.5778,21
"TCGA_BRCA","MammaPrint",24,120,0.5801,20
"TCGA_BRCA","MammaPrint",24,121,0.5719,20
"TCGA_BRCA","MammaPrint",24,122,0.5874,15
"TCGA_BRCA","MammaPrint",24,123,0.5786,21
"TCGA_BRCA","MammaPrint",24,124,0.5871,9
"TCGA_BRCA","MammaPrint",24,125,0.5728,21
"TCGA_BRCA","MammaPrint",24,126,0.5823,20
"TCGA_BRCA","MammaPrint",24,127,0.5839,20
"TCGA_BRCA","MammaPrint",24,128,0.5906,13
"TCGA_BRCA","MammaPrint",24,129,0.5769,12
"TCGA_BRCA","MammaPrint",24,130,0.5818,20
"TCGA_BRCA","MammaPrint",24,131,0.5675,21
"TCGA_BRCA","MammaPrint",24,132,0.5921,13
"TCGA_BRCA","MammaPrint",24,133,0.5758,21
"TCGA_BRCA","MammaPrint",24,134,0.5806,15
"TCGA_BRCA","MammaPrint",24,135,0.5731,14
"TCGA_BRCA","MammaPrint",24,136,0.5787,16
"TCGA_BRCA","MammaPrint",24,137,0.5835,16
"TCGA_BRCA","MammaPrint",24,138,0.5799,21
"TCGA_BRCA","MammaPrint",24,139,0.5862,11
"TCGA_BRCA","MammaPrint",24,140,0.586,21
"TCGA_BRCA","MammaPrint",24,141,0.5918,13
"TCGA_BRCA","MammaPrint",24,142,0.5932,12
"TCGA_BRCA","MammaPrint",24,143,0.5822,15
"TCGA_BRCA","MammaPrint",24,144,0.588,15
"TCGA_BRCA","MammaPrint",24,145,0.5812,12
"TCGA_BRCA","MammaPrint",24,146,0.5706,21
"TCGA_BRCA","MammaPrint",24,147,0.5658,13
"TCGA_BRCA","MammaPrint",24,148,0.5924,13
"TCGA_BRCA","MammaPrint",24,149,0.5842,14
"TCGA_BRCA","MammaPrint",24,150,0.5844,13
"TCGA_BRCA","MammaPrint",24,151,0.5891,11
"TCGA_BRCA","MammaPrint",24,152,0.569,14
"TCGA_BRCA","MammaPrint",24,153,0.5814,12
"TCGA_BRCA","MammaPrint",24,154,0.5774,13
"TCGA_BRCA","MammaPrint",24,155,0.5829,12
"TCGA_BRCA","MammaPrint",24,156,0.5752,14
"TCGA_BRCA","MammaPrint",24,157,0.5785,14
"TCGA_BRCA","MammaPrint",24,158,0.5664,19
"TCGA_BRCA","MammaPrint",24,159,0.5727,14
"TCGA_BRCA","MammaPrint",24,160,0.5861,14
"TCGA_BRCA","MammaPrint",24,161,0.5747,11
"TCGA_BRCA","MammaPrint",24,162,0.57,18
"TCGA_BRCA","MammaPrint",24,163,0.5855,15
"TCGA_BRCA","MammaPrint",24,164,0.5889,20
"TCGA_BRCA","MammaPrint",24,165,0.5771,21
"TCGA_BRCA","MammaPrint",24,166,0.5936,14
"TCGA_BRCA","MammaPrint",24,167,0.5862,21
"TCGA_BRCA","MammaPrint",24,168,0.5864,12
"TCGA_BRCA","MammaPrint",24,169,0.5714,21
"TCGA_BRCA","MammaPrint",24,170,0.5724,14
"TCGA_BRCA","MammaPrint",24,171,0.5729,12
"TCGA_BRCA","MammaPrint",24,172,0.5918,14
"TCGA_BRCA","MammaPrint",24,173,0.5844,10
"TCGA_BRCA","MammaPrint",24,174,0.5768,21
"TCGA_BRCA","MammaPrint",24,175,0.576,15
"TCGA_BRCA","MammaPrint",24,176,0.5891,14
"TCGA_BRCA","MammaPrint",24,177,0.5797,13
"TCGA_BRCA","MammaPrint",24,178,0.581,20
"TCGA_BRCA","MammaPrint",24,179,0.5849,12
"TCGA_BRCA","MammaPrint",24,180,0.5783,21
"TCGA_BRCA","MammaPrint",24,181,0.5721,11
"TCGA_BRCA","MammaPrint",24,182,0.5749,14
"TCGA_BRCA","MammaPrint",24,183,0.5745,16
"TCGA_BRCA","MammaPrint",24,184,0.5788,20
"TCGA_BRCA","MammaPrint",24,185,0.579,16
"TCGA_BRCA","MammaPrint",24,186,0.5791,21
"TCGA_BRCA","MammaPrint",24,187,0.5744,15
"TCGA_BRCA","MammaPrint",24,188,0.577,13
"TCGA_BRCA","MammaPrint",24,189,0.5826,11
"TCGA_BRCA","MammaPrint",24,190,0.5848,14
"TCGA_BRCA","MammaPrint",24,191,0.5805,13
"TCGA_BRCA","MammaPrint",24,192,0.568,13
"TCGA_BRCA","MammaPrint",24,193,0.5837,20
"TCGA_BRCA","MammaPrint",24,194,0.5706,15
"TCGA_BRCA","MammaPrint",24,195,0.5798,13
"TCGA_BRCA","MammaPrint",24,196,0.5802,20
"TCGA_BRCA","MammaPrint",24,197,0.5872,20
"TCGA_BRCA","MammaPrint",24,198,0.5991,15
"TCGA_BRCA","MammaPrint",24,199,0.5881,21
"TCGA_BRCA","MammaPrint",24,200,0.5729,14
"TCGA_BRCA","MammaPrint",24,201,0.583,21
"TCGA_BRCA","MammaPrint",24,202,0.5853,14
"TCGA_BRCA","MammaPrint",24,203,0.5849,14
"TCGA_BRCA","MammaPrint",24,204,0.5861,16
"TCGA_BRCA","MammaPrint",24,205,0.5798,20
"TCGA_BRCA","MammaPrint",24,206,0.5889,15
"TCGA_BRCA","MammaPrint",24,207,0.5935,13
"TCGA_BRCA","MammaPrint",24,208,0.5751,21
"TCGA_BRCA","MammaPrint",24,209,0.5834,21
"TCGA_BRCA","MammaPrint",24,210,0.5771,15
"TCGA_BRCA","MammaPrint",24,211,0.5751,15
"TCGA_BRCA","MammaPrint",24,212,0.5821,11
"TCGA_BRCA","MammaPrint",24,213,0.5841,14
"TCGA_BRCA","MammaPrint",24,214,0.5881,15
"TCGA_BRCA","MammaPrint",24,215,0.5878,17
"TCGA_BRCA","MammaPrint",24,216,0.5727,12
"TCGA_BRCA","MammaPrint",24,217,0.5783,20
"TCGA_BRCA","MammaPrint",24,218,0.568,16
"TCGA_BRCA","MammaPrint",24,219,0.6012,13
"TCGA_BRCA","MammaPrint",24,220,0.574,21
"TCGA_BRCA","MammaPrint",24,221,0.5707,21
"TCGA_BRCA","MammaPrint",24,222,0.5858,12
"TCGA_BRCA","MammaPrint",24,223,0.5707,13
"TCGA_BRCA","MammaPrint",24,224,0.5749,11
"TCGA_BRCA","MammaPrint",24,225,0.5736,13
"TCGA_BRCA","MammaPrint",24,226,0.5758,12
"TCGA_BRCA","MammaPrint",24,227,0.5776,20
"TCGA_BRCA","MammaPrint",24,228,0.5801,21
"TCGA_BRCA","MammaPrint",24,229,0.5775,21
"TCGA_BRCA","MammaPrint",24,230,0.5784,11
"TCGA_BRCA","MammaPrint",24,231,0.5794,21
"TCGA_BRCA","MammaPrint",24,232,0.584,14
"TCGA_BRCA","MammaPrint",24,233,0.5827,20
"TCGA_BRCA","MammaPrint",24,234,0.5876,12
"TCGA_BRCA","MammaPrint",24,235,0.5843,15
"TCGA_BRCA","MammaPrint",24,236,0.5775,12
"TCGA_BRCA","MammaPrint",24,237,0.5963,12
"TCGA_BRCA","MammaPrint",24,238,0.5899,13
"TCGA_BRCA","MammaPrint",24,239,0.5823,20
"TCGA_BRCA","MammaPrint",24,240,0.5832,13
"TCGA_BRCA","MammaPrint",24,241,0.5777,12
"TCGA_BRCA","MammaPrint",24,242,0.582,21
"TCGA_BRCA","MammaPrint",24,243,0.5733,12
"TCGA_BRCA","MammaPrint",24,244,0.5867,21
"TCGA_BRCA","MammaPrint",24,245,0.5666,21
"TCGA_BRCA","MammaPrint",24,246,0.5792,21
"TCGA_BRCA","MammaPrint",24,247,0.5728,20
"TCGA_BRCA","MammaPrint",24,248,0.5832,11
"TCGA_BRCA","MammaPrint",24,249,0.5876,12
"TCGA_BRCA","MammaPrint",24,250,0.5718,21
"TCGA_BRCA","MammaPrint",24,251,0.5849,21
"TCGA_BRCA","MammaPrint",24,252,0.5777,21
"TCGA_BRCA","MammaPrint",24,253,0.5777,13
"TCGA_BRCA","MammaPrint",24,254,0.5856,12
"TCGA_BRCA","MammaPrint",24,255,0.5666,21
"TCGA_BRCA","MammaPrint",24,256,0.5814,14
"TCGA_BRCA","MammaPrint",24,257,0.5816,15
"TCGA_BRCA","MammaPrint",24,258,0.5807,21
"TCGA_BRCA","MammaPrint",24,259,0.5853,12
"TCGA_BRCA","MammaPrint",24,260,0.5767,18
"TCGA_BRCA","MammaPrint",24,261,0.5978,14
"TCGA_BRCA","MammaPrint",24,262,0.5748,21
"TCGA_BRCA","MammaPrint",24,263,0.5856,12
"TCGA_BRCA","MammaPrint",24,264,0.5813,14
"TCGA_BRCA","MammaPrint",24,265,0.5842,11
"TCGA_BRCA","MammaPrint",24,266,0.5861,16
"TCGA_BRCA","MammaPrint",24,267,0.5722,21
"TCGA_BRCA","MammaPrint",24,268,0.5874,14
"TCGA_BRCA","MammaPrint",24,269,0.5789,14
"TCGA_BRCA","MammaPrint",24,270,0.5841,21
"TCGA_BRCA","MammaPrint",24,271,0.5824,20
"TCGA_BRCA","MammaPrint",24,272,0.5865,13
"TCGA_BRCA","MammaPrint",24,273,0.5832,13
"TCGA_BRCA","MammaPrint",24,274,0.572,18
"TCGA_BRCA","MammaPrint",24,275,0.586,21
"TCGA_BRCA","MammaPrint",24,276,0.5762,21
"TCGA_BRCA","MammaPrint",24,277,0.5956,14
"TCGA_BRCA","MammaPrint",24,278,0.5848,20
"TCGA_BRCA","MammaPrint",24,279,0.5805,15
"TCGA_BRCA","MammaPrint",24,280,0.5775,21
"TCGA_BRCA","MammaPrint",24,281,0.5734,14
"TCGA_BRCA","MammaPrint",24,282,0.5831,21
"TCGA_BRCA","MammaPrint",24,283,0.5822,21
"TCGA_BRCA","MammaPrint",24,284,0.5804,16
"TCGA_BRCA","MammaPrint",24,285,0.5911,16
"TCGA_BRCA","MammaPrint",24,286,0.5881,13
"TCGA_BRCA","MammaPrint",24,287,0.5772,12
"TCGA_BRCA","MammaPrint",24,288,0.5756,21
"TCGA_BRCA","MammaPrint",24,289,0.5822,13
"TCGA_BRCA","MammaPrint",24,290,0.5855,21
"TCGA_BRCA","MammaPrint",24,291,0.5821,12
"TCGA_BRCA","MammaPrint",24,292,0.5853,21
"TCGA_BRCA","MammaPrint",24,293,0.5815,12
"TCGA_BRCA","MammaPrint",24,294,0.5948,13
"TCGA_BRCA","MammaPrint",24,295,0.5721,15
"TCGA_BRCA","MammaPrint",24,296,0.5746,21
"TCGA_BRCA","MammaPrint",24,297,0.5941,13
"TCGA_BRCA","MammaPrint",24,298,0.5732,17
"TCGA_BRCA","MammaPrint",24,299,0.5836,11
"TCGA_BRCA","MammaPrint",24,300,0.5841,13
"TCGA_BRCA","MammaPrint",24,301,0.5863,9
"TCGA_BRCA","MammaPrint",24,302,0.5843,21
"TCGA_BRCA","MammaPrint",24,303,0.5906,18
"TCGA_BRCA","MammaPrint",24,304,0.5829,11
"TCGA_BRCA","MammaPrint",24,305,0.5837,10
"TCGA_BRCA","MammaPrint",24,306,0.5803,15
"TCGA_BRCA","MammaPrint",24,307,0.5833,13
"TCGA_BRCA","MammaPrint",24,308,0.5872,13
"TCGA_BRCA","MammaPrint",24,309,0.5764,21
"TCGA_BRCA","MammaPrint",24,310,0.58,13
"TCGA_BRCA","MammaPrint",24,311,0.5688,20
"TCGA_BRCA","MammaPrint",24,312,0.5808,21
"TCGA_BRCA","MammaPrint",24,313,0.5898,11
"TCGA_BRCA","MammaPrint",24,314,0.5891,13
"TCGA_BRCA","MammaPrint",24,315,0.5845,12
"TCGA_BRCA","MammaPrint",24,316,0.5721,21
"TCGA_BRCA","MammaPrint",24,317,0.5889,13
"TCGA_BRCA","MammaPrint",24,318,0.5771,16
"TCGA_BRCA","MammaPrint",24,319,0.5824,14
"TCGA_BRCA","MammaPrint",24,320,0.5913,12
"TCGA_BRCA","MammaPrint",24,321,0.5818,12
"TCGA_BRCA","MammaPrint",24,322,0.5796,12
"TCGA_BRCA","MammaPrint",24,323,0.5894,11
"TCGA_BRCA","MammaPrint",24,324,0.5782,15
"TCGA_BRCA","MammaPrint",24,325,0.5884,15
"TCGA_BRCA","MammaPrint",24,326,0.5688,13
"TCGA_BRCA","MammaPrint",24,327,0.5784,21
"TCGA_BRCA","MammaPrint",24,328,0.5876,20
"TCGA_BRCA","MammaPrint",24,329,0.5872,11
"TCGA_BRCA","MammaPrint",24,330,0.5829,20
"TCGA_BRCA","MammaPrint",24,331,0.5904,15
"TCGA_BRCA","MammaPrint",24,332,0.5898,14
"TCGA_BRCA","MammaPrint",24,333,0.5902,21
"TCGA_BRCA","MammaPrint",24,334,0.5883,15
"TCGA_BRCA","MammaPrint",24,335,0.5877,13
"TCGA_BRCA","MammaPrint",24,336,0.5855,20
"TCGA_BRCA","MammaPrint",24,337,0.5812,21
"TCGA_BRCA","MammaPrint",24,338,0.5766,20
"TCGA_BRCA","MammaPrint",24,339,0.5876,14
"TCGA_BRCA","MammaPrint",24,340,0.5901,15
"TCGA_BRCA","MammaPrint",24,341,0.5704,21
"TCGA_BRCA","MammaPrint",24,342,0.5753,13
"TCGA_BRCA","MammaPrint",24,343,0.5842,15
"TCGA_BRCA","MammaPrint",24,344,0.5846,13
"TCGA_BRCA","MammaPrint",24,345,0.5756,20
"TCGA_BRCA","MammaPrint",24,346,0.5713,19
"TCGA_BRCA","MammaPrint",24,347,0.5696,19
"TCGA_BRCA","MammaPrint",24,348,0.5758,20
"TCGA_BRCA","MammaPrint",24,349,0.5696,20
"TCGA_BRCA","MammaPrint",24,350,0.5662,15
"TCGA_BRCA","MammaPrint",24,351,0.5725,21
"TCGA_BRCA","MammaPrint",24,352,0.5732,17
"TCGA_BRCA","MammaPrint",24,353,0.5737,14
"TCGA_BRCA","MammaPrint",24,354,0.5826,21
"TCGA_BRCA","MammaPrint",24,355,0.5953,11
"TCGA_BRCA","MammaPrint",24,356,0.5847,12
"TCGA_BRCA","MammaPrint",24,357,0.5769,18
"TCGA_BRCA","MammaPrint",24,358,0.5759,21
"TCGA_BRCA","MammaPrint",24,359,0.5751,12
"TCGA_BRCA","MammaPrint",24,360,0.5765,11
"TCGA_BRCA","MammaPrint",24,361,0.5929,7
"TCGA_BRCA","MammaPrint",24,362,0.5792,10
"TCGA_BRCA","MammaPrint",24,363,0.5844,10
"TCGA_BRCA","MammaPrint",24,364,0.5805,21
"TCGA_BRCA","MammaPrint",24,365,0.5862,20
"TCGA_BRCA","MammaPrint",24,366,0.5845,16
"TCGA_BRCA","MammaPrint",24,367,0.5962,12
"TCGA_BRCA","MammaPrint",24,368,0.5816,14
"TCGA_BRCA","MammaPrint",24,369,0.5884,13
"TCGA_BRCA","MammaPrint",24,370,0.5855,21
"TCGA_BRCA","MammaPrint",24,371,0.5751,21
"TCGA_BRCA","MammaPrint",24,372,0.5809,21
"TCGA_BRCA","MammaPrint",24,373,0.5861,20
"TCGA_BRCA","MammaPrint",24,374,0.5865,14
"TCGA_BRCA","MammaPrint",24,375,0.5673,12
"TCGA_BRCA","MammaPrint",24,376,0.5848,21
"TCGA_BRCA","MammaPrint",24,377,0.5812,11
"TCGA_BRCA","MammaPrint",24,378,0.5858,20
"TCGA_BRCA","MammaPrint",24,379,0.5701,14
"TCGA_BRCA","MammaPrint",24,380,0.5779,13
"TCGA_BRCA","MammaPrint",24,381,0.5866,17
"TCGA_BRCA","MammaPrint",24,382,0.5927,16
"TCGA_BRCA","MammaPrint",24,383,0.577,15
"TCGA_BRCA","MammaPrint",24,384,0.5907,11
"TCGA_BRCA","MammaPrint",24,385,0.5706,18
"TCGA_BRCA","MammaPrint",24,386,0.5789,11
"TCGA_BRCA","MammaPrint",24,387,0.5909,12
"TCGA_BRCA","MammaPrint",24,388,0.5803,12
"TCGA_BRCA","MammaPrint",24,389,0.5865,14
"TCGA_BRCA","MammaPrint",24,390,0.5673,21
"TCGA_BRCA","MammaPrint",24,391,0.5867,10
"TCGA_BRCA","MammaPrint",24,392,0.5844,15
"TCGA_BRCA","MammaPrint",24,393,0.5767,21
"TCGA_BRCA","MammaPrint",24,394,0.5798,20
"TCGA_BRCA","MammaPrint",24,395,0.5811,14
"TCGA_BRCA","MammaPrint",24,396,0.5771,21
"TCGA_BRCA","MammaPrint",24,397,0.5741,11
"TCGA_BRCA","MammaPrint",24,398,0.5741,20
"TCGA_BRCA","MammaPrint",24,399,0.5823,21
"TCGA_BRCA","MammaPrint",24,400,0.5857,11
"TCGA_BRCA","MammaPrint",24,401,0.5776,12
"TCGA_BRCA","MammaPrint",24,402,0.5779,21
"TCGA_BRCA","MammaPrint",24,403,0.5851,21
"TCGA_BRCA","MammaPrint",24,404,0.5924,13
"TCGA_BRCA","MammaPrint",24,405,0.5819,13
"TCGA_BRCA","MammaPrint",24,406,0.5699,13
"TCGA_BRCA","MammaPrint",24,407,0.5714,21
"TCGA_BRCA","MammaPrint",24,408,0.5853,14
"TCGA_BRCA","MammaPrint",24,409,0.5764,21
"TCGA_BRCA","MammaPrint",24,410,0.5978,15
"TCGA_BRCA","MammaPrint",24,411,0.581,12
"TCGA_BRCA","MammaPrint",24,412,0.5758,20
"TCGA_BRCA","MammaPrint",24,413,0.5877,10
"TCGA_BRCA","MammaPrint",24,414,0.58,21
"TCGA_BRCA","MammaPrint",24,415,0.5664,19
"TCGA_BRCA","MammaPrint",24,416,0.5666,14
"TCGA_BRCA","MammaPrint",24,417,0.5827,21
"TCGA_BRCA","MammaPrint",24,418,0.589,20
"TCGA_BRCA","MammaPrint",24,419,0.5883,16
"TCGA_BRCA","MammaPrint",24,420,0.5812,13
"TCGA_BRCA","MammaPrint",24,421,0.5644,21
"TCGA_BRCA","MammaPrint",24,422,0.5818,11
"TCGA_BRCA","MammaPrint",24,423,0.58,21
"TCGA_BRCA","MammaPrint",24,424,0.5797,11
"TCGA_BRCA","MammaPrint",24,425,0.584,14
"TCGA_BRCA","MammaPrint",24,426,0.5755,14
"TCGA_BRCA","MammaPrint",24,427,0.5805,15
"TCGA_BRCA","MammaPrint",24,428,0.575,21
"TCGA_BRCA","MammaPrint",24,429,0.5738,21
"TCGA_BRCA","MammaPrint",24,430,0.5765,20
"TCGA_BRCA","MammaPrint",24,431,0.588,12
"TCGA_BRCA","MammaPrint",24,432,0.5829,20
"TCGA_BRCA","MammaPrint",24,433,0.583,13
"TCGA_BRCA","MammaPrint",24,434,0.5767,11
"TCGA_BRCA","MammaPrint",24,435,0.5828,12
"TCGA_BRCA","MammaPrint",24,436,0.5757,21
"TCGA_BRCA","MammaPrint",24,437,0.5806,13
"TCGA_BRCA","MammaPrint",24,438,0.5818,14
"TCGA_BRCA","MammaPrint",24,439,0.5866,13
"TCGA_BRCA","MammaPrint",24,440,0.5786,12
"TCGA_BRCA","MammaPrint",24,441,0.5829,20
"TCGA_BRCA","MammaPrint",24,442,0.57,21
"TCGA_BRCA","MammaPrint",24,443,0.5898,15
"TCGA_BRCA","MammaPrint",24,444,0.5874,13
"TCGA_BRCA","MammaPrint",24,445,0.5873,21
"TCGA_BRCA","MammaPrint",24,446,0.5954,14
"TCGA_BRCA","MammaPrint",24,447,0.5832,21
"TCGA_BRCA","MammaPrint",24,448,0.5826,21
"TCGA_BRCA","MammaPrint",24,449,0.5874,11
"TCGA_BRCA","MammaPrint",24,450,0.5869,16
"TCGA_BRCA","MammaPrint",24,451,0.58,21
"TCGA_BRCA","MammaPrint",24,452,0.5966,10
"TCGA_BRCA","MammaPrint",24,453,0.5928,10
"TCGA_BRCA","MammaPrint",24,454,0.5873,14
"TCGA_BRCA","MammaPrint",24,455,0.5695,21
"TCGA_BRCA","MammaPrint",24,456,0.5734,21
"TCGA_BRCA","MammaPrint",24,457,0.5819,21
"TCGA_BRCA","MammaPrint",24,458,0.5914,15
"TCGA_BRCA","MammaPrint",24,459,0.5753,13
"TCGA_BRCA","MammaPrint",24,460,0.5778,21
"TCGA_BRCA","MammaPrint",24,461,0.5692,19
"TCGA_BRCA","MammaPrint",24,462,0.596,15
"TCGA_BRCA","MammaPrint",24,463,0.5868,14
"TCGA_BRCA","MammaPrint",24,464,0.5841,10
"TCGA_BRCA","MammaPrint",24,465,0.5876,11
"TCGA_BRCA","MammaPrint",24,466,0.5891,10
"TCGA_BRCA","MammaPrint",24,467,0.5828,15
"TCGA_BRCA","MammaPrint",24,468,0.5822,15
"TCGA_BRCA","MammaPrint",24,469,0.5715,21
"TCGA_BRCA","MammaPrint",24,470,0.5833,13
"TCGA_BRCA","MammaPrint",24,471,0.5874,10
"TCGA_BRCA","MammaPrint",24,472,0.5789,11
"TCGA_BRCA","MammaPrint",24,473,0.5867,10
"TCGA_BRCA","MammaPrint",24,474,0.5809,10
"TCGA_BRCA","MammaPrint",24,475,0.5837,14
"TCGA_BRCA","MammaPrint",24,476,0.5801,14
"TCGA_BRCA","MammaPrint",24,477,0.5746,19
"TCGA_BRCA","MammaPrint",24,478,0.5935,21
"TCGA_BRCA","MammaPrint",24,479,0.5786,21
"TCGA_BRCA","MammaPrint",24,480,0.5756,21
"TCGA_BRCA","MammaPrint",24,481,0.5887,10
"TCGA_BRCA","MammaPrint",24,482,0.5877,14
"TCGA_BRCA","MammaPrint",24,483,0.5958,21
"TCGA_BRCA","MammaPrint",24,484,0.5898,21
"TCGA_BRCA","MammaPrint",24,485,0.5816,20
"TCGA_BRCA","MammaPrint",24,486,0.5949,10
"TCGA_BRCA","MammaPrint",24,487,0.5776,21
"TCGA_BRCA","MammaPrint",24,488,0.5756,20
"TCGA_BRCA","MammaPrint",24,489,0.5865,12
"TCGA_BRCA","MammaPrint",24,490,0.5704,14
"TCGA_BRCA","MammaPrint",24,491,0.5858,10
"TCGA_BRCA","MammaPrint",24,492,0.5845,21
"TCGA_BRCA","MammaPrint",24,493,0.5871,15
"TCGA_BRCA","MammaPrint",24,494,0.5819,21
"TCGA_BRCA","MammaPrint",24,495,0.5778,21
"TCGA_BRCA","MammaPrint",24,496,0.5781,21
"TCGA_BRCA","MammaPrint",24,497,0.5763,20
"TCGA_BRCA","MammaPrint",24,498,0.5826,21
"TCGA_BRCA","MammaPrint",24,499,0.5905,14
"TCGA_BRCA","MammaPrint",24,500,0.5739,13
"TCGA_BRCA","MammaPrint",24,501,0.5833,21
"TCGA_BRCA","MammaPrint",24,502,0.5605,21
"TCGA_BRCA","MammaPrint",24,503,0.5772,21
"TCGA_BRCA","MammaPrint",24,504,0.5818,14
"TCGA_BRCA","MammaPrint",24,505,0.5935,16
"TCGA_BRCA","MammaPrint",24,506,0.5941,15
"TCGA_BRCA","MammaPrint",24,507,0.5811,14
"TCGA_BRCA","MammaPrint",24,508,0.5816,12
"TCGA_BRCA","MammaPrint",24,509,0.5836,21
"TCGA_BRCA","MammaPrint",24,510,0.568,21
"TCGA_BRCA","MammaPrint",24,511,0.5788,10
"TCGA_BRCA","MammaPrint",24,512,0.5861,20
"TCGA_BRCA","MammaPrint",24,513,0.5896,21
"TCGA_BRCA","MammaPrint",24,514,0.5669,21
"TCGA_BRCA","MammaPrint",24,515,0.5866,14
"TCGA_BRCA","MammaPrint",24,516,0.5756,15
"TCGA_BRCA","MammaPrint",24,517,0.58,21
"TCGA_BRCA","MammaPrint",24,518,0.5877,13
"TCGA_BRCA","MammaPrint",24,519,0.573,14
"TCGA_BRCA","MammaPrint",24,520,0.5848,12
"TCGA_BRCA","MammaPrint",24,521,0.5736,20
"TCGA_BRCA","MammaPrint",24,522,0.5901,20
"TCGA_BRCA","MammaPrint",24,523,0.5866,12
"TCGA_BRCA","MammaPrint",24,524,0.5821,10
"TCGA_BRCA","MammaPrint",24,525,0.59,20
"TCGA_BRCA","MammaPrint",24,526,0.5812,13
"TCGA_BRCA","MammaPrint",24,527,0.583,20
"TCGA_BRCA","MammaPrint",24,528,0.5816,21
"TCGA_BRCA","MammaPrint",24,529,0.5777,20
"TCGA_BRCA","MammaPrint",24,530,0.5727,21
"TCGA_BRCA","MammaPrint",24,531,0.5834,14
"TCGA_BRCA","MammaPrint",24,532,0.576,21
"TCGA_BRCA","MammaPrint",24,533,0.5782,12
"TCGA_BRCA","MammaPrint",24,534,0.5684,20
"TCGA_BRCA","MammaPrint",24,535,0.5814,10
"TCGA_BRCA","MammaPrint",24,536,0.5845,15
"TCGA_BRCA","MammaPrint",24,537,0.5751,21
"TCGA_BRCA","MammaPrint",24,538,0.5791,14
"TCGA_BRCA","MammaPrint",24,539,0.5805,17
"TCGA_BRCA","MammaPrint",24,540,0.5953,21
"TCGA_BRCA","MammaPrint",24,541,0.5694,21
"TCGA_BRCA","MammaPrint",24,542,0.5803,20
"TCGA_BRCA","MammaPrint",24,543,0.5827,16
"TCGA_BRCA","MammaPrint",24,544,0.5711,21
"TCGA_BRCA","MammaPrint",24,545,0.5855,14
"TCGA_BRCA","MammaPrint",24,546,0.5831,11
"TCGA_BRCA","MammaPrint",24,547,0.5825,12
"TCGA_BRCA","MammaPrint",24,548,0.5931,13
"TCGA_BRCA","MammaPrint",24,549,0.5906,12
"TCGA_BRCA","MammaPrint",24,550,0.5889,15
"TCGA_BRCA","MammaPrint",24,551,0.5864,21
"TCGA_BRCA","MammaPrint",24,552,0.5744,21
"TCGA_BRCA","MammaPrint",24,553,0.579,20
"TCGA_BRCA","MammaPrint",24,554,0.5767,21
"TCGA_BRCA","MammaPrint",24,555,0.568,19
"TCGA_BRCA","MammaPrint",24,556,0.5729,14
"TCGA_BRCA","MammaPrint",24,557,0.5774,14
"TCGA_BRCA","MammaPrint",24,558,0.5758,12
"TCGA_BRCA","MammaPrint",24,559,0.5777,16
"TCGA_BRCA","MammaPrint",24,560,0.5886,10
"TCGA_BRCA","MammaPrint",24,561,0.5859,21
"TCGA_BRCA","MammaPrint",24,562,0.5791,21
"TCGA_BRCA","MammaPrint",24,563,0.586,15
"TCGA_BRCA","MammaPrint",24,564,0.5734,13
"TCGA_BRCA","MammaPrint",24,565,0.576,14
"TCGA_BRCA","MammaPrint",24,566,0.587,14
"TCGA_BRCA","MammaPrint",24,567,0.5853,12
"TCGA_BRCA","MammaPrint",24,568,0.576,15
"TCGA_BRCA","MammaPrint",24,569,0.5772,20
"TCGA_BRCA","MammaPrint",24,570,0.595,21
"TCGA_BRCA","MammaPrint",24,571,0.5781,16
"TCGA_BRCA","MammaPrint",24,572,0.5584,21
"TCGA_BRCA","MammaPrint",24,573,0.5779,12
"TCGA_BRCA","MammaPrint",24,574,0.5666,21
"TCGA_BRCA","MammaPrint",24,575,0.573,12
"TCGA_BRCA","MammaPrint",24,576,0.5893,11
"TCGA_BRCA","MammaPrint",24,577,0.5879,12
"TCGA_BRCA","MammaPrint",24,578,0.5816,21
"TCGA_BRCA","MammaPrint",24,579,0.5768,13
"TCGA_BRCA","MammaPrint",24,580,0.5868,21
"TCGA_BRCA","MammaPrint",24,581,0.5771,21
"TCGA_BRCA","MammaPrint",24,582,0.596,13
"TCGA_BRCA","MammaPrint",24,583,0.5893,12
"TCGA_BRCA","MammaPrint",24,584,0.5781,20
"TCGA_BRCA","MammaPrint",24,585,0.5717,15
"TCGA_BRCA","MammaPrint",24,586,0.5786,21
"TCGA_BRCA","MammaPrint",24,587,0.5862,21
"TCGA_BRCA","MammaPrint",24,588,0.5888,15
"TCGA_BRCA","MammaPrint",24,589,0.588,20
"TCGA_BRCA","MammaPrint",24,590,0.5744,11
"TCGA_BRCA","MammaPrint",24,591,0.5834,21
"TCGA_BRCA","MammaPrint",24,592,0.5866,14
"TCGA_BRCA","MammaPrint",24,593,0.5771,13
"TCGA_BRCA","MammaPrint",24,594,0.58,21
"TCGA_BRCA","MammaPrint",24,595,0.5835,20
"TCGA_BRCA","MammaPrint",24,596,0.5925,14
"TCGA_BRCA","MammaPrint",24,597,0.5831,9
"TCGA_BRCA","MammaPrint",24,598,0.5854,21
"TCGA_BRCA","MammaPrint",24,599,0.5759,21
"TCGA_BRCA","MammaPrint",24,600,0.5869,12
"TCGA_BRCA","MammaPrint",24,601,0.5891,16
"TCGA_BRCA","MammaPrint",24,602,0.593,16
"TCGA_BRCA","MammaPrint",24,603,0.5901,9
"TCGA_BRCA","MammaPrint",24,604,0.5771,14
"TCGA_BRCA","MammaPrint",24,605,0.5843,21
"TCGA_BRCA","MammaPrint",24,606,0.5769,20
"TCGA_BRCA","MammaPrint",24,607,0.5795,16
"TCGA_BRCA","MammaPrint",24,608,0.5832,12
"TCGA_BRCA","MammaPrint",24,609,0.584,12
"TCGA_BRCA","MammaPrint",24,610,0.5802,21
"TCGA_BRCA","MammaPrint",24,611,0.5836,21
"TCGA_BRCA","MammaPrint",24,612,0.586,12
"TCGA_BRCA","MammaPrint",24,613,0.5802,15
"TCGA_BRCA","MammaPrint",24,614,0.5926,11
"TCGA_BRCA","MammaPrint",24,615,0.5789,14
"TCGA_BRCA","MammaPrint",24,616,0.5784,15
"TCGA_BRCA","MammaPrint",24,617,0.5764,21
"TCGA_BRCA","MammaPrint",24,618,0.5813,21
"TCGA_BRCA","MammaPrint",24,619,0.5639,20
"TCGA_BRCA","MammaPrint",24,620,0.5924,17
"TCGA_BRCA","MammaPrint",24,621,0.5752,11
"TCGA_BRCA","MammaPrint",24,622,0.5783,12
"TCGA_BRCA","MammaPrint",24,623,0.5846,8
"TCGA_BRCA","MammaPrint",24,624,0.588,21
"TCGA_BRCA","MammaPrint",24,625,0.5763,14
"TCGA_BRCA","MammaPrint",24,626,0.581,12
"TCGA_BRCA","MammaPrint",24,627,0.5837,13
"TCGA_BRCA","MammaPrint",24,628,0.5797,11
"TCGA_BRCA","MammaPrint",24,629,0.5815,21
"TCGA_BRCA","MammaPrint",24,630,0.5917,14
"TCGA_BRCA","MammaPrint",24,631,0.5982,11
"TCGA_BRCA","MammaPrint",24,632,0.5811,13
"TCGA_BRCA","MammaPrint",24,633,0.5648,21
"TCGA_BRCA","MammaPrint",24,634,0.5778,21
"TCGA_BRCA","MammaPrint",24,635,0.5818,20
"TCGA_BRCA","MammaPrint",24,636,0.5783,13
"TCGA_BRCA","MammaPrint",24,637,0.5799,12
"TCGA_BRCA","MammaPrint",24,638,0.5866,12
"TCGA_BRCA","MammaPrint",24,639,0.5776,13
"TCGA_BRCA","MammaPrint",24,640,0.5726,18
"TCGA_BRCA","MammaPrint",24,641,0.5815,21
"TCGA_BRCA","MammaPrint",24,642,0.5756,21
"TCGA_BRCA","MammaPrint",24,643,0.5746,13
"TCGA_BRCA","MammaPrint",24,644,0.5939,10
"TCGA_BRCA","MammaPrint",24,645,0.574,21
"TCGA_BRCA","MammaPrint",24,646,0.5815,17
"TCGA_BRCA","MammaPrint",24,647,0.5802,13
"TCGA_BRCA","MammaPrint",24,648,0.5692,21
"TCGA_BRCA","MammaPrint",24,649,0.5834,16
"TCGA_BRCA","MammaPrint",24,650,0.5891,13
"TCGA_BRCA","MammaPrint",24,651,0.5824,20
"TCGA_BRCA","MammaPrint",24,652,0.5777,12
"TCGA_BRCA","MammaPrint",24,653,0.5785,12
"TCGA_BRCA","MammaPrint",24,654,0.5817,12
"TCGA_BRCA","MammaPrint",24,655,0.5854,20
"TCGA_BRCA","MammaPrint",24,656,0.5731,13
"TCGA_BRCA","MammaPrint",24,657,0.5833,13
"TCGA_BRCA","MammaPrint",24,658,0.5956,14
"TCGA_BRCA","MammaPrint",24,659,0.5926,20
"TCGA_BRCA","MammaPrint",24,660,0.5819,21
"TCGA_BRCA","MammaPrint",24,661,0.5906,14
"TCGA_BRCA","MammaPrint",24,662,0.5727,21
"TCGA_BRCA","MammaPrint",24,663,0.5699,14
"TCGA_BRCA","MammaPrint",24,664,0.5891,14
"TCGA_BRCA","MammaPrint",24,665,0.5769,14
"TCGA_BRCA","MammaPrint",24,666,0.5793,21
"TCGA_BRCA","MammaPrint",24,667,0.5754,12
"TCGA_BRCA","MammaPrint",24,668,0.5847,21
"TCGA_BRCA","MammaPrint",24,669,0.5739,14
"TCGA_BRCA","MammaPrint",24,670,0.5723,14
"TCGA_BRCA","MammaPrint",24,671,0.58,10
"TCGA_BRCA","MammaPrint",24,672,0.5834,21
"TCGA_BRCA","MammaPrint",24,673,0.5723,20
"TCGA_BRCA","MammaPrint",24,674,0.5933,12
"TCGA_BRCA","MammaPrint",24,675,0.573,13
"TCGA_BRCA","MammaPrint",24,676,0.5844,20
"TCGA_BRCA","MammaPrint",24,677,0.5819,16
"TCGA_BRCA","MammaPrint",24,678,0.5754,13
"TCGA_BRCA","MammaPrint",24,679,0.5789,15
"TCGA_BRCA","MammaPrint",24,680,0.5712,21
"TCGA_BRCA","MammaPrint",24,681,0.5817,12
"TCGA_BRCA","MammaPrint",24,682,0.5767,21
"TCGA_BRCA","MammaPrint",24,683,0.5762,21
"TCGA_BRCA","MammaPrint",24,684,0.5657,15
"TCGA_BRCA","MammaPrint",24,685,0.5876,10
"TCGA_BRCA","MammaPrint",24,686,0.5871,21
"TCGA_BRCA","MammaPrint",24,687,0.5777,21
"TCGA_BRCA","MammaPrint",24,688,0.5834,11
"TCGA_BRCA","MammaPrint",24,689,0.5716,13
"TCGA_BRCA","MammaPrint",24,690,0.5924,13
"TCGA_BRCA","MammaPrint",24,691,0.5844,10
"TCGA_BRCA","MammaPrint",24,692,0.5682,14
"TCGA_BRCA","MammaPrint",24,693,0.5911,12
"TCGA_BRCA","MammaPrint",24,694,0.5822,12
"TCGA_BRCA","MammaPrint",24,695,0.5896,11
"TCGA_BRCA","MammaPrint",24,696,0.5822,21
"TCGA_BRCA","MammaPrint",24,697,0.5789,21
"TCGA_BRCA","MammaPrint",24,698,0.5773,21
"TCGA_BRCA","MammaPrint",24,699,0.5745,20
"TCGA_BRCA","MammaPrint",24,700,0.5787,20
"TCGA_BRCA","MammaPrint",24,701,0.5721,14
"TCGA_BRCA","MammaPrint",24,702,0.5765,21
"TCGA_BRCA","MammaPrint",24,703,0.5908,21
"TCGA_BRCA","MammaPrint",24,704,0.5841,12
"TCGA_BRCA","MammaPrint",24,705,0.5871,21
"TCGA_BRCA","MammaPrint",24,706,0.5802,12
"TCGA_BRCA","MammaPrint",24,707,0.5883,16
"TCGA_BRCA","MammaPrint",24,708,0.587,21
"TCGA_BRCA","MammaPrint",24,709,0.59,11
"TCGA_BRCA","MammaPrint",24,710,0.5772,21
"TCGA_BRCA","MammaPrint",24,711,0.5911,13
"TCGA_BRCA","MammaPrint",24,712,0.5865,20
"TCGA_BRCA","MammaPrint",24,713,0.5708,21
"TCGA_BRCA","MammaPrint",24,714,0.5895,11
"TCGA_BRCA","MammaPrint",24,715,0.5723,20
"TCGA_BRCA","MammaPrint",24,716,0.5946,15
"TCGA_BRCA","MammaPrint",24,717,0.5851,14
"TCGA_BRCA","MammaPrint",24,718,0.5823,13
"TCGA_BRCA","MammaPrint",24,719,0.59,12
"TCGA_BRCA","MammaPrint",24,720,0.5856,15
"TCGA_BRCA","MammaPrint",24,721,0.5684,13
"TCGA_BRCA","MammaPrint",24,722,0.5916,13
"TCGA_BRCA","MammaPrint",24,723,0.5788,14
"TCGA_BRCA","MammaPrint",24,724,0.5917,21
"TCGA_BRCA","MammaPrint",24,725,0.5806,11
"TCGA_BRCA","MammaPrint",24,726,0.5706,13
"TCGA_BRCA","MammaPrint",24,727,0.5828,12
"TCGA_BRCA","MammaPrint",24,728,0.5702,21
"TCGA_BRCA","MammaPrint",24,729,0.5864,12
"TCGA_BRCA","MammaPrint",24,730,0.5812,11
"TCGA_BRCA","MammaPrint",24,731,0.5788,13
"TCGA_BRCA","MammaPrint",24,732,0.5678,15
"TCGA_BRCA","MammaPrint",24,733,0.5803,13
"TCGA_BRCA","MammaPrint",24,734,0.5842,15
"TCGA_BRCA","MammaPrint",24,735,0.5762,21
"TCGA_BRCA","MammaPrint",24,736,0.5863,21
"TCGA_BRCA","MammaPrint",24,737,0.5716,19
"TCGA_BRCA","MammaPrint",24,738,0.572,21
"TCGA_BRCA","MammaPrint",24,739,0.5759,15
"TCGA_BRCA","MammaPrint",24,740,0.5756,20
"TCGA_BRCA","MammaPrint",24,741,0.5846,14
"TCGA_BRCA","MammaPrint",24,742,0.5748,14
"TCGA_BRCA","MammaPrint",24,743,0.5877,16
"TCGA_BRCA","MammaPrint",24,744,0.5723,11
"TCGA_BRCA","MammaPrint",24,745,0.5801,21
"TCGA_BRCA","MammaPrint",24,746,0.5724,12
"TCGA_BRCA","MammaPrint",24,747,0.5917,20
"TCGA_BRCA","MammaPrint",24,748,0.594,12
"TCGA_BRCA","MammaPrint",24,749,0.5771,13
"TCGA_BRCA","MammaPrint",24,750,0.5809,14
"TCGA_BRCA","MammaPrint",24,751,0.5823,12
"TCGA_BRCA","MammaPrint",24,752,0.5579,20
"TCGA_BRCA","MammaPrint",24,753,0.5953,16
"TCGA_BRCA","MammaPrint",24,754,0.5763,20
"TCGA_BRCA","MammaPrint",24,755,0.5869,13
"TCGA_BRCA","MammaPrint",24,756,0.5721,14
"TCGA_BRCA","MammaPrint",24,757,0.5701,21
"TCGA_BRCA","MammaPrint",24,758,0.59,14
"TCGA_BRCA","MammaPrint",24,759,0.5764,14
"TCGA_BRCA","MammaPrint",24,760,0.589,12
"TCGA_BRCA","MammaPrint",24,761,0.5793,16
"TCGA_BRCA","MammaPrint",24,762,0.5842,14
"TCGA_BRCA","MammaPrint",24,763,0.5848,21
"TCGA_BRCA","MammaPrint",24,764,0.5886,16
"TCGA_BRCA","MammaPrint",24,765,0.5796,21
"TCGA_BRCA","MammaPrint",24,766,0.5717,14
"TCGA_BRCA","MammaPrint",24,767,0.5799,11
"TCGA_BRCA","MammaPrint",24,768,0.5957,13
"TCGA_BRCA","MammaPrint",24,769,0.5814,21
"TCGA_BRCA","MammaPrint",24,770,0.585,14
"TCGA_BRCA","MammaPrint",24,771,0.5688,13
"TCGA_BRCA","MammaPrint",24,772,0.5875,21
"TCGA_BRCA","MammaPrint",24,773,0.573,12
"TCGA_BRCA","MammaPrint",24,774,0.5732,21
"TCGA_BRCA","MammaPrint",24,775,0.5804,13
"TCGA_BRCA","MammaPrint",24,776,0.5711,14
"TCGA_BRCA","MammaPrint",24,777,0.585,21
"TCGA_BRCA","MammaPrint",24,778,0.5884,20
"TCGA_BRCA","MammaPrint",24,779,0.5869,12
"TCGA_BRCA","MammaPrint",24,780,0.5856,14
"TCGA_BRCA","MammaPrint",24,781,0.5718,13
"TCGA_BRCA","MammaPrint",24,782,0.5822,15
"TCGA_BRCA","MammaPrint",24,783,0.5749,14
"TCGA_BRCA","MammaPrint",24,784,0.5849,21
"TCGA_BRCA","MammaPrint",24,785,0.5753,20
"TCGA_BRCA","MammaPrint",24,786,0.5848,13
"TCGA_BRCA","MammaPrint",24,787,0.5746,14
"TCGA_BRCA","MammaPrint",24,788,0.583,17
"TCGA_BRCA","MammaPrint",24,789,0.5765,21
"TCGA_BRCA","MammaPrint",24,790,0.583,14
"TCGA_BRCA","MammaPrint",24,791,0.578,12
"TCGA_BRCA","MammaPrint",24,792,0.5873,13
"TCGA_BRCA","MammaPrint",24,793,0.5758,21
"TCGA_BRCA","MammaPrint",24,794,0.5915,13
"TCGA_BRCA","MammaPrint",24,795,0.5713,21
"TCGA_BRCA","MammaPrint",24,796,0.5882,14
"TCGA_BRCA","MammaPrint",24,797,0.5709,21
"TCGA_BRCA","MammaPrint",24,798,0.5854,12
"TCGA_BRCA","MammaPrint",24,799,0.5658,14
"TCGA_BRCA","MammaPrint",24,800,0.578,12
"TCGA_BRCA","MammaPrint",24,801,0.5849,20
"TCGA_BRCA","MammaPrint",24,802,0.593,20
"TCGA_BRCA","MammaPrint",24,803,0.5769,12
"TCGA_BRCA","MammaPrint",24,804,0.5731,21
"TCGA_BRCA","MammaPrint",24,805,0.5724,15
"TCGA_BRCA","MammaPrint",24,806,0.5704,15
"TCGA_BRCA","MammaPrint",24,807,0.5803,21
"TCGA_BRCA","MammaPrint",24,808,0.5866,15
"TCGA_BRCA","MammaPrint",24,809,0.5787,12
"TCGA_BRCA","MammaPrint",24,810,0.5828,11
"TCGA_BRCA","MammaPrint",24,811,0.5923,13
"TCGA_BRCA","MammaPrint",24,812,0.5827,16
"TCGA_BRCA","MammaPrint",24,813,0.5922,14
"TCGA_BRCA","MammaPrint",24,814,0.5739,21
"TCGA_BRCA","MammaPrint",24,815,0.5762,21
"TCGA_BRCA","MammaPrint",24,816,0.5884,21
"TCGA_BRCA","MammaPrint",24,817,0.5864,20
"TCGA_BRCA","MammaPrint",24,818,0.5903,15
"TCGA_BRCA","MammaPrint",24,819,0.5881,21
"TCGA_BRCA","MammaPrint",24,820,0.5807,12
"TCGA_BRCA","MammaPrint",24,821,0.5802,21
"TCGA_BRCA","MammaPrint",24,822,0.5793,21
"TCGA_BRCA","MammaPrint",24,823,0.584,10
"TCGA_BRCA","MammaPrint",24,824,0.5795,21
"TCGA_BRCA","MammaPrint",24,825,0.5885,12
"TCGA_BRCA","MammaPrint",24,826,0.5816,11
"TCGA_BRCA","MammaPrint",24,827,0.6052,16
"TCGA_BRCA","MammaPrint",24,828,0.5758,21
"TCGA_BRCA","MammaPrint",24,829,0.5803,21
"TCGA_BRCA","MammaPrint",24,830,0.582,20
"TCGA_BRCA","MammaPrint",24,831,0.5776,21
"TCGA_BRCA","MammaPrint",24,832,0.5847,15
"TCGA_BRCA","MammaPrint",24,833,0.5761,15
"TCGA_BRCA","MammaPrint",24,834,0.572,21
"TCGA_BRCA","MammaPrint",24,835,0.5748,21
"TCGA_BRCA","MammaPrint",24,836,0.5799,15
"TCGA_BRCA","MammaPrint",24,837,0.5932,14
"TCGA_BRCA","MammaPrint",24,838,0.5769,21
"TCGA_BRCA","MammaPrint",24,839,0.5851,20
"TCGA_BRCA","MammaPrint",24,840,0.5794,13
"TCGA_BRCA","MammaPrint",24,841,0.5841,12
"TCGA_BRCA","MammaPrint",24,842,0.5804,13
"TCGA_BRCA","MammaPrint",24,843,0.5771,20
"TCGA_BRCA","MammaPrint",24,844,0.5856,13
"TCGA_BRCA","MammaPrint",24,845,0.5762,20
"TCGA_BRCA","MammaPrint",24,846,0.5919,21
"TCGA_BRCA","MammaPrint",24,847,0.5771,13
"TCGA_BRCA","MammaPrint",24,848,0.5819,13
"TCGA_BRCA","MammaPrint",24,849,0.5789,21
"TCGA_BRCA","MammaPrint",24,850,0.5656,21
"TCGA_BRCA","MammaPrint",24,851,0.5874,11
"TCGA_BRCA","MammaPrint",24,852,0.5783,15
"TCGA_BRCA","MammaPrint",24,853,0.5809,15
"TCGA_BRCA","MammaPrint",24,854,0.5727,20
"TCGA_BRCA","MammaPrint",24,855,0.5803,21
"TCGA_BRCA","MammaPrint",24,856,0.5793,15
"TCGA_BRCA","MammaPrint",24,857,0.5777,12
"TCGA_BRCA","MammaPrint",24,858,0.5769,13
"TCGA_BRCA","MammaPrint",24,859,0.5817,15
"TCGA_BRCA","MammaPrint",24,860,0.5624,20
"TCGA_BRCA","MammaPrint",24,861,0.5901,21
"TCGA_BRCA","MammaPrint",24,862,0.5785,21
"TCGA_BRCA","MammaPrint",24,863,0.5624,21
"TCGA_BRCA","MammaPrint",24,864,0.584,14
"TCGA_BRCA","MammaPrint",24,865,0.5892,13
"TCGA_BRCA","MammaPrint",24,866,0.5833,11
"TCGA_BRCA","MammaPrint",24,867,0.5805,21
"TCGA_BRCA","MammaPrint",24,868,0.5907,13
"TCGA_BRCA","MammaPrint",24,869,0.5804,11
"TCGA_BRCA","MammaPrint",24,870,0.5899,12
"TCGA_BRCA","MammaPrint",24,871,0.5807,14
"TCGA_BRCA","MammaPrint",24,872,0.5709,20
"TCGA_BRCA","MammaPrint",24,873,0.5739,21
"TCGA_BRCA","MammaPrint",24,874,0.5755,13
"TCGA_BRCA","MammaPrint",24,875,0.586,21
"TCGA_BRCA","MammaPrint",24,876,0.5805,13
"TCGA_BRCA","MammaPrint",24,877,0.5833,15
"TCGA_BRCA","MammaPrint",24,878,0.5796,14
"TCGA_BRCA","MammaPrint",24,879,0.5902,11
"TCGA_BRCA","MammaPrint",24,880,0.5777,21
"TCGA_BRCA","MammaPrint",24,881,0.5784,12
"TCGA_BRCA","MammaPrint",24,882,0.5697,12
"TCGA_BRCA","MammaPrint",24,883,0.5834,21
"TCGA_BRCA","MammaPrint",24,884,0.5768,10
"TCGA_BRCA","MammaPrint",24,885,0.5826,20
"TCGA_BRCA","MammaPrint",24,886,0.5755,21
"TCGA_BRCA","MammaPrint",24,887,0.5854,20
"TCGA_BRCA","MammaPrint",24,888,0.5726,15
"TCGA_BRCA","MammaPrint",24,889,0.568,21
"TCGA_BRCA","MammaPrint",24,890,0.5751,21
"TCGA_BRCA","MammaPrint",24,891,0.579,12
"TCGA_BRCA","MammaPrint",24,892,0.5724,21
"TCGA_BRCA","MammaPrint",24,893,0.5855,11
"TCGA_BRCA","MammaPrint",24,894,0.5787,11
"TCGA_BRCA","MammaPrint",24,895,0.5803,21
"TCGA_BRCA","MammaPrint",24,896,0.587,11
"TCGA_BRCA","MammaPrint",24,897,0.5854,21
"TCGA_BRCA","MammaPrint",24,898,0.5711,21
"TCGA_BRCA","MammaPrint",24,899,0.5899,15
"TCGA_BRCA","MammaPrint",24,900,0.5843,20
"TCGA_BRCA","MammaPrint",24,901,0.5825,15
"TCGA_BRCA","MammaPrint",24,902,0.5874,14
"TCGA_BRCA","MammaPrint",24,903,0.5796,21
"TCGA_BRCA","MammaPrint",24,904,0.5751,20
"TCGA_BRCA","MammaPrint",24,905,0.576,13
"TCGA_BRCA","MammaPrint",24,906,0.5768,21
"TCGA_BRCA","MammaPrint",24,907,0.579,21
"TCGA_BRCA","MammaPrint",24,908,0.5916,13
"TCGA_BRCA","MammaPrint",24,909,0.5908,11
"TCGA_BRCA","MammaPrint",24,910,0.5721,14
"TCGA_BRCA","MammaPrint",24,911,0.589,13
"TCGA_BRCA","MammaPrint",24,912,0.5773,14
"TCGA_BRCA","MammaPrint",24,913,0.5834,20
"TCGA_BRCA","MammaPrint",24,914,0.579,13
"TCGA_BRCA","MammaPrint",24,915,0.5762,20
"TCGA_BRCA","MammaPrint",24,916,0.5818,20
"TCGA_BRCA","MammaPrint",24,917,0.5854,10
"TCGA_BRCA","MammaPrint",24,918,0.578,21
"TCGA_BRCA","MammaPrint",24,919,0.5883,12
"TCGA_BRCA","MammaPrint",24,920,0.5833,20
"TCGA_BRCA","MammaPrint",24,921,0.5851,14
"TCGA_BRCA","MammaPrint",24,922,0.5802,10
"TCGA_BRCA","MammaPrint",24,923,0.5831,21
"TCGA_BRCA","MammaPrint",24,924,0.5832,20
"TCGA_BRCA","MammaPrint",24,925,0.5754,21
"TCGA_BRCA","MammaPrint",24,926,0.5785,21
"TCGA_BRCA","MammaPrint",24,927,0.5801,21
"TCGA_BRCA","MammaPrint",24,928,0.564,20
"TCGA_BRCA","MammaPrint",24,929,0.5757,21
"TCGA_BRCA","MammaPrint",24,930,0.5832,13
"TCGA_BRCA","MammaPrint",24,931,0.5758,21
"TCGA_BRCA","MammaPrint",24,932,0.5807,21
"TCGA_BRCA","MammaPrint",24,933,0.5736,13
"TCGA_BRCA","MammaPrint",24,934,0.5794,16
"TCGA_BRCA","MammaPrint",24,935,0.5864,16
"TCGA_BRCA","MammaPrint",24,936,0.5857,21
"TCGA_BRCA","MammaPrint",24,937,0.5762,15
"TCGA_BRCA","MammaPrint",24,938,0.5888,15
"TCGA_BRCA","MammaPrint",24,939,0.5734,15
"TCGA_BRCA","MammaPrint",24,940,0.5825,21
"TCGA_BRCA","MammaPrint",24,941,0.5672,13
"TCGA_BRCA","MammaPrint",24,942,0.5796,21
"TCGA_BRCA","MammaPrint",24,943,0.5878,14
"TCGA_BRCA","MammaPrint",24,944,0.5779,21
"TCGA_BRCA","MammaPrint",24,945,0.5831,20
"TCGA_BRCA","MammaPrint",24,946,0.5707,13
"TCGA_BRCA","MammaPrint",24,947,0.5783,21
"TCGA_BRCA","MammaPrint",24,948,0.5794,10
"TCGA_BRCA","MammaPrint",24,949,0.5814,11
"TCGA_BRCA","MammaPrint",24,950,0.5627,21
"TCGA_BRCA","MammaPrint",24,951,0.5787,20
"TCGA_BRCA","MammaPrint",24,952,0.5658,19
"TCGA_BRCA","MammaPrint",24,953,0.5888,11
"TCGA_BRCA","MammaPrint",24,954,0.5754,11
"TCGA_BRCA","MammaPrint",24,955,0.5807,16
"TCGA_BRCA","MammaPrint",24,956,0.5849,14
"TCGA_BRCA","MammaPrint",24,957,0.5869,13
"TCGA_BRCA","MammaPrint",24,958,0.5854,12
"TCGA_BRCA","MammaPrint",24,959,0.5678,12
"TCGA_BRCA","MammaPrint",24,960,0.5717,15
"TCGA_BRCA","MammaPrint",24,961,0.5937,15
"TCGA_BRCA","MammaPrint",24,962,0.5815,12
"TCGA_BRCA","MammaPrint",24,963,0.5757,21
"TCGA_BRCA","MammaPrint",24,964,0.5837,14
"TCGA_BRCA","MammaPrint",24,965,0.5787,14
"TCGA_BRCA","MammaPrint",24,966,0.5816,14
"TCGA_BRCA","MammaPrint",24,967,0.5774,13
"TCGA_BRCA","MammaPrint",24,968,0.5907,13
"TCGA_BRCA","MammaPrint",24,969,0.5723,21
"TCGA_BRCA","MammaPrint",24,970,0.5668,13
"TCGA_BRCA","MammaPrint",24,971,0.5778,13
"TCGA_BRCA","MammaPrint",24,972,0.5797,14
"TCGA_BRCA","MammaPrint",24,973,0.5728,14
"TCGA_BRCA","MammaPrint",24,974,0.5755,11
"TCGA_BRCA","MammaPrint",24,975,0.5907,15
"TCGA_BRCA","MammaPrint",24,976,0.5887,15
"TCGA_BRCA","MammaPrint",24,977,0.5778,13
"TCGA_BRCA","MammaPrint",24,978,0.568,14
"TCGA_BRCA","MammaPrint",24,979,0.5672,14
"TCGA_BRCA","MammaPrint",24,980,0.5849,20
"TCGA_BRCA","MammaPrint",24,981,0.5865,11
"TCGA_BRCA","MammaPrint",24,982,0.5651,19
"TCGA_BRCA","MammaPrint",24,983,0.5814,14
"TCGA_BRCA","MammaPrint",24,984,0.5774,15
"TCGA_BRCA","MammaPrint",24,985,0.5877,10
"TCGA_BRCA","MammaPrint",24,986,0.5743,12
"TCGA_BRCA","MammaPrint",24,987,0.57,12
"TCGA_BRCA","MammaPrint",24,988,0.5881,11
"TCGA_BRCA","MammaPrint",24,989,0.5922,16
"TCGA_BRCA","MammaPrint",24,990,0.5776,21
"TCGA_BRCA","MammaPrint",24,991,0.5904,11
"TCGA_BRCA","MammaPrint",24,992,0.5971,13
"TCGA_BRCA","MammaPrint",24,993,0.5832,14
"TCGA_BRCA","MammaPrint",24,994,0.5897,14
"TCGA_BRCA","MammaPrint",24,995,0.5841,21
"TCGA_BRCA","MammaPrint",24,996,0.5803,15
"TCGA_BRCA","MammaPrint",24,997,0.568,21
"TCGA_BRCA","MammaPrint",24,998,0.5769,11
"TCGA_BRCA","MammaPrint",24,999,0.5817,11
"TCGA_BRCA","MammaPrint",24,1000,0.5743,13
"TCGA_BRCA","MammaPrint",15,1,0.5655,9
"TCGA_BRCA","MammaPrint",15,2,0.5835,8
"TCGA_BRCA","MammaPrint",15,3,0.5707,9
"TCGA_BRCA","MammaPrint",15,4,0.5742,12
"TCGA_BRCA","MammaPrint",15,5,0.5678,9
"TCGA_BRCA","MammaPrint",15,6,0.5738,12
"TCGA_BRCA","MammaPrint",15,7,0.5661,10
"TCGA_BRCA","MammaPrint",15,8,0.5872,12
"TCGA_BRCA","MammaPrint",15,9,0.5768,11
"TCGA_BRCA","MammaPrint",15,10,0.5795,8
"TCGA_BRCA","MammaPrint",15,11,0.5796,7
"TCGA_BRCA","MammaPrint",15,12,0.5619,12
"TCGA_BRCA","MammaPrint",15,13,0.5526,12
"TCGA_BRCA","MammaPrint",15,14,0.5765,8
"TCGA_BRCA","MammaPrint",15,15,0.5982,3
"TCGA_BRCA","MammaPrint",15,16,0.5866,8
"TCGA_BRCA","MammaPrint",15,17,0.578,8
"TCGA_BRCA","MammaPrint",15,18,0.5738,8
"TCGA_BRCA","MammaPrint",15,19,0.5766,12
"TCGA_BRCA","MammaPrint",15,20,0.5767,7
"TCGA_BRCA","MammaPrint",15,21,0.5917,12
"TCGA_BRCA","MammaPrint",15,22,0.5907,7
"TCGA_BRCA","MammaPrint",15,23,0.5869,12
"TCGA_BRCA","MammaPrint",15,24,0.584,10
"TCGA_BRCA","MammaPrint",15,25,0.5696,9
"TCGA_BRCA","MammaPrint",15,26,0.577,9
"TCGA_BRCA","MammaPrint",15,27,0.5658,10
"TCGA_BRCA","MammaPrint",15,28,0.5721,12
"TCGA_BRCA","MammaPrint",15,29,0.5719,9
"TCGA_BRCA","MammaPrint",15,30,0.5717,12
"TCGA_BRCA","MammaPrint",15,31,0.5875,8
"TCGA_BRCA","MammaPrint",15,32,0.5849,8
"TCGA_BRCA","MammaPrint",15,33,0.5819,5
"TCGA_BRCA","MammaPrint",15,34,0.6016,6
"TCGA_BRCA","MammaPrint",15,35,0.5745,7
"TCGA_BRCA","MammaPrint",15,36,0.5876,8
"TCGA_BRCA","MammaPrint",15,37,0.5698,12
"TCGA_BRCA","MammaPrint",15,38,0.5708,12
"TCGA_BRCA","MammaPrint",15,39,0.5916,11
"TCGA_BRCA","MammaPrint",15,40,0.5745,12
"TCGA_BRCA","MammaPrint",15,41,0.5862,8
"TCGA_BRCA","MammaPrint",15,42,0.5915,5
"TCGA_BRCA","MammaPrint",15,43,0.5765,12
"TCGA_BRCA","MammaPrint",15,44,0.5613,8
"TCGA_BRCA","MammaPrint",15,45,0.5704,10
"TCGA_BRCA","MammaPrint",15,46,0.5964,8
"TCGA_BRCA","MammaPrint",15,47,0.5685,12
"TCGA_BRCA","MammaPrint",15,48,0.5987,9
"TCGA_BRCA","MammaPrint",15,49,0.585,6
"TCGA_BRCA","MammaPrint",15,50,0.5885,9
"TCGA_BRCA","MammaPrint",15,51,0.5994,12
"TCGA_BRCA","MammaPrint",15,52,0.5616,7
"TCGA_BRCA","MammaPrint",15,53,0.5589,12
"TCGA_BRCA","MammaPrint",15,54,0.5945,12
"TCGA_BRCA","MammaPrint",15,55,0.5903,4
"TCGA_BRCA","MammaPrint",15,56,0.5649,12
"TCGA_BRCA","MammaPrint",15,57,0.5859,9
"TCGA_BRCA","MammaPrint",15,58,0.5691,12
"TCGA_BRCA","MammaPrint",15,59,0.5854,12
"TCGA_BRCA","MammaPrint",15,60,0.5609,8
"TCGA_BRCA","MammaPrint",15,61,0.5988,12
"TCGA_BRCA","MammaPrint",15,62,0.5774,12
"TCGA_BRCA","MammaPrint",15,63,0.5815,11
"TCGA_BRCA","MammaPrint",15,64,0.592,6
"TCGA_BRCA","MammaPrint",15,65,0.566,11
"TCGA_BRCA","MammaPrint",15,66,0.5874,9
"TCGA_BRCA","MammaPrint",15,67,0.5724,10
"TCGA_BRCA","MammaPrint",15,68,0.5597,12
"TCGA_BRCA","MammaPrint",15,69,0.5641,12
"TCGA_BRCA","MammaPrint",15,70,0.5935,7
"TCGA_BRCA","MammaPrint",15,71,0.5766,12
"TCGA_BRCA","MammaPrint",15,72,0.5772,8
"TCGA_BRCA","MammaPrint",15,73,0.6093,10
"TCGA_BRCA","MammaPrint",15,74,0.577,7
"TCGA_BRCA","MammaPrint",15,75,0.5749,7
"TCGA_BRCA","MammaPrint",15,76,0.5713,12
"TCGA_BRCA","MammaPrint",15,77,0.6023,12
"TCGA_BRCA","MammaPrint",15,78,0.5634,9
"TCGA_BRCA","MammaPrint",15,79,0.5722,7
"TCGA_BRCA","MammaPrint",15,80,0.5767,12
"TCGA_BRCA","MammaPrint",15,81,0.5662,12
"TCGA_BRCA","MammaPrint",15,82,0.5608,12
"TCGA_BRCA","MammaPrint",15,83,0.5829,9
"TCGA_BRCA","MammaPrint",15,84,0.5854,11
"TCGA_BRCA","MammaPrint",15,85,0.5707,9
"TCGA_BRCA","MammaPrint",15,86,0.5681,9
"TCGA_BRCA","MammaPrint",15,87,0.5947,8
"TCGA_BRCA","MammaPrint",15,88,0.5697,10
"TCGA_BRCA","MammaPrint",15,89,0.597,7
"TCGA_BRCA","MammaPrint",15,90,0.5821,11
"TCGA_BRCA","MammaPrint",15,91,0.5591,10
"TCGA_BRCA","MammaPrint",15,92,0.5828,8
"TCGA_BRCA","MammaPrint",15,93,0.5527,12
"TCGA_BRCA","MammaPrint",15,94,0.5797,9
"TCGA_BRCA","MammaPrint",15,95,0.577,11
"TCGA_BRCA","MammaPrint",15,96,0.5901,12
"TCGA_BRCA","MammaPrint",15,97,0.5786,6
"TCGA_BRCA","MammaPrint",15,98,0.5488,12
"TCGA_BRCA","MammaPrint",15,99,0.5633,8
"TCGA_BRCA","MammaPrint",15,100,0.581,7
"TCGA_BRCA","MammaPrint",15,101,0.5768,5
"TCGA_BRCA","MammaPrint",15,102,0.5919,8
"TCGA_BRCA","MammaPrint",15,103,0.5913,6
"TCGA_BRCA","MammaPrint",15,104,0.5935,7
"TCGA_BRCA","MammaPrint",15,105,0.5862,8
"TCGA_BRCA","MammaPrint",15,106,0.577,10
"TCGA_BRCA","MammaPrint",15,107,0.582,6
"TCGA_BRCA","MammaPrint",15,108,0.5637,11
"TCGA_BRCA","MammaPrint",15,109,0.5826,12
"TCGA_BRCA","MammaPrint",15,110,0.5821,12
"TCGA_BRCA","MammaPrint",15,111,0.5872,6
"TCGA_BRCA","MammaPrint",15,112,0.5688,12
"TCGA_BRCA","MammaPrint",15,113,0.5944,5
"TCGA_BRCA","MammaPrint",15,114,0.5835,12
"TCGA_BRCA","MammaPrint",15,115,0.5604,8
"TCGA_BRCA","MammaPrint",15,116,0.5746,9
"TCGA_BRCA","MammaPrint",15,117,0.5946,7
"TCGA_BRCA","MammaPrint",15,118,0.5799,11
"TCGA_BRCA","MammaPrint",15,119,0.5927,7
"TCGA_BRCA","MammaPrint",15,120,0.5772,12
"TCGA_BRCA","MammaPrint",15,121,0.5906,12
"TCGA_BRCA","MammaPrint",15,122,0.5938,7
"TCGA_BRCA","MammaPrint",15,123,0.587,8
"TCGA_BRCA","MammaPrint",15,124,0.595,11
"TCGA_BRCA","MammaPrint",15,125,0.5807,6
"TCGA_BRCA","MammaPrint",15,126,0.5718,9
"TCGA_BRCA","MammaPrint",15,127,0.5871,12
"TCGA_BRCA","MammaPrint",15,128,0.5906,7
"TCGA_BRCA","MammaPrint",15,129,0.6044,9
"TCGA_BRCA","MammaPrint",15,130,0.5836,12
"TCGA_BRCA","MammaPrint",15,131,0.5744,12
"TCGA_BRCA","MammaPrint",15,132,0.5732,8
"TCGA_BRCA","MammaPrint",15,133,0.5771,12
"TCGA_BRCA","MammaPrint",15,134,0.5933,10
"TCGA_BRCA","MammaPrint",15,135,0.5887,5
"TCGA_BRCA","MammaPrint",15,136,0.586,12
"TCGA_BRCA","MammaPrint",15,137,0.5964,8
"TCGA_BRCA","MammaPrint",15,138,0.5879,10
"TCGA_BRCA","MammaPrint",15,139,0.5609,12
"TCGA_BRCA","MammaPrint",15,140,0.5838,12
"TCGA_BRCA","MammaPrint",15,141,0.5888,7
"TCGA_BRCA","MammaPrint",15,142,0.5874,7
"TCGA_BRCA","MammaPrint",15,143,0.5465,12
"TCGA_BRCA","MammaPrint",15,144,0.5707,12
"TCGA_BRCA","MammaPrint",15,145,0.5774,6
"TCGA_BRCA","MammaPrint",15,146,0.5649,12
"TCGA_BRCA","MammaPrint",15,147,0.5692,7
"TCGA_BRCA","MammaPrint",15,148,0.5747,7
"TCGA_BRCA","MammaPrint",15,149,0.5973,12
"TCGA_BRCA","MammaPrint",15,150,0.5708,5
"TCGA_BRCA","MammaPrint",15,151,0.5846,12
"TCGA_BRCA","MammaPrint",15,152,0.5589,7
"TCGA_BRCA","MammaPrint",15,153,0.5774,5
"TCGA_BRCA","MammaPrint",15,154,0.5825,7
"TCGA_BRCA","MammaPrint",15,155,0.5593,10
"TCGA_BRCA","MammaPrint",15,156,0.5679,9
"TCGA_BRCA","MammaPrint",15,157,0.5883,12
"TCGA_BRCA","MammaPrint",15,158,0.5699,11
"TCGA_BRCA","MammaPrint",15,159,0.5808,12
"TCGA_BRCA","MammaPrint",15,160,0.5806,12
"TCGA_BRCA","MammaPrint",15,161,0.594,12
"TCGA_BRCA","MammaPrint",15,162,0.587,4
"TCGA_BRCA","MammaPrint",15,163,0.5666,9
"TCGA_BRCA","MammaPrint",15,164,0.5737,6
"TCGA_BRCA","MammaPrint",15,165,0.5705,12
"TCGA_BRCA","MammaPrint",15,166,0.5696,8
"TCGA_BRCA","MammaPrint",15,167,0.5689,12
"TCGA_BRCA","MammaPrint",15,168,0.6055,12
"TCGA_BRCA","MammaPrint",15,169,0.5761,12
"TCGA_BRCA","MammaPrint",15,170,0.5731,11
"TCGA_BRCA","MammaPrint",15,171,0.5775,12
"TCGA_BRCA","MammaPrint",15,172,0.5741,11
"TCGA_BRCA","MammaPrint",15,173,0.5536,12
"TCGA_BRCA","MammaPrint",15,174,0.5594,12
"TCGA_BRCA","MammaPrint",15,175,0.5758,12
"TCGA_BRCA","MammaPrint",15,176,0.5649,8
"TCGA_BRCA","MammaPrint",15,177,0.5813,12
"TCGA_BRCA","MammaPrint",15,178,0.5868,12
"TCGA_BRCA","MammaPrint",15,179,0.576,11
"TCGA_BRCA","MammaPrint",15,180,0.5741,8
"TCGA_BRCA","MammaPrint",15,181,0.5676,8
"TCGA_BRCA","MammaPrint",15,182,0.5641,7
"TCGA_BRCA","MammaPrint",15,183,0.549,11
"TCGA_BRCA","MammaPrint",15,184,0.5747,8
"TCGA_BRCA","MammaPrint",15,185,0.5807,12
"TCGA_BRCA","MammaPrint",15,186,0.5745,5
"TCGA_BRCA","MammaPrint",15,187,0.585,7
"TCGA_BRCA","MammaPrint",15,188,0.5753,5
"TCGA_BRCA","MammaPrint",15,189,0.5937,7
"TCGA_BRCA","MammaPrint",15,190,0.5606,12
"TCGA_BRCA","MammaPrint",15,191,0.5863,7
"TCGA_BRCA","MammaPrint",15,192,0.5708,5
"TCGA_BRCA","MammaPrint",15,193,0.5751,12
"TCGA_BRCA","MammaPrint",15,194,0.5753,10
"TCGA_BRCA","MammaPrint",15,195,0.5792,5
"TCGA_BRCA","MammaPrint",15,196,0.5629,12
"TCGA_BRCA","MammaPrint",15,197,0.5827,8
"TCGA_BRCA","MammaPrint",15,198,0.5766,12
"TCGA_BRCA","MammaPrint",15,199,0.5579,9
"TCGA_BRCA","MammaPrint",15,200,0.5992,4
"TCGA_BRCA","MammaPrint",15,201,0.5952,7
"TCGA_BRCA","MammaPrint",15,202,0.5836,12
"TCGA_BRCA","MammaPrint",15,203,0.5643,6
"TCGA_BRCA","MammaPrint",15,204,0.6049,8
"TCGA_BRCA","MammaPrint",15,205,0.5802,7
"TCGA_BRCA","MammaPrint",15,206,0.5641,12
"TCGA_BRCA","MammaPrint",15,207,0.5764,10
"TCGA_BRCA","MammaPrint",15,208,0.5477,11
"TCGA_BRCA","MammaPrint",15,209,0.5702,9
"TCGA_BRCA","MammaPrint",15,210,0.5906,12
"TCGA_BRCA","MammaPrint",15,211,0.5853,9
"TCGA_BRCA","MammaPrint",15,212,0.5812,8
"TCGA_BRCA","MammaPrint",15,213,0.5942,12
"TCGA_BRCA","MammaPrint",15,214,0.5411,10
"TCGA_BRCA","MammaPrint",15,215,0.566,10
"TCGA_BRCA","MammaPrint",15,216,0.5701,12
"TCGA_BRCA","MammaPrint",15,217,0.5677,8
"TCGA_BRCA","MammaPrint",15,218,0.5781,11
"TCGA_BRCA","MammaPrint",15,219,0.577,12
"TCGA_BRCA","MammaPrint",15,220,0.5799,8
"TCGA_BRCA","MammaPrint",15,221,0.5715,7
"TCGA_BRCA","MammaPrint",15,222,0.5863,8
"TCGA_BRCA","MammaPrint",15,223,0.5624,12
"TCGA_BRCA","MammaPrint",15,224,0.5738,9
"TCGA_BRCA","MammaPrint",15,225,0.5853,6
"TCGA_BRCA","MammaPrint",15,226,0.5657,12
"TCGA_BRCA","MammaPrint",15,227,0.5934,12
"TCGA_BRCA","MammaPrint",15,228,0.5868,12
"TCGA_BRCA","MammaPrint",15,229,0.5723,10
"TCGA_BRCA","MammaPrint",15,230,0.5738,7
"TCGA_BRCA","MammaPrint",15,231,0.5676,12
"TCGA_BRCA","MammaPrint",15,232,0.5803,12
"TCGA_BRCA","MammaPrint",15,233,0.558,11
"TCGA_BRCA","MammaPrint",15,234,0.5536,12
"TCGA_BRCA","MammaPrint",15,235,0.5921,5
"TCGA_BRCA","MammaPrint",15,236,0.5763,9
"TCGA_BRCA","MammaPrint",15,237,0.5685,10
"TCGA_BRCA","MammaPrint",15,238,0.5626,8
"TCGA_BRCA","MammaPrint",15,239,0.5718,12
"TCGA_BRCA","MammaPrint",15,240,0.589,12
"TCGA_BRCA","MammaPrint",15,241,0.5935,6
"TCGA_BRCA","MammaPrint",15,242,0.5861,7
"TCGA_BRCA","MammaPrint",15,243,0.5569,7
"TCGA_BRCA","MammaPrint",15,244,0.574,9
"TCGA_BRCA","MammaPrint",15,245,0.5536,12
"TCGA_BRCA","MammaPrint",15,246,0.5756,12
"TCGA_BRCA","MammaPrint",15,247,0.5794,10
"TCGA_BRCA","MammaPrint",15,248,0.5739,9
"TCGA_BRCA","MammaPrint",15,249,0.5734,7
"TCGA_BRCA","MammaPrint",15,250,0.5637,12
"TCGA_BRCA","MammaPrint",15,251,0.5695,12
"TCGA_BRCA","MammaPrint",15,252,0.5812,8
"TCGA_BRCA","MammaPrint",15,253,0.5757,10
"TCGA_BRCA","MammaPrint",15,254,0.5672,8
"TCGA_BRCA","MammaPrint",15,255,0.578,8
"TCGA_BRCA","MammaPrint",15,256,0.5845,7
"TCGA_BRCA","MammaPrint",15,257,0.5933,9
"TCGA_BRCA","MammaPrint",15,258,0.5644,9
"TCGA_BRCA","MammaPrint",15,259,0.5809,7
"TCGA_BRCA","MammaPrint",15,260,0.5891,12
"TCGA_BRCA","MammaPrint",15,261,0.5983,10
"TCGA_BRCA","MammaPrint",15,262,0.5533,12
"TCGA_BRCA","MammaPrint",15,263,0.572,8
"TCGA_BRCA","MammaPrint",15,264,0.5899,9
"TCGA_BRCA","MammaPrint",15,265,0.5805,12
"TCGA_BRCA","MammaPrint",15,266,0.5763,12
"TCGA_BRCA","MammaPrint",15,267,0.5917,8
"TCGA_BRCA","MammaPrint",15,268,0.5668,6
"TCGA_BRCA","MammaPrint",15,269,0.5788,8
"TCGA_BRCA","MammaPrint",15,270,0.5812,12
"TCGA_BRCA","MammaPrint",15,271,0.5791,6
"TCGA_BRCA","MammaPrint",15,272,0.5852,5
"TCGA_BRCA","MammaPrint",15,273,0.5861,9
"TCGA_BRCA","MammaPrint",15,274,0.592,12
"TCGA_BRCA","MammaPrint",15,275,0.5698,7
"TCGA_BRCA","MammaPrint",15,276,0.586,8
"TCGA_BRCA","MammaPrint",15,277,0.5771,9
"TCGA_BRCA","MammaPrint",15,278,0.5774,12
"TCGA_BRCA","MammaPrint",15,279,0.5694,12
"TCGA_BRCA","MammaPrint",15,280,0.5904,5
"TCGA_BRCA","MammaPrint",15,281,0.5913,10
"TCGA_BRCA","MammaPrint",15,282,0.569,12
"TCGA_BRCA","MammaPrint",15,283,0.5816,11
"TCGA_BRCA","MammaPrint",15,284,0.5708,12
"TCGA_BRCA","MammaPrint",15,285,0.5869,6
"TCGA_BRCA","MammaPrint",15,286,0.5644,12
"TCGA_BRCA","MammaPrint",15,287,0.5912,8
"TCGA_BRCA","MammaPrint",15,288,0.597,12
"TCGA_BRCA","MammaPrint",15,289,0.5864,7
"TCGA_BRCA","MammaPrint",15,290,0.601,8
"TCGA_BRCA","MammaPrint",15,291,0.5785,12
"TCGA_BRCA","MammaPrint",15,292,0.5807,8
"TCGA_BRCA","MammaPrint",15,293,0.5854,6
"TCGA_BRCA","MammaPrint",15,294,0.5685,9
"TCGA_BRCA","MammaPrint",15,295,0.5989,11
"TCGA_BRCA","MammaPrint",15,296,0.5731,12
"TCGA_BRCA","MammaPrint",15,297,0.5767,5
"TCGA_BRCA","MammaPrint",15,298,0.5798,8
"TCGA_BRCA","MammaPrint",15,299,0.5698,9
"TCGA_BRCA","MammaPrint",15,300,0.5806,12
"TCGA_BRCA","MammaPrint",15,301,0.595,6
"TCGA_BRCA","MammaPrint",15,302,0.5804,6
"TCGA_BRCA","MammaPrint",15,303,0.5669,10
"TCGA_BRCA","MammaPrint",15,304,0.5951,12
"TCGA_BRCA","MammaPrint",15,305,0.5874,10
"TCGA_BRCA","MammaPrint",15,306,0.5694,10
"TCGA_BRCA","MammaPrint",15,307,0.5823,8
"TCGA_BRCA","MammaPrint",15,308,0.5711,8
"TCGA_BRCA","MammaPrint",15,309,0.5891,12
"TCGA_BRCA","MammaPrint",15,310,0.569,8
"TCGA_BRCA","MammaPrint",15,311,0.5879,12
"TCGA_BRCA","MammaPrint",15,312,0.5718,7
"TCGA_BRCA","MammaPrint",15,313,0.5817,7
"TCGA_BRCA","MammaPrint",15,314,0.5722,9
"TCGA_BRCA","MammaPrint",15,315,0.5817,6
"TCGA_BRCA","MammaPrint",15,316,0.5855,6
"TCGA_BRCA","MammaPrint",15,317,0.5815,8
"TCGA_BRCA","MammaPrint",15,318,0.5668,12
"TCGA_BRCA","MammaPrint",15,319,0.5894,5
"TCGA_BRCA","MammaPrint",15,320,0.595,7
"TCGA_BRCA","MammaPrint",15,321,0.565,10
"TCGA_BRCA","MammaPrint",15,322,0.5638,11
"TCGA_BRCA","MammaPrint",15,323,0.5735,12
"TCGA_BRCA","MammaPrint",15,324,0.5752,5
"TCGA_BRCA","MammaPrint",15,325,0.5783,7
"TCGA_BRCA","MammaPrint",15,326,0.5738,7
"TCGA_BRCA","MammaPrint",15,327,0.5879,7
"TCGA_BRCA","MammaPrint",15,328,0.5895,10
"TCGA_BRCA","MammaPrint",15,329,0.5706,6
"TCGA_BRCA","MammaPrint",15,330,0.5958,8
"TCGA_BRCA","MammaPrint",15,331,0.5815,7
"TCGA_BRCA","MammaPrint",15,332,0.5709,7
"TCGA_BRCA","MammaPrint",15,333,0.5646,12
"TCGA_BRCA","MammaPrint",15,334,0.5831,9
"TCGA_BRCA","MammaPrint",15,335,0.587,12
"TCGA_BRCA","MammaPrint",15,336,0.5852,8
"TCGA_BRCA","MammaPrint",15,337,0.574,9
"TCGA_BRCA","MammaPrint",15,338,0.5801,12
"TCGA_BRCA","MammaPrint",15,339,0.57,9
"TCGA_BRCA","MammaPrint",15,340,0.5902,7
"TCGA_BRCA","MammaPrint",15,341,0.5741,12
"TCGA_BRCA","MammaPrint",15,342,0.5761,8
"TCGA_BRCA","MammaPrint",15,343,0.5827,5
"TCGA_BRCA","MammaPrint",15,344,0.5936,12
"TCGA_BRCA","MammaPrint",15,345,0.5948,9
"TCGA_BRCA","MammaPrint",15,346,0.5759,9
"TCGA_BRCA","MammaPrint",15,347,0.5586,9
"TCGA_BRCA","MammaPrint",15,348,0.5477,12
"TCGA_BRCA","MammaPrint",15,349,0.5838,6
"TCGA_BRCA","MammaPrint",15,350,0.5858,11
"TCGA_BRCA","MammaPrint",15,351,0.5756,12
"TCGA_BRCA","MammaPrint",15,352,0.58,12
"TCGA_BRCA","MammaPrint",15,353,0.5857,8
"TCGA_BRCA","MammaPrint",15,354,0.5715,6
"TCGA_BRCA","MammaPrint",15,355,0.5924,12
"TCGA_BRCA","MammaPrint",15,356,0.5938,12
"TCGA_BRCA","MammaPrint",15,357,0.5635,8
"TCGA_BRCA","MammaPrint",15,358,0.5978,6
"TCGA_BRCA","MammaPrint",15,359,0.5869,7
"TCGA_BRCA","MammaPrint",15,360,0.583,8
"TCGA_BRCA","MammaPrint",15,361,0.5795,7
"TCGA_BRCA","MammaPrint",15,362,0.5996,10
"TCGA_BRCA","MammaPrint",15,363,0.5806,12
"TCGA_BRCA","MammaPrint",15,364,0.5694,7
"TCGA_BRCA","MammaPrint",15,365,0.5782,9
"TCGA_BRCA","MammaPrint",15,366,0.5735,12
"TCGA_BRCA","MammaPrint",15,367,0.5537,12
"TCGA_BRCA","MammaPrint",15,368,0.5791,9
"TCGA_BRCA","MammaPrint",15,369,0.5718,6
"TCGA_BRCA","MammaPrint",15,370,0.5691,11
"TCGA_BRCA","MammaPrint",15,371,0.5747,12
"TCGA_BRCA","MammaPrint",15,372,0.5553,12
"TCGA_BRCA","MammaPrint",15,373,0.5681,10
"TCGA_BRCA","MammaPrint",15,374,0.5525,8
"TCGA_BRCA","MammaPrint",15,375,0.5882,10
"TCGA_BRCA","MammaPrint",15,376,0.5911,8
"TCGA_BRCA","MammaPrint",15,377,0.5776,6
"TCGA_BRCA","MammaPrint",15,378,0.5752,11
"TCGA_BRCA","MammaPrint",15,379,0.5734,6
"TCGA_BRCA","MammaPrint",15,380,0.5774,12
"TCGA_BRCA","MammaPrint",15,381,0.5922,8
"TCGA_BRCA","MammaPrint",15,382,0.5711,12
"TCGA_BRCA","MammaPrint",15,383,0.5762,12
"TCGA_BRCA","MammaPrint",15,384,0.5778,12
"TCGA_BRCA","MammaPrint",15,385,0.5843,10
"TCGA_BRCA","MammaPrint",15,386,0.5742,6
"TCGA_BRCA","MammaPrint",15,387,0.5832,8
"TCGA_BRCA","MammaPrint",15,388,0.5775,7
"TCGA_BRCA","MammaPrint",15,389,0.5705,7
"TCGA_BRCA","MammaPrint",15,390,0.5701,12
"TCGA_BRCA","MammaPrint",15,391,0.586,12
"TCGA_BRCA","MammaPrint",15,392,0.5837,9
"TCGA_BRCA","MammaPrint",15,393,0.5929,11
"TCGA_BRCA","MammaPrint",15,394,0.5544,12
"TCGA_BRCA","MammaPrint",15,395,0.5855,12
"TCGA_BRCA","MammaPrint",15,396,0.5838,6
"TCGA_BRCA","MammaPrint",15,397,0.5891,11
"TCGA_BRCA","MammaPrint",15,398,0.5757,12
"TCGA_BRCA","MammaPrint",15,399,0.567,9
"TCGA_BRCA","MammaPrint",15,400,0.5912,7
"TCGA_BRCA","MammaPrint",15,401,0.5743,8
"TCGA_BRCA","MammaPrint",15,402,0.5729,8
"TCGA_BRCA","MammaPrint",15,403,0.5843,10
"TCGA_BRCA","MammaPrint",15,404,0.5808,12
"TCGA_BRCA","MammaPrint",15,405,0.5809,10
"TCGA_BRCA","MammaPrint",15,406,0.603,8
"TCGA_BRCA","MammaPrint",15,407,0.5833,12
"TCGA_BRCA","MammaPrint",15,408,0.5801,12
"TCGA_BRCA","MammaPrint",15,409,0.5733,5
"TCGA_BRCA","MammaPrint",15,410,0.5525,12
"TCGA_BRCA","MammaPrint",15,411,0.5597,12
"TCGA_BRCA","MammaPrint",15,412,0.5696,10
"TCGA_BRCA","MammaPrint",15,413,0.588,8
"TCGA_BRCA","MammaPrint",15,414,0.5993,11
"TCGA_BRCA","MammaPrint",15,415,0.569,8
"TCGA_BRCA","MammaPrint",15,416,0.5869,6
"TCGA_BRCA","MammaPrint",15,417,0.5707,8
"TCGA_BRCA","MammaPrint",15,418,0.5753,7
"TCGA_BRCA","MammaPrint",15,419,0.5613,9
"TCGA_BRCA","MammaPrint",15,420,0.6018,12
"TCGA_BRCA","MammaPrint",15,421,0.5666,9
"TCGA_BRCA","MammaPrint",15,422,0.5708,7
"TCGA_BRCA","MammaPrint",15,423,0.5811,8
"TCGA_BRCA","MammaPrint",15,424,0.5767,5
"TCGA_BRCA","MammaPrint",15,425,0.5837,11
"TCGA_BRCA","MammaPrint",15,426,0.5777,8
"TCGA_BRCA","MammaPrint",15,427,0.5922,8
"TCGA_BRCA","MammaPrint",15,428,0.576,7
"TCGA_BRCA","MammaPrint",15,429,0.5853,8
"TCGA_BRCA","MammaPrint",15,430,0.5635,12
"TCGA_BRCA","MammaPrint",15,431,0.5858,6
"TCGA_BRCA","MammaPrint",15,432,0.5749,12
"TCGA_BRCA","MammaPrint",15,433,0.5908,8
"TCGA_BRCA","MammaPrint",15,434,0.5788,7
"TCGA_BRCA","MammaPrint",15,435,0.5776,9
"TCGA_BRCA","MammaPrint",15,436,0.5825,12
"TCGA_BRCA","MammaPrint",15,437,0.5724,9
"TCGA_BRCA","MammaPrint",15,438,0.5678,11
"TCGA_BRCA","MammaPrint",15,439,0.588,12
"TCGA_BRCA","MammaPrint",15,440,0.593,8
"TCGA_BRCA","MammaPrint",15,441,0.5644,9
"TCGA_BRCA","MammaPrint",15,442,0.5896,9
"TCGA_BRCA","MammaPrint",15,443,0.5701,9
"TCGA_BRCA","MammaPrint",15,444,0.5849,8
"TCGA_BRCA","MammaPrint",15,445,0.6006,9
"TCGA_BRCA","MammaPrint",15,446,0.5676,5
"TCGA_BRCA","MammaPrint",15,447,0.5716,9
"TCGA_BRCA","MammaPrint",15,448,0.5779,6
"TCGA_BRCA","MammaPrint",15,449,0.5778,11
"TCGA_BRCA","MammaPrint",15,450,0.5846,9
"TCGA_BRCA","MammaPrint",15,451,0.5986,11
"TCGA_BRCA","MammaPrint",15,452,0.5572,12
"TCGA_BRCA","MammaPrint",15,453,0.5636,5
"TCGA_BRCA","MammaPrint",15,454,0.5748,12
"TCGA_BRCA","MammaPrint",15,455,0.5867,6
"TCGA_BRCA","MammaPrint",15,456,0.5681,12
"TCGA_BRCA","MammaPrint",15,457,0.5751,7
"TCGA_BRCA","MammaPrint",15,458,0.5791,12
"TCGA_BRCA","MammaPrint",15,459,0.5755,9
"TCGA_BRCA","MammaPrint",15,460,0.5707,10
"TCGA_BRCA","MammaPrint",15,461,0.5811,7
"TCGA_BRCA","MammaPrint",15,462,0.572,12
"TCGA_BRCA","MammaPrint",15,463,0.5738,3
"TCGA_BRCA","MammaPrint",15,464,0.5445,12
"TCGA_BRCA","MammaPrint",15,465,0.5761,7
"TCGA_BRCA","MammaPrint",15,466,0.5757,12
"TCGA_BRCA","MammaPrint",15,467,0.5807,8
"TCGA_BRCA","MammaPrint",15,468,0.5637,8
"TCGA_BRCA","MammaPrint",15,469,0.5494,8
"TCGA_BRCA","MammaPrint",15,470,0.5791,7
"TCGA_BRCA","MammaPrint",15,471,0.5637,8
"TCGA_BRCA","MammaPrint",15,472,0.5831,10
"TCGA_BRCA","MammaPrint",15,473,0.5726,11
"TCGA_BRCA","MammaPrint",15,474,0.5751,8
"TCGA_BRCA","MammaPrint",15,475,0.5868,9
"TCGA_BRCA","MammaPrint",15,476,0.5811,12
"TCGA_BRCA","MammaPrint",15,477,0.5881,11
"TCGA_BRCA","MammaPrint",15,478,0.5948,12
"TCGA_BRCA","MammaPrint",15,479,0.5891,12
"TCGA_BRCA","MammaPrint",15,480,0.5798,10
"TCGA_BRCA","MammaPrint",15,481,0.5617,10
"TCGA_BRCA","MammaPrint",15,482,0.57,9
"TCGA_BRCA","MammaPrint",15,483,0.5809,7
"TCGA_BRCA","MammaPrint",15,484,0.5971,6
"TCGA_BRCA","MammaPrint",15,485,0.5799,11
"TCGA_BRCA","MammaPrint",15,486,0.5824,12
"TCGA_BRCA","MammaPrint",15,487,0.5822,8
"TCGA_BRCA","MammaPrint",15,488,0.5811,12
"TCGA_BRCA","MammaPrint",15,489,0.585,12
"TCGA_BRCA","MammaPrint",15,490,0.5699,7
"TCGA_BRCA","MammaPrint",15,491,0.588,12
"TCGA_BRCA","MammaPrint",15,492,0.5696,11
"TCGA_BRCA","MammaPrint",15,493,0.5733,9
"TCGA_BRCA","MammaPrint",15,494,0.5796,12
"TCGA_BRCA","MammaPrint",15,495,0.5753,12
"TCGA_BRCA","MammaPrint",15,496,0.6037,11
"TCGA_BRCA","MammaPrint",15,497,0.5738,9
"TCGA_BRCA","MammaPrint",15,498,0.5701,12
"TCGA_BRCA","MammaPrint",15,499,0.5787,12
"TCGA_BRCA","MammaPrint",15,500,0.5849,8
"TCGA_BRCA","MammaPrint",15,501,0.5786,12
"TCGA_BRCA","MammaPrint",15,502,0.5722,12
"TCGA_BRCA","MammaPrint",15,503,0.5717,5
"TCGA_BRCA","MammaPrint",15,504,0.5807,8
"TCGA_BRCA","MammaPrint",15,505,0.5646,12
"TCGA_BRCA","MammaPrint",15,506,0.5696,12
"TCGA_BRCA","MammaPrint",15,507,0.5674,12
"TCGA_BRCA","MammaPrint",15,508,0.5647,12
"TCGA_BRCA","MammaPrint",15,509,0.5797,7
"TCGA_BRCA","MammaPrint",15,510,0.5812,6
"TCGA_BRCA","MammaPrint",15,511,0.5815,12
"TCGA_BRCA","MammaPrint",15,512,0.6037,7
"TCGA_BRCA","MammaPrint",15,513,0.5902,9
"TCGA_BRCA","MammaPrint",15,514,0.5767,12
"TCGA_BRCA","MammaPrint",15,515,0.5687,7
"TCGA_BRCA","MammaPrint",15,516,0.5606,11
"TCGA_BRCA","MammaPrint",15,517,0.5692,9
"TCGA_BRCA","MammaPrint",15,518,0.5953,8
"TCGA_BRCA","MammaPrint",15,519,0.5672,12
"TCGA_BRCA","MammaPrint",15,520,0.573,8
"TCGA_BRCA","MammaPrint",15,521,0.5721,12
"TCGA_BRCA","MammaPrint",15,522,0.5823,12
"TCGA_BRCA","MammaPrint",15,523,0.5773,5
"TCGA_BRCA","MammaPrint",15,524,0.596,6
"TCGA_BRCA","MammaPrint",15,525,0.5736,9
"TCGA_BRCA","MammaPrint",15,526,0.5508,8
"TCGA_BRCA","MammaPrint",15,527,0.5852,10
"TCGA_BRCA","MammaPrint",15,528,0.5654,11
"TCGA_BRCA","MammaPrint",15,529,0.5665,11
"TCGA_BRCA","MammaPrint",15,530,0.5839,8
"TCGA_BRCA","MammaPrint",15,531,0.5877,9
"TCGA_BRCA","MammaPrint",15,532,0.5926,7
"TCGA_BRCA","MammaPrint",15,533,0.5741,12
"TCGA_BRCA","MammaPrint",15,534,0.5804,11
"TCGA_BRCA","MammaPrint",15,535,0.5898,10
"TCGA_BRCA","MammaPrint",15,536,0.5898,6
"TCGA_BRCA","MammaPrint",15,537,0.5666,11
"TCGA_BRCA","MammaPrint",15,538,0.5672,12
"TCGA_BRCA","MammaPrint",15,539,0.5861,10
"TCGA_BRCA","MammaPrint",15,540,0.5688,6
"TCGA_BRCA","MammaPrint",15,541,0.5895,12
"TCGA_BRCA","MammaPrint",15,542,0.5769,12
"TCGA_BRCA","MammaPrint",15,543,0.5829,12
"TCGA_BRCA","MammaPrint",15,544,0.5924,9
"TCGA_BRCA","MammaPrint",15,545,0.5671,12
"TCGA_BRCA","MammaPrint",15,546,0.5825,11
"TCGA_BRCA","MammaPrint",15,547,0.5643,6
"TCGA_BRCA","MammaPrint",15,548,0.5827,5
"TCGA_BRCA","MammaPrint",15,549,0.6006,12
"TCGA_BRCA","MammaPrint",15,550,0.5551,12
"TCGA_BRCA","MammaPrint",15,551,0.5856,8
"TCGA_BRCA","MammaPrint",15,552,0.5892,12
"TCGA_BRCA","MammaPrint",15,553,0.5633,10
"TCGA_BRCA","MammaPrint",15,554,0.5807,5
"TCGA_BRCA","MammaPrint",15,555,0.5683,12
"TCGA_BRCA","MammaPrint",15,556,0.6063,8
"TCGA_BRCA","MammaPrint",15,557,0.5751,9
"TCGA_BRCA","MammaPrint",15,558,0.5622,8
"TCGA_BRCA","MammaPrint",15,559,0.5621,9
"TCGA_BRCA","MammaPrint",15,560,0.5815,4
"TCGA_BRCA","MammaPrint",15,561,0.5747,7
"TCGA_BRCA","MammaPrint",15,562,0.567,8
"TCGA_BRCA","MammaPrint",15,563,0.5782,12
"TCGA_BRCA","MammaPrint",15,564,0.5601,7
"TCGA_BRCA","MammaPrint",15,565,0.5908,7
"TCGA_BRCA","MammaPrint",15,566,0.5715,5
"TCGA_BRCA","MammaPrint",15,567,0.5771,12
"TCGA_BRCA","MammaPrint",15,568,0.5925,8
"TCGA_BRCA","MammaPrint",15,569,0.5741,9
"TCGA_BRCA","MammaPrint",15,570,0.5665,12
"TCGA_BRCA","MammaPrint",15,571,0.5937,6
"TCGA_BRCA","MammaPrint",15,572,0.5815,6
"TCGA_BRCA","MammaPrint",15,573,0.5758,9
"TCGA_BRCA","MammaPrint",15,574,0.5814,7
"TCGA_BRCA","MammaPrint",15,575,0.5904,10
"TCGA_BRCA","MammaPrint",15,576,0.5827,6
"TCGA_BRCA","MammaPrint",15,577,0.5708,12
"TCGA_BRCA","MammaPrint",15,578,0.5985,7
"TCGA_BRCA","MammaPrint",15,579,0.5957,6
"TCGA_BRCA","MammaPrint",15,580,0.5641,9
"TCGA_BRCA","MammaPrint",15,581,0.5789,9
"TCGA_BRCA","MammaPrint",15,582,0.5695,7
"TCGA_BRCA","MammaPrint",15,583,0.5955,7
"TCGA_BRCA","MammaPrint",15,584,0.5788,12
"TCGA_BRCA","MammaPrint",15,585,0.5908,12
"TCGA_BRCA","MammaPrint",15,586,0.5772,8
"TCGA_BRCA","MammaPrint",15,587,0.566,12
"TCGA_BRCA","MammaPrint",15,588,0.5964,12
"TCGA_BRCA","MammaPrint",15,589,0.5662,12
"TCGA_BRCA","MammaPrint",15,590,0.5735,8
"TCGA_BRCA","MammaPrint",15,591,0.5549,12
"TCGA_BRCA","MammaPrint",15,592,0.5728,7
"TCGA_BRCA","MammaPrint",15,593,0.5776,12
"TCGA_BRCA","MammaPrint",15,594,0.5586,8
"TCGA_BRCA","MammaPrint",15,595,0.5958,7
"TCGA_BRCA","MammaPrint",15,596,0.5801,7
"TCGA_BRCA","MammaPrint",15,597,0.5989,5
"TCGA_BRCA","MammaPrint",15,598,0.5854,7
"TCGA_BRCA","MammaPrint",15,599,0.5738,8
"TCGA_BRCA","MammaPrint",15,600,0.556,9
"TCGA_BRCA","MammaPrint",15,601,0.5839,12
"TCGA_BRCA","MammaPrint",15,602,0.5933,7
"TCGA_BRCA","MammaPrint",15,603,0.5632,9
"TCGA_BRCA","MammaPrint",15,604,0.5709,12
"TCGA_BRCA","MammaPrint",15,605,0.5716,10
"TCGA_BRCA","MammaPrint",15,606,0.5862,7
"TCGA_BRCA","MammaPrint",15,607,0.5918,5
"TCGA_BRCA","MammaPrint",15,608,0.5698,7
"TCGA_BRCA","MammaPrint",15,609,0.5847,4
"TCGA_BRCA","MammaPrint",15,610,0.5704,12
"TCGA_BRCA","MammaPrint",15,611,0.5967,12
"TCGA_BRCA","MammaPrint",15,612,0.5652,7
"TCGA_BRCA","MammaPrint",15,613,0.5792,7
"TCGA_BRCA","MammaPrint",15,614,0.565,12
"TCGA_BRCA","MammaPrint",15,615,0.5558,12
"TCGA_BRCA","MammaPrint",15,616,0.5762,11
"TCGA_BRCA","MammaPrint",15,617,0.5693,12
"TCGA_BRCA","MammaPrint",15,618,0.5658,12
"TCGA_BRCA","MammaPrint",15,619,0.5711,8
"TCGA_BRCA","MammaPrint",15,620,0.5887,12
"TCGA_BRCA","MammaPrint",15,621,0.5754,12
"TCGA_BRCA","MammaPrint",15,622,0.5606,12
"TCGA_BRCA","MammaPrint",15,623,0.5971,5
"TCGA_BRCA","MammaPrint",15,624,0.5678,12
"TCGA_BRCA","MammaPrint",15,625,0.5855,9
"TCGA_BRCA","MammaPrint",15,626,0.5809,12
"TCGA_BRCA","MammaPrint",15,627,0.5594,12
"TCGA_BRCA","MammaPrint",15,628,0.5767,12
"TCGA_BRCA","MammaPrint",15,629,0.5759,12
"TCGA_BRCA","MammaPrint",15,630,0.5681,9
"TCGA_BRCA","MammaPrint",15,631,0.5534,12
"TCGA_BRCA","MammaPrint",15,632,0.5779,6
"TCGA_BRCA","MammaPrint",15,633,0.5769,8
"TCGA_BRCA","MammaPrint",15,634,0.5746,7
"TCGA_BRCA","MammaPrint",15,635,0.5679,10
"TCGA_BRCA","MammaPrint",15,636,0.5844,8
"TCGA_BRCA","MammaPrint",15,637,0.5797,8
"TCGA_BRCA","MammaPrint",15,638,0.5747,12
"TCGA_BRCA","MammaPrint",15,639,0.5717,9
"TCGA_BRCA","MammaPrint",15,640,0.5774,10
"TCGA_BRCA","MammaPrint",15,641,0.569,6
"TCGA_BRCA","MammaPrint",15,642,0.5864,9
"TCGA_BRCA","MammaPrint",15,643,0.5881,12
"TCGA_BRCA","MammaPrint",15,644,0.5725,8
"TCGA_BRCA","MammaPrint",15,645,0.5765,6
"TCGA_BRCA","MammaPrint",15,646,0.5895,3
"TCGA_BRCA","MammaPrint",15,647,0.5885,8
"TCGA_BRCA","MammaPrint",15,648,0.5726,12
"TCGA_BRCA","MammaPrint",15,649,0.568,12
"TCGA_BRCA","MammaPrint",15,650,0.5802,10
"TCGA_BRCA","MammaPrint",15,651,0.5862,12
"TCGA_BRCA","MammaPrint",15,652,0.5722,8
"TCGA_BRCA","MammaPrint",15,653,0.5847,8
"TCGA_BRCA","MammaPrint",15,654,0.58,5
"TCGA_BRCA","MammaPrint",15,655,0.5827,12
"TCGA_BRCA","MammaPrint",15,656,0.5642,12
"TCGA_BRCA","MammaPrint",15,657,0.5617,8
"TCGA_BRCA","MammaPrint",15,658,0.5693,11
"TCGA_BRCA","MammaPrint",15,659,0.5938,5
"TCGA_BRCA","MammaPrint",15,660,0.5652,8
"TCGA_BRCA","MammaPrint",15,661,0.5754,5
"TCGA_BRCA","MammaPrint",15,662,0.5788,12
"TCGA_BRCA","MammaPrint",15,663,0.5889,12
"TCGA_BRCA","MammaPrint",15,664,0.5645,7
"TCGA_BRCA","MammaPrint",15,665,0.5565,12
"TCGA_BRCA","MammaPrint",15,666,0.5682,12
"TCGA_BRCA","MammaPrint",15,667,0.5501,12
"TCGA_BRCA","MammaPrint",15,668,0.5749,8
"TCGA_BRCA","MammaPrint",15,669,0.5731,12
"TCGA_BRCA","MammaPrint",15,670,0.5686,12
"TCGA_BRCA","MammaPrint",15,671,0.5832,8
"TCGA_BRCA","MammaPrint",15,672,0.591,6
"TCGA_BRCA","MammaPrint",15,673,0.5802,12
"TCGA_BRCA","MammaPrint",15,674,0.5793,12
"TCGA_BRCA","MammaPrint",15,675,0.5677,8
"TCGA_BRCA","MammaPrint",15,676,0.5602,9
"TCGA_BRCA","MammaPrint",15,677,0.5781,12
"TCGA_BRCA","MammaPrint",15,678,0.5798,9
"TCGA_BRCA","MammaPrint",15,679,0.5677,9
"TCGA_BRCA","MammaPrint",15,680,0.5735,7
"TCGA_BRCA","MammaPrint",15,681,0.5772,8
"TCGA_BRCA","MammaPrint",15,682,0.5697,9
"TCGA_BRCA","MammaPrint",15,683,0.5704,12
"TCGA_BRCA","MammaPrint",15,684,0.5818,11
"TCGA_BRCA","MammaPrint",15,685,0.554,12
"TCGA_BRCA","MammaPrint",15,686,0.5836,12
"TCGA_BRCA","MammaPrint",15,687,0.5798,10
"TCGA_BRCA","MammaPrint",15,688,0.5846,12
"TCGA_BRCA","MammaPrint",15,689,0.5692,10
"TCGA_BRCA","MammaPrint",15,690,0.5766,7
"TCGA_BRCA","MammaPrint",15,691,0.5747,5
"TCGA_BRCA","MammaPrint",15,692,0.5716,6
"TCGA_BRCA","MammaPrint",15,693,0.5837,10
"TCGA_BRCA","MammaPrint",15,694,0.5736,12
"TCGA_BRCA","MammaPrint",15,695,0.5698,10
"TCGA_BRCA","MammaPrint",15,696,0.5869,12
"TCGA_BRCA","MammaPrint",15,697,0.5691,7
"TCGA_BRCA","MammaPrint",15,698,0.5715,12
"TCGA_BRCA","MammaPrint",15,699,0.5719,12
"TCGA_BRCA","MammaPrint",15,700,0.5993,9
"TCGA_BRCA","MammaPrint",15,701,0.5928,12
"TCGA_BRCA","MammaPrint",15,702,0.5765,8
"TCGA_BRCA","MammaPrint",15,703,0.568,12
"TCGA_BRCA","MammaPrint",15,704,0.5861,7
"TCGA_BRCA","MammaPrint",15,705,0.5583,12
"TCGA_BRCA","MammaPrint",15,706,0.5687,11
"TCGA_BRCA","MammaPrint",15,707,0.5824,12
"TCGA_BRCA","MammaPrint",15,708,0.5689,10
"TCGA_BRCA","MammaPrint",15,709,0.5891,12
"TCGA_BRCA","MammaPrint",15,710,0.5849,8
"TCGA_BRCA","MammaPrint",15,711,0.5964,7
"TCGA_BRCA","MammaPrint",15,712,0.5815,10
"TCGA_BRCA","MammaPrint",15,713,0.578,9
"TCGA_BRCA","MammaPrint",15,714,0.566,9
"TCGA_BRCA","MammaPrint",15,715,0.5893,8
"TCGA_BRCA","MammaPrint",15,716,0.5758,6
"TCGA_BRCA","MammaPrint",15,717,0.5701,12
"TCGA_BRCA","MammaPrint",15,718,0.585,7
"TCGA_BRCA","MammaPrint",15,719,0.5973,9
"TCGA_BRCA","MammaPrint",15,720,0.5727,8
"TCGA_BRCA","MammaPrint",15,721,0.5873,9
"TCGA_BRCA","MammaPrint",15,722,0.5867,12
"TCGA_BRCA","MammaPrint",15,723,0.5777,12
"TCGA_BRCA","MammaPrint",15,724,0.5943,6
"TCGA_BRCA","MammaPrint",15,725,0.5749,7
"TCGA_BRCA","MammaPrint",15,726,0.5825,7
"TCGA_BRCA","MammaPrint",15,727,0.5805,11
"TCGA_BRCA","MammaPrint",15,728,0.6064,9
"TCGA_BRCA","MammaPrint",15,729,0.567,7
"TCGA_BRCA","MammaPrint",15,730,0.5808,8
"TCGA_BRCA","MammaPrint",15,731,0.5845,10
"TCGA_BRCA","MammaPrint",15,732,0.5704,12
"TCGA_BRCA","MammaPrint",15,733,0.573,12
"TCGA_BRCA","MammaPrint",15,734,0.5757,12
"TCGA_BRCA","MammaPrint",15,735,0.573,8
"TCGA_BRCA","MammaPrint",15,736,0.5694,12
"TCGA_BRCA","MammaPrint",15,737,0.5699,12
"TCGA_BRCA","MammaPrint",15,738,0.5666,6
"TCGA_BRCA","MammaPrint",15,739,0.5754,12
"TCGA_BRCA","MammaPrint",15,740,0.5622,12
"TCGA_BRCA","MammaPrint",15,741,0.5921,5
"TCGA_BRCA","MammaPrint",15,742,0.5654,12
"TCGA_BRCA","MammaPrint",15,743,0.5958,7
"TCGA_BRCA","MammaPrint",15,744,0.5543,12
"TCGA_BRCA","MammaPrint",15,745,0.5768,12
"TCGA_BRCA","MammaPrint",15,746,0.5737,6
"TCGA_BRCA","MammaPrint",15,747,0.5673,7
"TCGA_BRCA","MammaPrint",15,748,0.5763,8
"TCGA_BRCA","MammaPrint",15,749,0.5801,6
"TCGA_BRCA","MammaPrint",15,750,0.5876,12
"TCGA_BRCA","MammaPrint",15,751,0.5671,9
"TCGA_BRCA","MammaPrint",15,752,0.5636,12
"TCGA_BRCA","MammaPrint",15,753,0.5912,5
"TCGA_BRCA","MammaPrint",15,754,0.5671,6
"TCGA_BRCA","MammaPrint",15,755,0.5879,4
"TCGA_BRCA","MammaPrint",15,756,0.5927,8
"TCGA_BRCA","MammaPrint",15,757,0.5485,12
"TCGA_BRCA","MammaPrint",15,758,0.5664,7
"TCGA_BRCA","MammaPrint",15,759,0.564,10
"TCGA_BRCA","MammaPrint",15,760,0.5653,8
"TCGA_BRCA","MammaPrint",15,761,0.572,8
"TCGA_BRCA","MammaPrint",15,762,0.5631,10
"TCGA_BRCA","MammaPrint",15,763,0.5665,7
"TCGA_BRCA","MammaPrint",15,764,0.5984,8
"TCGA_BRCA","MammaPrint",15,765,0.5737,9
"TCGA_BRCA","MammaPrint",15,766,0.5752,12
"TCGA_BRCA","MammaPrint",15,767,0.5773,11
"TCGA_BRCA","MammaPrint",15,768,0.562,12
"TCGA_BRCA","MammaPrint",15,769,0.5867,10
"TCGA_BRCA","MammaPrint",15,770,0.5593,12
"TCGA_BRCA","MammaPrint",15,771,0.5737,12
"TCGA_BRCA","MammaPrint",15,772,0.576,5
"TCGA_BRCA","MammaPrint",15,773,0.5663,12
"TCGA_BRCA","MammaPrint",15,774,0.559,7
"TCGA_BRCA","MammaPrint",15,775,0.5787,12
"TCGA_BRCA","MammaPrint",15,776,0.5811,5
"TCGA_BRCA","MammaPrint",15,777,0.575,12
"TCGA_BRCA","MammaPrint",15,778,0.6006,8
"TCGA_BRCA","MammaPrint",15,779,0.5806,12
"TCGA_BRCA","MammaPrint",15,780,0.606,6
"TCGA_BRCA","MammaPrint",15,781,0.5784,12
"TCGA_BRCA","MammaPrint",15,782,0.5798,6
"TCGA_BRCA","MammaPrint",15,783,0.5692,8
"TCGA_BRCA","MammaPrint",15,784,0.5739,12
"TCGA_BRCA","MammaPrint",15,785,0.5791,12
"TCGA_BRCA","MammaPrint",15,786,0.5991,7
"TCGA_BRCA","MammaPrint",15,787,0.5906,10
"TCGA_BRCA","MammaPrint",15,788,0.5613,12
"TCGA_BRCA","MammaPrint",15,789,0.5691,8
"TCGA_BRCA","MammaPrint",15,790,0.5802,12
"TCGA_BRCA","MammaPrint",15,791,0.5832,12
"TCGA_BRCA","MammaPrint",15,792,0.5712,5
"TCGA_BRCA","MammaPrint",15,793,0.5704,8
"TCGA_BRCA","MammaPrint",15,794,0.5832,11
"TCGA_BRCA","MammaPrint",15,795,0.5695,11
"TCGA_BRCA","MammaPrint",15,796,0.5887,8
"TCGA_BRCA","MammaPrint",15,797,0.5954,8
"TCGA_BRCA","MammaPrint",15,798,0.5813,7
"TCGA_BRCA","MammaPrint",15,799,0.5742,12
"TCGA_BRCA","MammaPrint",15,800,0.5595,12
"TCGA_BRCA","MammaPrint",15,801,0.5904,9
"TCGA_BRCA","MammaPrint",15,802,0.5802,11
"TCGA_BRCA","MammaPrint",15,803,0.5958,4
"TCGA_BRCA","MammaPrint",15,804,0.5803,6
"TCGA_BRCA","MammaPrint",15,805,0.5839,12
"TCGA_BRCA","MammaPrint",15,806,0.5937,6
"TCGA_BRCA","MammaPrint",15,807,0.579,9
"TCGA_BRCA","MammaPrint",15,808,0.5674,9
"TCGA_BRCA","MammaPrint",15,809,0.5773,7
"TCGA_BRCA","MammaPrint",15,810,0.5929,7
"TCGA_BRCA","MammaPrint",15,811,0.5788,9
"TCGA_BRCA","MammaPrint",15,812,0.5712,8
"TCGA_BRCA","MammaPrint",15,813,0.576,8
"TCGA_BRCA","MammaPrint",15,814,0.568,9
"TCGA_BRCA","MammaPrint",15,815,0.5909,12
"TCGA_BRCA","MammaPrint",15,816,0.5886,4
"TCGA_BRCA","MammaPrint",15,817,0.6013,8
"TCGA_BRCA","MammaPrint",15,818,0.5798,9
"TCGA_BRCA","MammaPrint",15,819,0.557,6
"TCGA_BRCA","MammaPrint",15,820,0.5807,11
"TCGA_BRCA","MammaPrint",15,821,0.5771,12
"TCGA_BRCA","MammaPrint",15,822,0.5652,6
"TCGA_BRCA","MammaPrint",15,823,0.5776,12
"TCGA_BRCA","MammaPrint",15,824,0.5664,5
"TCGA_BRCA","MammaPrint",15,825,0.5663,12
"TCGA_BRCA","MammaPrint",15,826,0.5911,7
"TCGA_BRCA","MammaPrint",15,827,0.5604,12
"TCGA_BRCA","MammaPrint",15,828,0.5577,12
"TCGA_BRCA","MammaPrint",15,829,0.5868,6
"TCGA_BRCA","MammaPrint",15,830,0.5774,6
"TCGA_BRCA","MammaPrint",15,831,0.6022,6
"TCGA_BRCA","MammaPrint",15,832,0.5695,12
"TCGA_BRCA","MammaPrint",15,833,0.5726,8
"TCGA_BRCA","MammaPrint",15,834,0.5794,12
"TCGA_BRCA","MammaPrint",15,835,0.5807,10
"TCGA_BRCA","MammaPrint",15,836,0.5957,9
"TCGA_BRCA","MammaPrint",15,837,0.5834,6
"TCGA_BRCA","MammaPrint",15,838,0.5897,11
"TCGA_BRCA","MammaPrint",15,839,0.5799,12
"TCGA_BRCA","MammaPrint",15,840,0.5891,3
"TCGA_BRCA","MammaPrint",15,841,0.5664,12
"TCGA_BRCA","MammaPrint",15,842,0.5803,12
"TCGA_BRCA","MammaPrint",15,843,0.5873,12
"TCGA_BRCA","MammaPrint",15,844,0.5694,12
"TCGA_BRCA","MammaPrint",15,845,0.5834,12
"TCGA_BRCA","MammaPrint",15,846,0.5715,9
"TCGA_BRCA","MammaPrint",15,847,0.5708,8
"TCGA_BRCA","MammaPrint",15,848,0.5612,12
"TCGA_BRCA","MammaPrint",15,849,0.5739,8
"TCGA_BRCA","MammaPrint",15,850,0.5577,9
"TCGA_BRCA","MammaPrint",15,851,0.5795,9
"TCGA_BRCA","MammaPrint",15,852,0.5869,7
"TCGA_BRCA","MammaPrint",15,853,0.5748,7
"TCGA_BRCA","MammaPrint",15,854,0.5753,12
"TCGA_BRCA","MammaPrint",15,855,0.5896,12
"TCGA_BRCA","MammaPrint",15,856,0.5872,6
"TCGA_BRCA","MammaPrint",15,857,0.5831,12
"TCGA_BRCA","MammaPrint",15,858,0.5713,12
"TCGA_BRCA","MammaPrint",15,859,0.5688,12
"TCGA_BRCA","MammaPrint",15,860,0.5695,9
"TCGA_BRCA","MammaPrint",15,861,0.5726,10
"TCGA_BRCA","MammaPrint",15,862,0.5862,7
"TCGA_BRCA","MammaPrint",15,863,0.5985,7
"TCGA_BRCA","MammaPrint",15,864,0.5697,7
"TCGA_BRCA","MammaPrint",15,865,0.5853,8
"TCGA_BRCA","MammaPrint",15,866,0.5699,6
"TCGA_BRCA","MammaPrint",15,867,0.5896,4
"TCGA_BRCA","MammaPrint",15,868,0.5482,12
"TCGA_BRCA","MammaPrint",15,869,0.5552,12
"TCGA_BRCA","MammaPrint",15,870,0.5726,6
"TCGA_BRCA","MammaPrint",15,871,0.579,10
"TCGA_BRCA","MammaPrint",15,872,0.5678,9
"TCGA_BRCA","MammaPrint",15,873,0.5633,12
"TCGA_BRCA","MammaPrint",15,874,0.6004,8
"TCGA_BRCA","MammaPrint",15,875,0.5783,10
"TCGA_BRCA","MammaPrint",15,876,0.5614,7
"TCGA_BRCA","MammaPrint",15,877,0.5682,9
"TCGA_BRCA","MammaPrint",15,878,0.5767,9
"TCGA_BRCA","MammaPrint",15,879,0.5754,6
"TCGA_BRCA","MammaPrint",15,880,0.5867,5
"TCGA_BRCA","MammaPrint",15,881,0.5763,6
"TCGA_BRCA","MammaPrint",15,882,0.5765,9
"TCGA_BRCA","MammaPrint",15,883,0.5837,9
"TCGA_BRCA","MammaPrint",15,884,0.5884,7
"TCGA_BRCA","MammaPrint",15,885,0.5777,11
"TCGA_BRCA","MammaPrint",15,886,0.5612,8
"TCGA_BRCA","MammaPrint",15,887,0.5932,8
"TCGA_BRCA","MammaPrint",15,888,0.5574,12
"TCGA_BRCA","MammaPrint",15,889,0.5851,12
"TCGA_BRCA","MammaPrint",15,890,0.5558,12
"TCGA_BRCA","MammaPrint",15,891,0.581,11
"TCGA_BRCA","MammaPrint",15,892,0.5699,12
"TCGA_BRCA","MammaPrint",15,893,0.5855,12
"TCGA_BRCA","MammaPrint",15,894,0.5686,12
"TCGA_BRCA","MammaPrint",15,895,0.5734,9
"TCGA_BRCA","MammaPrint",15,896,0.5864,12
"TCGA_BRCA","MammaPrint",15,897,0.5714,12
"TCGA_BRCA","MammaPrint",15,898,0.5725,7
"TCGA_BRCA","MammaPrint",15,899,0.5715,5
"TCGA_BRCA","MammaPrint",15,900,0.5713,9
"TCGA_BRCA","MammaPrint",15,901,0.5769,8
"TCGA_BRCA","MammaPrint",15,902,0.5893,12
"TCGA_BRCA","MammaPrint",15,903,0.584,12
"TCGA_BRCA","MammaPrint",15,904,0.5896,8
"TCGA_BRCA","MammaPrint",15,905,0.5903,8
"TCGA_BRCA","MammaPrint",15,906,0.55,12
"TCGA_BRCA","MammaPrint",15,907,0.5876,5
"TCGA_BRCA","MammaPrint",15,908,0.5841,12
"TCGA_BRCA","MammaPrint",15,909,0.5785,9
"TCGA_BRCA","MammaPrint",15,910,0.5947,12
"TCGA_BRCA","MammaPrint",15,911,0.5801,7
"TCGA_BRCA","MammaPrint",15,912,0.5846,12
"TCGA_BRCA","MammaPrint",15,913,0.5896,6
"TCGA_BRCA","MammaPrint",15,914,0.5979,10
"TCGA_BRCA","MammaPrint",15,915,0.5927,8
"TCGA_BRCA","MammaPrint",15,916,0.5782,12
"TCGA_BRCA","MammaPrint",15,917,0.5904,12
"TCGA_BRCA","MammaPrint",15,918,0.5656,11
"TCGA_BRCA","MammaPrint",15,919,0.5764,6
"TCGA_BRCA","MammaPrint",15,920,0.5741,8
"TCGA_BRCA","MammaPrint",15,921,0.5932,12
"TCGA_BRCA","MammaPrint",15,922,0.5555,8
"TCGA_BRCA","MammaPrint",15,923,0.5763,10
"TCGA_BRCA","MammaPrint",15,924,0.5663,11
"TCGA_BRCA","MammaPrint",15,925,0.5922,8
"TCGA_BRCA","MammaPrint",15,926,0.579,9
"TCGA_BRCA","MammaPrint",15,927,0.5956,6
"TCGA_BRCA","MammaPrint",15,928,0.5789,9
"TCGA_BRCA","MammaPrint",15,929,0.5786,12
"TCGA_BRCA","MammaPrint",15,930,0.5655,12
"TCGA_BRCA","MammaPrint",15,931,0.5671,12
"TCGA_BRCA","MammaPrint",15,932,0.5505,11
"TCGA_BRCA","MammaPrint",15,933,0.5625,6
"TCGA_BRCA","MammaPrint",15,934,0.5924,12
"TCGA_BRCA","MammaPrint",15,935,0.5949,7
"TCGA_BRCA","MammaPrint",15,936,0.5776,7
"TCGA_BRCA","MammaPrint",15,937,0.5595,7
"TCGA_BRCA","MammaPrint",15,938,0.5613,8
"TCGA_BRCA","MammaPrint",15,939,0.5654,10
"TCGA_BRCA","MammaPrint",15,940,0.5658,11
"TCGA_BRCA","MammaPrint",15,941,0.5776,7
"TCGA_BRCA","MammaPrint",15,942,0.57,10
"TCGA_BRCA","MammaPrint",15,943,0.5747,9
"TCGA_BRCA","MammaPrint",15,944,0.5657,6
"TCGA_BRCA","MammaPrint",15,945,0.585,12
"TCGA_BRCA","MammaPrint",15,946,0.5786,12
"TCGA_BRCA","MammaPrint",15,947,0.5833,5
"TCGA_BRCA","MammaPrint",15,948,0.5844,12
"TCGA_BRCA","MammaPrint",15,949,0.5863,12
"TCGA_BRCA","MammaPrint",15,950,0.5733,12
"TCGA_BRCA","MammaPrint",15,951,0.5635,12
"TCGA_BRCA","MammaPrint",15,952,0.5844,8
"TCGA_BRCA","MammaPrint",15,953,0.5775,10
"TCGA_BRCA","MammaPrint",15,954,0.5847,8
"TCGA_BRCA","MammaPrint",15,955,0.595,6
"TCGA_BRCA","MammaPrint",15,956,0.566,9
"TCGA_BRCA","MammaPrint",15,957,0.5883,7
"TCGA_BRCA","MammaPrint",15,958,0.5731,12
"TCGA_BRCA","MammaPrint",15,959,0.5774,12
"TCGA_BRCA","MammaPrint",15,960,0.5703,10
"TCGA_BRCA","MammaPrint",15,961,0.5915,6
"TCGA_BRCA","MammaPrint",15,962,0.5742,11
"TCGA_BRCA","MammaPrint",15,963,0.5687,12
"TCGA_BRCA","MammaPrint",15,964,0.5837,7
"TCGA_BRCA","MammaPrint",15,965,0.5583,10
"TCGA_BRCA","MammaPrint",15,966,0.5786,12
"TCGA_BRCA","MammaPrint",15,967,0.5719,12
"TCGA_BRCA","MammaPrint",15,968,0.5606,12
"TCGA_BRCA","MammaPrint",15,969,0.5714,6
"TCGA_BRCA","MammaPrint",15,970,0.591,7
"TCGA_BRCA","MammaPrint",15,971,0.5794,4
"TCGA_BRCA","MammaPrint",15,972,0.5577,12
"TCGA_BRCA","MammaPrint",15,973,0.5875,11
"TCGA_BRCA","MammaPrint",15,974,0.5648,8
"TCGA_BRCA","MammaPrint",15,975,0.5729,7
"TCGA_BRCA","MammaPrint",15,976,0.5824,8
"TCGA_BRCA","MammaPrint",15,977,0.5669,12
"TCGA_BRCA","MammaPrint",15,978,0.5623,9
"TCGA_BRCA","MammaPrint",15,979,0.5733,11
"TCGA_BRCA","MammaPrint",15,980,0.572,11
"TCGA_BRCA","MammaPrint",15,981,0.5854,8
"TCGA_BRCA","MammaPrint",15,982,0.5654,8
"TCGA_BRCA","MammaPrint",15,983,0.584,12
"TCGA_BRCA","MammaPrint",15,984,0.58,7
"TCGA_BRCA","MammaPrint",15,985,0.5748,6
"TCGA_BRCA","MammaPrint",15,986,0.5696,8
"TCGA_BRCA","MammaPrint",15,987,0.5769,12
"TCGA_BRCA","MammaPrint",15,988,0.5692,12
"TCGA_BRCA","MammaPrint",15,989,0.5867,10
"TCGA_BRCA","MammaPrint",15,990,0.5795,8
"TCGA_BRCA","MammaPrint",15,991,0.5994,8
"TCGA_BRCA","MammaPrint",15,992,0.5918,12
"TCGA_BRCA","MammaPrint",15,993,0.5882,6
"TCGA_BRCA","MammaPrint",15,994,0.5688,5
"TCGA_BRCA","MammaPrint",15,995,0.5797,12
"TCGA_BRCA","MammaPrint",15,996,0.5786,6
"TCGA_BRCA","MammaPrint",15,997,0.5747,7
"TCGA_BRCA","MammaPrint",15,998,0.5723,12
"TCGA_BRCA","MammaPrint",15,999,0.5896,7
"TCGA_BRCA","MammaPrint",15,1000,0.6014,10
"TCGA_BRCA","CorePAM",15,1,0.6036,10
"TCGA_BRCA","CorePAM",15,2,0.6023,5
"TCGA_BRCA","CorePAM",15,3,0.5896,5
"TCGA_BRCA","CorePAM",15,4,0.5887,0
"TCGA_BRCA","CorePAM",15,5,0.6082,1
"TCGA_BRCA","CorePAM",15,6,0.5962,5
"TCGA_BRCA","CorePAM",15,7,0.6094,6
"TCGA_BRCA","CorePAM",15,8,0.5928,6
"TCGA_BRCA","CorePAM",15,9,0.6032,1
"TCGA_BRCA","CorePAM",15,10,0.5929,4
"TCGA_BRCA","CorePAM",15,11,0.5897,2
"TCGA_BRCA","CorePAM",15,12,0.615,1
"TCGA_BRCA","CorePAM",15,13,0.5755,8
"TCGA_BRCA","CorePAM",15,14,0.6084,5
"TCGA_BRCA","CorePAM",15,15,0.5476,11
"TCGA_BRCA","CorePAM",15,16,0.6205,4
"TCGA_BRCA","CorePAM",15,17,0.6013,9
"TCGA_BRCA","CorePAM",15,18,0.6274,0
"TCGA_BRCA","CorePAM",15,19,0.6148,1
"TCGA_BRCA","CorePAM",15,20,0.6021,3
"TCGA_BRCA","CorePAM",15,21,0.5992,0
"TCGA_BRCA","CorePAM",15,22,0.6052,0
"TCGA_BRCA","CorePAM",15,23,0.6086,1
"TCGA_BRCA","CorePAM",15,24,0.6043,4
"TCGA_BRCA","CorePAM",15,25,0.5897,5
"TCGA_BRCA","CorePAM",15,26,0.6023,6
"TCGA_BRCA","CorePAM",15,27,0.5985,2
"TCGA_BRCA","CorePAM",15,28,0.58,4
"TCGA_BRCA","CorePAM",15,29,0.5951,4
"TCGA_BRCA","CorePAM",15,30,0.5961,1
"TCGA_BRCA","CorePAM",15,31,0.5973,8
"TCGA_BRCA","CorePAM",15,32,0.569,2
"TCGA_BRCA","CorePAM",15,33,0.6071,6
"TCGA_BRCA","CorePAM",15,34,0.6026,3
"TCGA_BRCA","CorePAM",15,35,0.5723,12
"TCGA_BRCA","CorePAM",15,36,0.5882,1
"TCGA_BRCA","CorePAM",15,37,0.5984,1
"TCGA_BRCA","CorePAM",15,38,0.6015,7
"TCGA_BRCA","CorePAM",15,39,0.5966,6
"TCGA_BRCA","CorePAM",15,40,0.5809,9
"TCGA_BRCA","CorePAM",15,41,0.6027,8
"TCGA_BRCA","CorePAM",15,42,0.6045,2
"TCGA_BRCA","CorePAM",15,43,0.6033,1
"TCGA_BRCA","CorePAM",15,44,0.5942,8
"TCGA_BRCA","CorePAM",15,45,0.5893,0
"TCGA_BRCA","CorePAM",15,46,0.6113,4
"TCGA_BRCA","CorePAM",15,47,0.6053,10
"TCGA_BRCA","CorePAM",15,48,0.606,0
"TCGA_BRCA","CorePAM",15,49,0.6073,1
"TCGA_BRCA","CorePAM",15,50,0.5536,6
"TCGA_BRCA","CorePAM",15,51,0.6239,0
"TCGA_BRCA","CorePAM",15,52,0.6053,1
"TCGA_BRCA","CorePAM",15,53,0.6047,5
"TCGA_BRCA","CorePAM",15,54,0.6079,0
"TCGA_BRCA","CorePAM",15,55,0.6073,0
"TCGA_BRCA","CorePAM",15,56,0.6073,1
"TCGA_BRCA","CorePAM",15,57,0.6038,0
"TCGA_BRCA","CorePAM",15,58,0.592,0
"TCGA_BRCA","CorePAM",15,59,0.6067,5
"TCGA_BRCA","CorePAM",15,60,0.6011,0
"TCGA_BRCA","CorePAM",15,61,0.6047,1
"TCGA_BRCA","CorePAM",15,62,0.6047,1
"TCGA_BRCA","CorePAM",15,63,0.5964,10
"TCGA_BRCA","CorePAM",15,64,0.6007,1
"TCGA_BRCA","CorePAM",15,65,0.6108,5
"TCGA_BRCA","CorePAM",15,66,0.6011,0
"TCGA_BRCA","CorePAM",15,67,0.6076,0
"TCGA_BRCA","CorePAM",15,68,0.6018,8
"TCGA_BRCA","CorePAM",15,69,0.5774,12
"TCGA_BRCA","CorePAM",15,70,0.5889,12
"TCGA_BRCA","CorePAM",15,71,0.6036,3
"TCGA_BRCA","CorePAM",15,72,0.6034,8
"TCGA_BRCA","CorePAM",15,73,0.5982,0
"TCGA_BRCA","CorePAM",15,74,0.6159,2
"TCGA_BRCA","CorePAM",15,75,0.5991,5
"TCGA_BRCA","CorePAM",15,76,0.6086,4
"TCGA_BRCA","CorePAM",15,77,0.5948,0
"TCGA_BRCA","CorePAM",15,78,0.6088,6
"TCGA_BRCA","CorePAM",15,79,0.5885,4
"TCGA_BRCA","CorePAM",15,80,0.5947,5
"TCGA_BRCA","CorePAM",15,81,0.5954,4
"TCGA_BRCA","CorePAM",15,82,0.5885,1
"TCGA_BRCA","CorePAM",15,83,0.6106,3
"TCGA_BRCA","CorePAM",15,84,0.6115,6
"TCGA_BRCA","CorePAM",15,85,0.5935,5
"TCGA_BRCA","CorePAM",15,86,0.6123,4
"TCGA_BRCA","CorePAM",15,87,0.5955,0
"TCGA_BRCA","CorePAM",15,88,0.6089,6
"TCGA_BRCA","CorePAM",15,89,0.6018,3
"TCGA_BRCA","CorePAM",15,90,0.575,10
"TCGA_BRCA","CorePAM",15,91,0.5736,0
"TCGA_BRCA","CorePAM",15,92,0.6066,5
"TCGA_BRCA","CorePAM",15,93,0.6071,0
"TCGA_BRCA","CorePAM",15,94,0.6072,0
"TCGA_BRCA","CorePAM",15,95,0.5904,10
"TCGA_BRCA","CorePAM",15,96,0.6022,0
"TCGA_BRCA","CorePAM",15,97,0.6093,4
"TCGA_BRCA","CorePAM",15,98,0.5685,0
"TCGA_BRCA","CorePAM",15,99,0.5979,9
"TCGA_BRCA","CorePAM",15,100,0.6139,6
"TCGA_BRCA","CorePAM",15,101,0.6011,5
"TCGA_BRCA","CorePAM",15,102,0.5993,2
"TCGA_BRCA","CorePAM",15,103,0.5743,10
"TCGA_BRCA","CorePAM",15,104,0.6017,0
"TCGA_BRCA","CorePAM",15,105,0.6096,5
"TCGA_BRCA","CorePAM",15,106,0.6117,6
"TCGA_BRCA","CorePAM",15,107,0.6201,7
"TCGA_BRCA","CorePAM",15,108,0.5947,0
"TCGA_BRCA","CorePAM",15,109,0.6012,1
"TCGA_BRCA","CorePAM",15,110,0.6168,4
"TCGA_BRCA","CorePAM",15,111,0.6065,4
"TCGA_BRCA","CorePAM",15,112,0.6175,1
"TCGA_BRCA","CorePAM",15,113,0.5863,0
"TCGA_BRCA","CorePAM",15,114,0.628,0
"TCGA_BRCA","CorePAM",15,115,0.5838,0
"TCGA_BRCA","CorePAM",15,116,0.5714,1
"TCGA_BRCA","CorePAM",15,117,0.6006,5
"TCGA_BRCA","CorePAM",15,118,0.6032,3
"TCGA_BRCA","CorePAM",15,119,0.6069,5
"TCGA_BRCA","CorePAM",15,120,0.5827,0
"TCGA_BRCA","CorePAM",15,121,0.5997,1
"TCGA_BRCA","CorePAM",15,122,0.6056,6
"TCGA_BRCA","CorePAM",15,123,0.5541,12
"TCGA_BRCA","CorePAM",15,124,0.6112,0
"TCGA_BRCA","CorePAM",15,125,0.5959,1
"TCGA_BRCA","CorePAM",15,126,0.6033,8
"TCGA_BRCA","CorePAM",15,127,0.591,0
"TCGA_BRCA","CorePAM",15,128,0.5886,0
"TCGA_BRCA","CorePAM",15,129,0.6087,4
"TCGA_BRCA","CorePAM",15,130,0.6094,2
"TCGA_BRCA","CorePAM",15,131,0.6087,4
"TCGA_BRCA","CorePAM",15,132,0.5966,1
"TCGA_BRCA","CorePAM",15,133,0.5966,3
"TCGA_BRCA","CorePAM",15,134,0.6161,1
"TCGA_BRCA","CorePAM",15,135,0.6155,6
"TCGA_BRCA","CorePAM",15,136,0.6071,5
"TCGA_BRCA","CorePAM",15,137,0.6044,10
"TCGA_BRCA","CorePAM",15,138,0.606,2
"TCGA_BRCA","CorePAM",15,139,0.5844,0
"TCGA_BRCA","CorePAM",15,140,0.6161,0
"TCGA_BRCA","CorePAM",15,141,0.6001,5
"TCGA_BRCA","CorePAM",15,142,0.5764,10
"TCGA_BRCA","CorePAM",15,143,0.5981,3
"TCGA_BRCA","CorePAM",15,144,0.6069,1
"TCGA_BRCA","CorePAM",15,145,0.6098,6
"TCGA_BRCA","CorePAM",15,146,0.5665,8
"TCGA_BRCA","CorePAM",15,147,0.6044,0
"TCGA_BRCA","CorePAM",15,148,0.5918,9
"TCGA_BRCA","CorePAM",15,149,0.5818,0
"TCGA_BRCA","CorePAM",15,150,0.6017,5
"TCGA_BRCA","CorePAM",15,151,0.6056,6
"TCGA_BRCA","CorePAM",15,152,0.5653,10
"TCGA_BRCA","CorePAM",15,153,0.5968,8
"TCGA_BRCA","CorePAM",15,154,0.5797,0
"TCGA_BRCA","CorePAM",15,155,0.5842,12
"TCGA_BRCA","CorePAM",15,156,0.5901,5
"TCGA_BRCA","CorePAM",15,157,0.5951,6
"TCGA_BRCA","CorePAM",15,158,0.6119,0
"TCGA_BRCA","CorePAM",15,159,0.6045,0
"TCGA_BRCA","CorePAM",15,160,0.6049,4
"TCGA_BRCA","CorePAM",15,161,0.6043,1
"TCGA_BRCA","CorePAM",15,162,0.6063,1
"TCGA_BRCA","CorePAM",15,163,0.5897,0
"TCGA_BRCA","CorePAM",15,164,0.615,1
"TCGA_BRCA","CorePAM",15,165,0.6025,3
"TCGA_BRCA","CorePAM",15,166,0.6033,4
"TCGA_BRCA","CorePAM",15,167,0.6159,5
"TCGA_BRCA","CorePAM",15,168,0.609,6
"TCGA_BRCA","CorePAM",15,169,0.6027,2
"TCGA_BRCA","CorePAM",15,170,0.5891,0
"TCGA_BRCA","CorePAM",15,171,0.6101,5
"TCGA_BRCA","CorePAM",15,172,0.6018,3
"TCGA_BRCA","CorePAM",15,173,0.606,5
"TCGA_BRCA","CorePAM",15,174,0.5885,2
"TCGA_BRCA","CorePAM",15,175,0.6013,0
"TCGA_BRCA","CorePAM",15,176,0.6205,2
"TCGA_BRCA","CorePAM",15,177,0.5957,4
"TCGA_BRCA","CorePAM",15,178,0.6154,0
"TCGA_BRCA","CorePAM",15,179,0.5849,9
"TCGA_BRCA","CorePAM",15,180,0.586,5
"TCGA_BRCA","CorePAM",15,181,0.5968,0
"TCGA_BRCA","CorePAM",15,182,0.5941,3
"TCGA_BRCA","CorePAM",15,183,0.6113,5
"TCGA_BRCA","CorePAM",15,184,0.6097,3
"TCGA_BRCA","CorePAM",15,185,0.6013,6
"TCGA_BRCA","CorePAM",15,186,0.5899,6
"TCGA_BRCA","CorePAM",15,187,0.5894,0
"TCGA_BRCA","CorePAM",15,188,0.5943,1
"TCGA_BRCA","CorePAM",15,189,0.6,1
"TCGA_BRCA","CorePAM",15,190,0.6072,4
"TCGA_BRCA","CorePAM",15,191,0.6128,4
"TCGA_BRCA","CorePAM",15,192,0.6142,3
"TCGA_BRCA","CorePAM",15,193,0.6073,2
"TCGA_BRCA","CorePAM",15,194,0.5974,9
"TCGA_BRCA","CorePAM",15,195,0.6083,6
"TCGA_BRCA","CorePAM",15,196,0.612,1
"TCGA_BRCA","CorePAM",15,197,0.5964,10
"TCGA_BRCA","CorePAM",15,198,0.592,0
"TCGA_BRCA","CorePAM",15,199,0.6085,5
"TCGA_BRCA","CorePAM",15,200,0.5587,6
"TCGA_BRCA","CorePAM",15,201,0.5778,1
"TCGA_BRCA","CorePAM",15,202,0.6114,11
"TCGA_BRCA","CorePAM",15,203,0.6089,2
"TCGA_BRCA","CorePAM",15,204,0.565,12
"TCGA_BRCA","CorePAM",15,205,0.5777,0
"TCGA_BRCA","CorePAM",15,206,0.6136,4
"TCGA_BRCA","CorePAM",15,207,0.5815,0
"TCGA_BRCA","CorePAM",15,208,0.5931,2
"TCGA_BRCA","CorePAM",15,209,0.6012,5
"TCGA_BRCA","CorePAM",15,210,0.603,10
"TCGA_BRCA","CorePAM",15,211,0.6013,1
"TCGA_BRCA","CorePAM",15,212,0.5764,8
"TCGA_BRCA","CorePAM",15,213,0.5749,1
"TCGA_BRCA","CorePAM",15,214,0.6104,2
"TCGA_BRCA","CorePAM",15,215,0.5934,1
"TCGA_BRCA","CorePAM",15,216,0.6105,5
"TCGA_BRCA","CorePAM",15,217,0.5908,3
"TCGA_BRCA","CorePAM",15,218,0.6074,1
"TCGA_BRCA","CorePAM",15,219,0.5715,1
"TCGA_BRCA","CorePAM",15,220,0.5921,4
"TCGA_BRCA","CorePAM",15,221,0.6115,2
"TCGA_BRCA","CorePAM",15,222,0.5858,5
"TCGA_BRCA","CorePAM",15,223,0.6171,0
"TCGA_BRCA","CorePAM",15,224,0.6003,0
"TCGA_BRCA","CorePAM",15,225,0.6017,7
"TCGA_BRCA","CorePAM",15,226,0.596,0
"TCGA_BRCA","CorePAM",15,227,0.609,5
"TCGA_BRCA","CorePAM",15,228,0.5863,1
"TCGA_BRCA","CorePAM",15,229,0.613,11
"TCGA_BRCA","CorePAM",15,230,0.5896,4
"TCGA_BRCA","CorePAM",15,231,0.5989,3
"TCGA_BRCA","CorePAM",15,232,0.604,3
"TCGA_BRCA","CorePAM",15,233,0.5864,0
"TCGA_BRCA","CorePAM",15,234,0.6164,1
"TCGA_BRCA","CorePAM",15,235,0.6026,0
"TCGA_BRCA","CorePAM",15,236,0.6064,4
"TCGA_BRCA","CorePAM",15,237,0.6108,2
"TCGA_BRCA","CorePAM",15,238,0.6008,0
"TCGA_BRCA","CorePAM",15,239,0.6055,3
"TCGA_BRCA","CorePAM",15,240,0.5884,1
"TCGA_BRCA","CorePAM",15,241,0.6028,9
"TCGA_BRCA","CorePAM",15,242,0.5978,0
"TCGA_BRCA","CorePAM",15,243,0.6063,1
"TCGA_BRCA","CorePAM",15,244,0.609,4
"TCGA_BRCA","CorePAM",15,245,0.5982,3
"TCGA_BRCA","CorePAM",15,246,0.5988,4
"TCGA_BRCA","CorePAM",15,247,0.5954,10
"TCGA_BRCA","CorePAM",15,248,0.6033,1
"TCGA_BRCA","CorePAM",15,249,0.6014,0
"TCGA_BRCA","CorePAM",15,250,0.5876,0
"TCGA_BRCA","CorePAM",15,251,0.5986,2
"TCGA_BRCA","CorePAM",15,252,0.5804,4
"TCGA_BRCA","CorePAM",15,253,0.5993,3
"TCGA_BRCA","CorePAM",15,254,0.5942,5
"TCGA_BRCA","CorePAM",15,255,0.5944,6
"TCGA_BRCA","CorePAM",15,256,0.5969,0
"TCGA_BRCA","CorePAM",15,257,0.5731,7
"TCGA_BRCA","CorePAM",15,258,0.6114,1
"TCGA_BRCA","CorePAM",15,259,0.6103,1
"TCGA_BRCA","CorePAM",15,260,0.5948,2
"TCGA_BRCA","CorePAM",15,261,0.6072,2
"TCGA_BRCA","CorePAM",15,262,0.6142,9
"TCGA_BRCA","CorePAM",15,263,0.587,0
"TCGA_BRCA","CorePAM",15,264,0.5825,0
"TCGA_BRCA","CorePAM",15,265,0.6071,4
"TCGA_BRCA","CorePAM",15,266,0.6079,10
"TCGA_BRCA","CorePAM",15,267,0.6034,5
"TCGA_BRCA","CorePAM",15,268,0.6178,1
"TCGA_BRCA","CorePAM",15,269,0.606,0
"TCGA_BRCA","CorePAM",15,270,0.6072,4
"TCGA_BRCA","CorePAM",15,271,0.593,0
"TCGA_BRCA","CorePAM",15,272,0.5977,9
"TCGA_BRCA","CorePAM",15,273,0.5978,5
"TCGA_BRCA","CorePAM",15,274,0.6096,1
"TCGA_BRCA","CorePAM",15,275,0.5975,4
"TCGA_BRCA","CorePAM",15,276,0.6049,4
"TCGA_BRCA","CorePAM",15,277,0.6155,4
"TCGA_BRCA","CorePAM",15,278,0.5908,1
"TCGA_BRCA","CorePAM",15,279,0.5982,10
"TCGA_BRCA","CorePAM",15,280,0.6048,0
"TCGA_BRCA","CorePAM",15,281,0.6112,5
"TCGA_BRCA","CorePAM",15,282,0.6069,0
"TCGA_BRCA","CorePAM",15,283,0.6061,6
"TCGA_BRCA","CorePAM",15,284,0.6084,1
"TCGA_BRCA","CorePAM",15,285,0.6064,0
"TCGA_BRCA","CorePAM",15,286,0.6133,2
"TCGA_BRCA","CorePAM",15,287,0.6084,3
"TCGA_BRCA","CorePAM",15,288,0.6068,1
"TCGA_BRCA","CorePAM",15,289,0.5984,1
"TCGA_BRCA","CorePAM",15,290,0.6157,3
"TCGA_BRCA","CorePAM",15,291,0.6003,9
"TCGA_BRCA","CorePAM",15,292,0.5798,9
"TCGA_BRCA","CorePAM",15,293,0.6251,1
"TCGA_BRCA","CorePAM",15,294,0.6067,0
"TCGA_BRCA","CorePAM",15,295,0.6106,1
"TCGA_BRCA","CorePAM",15,296,0.608,10
"TCGA_BRCA","CorePAM",15,297,0.5883,6
"TCGA_BRCA","CorePAM",15,298,0.5794,9
"TCGA_BRCA","CorePAM",15,299,0.568,2
"TCGA_BRCA","CorePAM",15,300,0.6053,7
"TCGA_BRCA","CorePAM",15,301,0.6048,0
"TCGA_BRCA","CorePAM",15,302,0.5853,0
"TCGA_BRCA","CorePAM",15,303,0.6039,5
"TCGA_BRCA","CorePAM",15,304,0.5922,0
"TCGA_BRCA","CorePAM",15,305,0.6037,1
"TCGA_BRCA","CorePAM",15,306,0.6013,4
"TCGA_BRCA","CorePAM",15,307,0.595,8
"TCGA_BRCA","CorePAM",15,308,0.6217,7
"TCGA_BRCA","CorePAM",15,309,0.611,1
"TCGA_BRCA","CorePAM",15,310,0.5753,2
"TCGA_BRCA","CorePAM",15,311,0.5997,0
"TCGA_BRCA","CorePAM",15,312,0.6015,12
"TCGA_BRCA","CorePAM",15,313,0.5963,1
"TCGA_BRCA","CorePAM",15,314,0.6014,1
"TCGA_BRCA","CorePAM",15,315,0.5983,4
"TCGA_BRCA","CorePAM",15,316,0.6087,0
"TCGA_BRCA","CorePAM",15,317,0.6067,0
"TCGA_BRCA","CorePAM",15,318,0.6162,0
"TCGA_BRCA","CorePAM",15,319,0.5981,0
"TCGA_BRCA","CorePAM",15,320,0.5886,9
"TCGA_BRCA","CorePAM",15,321,0.6156,4
"TCGA_BRCA","CorePAM",15,322,0.6059,1
"TCGA_BRCA","CorePAM",15,323,0.6123,1
"TCGA_BRCA","CorePAM",15,324,0.607,5
"TCGA_BRCA","CorePAM",15,325,0.5722,1
"TCGA_BRCA","CorePAM",15,326,0.5973,0
"TCGA_BRCA","CorePAM",15,327,0.5965,1
"TCGA_BRCA","CorePAM",15,328,0.5983,0
"TCGA_BRCA","CorePAM",15,329,0.6017,0
"TCGA_BRCA","CorePAM",15,330,0.5875,0
"TCGA_BRCA","CorePAM",15,331,0.5992,0
"TCGA_BRCA","CorePAM",15,332,0.6137,6
"TCGA_BRCA","CorePAM",15,333,0.5849,12
"TCGA_BRCA","CorePAM",15,334,0.6121,1
"TCGA_BRCA","CorePAM",15,335,0.5858,12
"TCGA_BRCA","CorePAM",15,336,0.6015,0
"TCGA_BRCA","CorePAM",15,337,0.6067,5
"TCGA_BRCA","CorePAM",15,338,0.5973,10
"TCGA_BRCA","CorePAM",15,339,0.5955,0
"TCGA_BRCA","CorePAM",15,340,0.6039,1
"TCGA_BRCA","CorePAM",15,341,0.6024,3
"TCGA_BRCA","CorePAM",15,342,0.6127,5
"TCGA_BRCA","CorePAM",15,343,0.6001,7
"TCGA_BRCA","CorePAM",15,344,0.6171,1
"TCGA_BRCA","CorePAM",15,345,0.6052,2
"TCGA_BRCA","CorePAM",15,346,0.6165,0
"TCGA_BRCA","CorePAM",15,347,0.6075,3
"TCGA_BRCA","CorePAM",15,348,0.5971,0
"TCGA_BRCA","CorePAM",15,349,0.6129,0
"TCGA_BRCA","CorePAM",15,350,0.6031,3
"TCGA_BRCA","CorePAM",15,351,0.6017,0
"TCGA_BRCA","CorePAM",15,352,0.6099,6
"TCGA_BRCA","CorePAM",15,353,0.6211,1
"TCGA_BRCA","CorePAM",15,354,0.6036,5
"TCGA_BRCA","CorePAM",15,355,0.5792,12
"TCGA_BRCA","CorePAM",15,356,0.614,2
"TCGA_BRCA","CorePAM",15,357,0.5925,3
"TCGA_BRCA","CorePAM",15,358,0.6001,2
"TCGA_BRCA","CorePAM",15,359,0.5748,12
"TCGA_BRCA","CorePAM",15,360,0.5897,5
"TCGA_BRCA","CorePAM",15,361,0.5979,4
"TCGA_BRCA","CorePAM",15,362,0.5384,12
"TCGA_BRCA","CorePAM",15,363,0.6124,10
"TCGA_BRCA","CorePAM",15,364,0.6076,6
"TCGA_BRCA","CorePAM",15,365,0.5709,0
"TCGA_BRCA","CorePAM",15,366,0.5983,5
"TCGA_BRCA","CorePAM",15,367,0.5942,4
"TCGA_BRCA","CorePAM",15,368,0.5909,9
"TCGA_BRCA","CorePAM",15,369,0.6099,4
"TCGA_BRCA","CorePAM",15,370,0.6053,10
"TCGA_BRCA","CorePAM",15,371,0.5934,0
"TCGA_BRCA","CorePAM",15,372,0.6013,3
"TCGA_BRCA","CorePAM",15,373,0.5728,10
"TCGA_BRCA","CorePAM",15,374,0.609,5
"TCGA_BRCA","CorePAM",15,375,0.5838,1
"TCGA_BRCA","CorePAM",15,376,0.6069,5
"TCGA_BRCA","CorePAM",15,377,0.6153,4
"TCGA_BRCA","CorePAM",15,378,0.5987,4
"TCGA_BRCA","CorePAM",15,379,0.6011,6
"TCGA_BRCA","CorePAM",15,380,0.6133,2
"TCGA_BRCA","CorePAM",15,381,0.5808,6
"TCGA_BRCA","CorePAM",15,382,0.597,1
"TCGA_BRCA","CorePAM",15,383,0.5923,2
"TCGA_BRCA","CorePAM",15,384,0.6117,0
"TCGA_BRCA","CorePAM",15,385,0.5987,3
"TCGA_BRCA","CorePAM",15,386,0.6048,2
"TCGA_BRCA","CorePAM",15,387,0.6051,1
"TCGA_BRCA","CorePAM",15,388,0.605,1
"TCGA_BRCA","CorePAM",15,389,0.6022,0
"TCGA_BRCA","CorePAM",15,390,0.6069,5
"TCGA_BRCA","CorePAM",15,391,0.5987,5
"TCGA_BRCA","CorePAM",15,392,0.5994,1
"TCGA_BRCA","CorePAM",15,393,0.5942,0
"TCGA_BRCA","CorePAM",15,394,0.6047,3
"TCGA_BRCA","CorePAM",15,395,0.6176,1
"TCGA_BRCA","CorePAM",15,396,0.6009,0
"TCGA_BRCA","CorePAM",15,397,0.6005,1
"TCGA_BRCA","CorePAM",15,398,0.5913,5
"TCGA_BRCA","CorePAM",15,399,0.6136,2
"TCGA_BRCA","CorePAM",15,400,0.5595,12
"TCGA_BRCA","CorePAM",15,401,0.6113,2
"TCGA_BRCA","CorePAM",15,402,0.6003,6
"TCGA_BRCA","CorePAM",15,403,0.617,7
"TCGA_BRCA","CorePAM",15,404,0.5942,12
"TCGA_BRCA","CorePAM",15,405,0.5609,1
"TCGA_BRCA","CorePAM",15,406,0.6127,5
"TCGA_BRCA","CorePAM",15,407,0.5973,1
"TCGA_BRCA","CorePAM",15,408,0.6085,0
"TCGA_BRCA","CorePAM",15,409,0.6056,5
"TCGA_BRCA","CorePAM",15,410,0.5868,12
"TCGA_BRCA","CorePAM",15,411,0.6144,3
"TCGA_BRCA","CorePAM",15,412,0.5958,4
"TCGA_BRCA","CorePAM",15,413,0.5855,0
"TCGA_BRCA","CorePAM",15,414,0.6134,6
"TCGA_BRCA","CorePAM",15,415,0.5945,3
"TCGA_BRCA","CorePAM",15,416,0.6069,2
"TCGA_BRCA","CorePAM",15,417,0.5895,1
"TCGA_BRCA","CorePAM",15,418,0.6049,9
"TCGA_BRCA","CorePAM",15,419,0.6067,5
"TCGA_BRCA","CorePAM",15,420,0.5992,1
"TCGA_BRCA","CorePAM",15,421,0.5863,0
"TCGA_BRCA","CorePAM",15,422,0.6075,1
"TCGA_BRCA","CorePAM",15,423,0.5927,3
"TCGA_BRCA","CorePAM",15,424,0.5973,1
"TCGA_BRCA","CorePAM",15,425,0.5719,0
"TCGA_BRCA","CorePAM",15,426,0.5757,0
"TCGA_BRCA","CorePAM",15,427,0.617,3
"TCGA_BRCA","CorePAM",15,428,0.5805,5
"TCGA_BRCA","CorePAM",15,429,0.6084,0
"TCGA_BRCA","CorePAM",15,430,0.5712,11
"TCGA_BRCA","CorePAM",15,431,0.5472,11
"TCGA_BRCA","CorePAM",15,432,0.5986,4
"TCGA_BRCA","CorePAM",15,433,0.6056,0
"TCGA_BRCA","CorePAM",15,434,0.6156,6
"TCGA_BRCA","CorePAM",15,435,0.5897,9
"TCGA_BRCA","CorePAM",15,436,0.6115,5
"TCGA_BRCA","CorePAM",15,437,0.6013,0
"TCGA_BRCA","CorePAM",15,438,0.6059,3
"TCGA_BRCA","CorePAM",15,439,0.5964,5
"TCGA_BRCA","CorePAM",15,440,0.5758,10
"TCGA_BRCA","CorePAM",15,441,0.6105,2
"TCGA_BRCA","CorePAM",15,442,0.5853,0
"TCGA_BRCA","CorePAM",15,443,0.5885,0
"TCGA_BRCA","CorePAM",15,444,0.6144,5
"TCGA_BRCA","CorePAM",15,445,0.5992,2
"TCGA_BRCA","CorePAM",15,446,0.6188,3
"TCGA_BRCA","CorePAM",15,447,0.5305,0
"TCGA_BRCA","CorePAM",15,448,0.6007,0
"TCGA_BRCA","CorePAM",15,449,0.6061,1
"TCGA_BRCA","CorePAM",15,450,0.61,2
"TCGA_BRCA","CorePAM",15,451,0.6066,0
"TCGA_BRCA","CorePAM",15,452,0.603,5
"TCGA_BRCA","CorePAM",15,453,0.5794,9
"TCGA_BRCA","CorePAM",15,454,0.5973,5
"TCGA_BRCA","CorePAM",15,455,0.5965,1
"TCGA_BRCA","CorePAM",15,456,0.606,9
"TCGA_BRCA","CorePAM",15,457,0.5997,4
"TCGA_BRCA","CorePAM",15,458,0.6069,0
"TCGA_BRCA","CorePAM",15,459,0.6085,3
"TCGA_BRCA","CorePAM",15,460,0.611,6
"TCGA_BRCA","CorePAM",15,461,0.5699,6
"TCGA_BRCA","CorePAM",15,462,0.6098,6
"TCGA_BRCA","CorePAM",15,463,0.6146,8
"TCGA_BRCA","CorePAM",15,464,0.6104,5
"TCGA_BRCA","CorePAM",15,465,0.5819,12
"TCGA_BRCA","CorePAM",15,466,0.6093,1
"TCGA_BRCA","CorePAM",15,467,0.6121,0
"TCGA_BRCA","CorePAM",15,468,0.6132,0
"TCGA_BRCA","CorePAM",15,469,0.597,9
"TCGA_BRCA","CorePAM",15,470,0.5953,1
"TCGA_BRCA","CorePAM",15,471,0.5947,2
"TCGA_BRCA","CorePAM",15,472,0.6028,1
"TCGA_BRCA","CorePAM",15,473,0.5869,0
"TCGA_BRCA","CorePAM",15,474,0.611,0
"TCGA_BRCA","CorePAM",15,475,0.6055,5
"TCGA_BRCA","CorePAM",15,476,0.6111,5
"TCGA_BRCA","CorePAM",15,477,0.5932,1
"TCGA_BRCA","CorePAM",15,478,0.6127,3
"TCGA_BRCA","CorePAM",15,479,0.6039,5
"TCGA_BRCA","CorePAM",15,480,0.5996,9
"TCGA_BRCA","CorePAM",15,481,0.579,10
"TCGA_BRCA","CorePAM",15,482,0.6076,3
"TCGA_BRCA","CorePAM",15,483,0.5803,9
"TCGA_BRCA","CorePAM",15,484,0.6125,9
"TCGA_BRCA","CorePAM",15,485,0.6039,10
"TCGA_BRCA","CorePAM",15,486,0.571,9
"TCGA_BRCA","CorePAM",15,487,0.6011,3
"TCGA_BRCA","CorePAM",15,488,0.6169,2
"TCGA_BRCA","CorePAM",15,489,0.6022,1
"TCGA_BRCA","CorePAM",15,490,0.6178,2
"TCGA_BRCA","CorePAM",15,491,0.5822,0
"TCGA_BRCA","CorePAM",15,492,0.5928,1
"TCGA_BRCA","CorePAM",15,493,0.6017,3
"TCGA_BRCA","CorePAM",15,494,0.5859,0
"TCGA_BRCA","CorePAM",15,495,0.6178,6
"TCGA_BRCA","CorePAM",15,496,0.5767,10
"TCGA_BRCA","CorePAM",15,497,0.605,6
"TCGA_BRCA","CorePAM",15,498,0.5756,7
"TCGA_BRCA","CorePAM",15,499,0.5733,0
"TCGA_BRCA","CorePAM",15,500,0.6206,1
"TCGA_BRCA","CorePAM",15,501,0.604,0
"TCGA_BRCA","CorePAM",15,502,0.5939,2
"TCGA_BRCA","CorePAM",15,503,0.6101,6
"TCGA_BRCA","CorePAM",15,504,0.6133,6
"TCGA_BRCA","CorePAM",15,505,0.6048,1
"TCGA_BRCA","CorePAM",15,506,0.6075,6
"TCGA_BRCA","CorePAM",15,507,0.6059,2
"TCGA_BRCA","CorePAM",15,508,0.6018,0
"TCGA_BRCA","CorePAM",15,509,0.6042,1
"TCGA_BRCA","CorePAM",15,510,0.5995,6
"TCGA_BRCA","CorePAM",15,511,0.5571,1
"TCGA_BRCA","CorePAM",15,512,0.5972,0
"TCGA_BRCA","CorePAM",15,513,0.5888,0
"TCGA_BRCA","CorePAM",15,514,0.6169,7
"TCGA_BRCA","CorePAM",15,515,0.6002,4
"TCGA_BRCA","CorePAM",15,516,0.6026,0
"TCGA_BRCA","CorePAM",15,517,0.5771,12
"TCGA_BRCA","CorePAM",15,518,0.6212,0
"TCGA_BRCA","CorePAM",15,519,0.6123,1
"TCGA_BRCA","CorePAM",15,520,0.6081,5
"TCGA_BRCA","CorePAM",15,521,0.5556,11
"TCGA_BRCA","CorePAM",15,522,0.6071,4
"TCGA_BRCA","CorePAM",15,523,0.602,0
"TCGA_BRCA","CorePAM",15,524,0.589,12
"TCGA_BRCA","CorePAM",15,525,0.6041,5
"TCGA_BRCA","CorePAM",15,526,0.6176,4
"TCGA_BRCA","CorePAM",15,527,0.6047,1
"TCGA_BRCA","CorePAM",15,528,0.5507,10
"TCGA_BRCA","CorePAM",15,529,0.6013,10
"TCGA_BRCA","CorePAM",15,530,0.6007,3
"TCGA_BRCA","CorePAM",15,531,0.6104,4
"TCGA_BRCA","CorePAM",15,532,0.6022,1
"TCGA_BRCA","CorePAM",15,533,0.617,5
"TCGA_BRCA","CorePAM",15,534,0.6056,2
"TCGA_BRCA","CorePAM",15,535,0.6108,5
"TCGA_BRCA","CorePAM",15,536,0.5659,1
"TCGA_BRCA","CorePAM",15,537,0.5988,0
"TCGA_BRCA","CorePAM",15,538,0.6126,7
"TCGA_BRCA","CorePAM",15,539,0.596,0
"TCGA_BRCA","CorePAM",15,540,0.6118,0
"TCGA_BRCA","CorePAM",15,541,0.6082,3
"TCGA_BRCA","CorePAM",15,542,0.6003,5
"TCGA_BRCA","CorePAM",15,543,0.5927,6
"TCGA_BRCA","CorePAM",15,544,0.6317,0
"TCGA_BRCA","CorePAM",15,545,0.6039,9
"TCGA_BRCA","CorePAM",15,546,0.6054,1
"TCGA_BRCA","CorePAM",15,547,0.6062,0
"TCGA_BRCA","CorePAM",15,548,0.5895,5
"TCGA_BRCA","CorePAM",15,549,0.6123,3
"TCGA_BRCA","CorePAM",15,550,0.6042,7
"TCGA_BRCA","CorePAM",15,551,0.6139,1
"TCGA_BRCA","CorePAM",15,552,0.5941,0
"TCGA_BRCA","CorePAM",15,553,0.5948,0
"TCGA_BRCA","CorePAM",15,554,0.5935,0
"TCGA_BRCA","CorePAM",15,555,0.6123,0
"TCGA_BRCA","CorePAM",15,556,0.5961,2
"TCGA_BRCA","CorePAM",15,557,0.5918,4
"TCGA_BRCA","CorePAM",15,558,0.6154,2
"TCGA_BRCA","CorePAM",15,559,0.6047,5
"TCGA_BRCA","CorePAM",15,560,0.5847,12
"TCGA_BRCA","CorePAM",15,561,0.6138,12
"TCGA_BRCA","CorePAM",15,562,0.5893,0
"TCGA_BRCA","CorePAM",15,563,0.606,0
"TCGA_BRCA","CorePAM",15,564,0.6074,6
"TCGA_BRCA","CorePAM",15,565,0.6036,3
"TCGA_BRCA","CorePAM",15,566,0.6217,1
"TCGA_BRCA","CorePAM",15,567,0.5956,0
"TCGA_BRCA","CorePAM",15,568,0.5591,11
"TCGA_BRCA","CorePAM",15,569,0.6104,0
"TCGA_BRCA","CorePAM",15,570,0.5863,0
"TCGA_BRCA","CorePAM",15,571,0.6147,1
"TCGA_BRCA","CorePAM",15,572,0.6152,2
"TCGA_BRCA","CorePAM",15,573,0.6026,1
"TCGA_BRCA","CorePAM",15,574,0.6017,1
"TCGA_BRCA","CorePAM",15,575,0.5846,0
"TCGA_BRCA","CorePAM",15,576,0.5954,0
"TCGA_BRCA","CorePAM",15,577,0.5982,3
"TCGA_BRCA","CorePAM",15,578,0.5989,4
"TCGA_BRCA","CorePAM",15,579,0.59,0
"TCGA_BRCA","CorePAM",15,580,0.5994,0
"TCGA_BRCA","CorePAM",15,581,0.6062,10
"TCGA_BRCA","CorePAM",15,582,0.5973,0
"TCGA_BRCA","CorePAM",15,583,0.6124,1
"TCGA_BRCA","CorePAM",15,584,0.6089,1
"TCGA_BRCA","CorePAM",15,585,0.5842,12
"TCGA_BRCA","CorePAM",15,586,0.5989,0
"TCGA_BRCA","CorePAM",15,587,0.5777,12
"TCGA_BRCA","CorePAM",15,588,0.5953,0
"TCGA_BRCA","CorePAM",15,589,0.6139,5
"TCGA_BRCA","CorePAM",15,590,0.5952,3
"TCGA_BRCA","CorePAM",15,591,0.6017,3
"TCGA_BRCA","CorePAM",15,592,0.5996,0
"TCGA_BRCA","CorePAM",15,593,0.6159,6
"TCGA_BRCA","CorePAM",15,594,0.5964,5
"TCGA_BRCA","CorePAM",15,595,0.6063,0
"TCGA_BRCA","CorePAM",15,596,0.5949,0
"TCGA_BRCA","CorePAM",15,597,0.6057,8
"TCGA_BRCA","CorePAM",15,598,0.614,2
"TCGA_BRCA","CorePAM",15,599,0.6096,2
"TCGA_BRCA","CorePAM",15,600,0.6013,5
"TCGA_BRCA","CorePAM",15,601,0.6039,0
"TCGA_BRCA","CorePAM",15,602,0.6042,0
"TCGA_BRCA","CorePAM",15,603,0.6001,5
"TCGA_BRCA","CorePAM",15,604,0.5778,0
"TCGA_BRCA","CorePAM",15,605,0.6038,0
"TCGA_BRCA","CorePAM",15,606,0.5898,5
"TCGA_BRCA","CorePAM",15,607,0.611,1
"TCGA_BRCA","CorePAM",15,608,0.6068,0
"TCGA_BRCA","CorePAM",15,609,0.6155,3
"TCGA_BRCA","CorePAM",15,610,0.6059,3
"TCGA_BRCA","CorePAM",15,611,0.5967,4
"TCGA_BRCA","CorePAM",15,612,0.6014,0
"TCGA_BRCA","CorePAM",15,613,0.6148,10
"TCGA_BRCA","CorePAM",15,614,0.597,1
"TCGA_BRCA","CorePAM",15,615,0.5997,0
"TCGA_BRCA","CorePAM",15,616,0.6013,2
"TCGA_BRCA","CorePAM",15,617,0.6108,5
"TCGA_BRCA","CorePAM",15,618,0.5951,1
"TCGA_BRCA","CorePAM",15,619,0.6011,4
"TCGA_BRCA","CorePAM",15,620,0.5431,12
"TCGA_BRCA","CorePAM",15,621,0.5819,7
"TCGA_BRCA","CorePAM",15,622,0.6155,6
"TCGA_BRCA","CorePAM",15,623,0.6048,0
"TCGA_BRCA","CorePAM",15,624,0.5863,11
"TCGA_BRCA","CorePAM",15,625,0.5931,2
"TCGA_BRCA","CorePAM",15,626,0.5898,12
"TCGA_BRCA","CorePAM",15,627,0.602,1
"TCGA_BRCA","CorePAM",15,628,0.5995,3
"TCGA_BRCA","CorePAM",15,629,0.5783,6
"TCGA_BRCA","CorePAM",15,630,0.6276,0
"TCGA_BRCA","CorePAM",15,631,0.6177,6
"TCGA_BRCA","CorePAM",15,632,0.6069,5
"TCGA_BRCA","CorePAM",15,633,0.5838,1
"TCGA_BRCA","CorePAM",15,634,0.607,12
"TCGA_BRCA","CorePAM",15,635,0.6003,4
"TCGA_BRCA","CorePAM",15,636,0.612,0
"TCGA_BRCA","CorePAM",15,637,0.6078,2
"TCGA_BRCA","CorePAM",15,638,0.6156,0
"TCGA_BRCA","CorePAM",15,639,0.5864,0
"TCGA_BRCA","CorePAM",15,640,0.6068,1
"TCGA_BRCA","CorePAM",15,641,0.5835,0
"TCGA_BRCA","CorePAM",15,642,0.6166,1
"TCGA_BRCA","CorePAM",15,643,0.5905,0
"TCGA_BRCA","CorePAM",15,644,0.595,0
"TCGA_BRCA","CorePAM",15,645,0.605,1
"TCGA_BRCA","CorePAM",15,646,0.6026,4
"TCGA_BRCA","CorePAM",15,647,0.556,0
"TCGA_BRCA","CorePAM",15,648,0.5725,0
"TCGA_BRCA","CorePAM",15,649,0.6088,0
"TCGA_BRCA","CorePAM",15,650,0.613,3
"TCGA_BRCA","CorePAM",15,651,0.5842,4
"TCGA_BRCA","CorePAM",15,652,0.5594,12
"TCGA_BRCA","CorePAM",15,653,0.5776,10
"TCGA_BRCA","CorePAM",15,654,0.6079,5
"TCGA_BRCA","CorePAM",15,655,0.6151,2
"TCGA_BRCA","CorePAM",15,656,0.6111,1
"TCGA_BRCA","CorePAM",15,657,0.6126,5
"TCGA_BRCA","CorePAM",15,658,0.6036,6
"TCGA_BRCA","CorePAM",15,659,0.6089,1
"TCGA_BRCA","CorePAM",15,660,0.603,5
"TCGA_BRCA","CorePAM",15,661,0.6071,8
"TCGA_BRCA","CorePAM",15,662,0.6129,5
"TCGA_BRCA","CorePAM",15,663,0.5931,4
"TCGA_BRCA","CorePAM",15,664,0.5881,0
"TCGA_BRCA","CorePAM",15,665,0.5723,9
"TCGA_BRCA","CorePAM",15,666,0.6075,1
"TCGA_BRCA","CorePAM",15,667,0.6074,0
"TCGA_BRCA","CorePAM",15,668,0.6007,4
"TCGA_BRCA","CorePAM",15,669,0.6004,8
"TCGA_BRCA","CorePAM",15,670,0.5751,1
"TCGA_BRCA","CorePAM",15,671,0.609,0
"TCGA_BRCA","CorePAM",15,672,0.565,1
"TCGA_BRCA","CorePAM",15,673,0.5968,4
"TCGA_BRCA","CorePAM",15,674,0.6021,7
"TCGA_BRCA","CorePAM",15,675,0.61,1
"TCGA_BRCA","CorePAM",15,676,0.6046,3
"TCGA_BRCA","CorePAM",15,677,0.604,0
"TCGA_BRCA","CorePAM",15,678,0.6008,8
"TCGA_BRCA","CorePAM",15,679,0.5752,3
"TCGA_BRCA","CorePAM",15,680,0.6077,4
"TCGA_BRCA","CorePAM",15,681,0.6211,1
"TCGA_BRCA","CorePAM",15,682,0.6108,2
"TCGA_BRCA","CorePAM",15,683,0.6061,4
"TCGA_BRCA","CorePAM",15,684,0.5985,6
"TCGA_BRCA","CorePAM",15,685,0.5565,12
"TCGA_BRCA","CorePAM",15,686,0.6195,2
"TCGA_BRCA","CorePAM",15,687,0.6165,2
"TCGA_BRCA","CorePAM",15,688,0.5787,0
"TCGA_BRCA","CorePAM",15,689,0.5988,0
"TCGA_BRCA","CorePAM",15,690,0.5903,3
"TCGA_BRCA","CorePAM",15,691,0.6061,5
"TCGA_BRCA","CorePAM",15,692,0.5793,0
"TCGA_BRCA","CorePAM",15,693,0.6051,8
"TCGA_BRCA","CorePAM",15,694,0.6021,0
"TCGA_BRCA","CorePAM",15,695,0.6178,4
"TCGA_BRCA","CorePAM",15,696,0.5971,6
"TCGA_BRCA","CorePAM",15,697,0.5974,0
"TCGA_BRCA","CorePAM",15,698,0.5921,9
"TCGA_BRCA","CorePAM",15,699,0.6057,0
"TCGA_BRCA","CorePAM",15,700,0.5638,10
"TCGA_BRCA","CorePAM",15,701,0.5956,4
"TCGA_BRCA","CorePAM",15,702,0.5967,3
"TCGA_BRCA","CorePAM",15,703,0.6007,9
"TCGA_BRCA","CorePAM",15,704,0.6164,0
"TCGA_BRCA","CorePAM",15,705,0.6139,2
"TCGA_BRCA","CorePAM",15,706,0.6074,4
"TCGA_BRCA","CorePAM",15,707,0.6005,0
"TCGA_BRCA","CorePAM",15,708,0.6149,1
"TCGA_BRCA","CorePAM",15,709,0.5548,1
"TCGA_BRCA","CorePAM",15,710,0.5965,4
"TCGA_BRCA","CorePAM",15,711,0.6127,0
"TCGA_BRCA","CorePAM",15,712,0.5895,0
"TCGA_BRCA","CorePAM",15,713,0.6095,8
"TCGA_BRCA","CorePAM",15,714,0.595,4
"TCGA_BRCA","CorePAM",15,715,0.6013,7
"TCGA_BRCA","CorePAM",15,716,0.5948,5
"TCGA_BRCA","CorePAM",15,717,0.6175,3
"TCGA_BRCA","CorePAM",15,718,0.6098,0
"TCGA_BRCA","CorePAM",15,719,0.6022,0
"TCGA_BRCA","CorePAM",15,720,0.6052,6
"TCGA_BRCA","CorePAM",15,721,0.5946,3
"TCGA_BRCA","CorePAM",15,722,0.6063,5
"TCGA_BRCA","CorePAM",15,723,0.5587,0
"TCGA_BRCA","CorePAM",15,724,0.609,5
"TCGA_BRCA","CorePAM",15,725,0.6124,2
"TCGA_BRCA","CorePAM",15,726,0.5763,2
"TCGA_BRCA","CorePAM",15,727,0.5966,0
"TCGA_BRCA","CorePAM",15,728,0.6034,0
"TCGA_BRCA","CorePAM",15,729,0.5998,5
"TCGA_BRCA","CorePAM",15,730,0.6,9
"TCGA_BRCA","CorePAM",15,731,0.5821,1
"TCGA_BRCA","CorePAM",15,732,0.6117,1
"TCGA_BRCA","CorePAM",15,733,0.6102,9
"TCGA_BRCA","CorePAM",15,734,0.6084,10
"TCGA_BRCA","CorePAM",15,735,0.6116,0
"TCGA_BRCA","CorePAM",15,736,0.5965,7
"TCGA_BRCA","CorePAM",15,737,0.5927,0
"TCGA_BRCA","CorePAM",15,738,0.5999,1
"TCGA_BRCA","CorePAM",15,739,0.6156,4
"TCGA_BRCA","CorePAM",15,740,0.592,10
"TCGA_BRCA","CorePAM",15,741,0.6071,4
"TCGA_BRCA","CorePAM",15,742,0.6027,0
"TCGA_BRCA","CorePAM",15,743,0.5908,0
"TCGA_BRCA","CorePAM",15,744,0.6001,10
"TCGA_BRCA","CorePAM",15,745,0.5597,12
"TCGA_BRCA","CorePAM",15,746,0.6074,0
"TCGA_BRCA","CorePAM",15,747,0.6096,4
"TCGA_BRCA","CorePAM",15,748,0.6024,5
"TCGA_BRCA","CorePAM",15,749,0.5962,8
"TCGA_BRCA","CorePAM",15,750,0.6329,0
"TCGA_BRCA","CorePAM",15,751,0.6136,0
"TCGA_BRCA","CorePAM",15,752,0.5798,6
"TCGA_BRCA","CorePAM",15,753,0.6068,0
"TCGA_BRCA","CorePAM",15,754,0.6003,2
"TCGA_BRCA","CorePAM",15,755,0.6142,2
"TCGA_BRCA","CorePAM",15,756,0.5864,10
"TCGA_BRCA","CorePAM",15,757,0.5794,9
"TCGA_BRCA","CorePAM",15,758,0.604,0
"TCGA_BRCA","CorePAM",15,759,0.6096,0
"TCGA_BRCA","CorePAM",15,760,0.6035,5
"TCGA_BRCA","CorePAM",15,761,0.5758,0
"TCGA_BRCA","CorePAM",15,762,0.5978,0
"TCGA_BRCA","CorePAM",15,763,0.5996,1
"TCGA_BRCA","CorePAM",15,764,0.5933,0
"TCGA_BRCA","CorePAM",15,765,0.5977,9
"TCGA_BRCA","CorePAM",15,766,0.5964,10
"TCGA_BRCA","CorePAM",15,767,0.6045,9
"TCGA_BRCA","CorePAM",15,768,0.607,2
"TCGA_BRCA","CorePAM",15,769,0.6017,4
"TCGA_BRCA","CorePAM",15,770,0.6143,1
"TCGA_BRCA","CorePAM",15,771,0.5985,0
"TCGA_BRCA","CorePAM",15,772,0.6028,3
"TCGA_BRCA","CorePAM",15,773,0.6142,5
"TCGA_BRCA","CorePAM",15,774,0.5934,2
"TCGA_BRCA","CorePAM",15,775,0.6017,3
"TCGA_BRCA","CorePAM",15,776,0.6085,1
"TCGA_BRCA","CorePAM",15,777,0.5545,1
"TCGA_BRCA","CorePAM",15,778,0.6091,5
"TCGA_BRCA","CorePAM",15,779,0.607,6
"TCGA_BRCA","CorePAM",15,780,0.5735,0
"TCGA_BRCA","CorePAM",15,781,0.595,4
"TCGA_BRCA","CorePAM",15,782,0.6049,7
"TCGA_BRCA","CorePAM",15,783,0.6037,4
"TCGA_BRCA","CorePAM",15,784,0.6091,0
"TCGA_BRCA","CorePAM",15,785,0.6077,4
"TCGA_BRCA","CorePAM",15,786,0.6035,6
"TCGA_BRCA","CorePAM",15,787,0.6027,0
"TCGA_BRCA","CorePAM",15,788,0.6095,1
"TCGA_BRCA","CorePAM",15,789,0.6054,0
"TCGA_BRCA","CorePAM",15,790,0.6069,0
"TCGA_BRCA","CorePAM",15,791,0.5908,3
"TCGA_BRCA","CorePAM",15,792,0.6152,10
"TCGA_BRCA","CorePAM",15,793,0.5883,0
"TCGA_BRCA","CorePAM",15,794,0.5839,9
"TCGA_BRCA","CorePAM",15,795,0.6043,0
"TCGA_BRCA","CorePAM",15,796,0.6093,2
"TCGA_BRCA","CorePAM",15,797,0.5834,4
"TCGA_BRCA","CorePAM",15,798,0.619,2
"TCGA_BRCA","CorePAM",15,799,0.6189,2
"TCGA_BRCA","CorePAM",15,800,0.5988,1
"TCGA_BRCA","CorePAM",15,801,0.5968,9
"TCGA_BRCA","CorePAM",15,802,0.5737,6
"TCGA_BRCA","CorePAM",15,803,0.6084,4
"TCGA_BRCA","CorePAM",15,804,0.5982,4
"TCGA_BRCA","CorePAM",15,805,0.5819,0
"TCGA_BRCA","CorePAM",15,806,0.6081,1
"TCGA_BRCA","CorePAM",15,807,0.606,0
"TCGA_BRCA","CorePAM",15,808,0.6018,1
"TCGA_BRCA","CorePAM",15,809,0.5965,0
"TCGA_BRCA","CorePAM",15,810,0.6191,2
"TCGA_BRCA","CorePAM",15,811,0.6065,2
"TCGA_BRCA","CorePAM",15,812,0.5894,4
"TCGA_BRCA","CorePAM",15,813,0.6033,1
"TCGA_BRCA","CorePAM",15,814,0.6064,5
"TCGA_BRCA","CorePAM",15,815,0.5903,4
"TCGA_BRCA","CorePAM",15,816,0.5979,7
"TCGA_BRCA","CorePAM",15,817,0.5982,5
"TCGA_BRCA","CorePAM",15,818,0.5939,4
"TCGA_BRCA","CorePAM",15,819,0.6039,4
"TCGA_BRCA","CorePAM",15,820,0.6072,5
"TCGA_BRCA","CorePAM",15,821,0.5851,9
"TCGA_BRCA","CorePAM",15,822,0.5898,1
"TCGA_BRCA","CorePAM",15,823,0.6052,0
"TCGA_BRCA","CorePAM",15,824,0.5867,5
"TCGA_BRCA","CorePAM",15,825,0.5857,0
"TCGA_BRCA","CorePAM",15,826,0.6033,4
"TCGA_BRCA","CorePAM",15,827,0.5968,0
"TCGA_BRCA","CorePAM",15,828,0.613,6
"TCGA_BRCA","CorePAM",15,829,0.6131,0
"TCGA_BRCA","CorePAM",15,830,0.604,1
"TCGA_BRCA","CorePAM",15,831,0.6014,5
"TCGA_BRCA","CorePAM",15,832,0.5974,0
"TCGA_BRCA","CorePAM",15,833,0.6096,5
"TCGA_BRCA","CorePAM",15,834,0.5751,12
"TCGA_BRCA","CorePAM",15,835,0.5934,4
"TCGA_BRCA","CorePAM",15,836,0.6024,5
"TCGA_BRCA","CorePAM",15,837,0.6177,5
"TCGA_BRCA","CorePAM",15,838,0.5808,3
"TCGA_BRCA","CorePAM",15,839,0.5512,0
"TCGA_BRCA","CorePAM",15,840,0.6162,2
"TCGA_BRCA","CorePAM",15,841,0.5832,1
"TCGA_BRCA","CorePAM",15,842,0.608,0
"TCGA_BRCA","CorePAM",15,843,0.5869,5
"TCGA_BRCA","CorePAM",15,844,0.6175,1
"TCGA_BRCA","CorePAM",15,845,0.6127,9
"TCGA_BRCA","CorePAM",15,846,0.6247,0
"TCGA_BRCA","CorePAM",15,847,0.6089,5
"TCGA_BRCA","CorePAM",15,848,0.6224,1
"TCGA_BRCA","CorePAM",15,849,0.6087,4
"TCGA_BRCA","CorePAM",15,850,0.611,1
"TCGA_BRCA","CorePAM",15,851,0.5898,1
"TCGA_BRCA","CorePAM",15,852,0.6222,1
"TCGA_BRCA","CorePAM",15,853,0.6109,5
"TCGA_BRCA","CorePAM",15,854,0.5999,2
"TCGA_BRCA","CorePAM",15,855,0.6067,3
"TCGA_BRCA","CorePAM",15,856,0.6125,0
"TCGA_BRCA","CorePAM",15,857,0.6012,12
"TCGA_BRCA","CorePAM",15,858,0.611,5
"TCGA_BRCA","CorePAM",15,859,0.6092,1
"TCGA_BRCA","CorePAM",15,860,0.5973,5
"TCGA_BRCA","CorePAM",15,861,0.5964,6
"TCGA_BRCA","CorePAM",15,862,0.6056,0
"TCGA_BRCA","CorePAM",15,863,0.6102,6
"TCGA_BRCA","CorePAM",15,864,0.5968,0
"TCGA_BRCA","CorePAM",15,865,0.6006,0
"TCGA_BRCA","CorePAM",15,866,0.606,4
"TCGA_BRCA","CorePAM",15,867,0.6065,5
"TCGA_BRCA","CorePAM",15,868,0.5947,4
"TCGA_BRCA","CorePAM",15,869,0.6088,1
"TCGA_BRCA","CorePAM",15,870,0.5987,4
"TCGA_BRCA","CorePAM",15,871,0.6124,3
"TCGA_BRCA","CorePAM",15,872,0.6041,1
"TCGA_BRCA","CorePAM",15,873,0.6123,2
"TCGA_BRCA","CorePAM",15,874,0.587,0
"TCGA_BRCA","CorePAM",15,875,0.5866,4
"TCGA_BRCA","CorePAM",15,876,0.6029,0
"TCGA_BRCA","CorePAM",15,877,0.602,4
"TCGA_BRCA","CorePAM",15,878,0.5837,8
"TCGA_BRCA","CorePAM",15,879,0.6017,0
"TCGA_BRCA","CorePAM",15,880,0.6163,3
"TCGA_BRCA","CorePAM",15,881,0.6061,1
"TCGA_BRCA","CorePAM",15,882,0.6168,0
"TCGA_BRCA","CorePAM",15,883,0.5946,10
"TCGA_BRCA","CorePAM",15,884,0.5993,4
"TCGA_BRCA","CorePAM",15,885,0.558,1
"TCGA_BRCA","CorePAM",15,886,0.6065,1
"TCGA_BRCA","CorePAM",15,887,0.6146,1
"TCGA_BRCA","CorePAM",15,888,0.5923,5
"TCGA_BRCA","CorePAM",15,889,0.5837,0
"TCGA_BRCA","CorePAM",15,890,0.6145,1
"TCGA_BRCA","CorePAM",15,891,0.6099,0
"TCGA_BRCA","CorePAM",15,892,0.6185,6
"TCGA_BRCA","CorePAM",15,893,0.6002,0
"TCGA_BRCA","CorePAM",15,894,0.5836,9
"TCGA_BRCA","CorePAM",15,895,0.5992,3
"TCGA_BRCA","CorePAM",15,896,0.5764,12
"TCGA_BRCA","CorePAM",15,897,0.6086,1
"TCGA_BRCA","CorePAM",15,898,0.589,4
"TCGA_BRCA","CorePAM",15,899,0.5929,4
"TCGA_BRCA","CorePAM",15,900,0.6037,1
"TCGA_BRCA","CorePAM",15,901,0.615,7
"TCGA_BRCA","CorePAM",15,902,0.5758,2
"TCGA_BRCA","CorePAM",15,903,0.6059,4
"TCGA_BRCA","CorePAM",15,904,0.6188,4
"TCGA_BRCA","CorePAM",15,905,0.5944,0
"TCGA_BRCA","CorePAM",15,906,0.5776,1
"TCGA_BRCA","CorePAM",15,907,0.5905,0
"TCGA_BRCA","CorePAM",15,908,0.6085,3
"TCGA_BRCA","CorePAM",15,909,0.6113,1
"TCGA_BRCA","CorePAM",15,910,0.5912,5
"TCGA_BRCA","CorePAM",15,911,0.6072,6
"TCGA_BRCA","CorePAM",15,912,0.6066,3
"TCGA_BRCA","CorePAM",15,913,0.6199,2
"TCGA_BRCA","CorePAM",15,914,0.5883,0
"TCGA_BRCA","CorePAM",15,915,0.5925,9
"TCGA_BRCA","CorePAM",15,916,0.6102,1
"TCGA_BRCA","CorePAM",15,917,0.6043,5
"TCGA_BRCA","CorePAM",15,918,0.6174,5
"TCGA_BRCA","CorePAM",15,919,0.6063,4
"TCGA_BRCA","CorePAM",15,920,0.6079,1
"TCGA_BRCA","CorePAM",15,921,0.6115,0
"TCGA_BRCA","CorePAM",15,922,0.6001,0
"TCGA_BRCA","CorePAM",15,923,0.5828,12
"TCGA_BRCA","CorePAM",15,924,0.6005,3
"TCGA_BRCA","CorePAM",15,925,0.6045,7
"TCGA_BRCA","CorePAM",15,926,0.5998,1
"TCGA_BRCA","CorePAM",15,927,0.5886,0
"TCGA_BRCA","CorePAM",15,928,0.5882,12
"TCGA_BRCA","CorePAM",15,929,0.5966,0
"TCGA_BRCA","CorePAM",15,930,0.6065,0
"TCGA_BRCA","CorePAM",15,931,0.6051,5
"TCGA_BRCA","CorePAM",15,932,0.5968,5
"TCGA_BRCA","CorePAM",15,933,0.6039,0
"TCGA_BRCA","CorePAM",15,934,0.5973,5
"TCGA_BRCA","CorePAM",15,935,0.6127,2
"TCGA_BRCA","CorePAM",15,936,0.5883,0
"TCGA_BRCA","CorePAM",15,937,0.5648,12
"TCGA_BRCA","CorePAM",15,938,0.5962,11
"TCGA_BRCA","CorePAM",15,939,0.5986,8
"TCGA_BRCA","CorePAM",15,940,0.5643,12
"TCGA_BRCA","CorePAM",15,941,0.5989,5
"TCGA_BRCA","CorePAM",15,942,0.6116,6
"TCGA_BRCA","CorePAM",15,943,0.6096,9
"TCGA_BRCA","CorePAM",15,944,0.5858,1
"TCGA_BRCA","CorePAM",15,945,0.5987,2
"TCGA_BRCA","CorePAM",15,946,0.6044,5
"TCGA_BRCA","CorePAM",15,947,0.6058,0
"TCGA_BRCA","CorePAM",15,948,0.6041,1
"TCGA_BRCA","CorePAM",15,949,0.5951,8
"TCGA_BRCA","CorePAM",15,950,0.5953,5
"TCGA_BRCA","CorePAM",15,951,0.5801,10
"TCGA_BRCA","CorePAM",15,952,0.5875,5
"TCGA_BRCA","CorePAM",15,953,0.6024,0
"TCGA_BRCA","CorePAM",15,954,0.61,5
"TCGA_BRCA","CorePAM",15,955,0.603,0
"TCGA_BRCA","CorePAM",15,956,0.5895,5
"TCGA_BRCA","CorePAM",15,957,0.5921,1
"TCGA_BRCA","CorePAM",15,958,0.6107,0
"TCGA_BRCA","CorePAM",15,959,0.6054,1
"TCGA_BRCA","CorePAM",15,960,0.5948,1
"TCGA_BRCA","CorePAM",15,961,0.6163,1
"TCGA_BRCA","CorePAM",15,962,0.5965,9
"TCGA_BRCA","CorePAM",15,963,0.5831,6
"TCGA_BRCA","CorePAM",15,964,0.6075,7
"TCGA_BRCA","CorePAM",15,965,0.5969,5
"TCGA_BRCA","CorePAM",15,966,0.5949,0
"TCGA_BRCA","CorePAM",15,967,0.595,2
"TCGA_BRCA","CorePAM",15,968,0.6098,0
"TCGA_BRCA","CorePAM",15,969,0.6047,6
"TCGA_BRCA","CorePAM",15,970,0.5978,7
"TCGA_BRCA","CorePAM",15,971,0.5547,0
"TCGA_BRCA","CorePAM",15,972,0.5892,0
"TCGA_BRCA","CorePAM",15,973,0.613,2
"TCGA_BRCA","CorePAM",15,974,0.5893,0
"TCGA_BRCA","CorePAM",15,975,0.6121,1
"TCGA_BRCA","CorePAM",15,976,0.5857,0
"TCGA_BRCA","CorePAM",15,977,0.5982,3
"TCGA_BRCA","CorePAM",15,978,0.6073,2
"TCGA_BRCA","CorePAM",15,979,0.6017,0
"TCGA_BRCA","CorePAM",15,980,0.6085,3
"TCGA_BRCA","CorePAM",15,981,0.6147,4
"TCGA_BRCA","CorePAM",15,982,0.6111,6
"TCGA_BRCA","CorePAM",15,983,0.5881,0
"TCGA_BRCA","CorePAM",15,984,0.6021,9
"TCGA_BRCA","CorePAM",15,985,0.6048,4
"TCGA_BRCA","CorePAM",15,986,0.6143,7
"TCGA_BRCA","CorePAM",15,987,0.5654,1
"TCGA_BRCA","CorePAM",15,988,0.584,3
"TCGA_BRCA","CorePAM",15,989,0.5998,3
"TCGA_BRCA","CorePAM",15,990,0.6047,4
"TCGA_BRCA","CorePAM",15,991,0.5718,1
"TCGA_BRCA","CorePAM",15,992,0.6114,11
"TCGA_BRCA","CorePAM",15,993,0.5977,3
"TCGA_BRCA","CorePAM",15,994,0.6103,1
"TCGA_BRCA","CorePAM",15,995,0.6164,1
"TCGA_BRCA","CorePAM",15,996,0.5887,8
"TCGA_BRCA","CorePAM",15,997,0.5877,5
"TCGA_BRCA","CorePAM",15,998,0.5952,4
"TCGA_BRCA","CorePAM",15,999,0.5817,3
"TCGA_BRCA","CorePAM",15,1000,0.5962,3
"METABRIC","GGI",24,1,0.5955,21
"METABRIC","GGI",24,2,0.596,21
"METABRIC","GGI",24,3,0.5924,21
"METABRIC","GGI",24,4,0.5947,21
"METABRIC","GGI",24,5,0.5948,21
"METABRIC","GGI",24,6,0.5912,19
"METABRIC","GGI",24,7,0.595,20
"METABRIC","GGI",24,8,0.5968,21
"METABRIC","GGI",24,9,0.588,21
"METABRIC","GGI",24,10,0.5896,21
"METABRIC","GGI",24,11,0.5919,21
"METABRIC","GGI",24,12,0.591,21
"METABRIC","GGI",24,13,0.5889,20
"METABRIC","GGI",24,14,0.5929,20
"METABRIC","GGI",24,15,0.5896,21
"METABRIC","GGI",24,16,0.5919,21
"METABRIC","GGI",24,17,0.5957,21
"METABRIC","GGI",24,18,0.5921,21
"METABRIC","GGI",24,19,0.5914,21
"METABRIC","GGI",24,20,0.5932,21
"METABRIC","GGI",24,21,0.5907,21
"METABRIC","GGI",24,22,0.5925,21
"METABRIC","GGI",24,23,0.5871,21
"METABRIC","GGI",24,24,0.5928,20
"METABRIC","GGI",24,25,0.5908,21
"METABRIC","GGI",24,26,0.5914,21
"METABRIC","GGI",24,27,0.5926,21
"METABRIC","GGI",24,28,0.5969,21
"METABRIC","GGI",24,29,0.5898,21
"METABRIC","GGI",24,30,0.5942,20
"METABRIC","GGI",24,31,0.5954,21
"METABRIC","GGI",24,32,0.5963,21
"METABRIC","GGI",24,33,0.5956,21
"METABRIC","GGI",24,34,0.5957,21
"METABRIC","GGI",24,35,0.5913,21
"METABRIC","GGI",24,36,0.5934,21
"METABRIC","GGI",24,37,0.5945,21
"METABRIC","GGI",24,38,0.5933,21
"METABRIC","GGI",24,39,0.5879,21
"METABRIC","GGI",24,40,0.5876,21
"METABRIC","GGI",24,41,0.5908,21
"METABRIC","GGI",24,42,0.5956,21
"METABRIC","GGI",24,43,0.5927,21
"METABRIC","GGI",24,44,0.5909,21
"METABRIC","GGI",24,45,0.5926,21
"METABRIC","GGI",24,46,0.5948,21
"METABRIC","GGI",24,47,0.5936,21
"METABRIC","GGI",24,48,0.5926,19
"METABRIC","GGI",24,49,0.594,21
"METABRIC","GGI",24,50,0.5913,21
"METABRIC","GGI",24,51,0.5945,21
"METABRIC","GGI",24,52,0.5919,17
"METABRIC","GGI",24,53,0.5955,21
"METABRIC","GGI",24,54,0.5927,21
"METABRIC","GGI",24,55,0.591,21
"METABRIC","GGI",24,56,0.5955,21
"METABRIC","GGI",24,57,0.5857,17
"METABRIC","GGI",24,58,0.5932,21
"METABRIC","GGI",24,59,0.5928,21
"METABRIC","GGI",24,60,0.5938,21
"METABRIC","GGI",24,61,0.5882,21
"METABRIC","GGI",24,62,0.5914,21
"METABRIC","GGI",24,63,0.5936,18
"METABRIC","GGI",24,64,0.5894,21
"METABRIC","GGI",24,65,0.593,21
"METABRIC","GGI",24,66,0.594,21
"METABRIC","GGI",24,67,0.5921,21
"METABRIC","GGI",24,68,0.5937,19
"METABRIC","GGI",24,69,0.5945,21
"METABRIC","GGI",24,70,0.5889,21
"METABRIC","GGI",24,71,0.5927,21
"METABRIC","GGI",24,72,0.5946,21
"METABRIC","GGI",24,73,0.5908,21
"METABRIC","GGI",24,74,0.5885,21
"METABRIC","GGI",24,75,0.5948,21
"METABRIC","GGI",24,76,0.593,21
"METABRIC","GGI",24,77,0.5885,21
"METABRIC","GGI",24,78,0.5944,19
"METABRIC","GGI",24,79,0.5918,21
"METABRIC","GGI",24,80,0.5945,21
"METABRIC","GGI",24,81,0.5901,20
"METABRIC","GGI",24,82,0.5868,21
"METABRIC","GGI",24,83,0.5921,21
"METABRIC","GGI",24,84,0.5928,21
"METABRIC","GGI",24,85,0.5917,21
"METABRIC","GGI",24,86,0.5899,21
"METABRIC","GGI",24,87,0.5896,21
"METABRIC","GGI",24,88,0.5966,21
"METABRIC","GGI",24,89,0.5922,21
"METABRIC","GGI",24,90,0.595,21
"METABRIC","GGI",24,91,0.5939,21
"METABRIC","GGI",24,92,0.5906,21
"METABRIC","GGI",24,93,0.5932,21
"METABRIC","GGI",24,94,0.5942,21
"METABRIC","GGI",24,95,0.5928,21
"METABRIC","GGI",24,96,0.5942,17
"METABRIC","GGI",24,97,0.5926,21
"METABRIC","GGI",24,98,0.5896,21
"METABRIC","GGI",24,99,0.5886,21
"METABRIC","GGI",24,100,0.5913,18
"METABRIC","GGI",24,101,0.5917,21
"METABRIC","GGI",24,102,0.5909,21
"METABRIC","GGI",24,103,0.5884,21
"METABRIC","GGI",24,104,0.5935,21
"METABRIC","GGI",24,105,0.5904,21
"METABRIC","GGI",24,106,0.5988,19
"METABRIC","GGI",24,107,0.5894,21
"METABRIC","GGI",24,108,0.5937,21
"METABRIC","GGI",24,109,0.5936,21
"METABRIC","GGI",24,110,0.6013,20
"METABRIC","GGI",24,111,0.5903,20
"METABRIC","GGI",24,112,0.5915,21
"METABRIC","GGI",24,113,0.5906,20
"METABRIC","GGI",24,114,0.5923,21
"METABRIC","GGI",24,115,0.5926,21
"METABRIC","GGI",24,116,0.5928,18
"METABRIC","GGI",24,117,0.5904,21
"METABRIC","GGI",24,118,0.5925,20
"METABRIC","GGI",24,119,0.594,21
"METABRIC","GGI",24,120,0.5927,21
"METABRIC","GGI",24,121,0.5909,21
"METABRIC","GGI",24,122,0.5905,21
"METABRIC","GGI",24,123,0.5925,21
"METABRIC","GGI",24,124,0.5931,21
"METABRIC","GGI",24,125,0.5919,21
"METABRIC","GGI",24,126,0.5907,21
"METABRIC","GGI",24,127,0.5935,21
"METABRIC","GGI",24,128,0.592,20
"METABRIC","GGI",24,129,0.5877,20
"METABRIC","GGI",24,130,0.5935,21
"METABRIC","GGI",24,131,0.5932,21
"METABRIC","GGI",24,132,0.593,21
"METABRIC","GGI",24,133,0.5922,20
"METABRIC","GGI",24,134,0.592,21
"METABRIC","GGI",24,135,0.5911,21
"METABRIC","GGI",24,136,0.59,20
"METABRIC","GGI",24,137,0.5926,21
"METABRIC","GGI",24,138,0.5935,20
"METABRIC","GGI",24,139,0.5968,21
"METABRIC","GGI",24,140,0.5889,21
"METABRIC","GGI",24,141,0.5931,21
"METABRIC","GGI",24,142,0.5916,21
"METABRIC","GGI",24,143,0.5906,21
"METABRIC","GGI",24,144,0.5946,21
"METABRIC","GGI",24,145,0.5945,21
"METABRIC","GGI",24,146,0.5938,21
"METABRIC","GGI",24,147,0.5922,21
"METABRIC","GGI",24,148,0.5909,19
"METABRIC","GGI",24,149,0.5895,21
"METABRIC","GGI",24,150,0.5931,21
"METABRIC","GGI",24,151,0.5926,21
"METABRIC","GGI",24,152,0.5938,21
"METABRIC","GGI",24,153,0.5918,21
"METABRIC","GGI",24,154,0.5934,21
"METABRIC","GGI",24,155,0.5873,20
"METABRIC","GGI",24,156,0.5938,21
"METABRIC","GGI",24,157,0.5862,21
"METABRIC","GGI",24,158,0.5918,21
"METABRIC","GGI",24,159,0.591,21
"METABRIC","GGI",24,160,0.5942,21
"METABRIC","GGI",24,161,0.5923,20
"METABRIC","GGI",24,162,0.5927,21
"METABRIC","GGI",24,163,0.5932,21
"METABRIC","GGI",24,164,0.5912,21
"METABRIC","GGI",24,165,0.5936,21
"METABRIC","GGI",24,166,0.592,21
"METABRIC","GGI",24,167,0.5887,21
"METABRIC","GGI",24,168,0.594,18
"METABRIC","GGI",24,169,0.5965,21
"METABRIC","GGI",24,170,0.5935,21
"METABRIC","GGI",24,171,0.5887,21
"METABRIC","GGI",24,172,0.5926,21
"METABRIC","GGI",24,173,0.5931,21
"METABRIC","GGI",24,174,0.5902,21
"METABRIC","GGI",24,175,0.5957,21
"METABRIC","GGI",24,176,0.591,21
"METABRIC","GGI",24,177,0.592,21
"METABRIC","GGI",24,178,0.5923,19
"METABRIC","GGI",24,179,0.591,21
"METABRIC","GGI",24,180,0.5882,21
"METABRIC","GGI",24,181,0.5928,21
"METABRIC","GGI",24,182,0.5912,21
"METABRIC","GGI",24,183,0.5944,21
"METABRIC","GGI",24,184,0.5926,18
"METABRIC","GGI",24,185,0.5917,21
"METABRIC","GGI",24,186,0.5937,21
"METABRIC","GGI",24,187,0.5935,21
"METABRIC","GGI",24,188,0.5899,21
"METABRIC","GGI",24,189,0.5908,20
"METABRIC","GGI",24,190,0.5923,21
"METABRIC","GGI",24,191,0.5911,21
"METABRIC","GGI",24,192,0.5916,21
"METABRIC","GGI",24,193,0.5961,21
"METABRIC","GGI",24,194,0.5898,21
"METABRIC","GGI",24,195,0.5971,21
"METABRIC","GGI",24,196,0.5966,21
"METABRIC","GGI",24,197,0.5951,21
"METABRIC","GGI",24,198,0.5926,20
"METABRIC","GGI",24,199,0.5914,18
"METABRIC","GGI",24,200,0.5886,21
"METABRIC","GGI",24,201,0.5906,21
"METABRIC","GGI",24,202,0.595,21
"METABRIC","GGI",24,203,0.5918,18
"METABRIC","GGI",24,204,0.5922,21
"METABRIC","GGI",24,205,0.5917,21
"METABRIC","GGI",24,206,0.5973,21
"METABRIC","GGI",24,207,0.5947,21
"METABRIC","GGI",24,208,0.5922,21
"METABRIC","GGI",24,209,0.5919,21
"METABRIC","GGI",24,210,0.5976,18
"METABRIC","GGI",24,211,0.5935,21
"METABRIC","GGI",24,212,0.5975,21
"METABRIC","GGI",24,213,0.5898,21
"METABRIC","GGI",24,214,0.5967,21
"METABRIC","GGI",24,215,0.5933,21
"METABRIC","GGI",24,216,0.5914,21
"METABRIC","GGI",24,217,0.5921,21
"METABRIC","GGI",24,218,0.592,21
"METABRIC","GGI",24,219,0.5921,18
"METABRIC","GGI",24,220,0.5909,20
"METABRIC","GGI",24,221,0.5938,21
"METABRIC","GGI",24,222,0.5915,21
"METABRIC","GGI",24,223,0.5956,21
"METABRIC","GGI",24,224,0.5947,21
"METABRIC","GGI",24,225,0.5896,21
"METABRIC","GGI",24,226,0.5935,21
"METABRIC","GGI",24,227,0.5868,20
"METABRIC","GGI",24,228,0.5939,21
"METABRIC","GGI",24,229,0.5921,21
"METABRIC","GGI",24,230,0.5955,21
"METABRIC","GGI",24,231,0.5947,20
"METABRIC","GGI",24,232,0.591,21
"METABRIC","GGI",24,233,0.5959,21
"METABRIC","GGI",24,234,0.5976,20
"METABRIC","GGI",24,235,0.5894,21
"METABRIC","GGI",24,236,0.588,21
"METABRIC","GGI",24,237,0.5926,20
"METABRIC","GGI",24,238,0.5974,21
"METABRIC","GGI",24,239,0.594,21
"METABRIC","GGI",24,240,0.5956,21
"METABRIC","GGI",24,241,0.5919,20
"METABRIC","GGI",24,242,0.59,21
"METABRIC","GGI",24,243,0.59,21
"METABRIC","GGI",24,244,0.5897,21
"METABRIC","GGI",24,245,0.5924,21
"METABRIC","GGI",24,246,0.5989,19
"METABRIC","GGI",24,247,0.5937,21
"METABRIC","GGI",24,248,0.5888,21
"METABRIC","GGI",24,249,0.5965,21
"METABRIC","GGI",24,250,0.5907,21
"METABRIC","GGI",24,251,0.5915,19
"METABRIC","GGI",24,252,0.5923,21
"METABRIC","GGI",24,253,0.5873,21
"METABRIC","GGI",24,254,0.5893,21
"METABRIC","GGI",24,255,0.5959,21
"METABRIC","GGI",24,256,0.5926,21
"METABRIC","GGI",24,257,0.5932,21
"METABRIC","GGI",24,258,0.594,21
"METABRIC","GGI",24,259,0.5909,21
"METABRIC","GGI",24,260,0.5928,21
"METABRIC","GGI",24,261,0.5917,21
"METABRIC","GGI",24,262,0.5916,21
"METABRIC","GGI",24,263,0.5925,20
"METABRIC","GGI",24,264,0.595,20
"METABRIC","GGI",24,265,0.5945,21
"METABRIC","GGI",24,266,0.5936,21
"METABRIC","GGI",24,267,0.5949,19
"METABRIC","GGI",24,268,0.5908,21
"METABRIC","GGI",24,269,0.5927,20
"METABRIC","GGI",24,270,0.589,17
"METABRIC","GGI",24,271,0.5921,21
"METABRIC","GGI",24,272,0.5919,21
"METABRIC","GGI",24,273,0.5968,21
"METABRIC","GGI",24,274,0.595,21
"METABRIC","GGI",24,275,0.5876,21
"METABRIC","GGI",24,276,0.593,21
"METABRIC","GGI",24,277,0.5902,21
"METABRIC","GGI",24,278,0.5927,21
"METABRIC","GGI",24,279,0.5906,21
"METABRIC","GGI",24,280,0.5891,19
"METABRIC","GGI",24,281,0.594,21
"METABRIC","GGI",24,282,0.5973,21
"METABRIC","GGI",24,283,0.5883,21
"METABRIC","GGI",24,284,0.5917,21
"METABRIC","GGI",24,285,0.5969,21
"METABRIC","GGI",24,286,0.5911,21
"METABRIC","GGI",24,287,0.5934,21
"METABRIC","GGI",24,288,0.5922,18
"METABRIC","GGI",24,289,0.5931,21
"METABRIC","GGI",24,290,0.59,21
"METABRIC","GGI",24,291,0.5928,18
"METABRIC","GGI",24,292,0.591,18
"METABRIC","GGI",24,293,0.5881,21
"METABRIC","GGI",24,294,0.5966,21
"METABRIC","GGI",24,295,0.5922,21
"METABRIC","GGI",24,296,0.5921,21
"METABRIC","GGI",24,297,0.5896,21
"METABRIC","GGI",24,298,0.5947,21
"METABRIC","GGI",24,299,0.5903,21
"METABRIC","GGI",24,300,0.5894,21
"METABRIC","GGI",24,301,0.5911,21
"METABRIC","GGI",24,302,0.5898,21
"METABRIC","GGI",24,303,0.5848,21
"METABRIC","GGI",24,304,0.5927,21
"METABRIC","GGI",24,305,0.5916,16
"METABRIC","GGI",24,306,0.5969,21
"METABRIC","GGI",24,307,0.5986,21
"METABRIC","GGI",24,308,0.5914,21
"METABRIC","GGI",24,309,0.5928,18
"METABRIC","GGI",24,310,0.5943,21
"METABRIC","GGI",24,311,0.5948,21
"METABRIC","GGI",24,312,0.5966,21
"METABRIC","GGI",24,313,0.595,21
"METABRIC","GGI",24,314,0.5904,21
"METABRIC","GGI",24,315,0.5905,21
"METABRIC","GGI",24,316,0.5914,21
"METABRIC","GGI",24,317,0.5963,19
"METABRIC","GGI",24,318,0.5935,21
"METABRIC","GGI",24,319,0.5913,21
"METABRIC","GGI",24,320,0.5935,21
"METABRIC","GGI",24,321,0.5911,21
"METABRIC","GGI",24,322,0.5892,21
"METABRIC","GGI",24,323,0.5895,21
"METABRIC","GGI",24,324,0.5914,21
"METABRIC","GGI",24,325,0.5914,21
"METABRIC","GGI",24,326,0.5908,21
"METABRIC","GGI",24,327,0.5922,21
"METABRIC","GGI",24,328,0.5976,21
"METABRIC","GGI",24,329,0.591,21
"METABRIC","GGI",24,330,0.59,21
"METABRIC","GGI",24,331,0.5928,21
"METABRIC","GGI",24,332,0.5952,21
"METABRIC","GGI",24,333,0.593,21
"METABRIC","GGI",24,334,0.5936,21
"METABRIC","GGI",24,335,0.5932,21
"METABRIC","GGI",24,336,0.5942,19
"METABRIC","GGI",24,337,0.5881,21
"METABRIC","GGI",24,338,0.5899,21
"METABRIC","GGI",24,339,0.5947,21
"METABRIC","GGI",24,340,0.5942,20
"METABRIC","GGI",24,341,0.5918,21
"METABRIC","GGI",24,342,0.5946,21
"METABRIC","GGI",24,343,0.5972,21
"METABRIC","GGI",24,344,0.5941,21
"METABRIC","GGI",24,345,0.5968,21
"METABRIC","GGI",24,346,0.5897,21
"METABRIC","GGI",24,347,0.5903,21
"METABRIC","GGI",24,348,0.5925,21
"METABRIC","GGI",24,349,0.5951,21
"METABRIC","GGI",24,350,0.596,21
"METABRIC","GGI",24,351,0.5901,21
"METABRIC","GGI",24,352,0.5948,21
"METABRIC","GGI",24,353,0.5958,21
"METABRIC","GGI",24,354,0.5917,21
"METABRIC","GGI",24,355,0.5945,21
"METABRIC","GGI",24,356,0.5952,20
"METABRIC","GGI",24,357,0.5954,20
"METABRIC","GGI",24,358,0.5925,21
"METABRIC","GGI",24,359,0.5967,21
"METABRIC","GGI",24,360,0.5925,21
"METABRIC","GGI",24,361,0.5945,19
"METABRIC","GGI",24,362,0.5935,21
"METABRIC","GGI",24,363,0.5984,21
"METABRIC","GGI",24,364,0.5956,20
"METABRIC","GGI",24,365,0.5933,21
"METABRIC","GGI",24,366,0.5912,21
"METABRIC","GGI",24,367,0.5899,21
"METABRIC","GGI",24,368,0.5927,21
"METABRIC","GGI",24,369,0.5893,21
"METABRIC","GGI",24,370,0.5953,21
"METABRIC","GGI",24,371,0.5971,21
"METABRIC","GGI",24,372,0.5925,21
"METABRIC","GGI",24,373,0.5908,21
"METABRIC","GGI",24,374,0.5942,21
"METABRIC","GGI",24,375,0.5961,21
"METABRIC","GGI",24,376,0.596,21
"METABRIC","GGI",24,377,0.5927,21
"METABRIC","GGI",24,378,0.5911,17
"METABRIC","GGI",24,379,0.5914,21
"METABRIC","GGI",24,380,0.5947,21
"METABRIC","GGI",24,381,0.5963,20
"METABRIC","GGI",24,382,0.5928,21
"METABRIC","GGI",24,383,0.5961,21
"METABRIC","GGI",24,384,0.5917,21
"METABRIC","GGI",24,385,0.5915,20
"METABRIC","GGI",24,386,0.5919,21
"METABRIC","GGI",24,387,0.5919,21
"METABRIC","GGI",24,388,0.5921,21
"METABRIC","GGI",24,389,0.5936,21
"METABRIC","GGI",24,390,0.5937,17
"METABRIC","GGI",24,391,0.5946,21
"METABRIC","GGI",24,392,0.5913,21
"METABRIC","GGI",24,393,0.5938,19
"METABRIC","GGI",24,394,0.5931,21
"METABRIC","GGI",24,395,0.5912,21
"METABRIC","GGI",24,396,0.5919,21
"METABRIC","GGI",24,397,0.5916,21
"METABRIC","GGI",24,398,0.5958,19
"METABRIC","GGI",24,399,0.5955,21
"METABRIC","GGI",24,400,0.5954,21
"METABRIC","GGI",24,401,0.5914,21
"METABRIC","GGI",24,402,0.5932,21
"METABRIC","GGI",24,403,0.595,21
"METABRIC","GGI",24,404,0.5903,21
"METABRIC","GGI",24,405,0.5953,21
"METABRIC","GGI",24,406,0.5919,21
"METABRIC","GGI",24,407,0.5869,21
"METABRIC","GGI",24,408,0.5905,19
"METABRIC","GGI",24,409,0.592,21
"METABRIC","GGI",24,410,0.5897,21
"METABRIC","GGI",24,411,0.5944,21
"METABRIC","GGI",24,412,0.5914,21
"METABRIC","GGI",24,413,0.5918,21
"METABRIC","GGI",24,414,0.5899,21
"METABRIC","GGI",24,415,0.5974,21
"METABRIC","GGI",24,416,0.5936,21
"METABRIC","GGI",24,417,0.5916,20
"METABRIC","GGI",24,418,0.5936,21
"METABRIC","GGI",24,419,0.5938,19
"METABRIC","GGI",24,420,0.5879,21
"METABRIC","GGI",24,421,0.5919,20
"METABRIC","GGI",24,422,0.5937,20
"METABRIC","GGI",24,423,0.594,21
"METABRIC","GGI",24,424,0.5973,20
"METABRIC","GGI",24,425,0.5945,21
"METABRIC","GGI",24,426,0.5905,21
"METABRIC","GGI",24,427,0.5933,20
"METABRIC","GGI",24,428,0.5914,21
"METABRIC","GGI",24,429,0.5959,20
"METABRIC","GGI",24,430,0.5949,21
"METABRIC","GGI",24,431,0.5924,21
"METABRIC","GGI",24,432,0.5904,21
"METABRIC","GGI",24,433,0.5943,21
"METABRIC","GGI",24,434,0.5908,21
"METABRIC","GGI",24,435,0.5925,21
"METABRIC","GGI",24,436,0.5924,20
"METABRIC","GGI",24,437,0.5917,21
"METABRIC","GGI",24,438,0.5921,21
"METABRIC","GGI",24,439,0.5944,20
"METABRIC","GGI",24,440,0.5947,21
"METABRIC","GGI",24,441,0.5955,21
"METABRIC","GGI",24,442,0.5946,21
"METABRIC","GGI",24,443,0.5935,21
"METABRIC","GGI",24,444,0.5889,20
"METABRIC","GGI",24,445,0.5908,21
"METABRIC","GGI",24,446,0.5896,21
"METABRIC","GGI",24,447,0.5923,19
"METABRIC","GGI",24,448,0.5915,21
"METABRIC","GGI",24,449,0.5934,21
"METABRIC","GGI",24,450,0.5951,21
"METABRIC","GGI",24,451,0.5986,21
"METABRIC","GGI",24,452,0.5942,21
"METABRIC","GGI",24,453,0.5947,21
"METABRIC","GGI",24,454,0.5911,21
"METABRIC","GGI",24,455,0.5951,21
"METABRIC","GGI",24,456,0.5892,21
"METABRIC","GGI",24,457,0.5922,21
"METABRIC","GGI",24,458,0.5905,21
"METABRIC","GGI",24,459,0.5975,21
"METABRIC","GGI",24,460,0.5918,21
"METABRIC","GGI",24,461,0.5908,20
"METABRIC","GGI",24,462,0.5944,21
"METABRIC","GGI",24,463,0.5929,20
"METABRIC","GGI",24,464,0.5935,21
"METABRIC","GGI",24,465,0.5936,21
"METABRIC","GGI",24,466,0.5911,21
"METABRIC","GGI",24,467,0.5882,21
"METABRIC","GGI",24,468,0.5922,21
"METABRIC","GGI",24,469,0.5935,21
"METABRIC","GGI",24,470,0.5932,21
"METABRIC","GGI",24,471,0.5919,19
"METABRIC","GGI",24,472,0.5941,15
"METABRIC","GGI",24,473,0.5971,21
"METABRIC","GGI",24,474,0.5945,21
"METABRIC","GGI",24,475,0.5912,21
"METABRIC","GGI",24,476,0.5944,21
"METABRIC","GGI",24,477,0.5902,21
"METABRIC","GGI",24,478,0.5889,21
"METABRIC","GGI",24,479,0.5915,21
"METABRIC","GGI",24,480,0.5905,21
"METABRIC","GGI",24,481,0.5961,21
"METABRIC","GGI",24,482,0.5952,20
"METABRIC","GGI",24,483,0.5896,21
"METABRIC","GGI",24,484,0.5957,21
"METABRIC","GGI",24,485,0.5914,21
"METABRIC","GGI",24,486,0.5891,21
"METABRIC","GGI",24,487,0.5932,21
"METABRIC","GGI",24,488,0.5897,21
"METABRIC","GGI",24,489,0.5949,21
"METABRIC","GGI",24,490,0.5947,19
"METABRIC","GGI",24,491,0.5893,21
"METABRIC","GGI",24,492,0.5926,21
"METABRIC","GGI",24,493,0.5931,21
"METABRIC","GGI",24,494,0.5924,21
"METABRIC","GGI",24,495,0.597,21
"METABRIC","GGI",24,496,0.5938,21
"METABRIC","GGI",24,497,0.5875,21
"METABRIC","GGI",24,498,0.594,21
"METABRIC","GGI",24,499,0.5938,21
"METABRIC","GGI",24,500,0.5926,21
"METABRIC","GGI",24,501,0.5952,21
"METABRIC","GGI",24,502,0.5954,21
"METABRIC","GGI",24,503,0.5906,21
"METABRIC","GGI",24,504,0.5961,21
"METABRIC","GGI",24,505,0.5959,20
"METABRIC","GGI",24,506,0.597,21
"METABRIC","GGI",24,507,0.5939,21
"METABRIC","GGI",24,508,0.5868,21
"METABRIC","GGI",24,509,0.5895,20
"METABRIC","GGI",24,510,0.5957,21
"METABRIC","GGI",24,511,0.594,21
"METABRIC","GGI",24,512,0.5929,19
"METABRIC","GGI",24,513,0.5895,21
"METABRIC","GGI",24,514,0.5915,21
"METABRIC","GGI",24,515,0.5913,20
"METABRIC","GGI",24,516,0.5962,20
"METABRIC","GGI",24,517,0.5915,21
"METABRIC","GGI",24,518,0.5896,21
"METABRIC","GGI",24,519,0.5898,21
"METABRIC","GGI",24,520,0.5949,21
"METABRIC","GGI",24,521,0.593,21
"METABRIC","GGI",24,522,0.5931,21
"METABRIC","GGI",24,523,0.5904,21
"METABRIC","GGI",24,524,0.5917,21
"METABRIC","GGI",24,525,0.5956,21
"METABRIC","GGI",24,526,0.5943,21
"METABRIC","GGI",24,527,0.5891,21
"METABRIC","GGI",24,528,0.5908,21
"METABRIC","GGI",24,529,0.5941,21
"METABRIC","GGI",24,530,0.5959,21
"METABRIC","GGI",24,531,0.5965,20
"METABRIC","GGI",24,532,0.5893,21
"METABRIC","GGI",24,533,0.588,21
"METABRIC","GGI",24,534,0.5949,21
"METABRIC","GGI",24,535,0.5928,20
"METABRIC","GGI",24,536,0.5931,19
"METABRIC","GGI",24,537,0.592,19
"METABRIC","GGI",24,538,0.5949,21
"METABRIC","GGI",24,539,0.5919,21
"METABRIC","GGI",24,540,0.5898,21
"METABRIC","GGI",24,541,0.5911,20
"METABRIC","GGI",24,542,0.5947,21
"METABRIC","GGI",24,543,0.5945,21
"METABRIC","GGI",24,544,0.5911,21
"METABRIC","GGI",24,545,0.5995,21
"METABRIC","GGI",24,546,0.5908,21
"METABRIC","GGI",24,547,0.5943,21
"METABRIC","GGI",24,548,0.5961,20
"METABRIC","GGI",24,549,0.5938,21
"METABRIC","GGI",24,550,0.5949,21
"METABRIC","GGI",24,551,0.5877,21
"METABRIC","GGI",24,552,0.5904,21
"METABRIC","GGI",24,553,0.5919,21
"METABRIC","GGI",24,554,0.5939,21
"METABRIC","GGI",24,555,0.595,21
"METABRIC","GGI",24,556,0.5922,21
"METABRIC","GGI",24,557,0.5948,21
"METABRIC","GGI",24,558,0.5922,21
"METABRIC","GGI",24,559,0.5954,21
"METABRIC","GGI",24,560,0.5907,21
"METABRIC","GGI",24,561,0.5915,20
"METABRIC","GGI",24,562,0.5948,21
"METABRIC","GGI",24,563,0.5872,21
"METABRIC","GGI",24,564,0.5964,18
"METABRIC","GGI",24,565,0.5934,21
"METABRIC","GGI",24,566,0.5968,21
"METABRIC","GGI",24,567,0.5917,21
"METABRIC","GGI",24,568,0.5976,21
"METABRIC","GGI",24,569,0.5933,21
"METABRIC","GGI",24,570,0.5914,21
"METABRIC","GGI",24,571,0.5938,21
"METABRIC","GGI",24,572,0.5946,21
"METABRIC","GGI",24,573,0.5892,21
"METABRIC","GGI",24,574,0.5925,21
"METABRIC","GGI",24,575,0.5912,21
"METABRIC","GGI",24,576,0.5901,21
"METABRIC","GGI",24,577,0.5931,21
"METABRIC","GGI",24,578,0.5894,21
"METABRIC","GGI",24,579,0.5934,21
"METABRIC","GGI",24,580,0.59,21
"METABRIC","GGI",24,581,0.5977,21
"METABRIC","GGI",24,582,0.5884,20
"METABRIC","GGI",24,583,0.5905,20
"METABRIC","GGI",24,584,0.5919,20
"METABRIC","GGI",24,585,0.5886,21
"METABRIC","GGI",24,586,0.5931,21
"METABRIC","GGI",24,587,0.5922,17
"METABRIC","GGI",24,588,0.5935,21
"METABRIC","GGI",24,589,0.598,21
"METABRIC","GGI",24,590,0.5919,21
"METABRIC","GGI",24,591,0.5941,21
"METABRIC","GGI",24,592,0.5922,21
"METABRIC","GGI",24,593,0.5876,21
"METABRIC","GGI",24,594,0.5895,21
"METABRIC","GGI",24,595,0.5911,21
"METABRIC","GGI",24,596,0.5926,21
"METABRIC","GGI",24,597,0.591,21
"METABRIC","GGI",24,598,0.5959,21
"METABRIC","GGI",24,599,0.5875,21
"METABRIC","GGI",24,600,0.5925,21
"METABRIC","GGI",24,601,0.5965,21
"METABRIC","GGI",24,602,0.5951,21
"METABRIC","GGI",24,603,0.5936,21
"METABRIC","GGI",24,604,0.5975,21
"METABRIC","GGI",24,605,0.5939,20
"METABRIC","GGI",24,606,0.5941,21
"METABRIC","GGI",24,607,0.5957,21
"METABRIC","GGI",24,608,0.5941,21
"METABRIC","GGI",24,609,0.5937,21
"METABRIC","GGI",24,610,0.5916,18
"METABRIC","GGI",24,611,0.5932,21
"METABRIC","GGI",24,612,0.5913,21
"METABRIC","GGI",24,613,0.5953,21
"METABRIC","GGI",24,614,0.5899,21
"METABRIC","GGI",24,615,0.5897,21
"METABRIC","GGI",24,616,0.5955,21
"METABRIC","GGI",24,617,0.5938,21
"METABRIC","GGI",24,618,0.5921,21
"METABRIC","GGI",24,619,0.5919,21
"METABRIC","GGI",24,620,0.5965,21
"METABRIC","GGI",24,621,0.5921,21
"METABRIC","GGI",24,622,0.5928,21
"METABRIC","GGI",24,623,0.5926,21
"METABRIC","GGI",24,624,0.5921,21
"METABRIC","GGI",24,625,0.594,21
"METABRIC","GGI",24,626,0.5925,21
"METABRIC","GGI",24,627,0.5943,21
"METABRIC","GGI",24,628,0.5915,21
"METABRIC","GGI",24,629,0.5974,21
"METABRIC","GGI",24,630,0.5944,21
"METABRIC","GGI",24,631,0.5951,21
"METABRIC","GGI",24,632,0.5871,21
"METABRIC","GGI",24,633,0.5873,19
"METABRIC","GGI",24,634,0.595,21
"METABRIC","GGI",24,635,0.5889,19
"METABRIC","GGI",24,636,0.5941,21
"METABRIC","GGI",24,637,0.5919,21
"METABRIC","GGI",24,638,0.5902,21
"METABRIC","GGI",24,639,0.5972,19
"METABRIC","GGI",24,640,0.5942,20
"METABRIC","GGI",24,641,0.5961,21
"METABRIC","GGI",24,642,0.5923,20
"METABRIC","GGI",24,643,0.5937,21
"METABRIC","GGI",24,644,0.5932,21
"METABRIC","GGI",24,645,0.5912,21
"METABRIC","GGI",24,646,0.5935,21
"METABRIC","GGI",24,647,0.593,21
"METABRIC","GGI",24,648,0.5917,21
"METABRIC","GGI",24,649,0.5936,20
"METABRIC","GGI",24,650,0.5906,21
"METABRIC","GGI",24,651,0.5897,21
"METABRIC","GGI",24,652,0.5952,19
"METABRIC","GGI",24,653,0.5891,19
"METABRIC","GGI",24,654,0.5949,21
"METABRIC","GGI",24,655,0.593,20
"METABRIC","GGI",24,656,0.5925,21
"METABRIC","GGI",24,657,0.5939,20
"METABRIC","GGI",24,658,0.5989,19
"METABRIC","GGI",24,659,0.5961,20
"METABRIC","GGI",24,660,0.594,21
"METABRIC","GGI",24,661,0.587,21
"METABRIC","GGI",24,662,0.592,21
"METABRIC","GGI",24,663,0.5962,21
"METABRIC","GGI",24,664,0.5909,21
"METABRIC","GGI",24,665,0.593,21
"METABRIC","GGI",24,666,0.5912,18
"METABRIC","GGI",24,667,0.5953,21
"METABRIC","GGI",24,668,0.5919,21
"METABRIC","GGI",24,669,0.5927,21
"METABRIC","GGI",24,670,0.5912,21
"METABRIC","GGI",24,671,0.5948,20
"METABRIC","GGI",24,672,0.5936,21
"METABRIC","GGI",24,673,0.5916,21
"METABRIC","GGI",24,674,0.5915,21
"METABRIC","GGI",24,675,0.5949,21
"METABRIC","GGI",24,676,0.5945,21
"METABRIC","GGI",24,677,0.5895,21
"METABRIC","GGI",24,678,0.5937,21
"METABRIC","GGI",24,679,0.5929,21
"METABRIC","GGI",24,680,0.5928,21
"METABRIC","GGI",24,681,0.5904,21
"METABRIC","GGI",24,682,0.5936,19
"METABRIC","GGI",24,683,0.5951,21
"METABRIC","GGI",24,684,0.5944,21
"METABRIC","GGI",24,685,0.5915,20
"METABRIC","GGI",24,686,0.5896,21
"METABRIC","GGI",24,687,0.5948,21
"METABRIC","GGI",24,688,0.5937,21
"METABRIC","GGI",24,689,0.5941,21
"METABRIC","GGI",24,690,0.5951,21
"METABRIC","GGI",24,691,0.592,21
"METABRIC","GGI",24,692,0.5936,21
"METABRIC","GGI",24,693,0.5935,21
"METABRIC","GGI",24,694,0.5886,16
"METABRIC","GGI",24,695,0.5922,20
"METABRIC","GGI",24,696,0.5943,21
"METABRIC","GGI",24,697,0.5912,21
"METABRIC","GGI",24,698,0.5886,20
"METABRIC","GGI",24,699,0.5888,21
"METABRIC","GGI",24,700,0.5954,21
"METABRIC","GGI",24,701,0.5885,21
"METABRIC","GGI",24,702,0.5941,21
"METABRIC","GGI",24,703,0.5899,21
"METABRIC","GGI",24,704,0.5939,21
"METABRIC","GGI",24,705,0.5932,21
"METABRIC","GGI",24,706,0.5926,21
"METABRIC","GGI",24,707,0.5921,21
"METABRIC","GGI",24,708,0.5946,21
"METABRIC","GGI",24,709,0.5912,21
"METABRIC","GGI",24,710,0.589,20
"METABRIC","GGI",24,711,0.5953,21
"METABRIC","GGI",24,712,0.5923,21
"METABRIC","GGI",24,713,0.5949,21
"METABRIC","GGI",24,714,0.5873,21
"METABRIC","GGI",24,715,0.5924,21
"METABRIC","GGI",24,716,0.594,21
"METABRIC","GGI",24,717,0.5939,21
"METABRIC","GGI",24,718,0.5934,21
"METABRIC","GGI",24,719,0.5964,18
"METABRIC","GGI",24,720,0.5976,21
"METABRIC","GGI",24,721,0.5924,21
"METABRIC","GGI",24,722,0.5918,21
"METABRIC","GGI",24,723,0.5916,21
"METABRIC","GGI",24,724,0.5941,21
"METABRIC","GGI",24,725,0.5971,21
"METABRIC","GGI",24,726,0.5944,21
"METABRIC","GGI",24,727,0.593,21
"METABRIC","GGI",24,728,0.596,21
"METABRIC","GGI",24,729,0.5915,19
"METABRIC","GGI",24,730,0.5919,21
"METABRIC","GGI",24,731,0.5917,21
"METABRIC","GGI",24,732,0.5939,20
"METABRIC","GGI",24,733,0.5929,21
"METABRIC","GGI",24,734,0.5921,21
"METABRIC","GGI",24,735,0.5976,21
"METABRIC","GGI",24,736,0.5952,20
"METABRIC","GGI",24,737,0.5949,21
"METABRIC","GGI",24,738,0.5916,21
"METABRIC","GGI",24,739,0.5915,21
"METABRIC","GGI",24,740,0.591,21
"METABRIC","GGI",24,741,0.5888,21
"METABRIC","GGI",24,742,0.5922,21
"METABRIC","GGI",24,743,0.5901,21
"METABRIC","GGI",24,744,0.5908,21
"METABRIC","GGI",24,745,0.5952,21
"METABRIC","GGI",24,746,0.5905,21
"METABRIC","GGI",24,747,0.592,18
"METABRIC","GGI",24,748,0.5933,21
"METABRIC","GGI",24,749,0.5974,21
"METABRIC","GGI",24,750,0.5946,21
"METABRIC","GGI",24,751,0.5934,19
"METABRIC","GGI",24,752,0.5939,21
"METABRIC","GGI",24,753,0.5969,21
"METABRIC","GGI",24,754,0.5941,21
"METABRIC","GGI",24,755,0.5925,20
"METABRIC","GGI",24,756,0.5944,21
"METABRIC","GGI",24,757,0.5935,18
"METABRIC","GGI",24,758,0.5977,20
"METABRIC","GGI",24,759,0.5948,21
"METABRIC","GGI",24,760,0.5909,21
"METABRIC","GGI",24,761,0.5911,21
"METABRIC","GGI",24,762,0.5916,20
"METABRIC","GGI",24,763,0.5892,19
"METABRIC","GGI",24,764,0.5972,21
"METABRIC","GGI",24,765,0.5944,21
"METABRIC","GGI",24,766,0.5915,21
"METABRIC","GGI",24,767,0.5915,17
"METABRIC","GGI",24,768,0.5875,20
"METABRIC","GGI",24,769,0.5947,21
"METABRIC","GGI",24,770,0.5957,21
"METABRIC","GGI",24,771,0.5922,21
"METABRIC","GGI",24,772,0.5936,21
"METABRIC","GGI",24,773,0.5986,21
"METABRIC","GGI",24,774,0.5914,21
"METABRIC","GGI",24,775,0.5905,16
"METABRIC","GGI",24,776,0.5904,21
"METABRIC","GGI",24,777,0.5908,21
"METABRIC","GGI",24,778,0.5882,20
"METABRIC","GGI",24,779,0.5897,21
"METABRIC","GGI",24,780,0.5936,21
"METABRIC","GGI",24,781,0.594,21
"METABRIC","GGI",24,782,0.5885,21
"METABRIC","GGI",24,783,0.5922,21
"METABRIC","GGI",24,784,0.5934,21
"METABRIC","GGI",24,785,0.5946,21
"METABRIC","GGI",24,786,0.592,21
"METABRIC","GGI",24,787,0.5935,21
"METABRIC","GGI",24,788,0.5935,21
"METABRIC","GGI",24,789,0.595,20
"METABRIC","GGI",24,790,0.5911,21
"METABRIC","GGI",24,791,NA,NA
"METABRIC","GGI",24,792,0.5939,21
"METABRIC","GGI",24,793,0.5896,20
"METABRIC","GGI",24,794,0.5927,18
"METABRIC","GGI",24,795,0.5931,21
"METABRIC","GGI",24,796,0.5885,21
"METABRIC","GGI",24,797,0.5935,21
"METABRIC","GGI",24,798,0.5915,21
"METABRIC","GGI",24,799,0.595,21
"METABRIC","GGI",24,800,0.5904,21
"METABRIC","GGI",24,801,0.5964,21
"METABRIC","GGI",24,802,0.5933,21
"METABRIC","GGI",24,803,0.5914,21
"METABRIC","GGI",24,804,0.5903,21
"METABRIC","GGI",24,805,0.5953,21
"METABRIC","GGI",24,806,0.5905,21
"METABRIC","GGI",24,807,0.594,21
"METABRIC","GGI",24,808,0.5952,18
"METABRIC","GGI",24,809,0.5929,21
"METABRIC","GGI",24,810,0.5928,21
"METABRIC","GGI",24,811,0.5913,21
"METABRIC","GGI",24,812,0.5919,19
"METABRIC","GGI",24,813,0.5927,21
"METABRIC","GGI",24,814,0.5928,21
"METABRIC","GGI",24,815,0.5955,21
"METABRIC","GGI",24,816,0.5923,18
"METABRIC","GGI",24,817,0.5928,21
"METABRIC","GGI",24,818,0.595,21
"METABRIC","GGI",24,819,0.5976,21
"METABRIC","GGI",24,820,0.5917,21
"METABRIC","GGI",24,821,0.5904,21
"METABRIC","GGI",24,822,0.5925,21
"METABRIC","GGI",24,823,0.5916,21
"METABRIC","GGI",24,824,0.5906,21
"METABRIC","GGI",24,825,0.5957,21
"METABRIC","GGI",24,826,0.5905,19
"METABRIC","GGI",24,827,0.5919,20
"METABRIC","GGI",24,828,0.5979,21
"METABRIC","GGI",24,829,0.5935,21
"METABRIC","GGI",24,830,0.5931,21
"METABRIC","GGI",24,831,0.5897,18
"METABRIC","GGI",24,832,0.5912,21
"METABRIC","GGI",24,833,0.5922,21
"METABRIC","GGI",24,834,0.5947,21
"METABRIC","GGI",24,835,0.5921,19
"METABRIC","GGI",24,836,0.5943,21
"METABRIC","GGI",24,837,0.5944,21
"METABRIC","GGI",24,838,0.5929,21
"METABRIC","GGI",24,839,0.5945,21
"METABRIC","GGI",24,840,0.5926,21
"METABRIC","GGI",24,841,0.5936,21
"METABRIC","GGI",24,842,0.5941,21
"METABRIC","GGI",24,843,0.5935,21
"METABRIC","GGI",24,844,0.5918,21
"METABRIC","GGI",24,845,0.5927,21
"METABRIC","GGI",24,846,0.5912,21
"METABRIC","GGI",24,847,0.5924,21
"METABRIC","GGI",24,848,0.5977,21
"METABRIC","GGI",24,849,0.5901,21
"METABRIC","GGI",24,850,0.5932,21
"METABRIC","GGI",24,851,0.5936,21
"METABRIC","GGI",24,852,0.5935,21
"METABRIC","GGI",24,853,0.5896,19
"METABRIC","GGI",24,854,0.5903,20
"METABRIC","GGI",24,855,0.5976,21
"METABRIC","GGI",24,856,0.592,21
"METABRIC","GGI",24,857,0.5943,21
"METABRIC","GGI",24,858,0.5957,21
"METABRIC","GGI",24,859,0.5962,18
"METABRIC","GGI",24,860,0.594,21
"METABRIC","GGI",24,861,0.5908,21
"METABRIC","GGI",24,862,0.5956,21
"METABRIC","GGI",24,863,0.5928,21
"METABRIC","GGI",24,864,0.5938,21
"METABRIC","GGI",24,865,0.594,21
"METABRIC","GGI",24,866,0.5948,21
"METABRIC","GGI",24,867,0.5906,21
"METABRIC","GGI",24,868,0.5985,21
"METABRIC","GGI",24,869,0.5956,21
"METABRIC","GGI",24,870,0.5944,21
"METABRIC","GGI",24,871,0.5941,21
"METABRIC","GGI",24,872,0.5904,20
"METABRIC","GGI",24,873,0.5904,21
"METABRIC","GGI",24,874,0.5949,20
"METABRIC","GGI",24,875,0.5922,21
"METABRIC","GGI",24,876,0.5941,21
"METABRIC","GGI",24,877,0.5937,21
"METABRIC","GGI",24,878,0.5952,21
"METABRIC","GGI",24,879,0.597,21
"METABRIC","GGI",24,880,0.5899,21
"METABRIC","GGI",24,881,0.5923,21
"METABRIC","GGI",24,882,0.5952,21
"METABRIC","GGI",24,883,0.591,21
"METABRIC","GGI",24,884,0.5923,21
"METABRIC","GGI",24,885,0.5905,21
"METABRIC","GGI",24,886,0.5947,21
"METABRIC","GGI",24,887,0.5929,21
"METABRIC","GGI",24,888,0.597,21
"METABRIC","GGI",24,889,0.5924,21
"METABRIC","GGI",24,890,0.5877,21
"METABRIC","GGI",24,891,0.5953,21
"METABRIC","GGI",24,892,0.5904,21
"METABRIC","GGI",24,893,0.5923,21
"METABRIC","GGI",24,894,0.591,21
"METABRIC","GGI",24,895,0.5931,18
"METABRIC","GGI",24,896,0.5942,21
"METABRIC","GGI",24,897,0.5882,21
"METABRIC","GGI",24,898,0.5951,21
"METABRIC","GGI",24,899,0.59,21
"METABRIC","GGI",24,900,0.5942,21
"METABRIC","GGI",24,901,0.5876,20
"METABRIC","GGI",24,902,0.5906,20
"METABRIC","GGI",24,903,0.5965,21
"METABRIC","GGI",24,904,0.5926,20
"METABRIC","GGI",24,905,0.5905,21
"METABRIC","GGI",24,906,0.593,21
"METABRIC","GGI",24,907,0.5934,18
"METABRIC","GGI",24,908,0.589,21
"METABRIC","GGI",24,909,0.595,21
"METABRIC","GGI",24,910,0.5925,21
"METABRIC","GGI",24,911,0.5955,21
"METABRIC","GGI",24,912,0.5891,20
"METABRIC","GGI",24,913,0.5889,20
"METABRIC","GGI",24,914,0.5967,19
"METABRIC","GGI",24,915,0.5931,21
"METABRIC","GGI",24,916,0.5905,21
"METABRIC","GGI",24,917,0.597,21
"METABRIC","GGI",24,918,0.5907,21
"METABRIC","GGI",24,919,0.5951,21
"METABRIC","GGI",24,920,0.5968,21
"METABRIC","GGI",24,921,0.5926,21
"METABRIC","GGI",24,922,0.5957,21
"METABRIC","GGI",24,923,0.596,21
"METABRIC","GGI",24,924,0.589,21
"METABRIC","GGI",24,925,0.5914,21
"METABRIC","GGI",24,926,0.5931,19
"METABRIC","GGI",24,927,0.5902,21
"METABRIC","GGI",24,928,0.595,21
"METABRIC","GGI",24,929,0.5912,21
"METABRIC","GGI",24,930,0.5943,21
"METABRIC","GGI",24,931,0.5935,21
"METABRIC","GGI",24,932,0.594,21
"METABRIC","GGI",24,933,0.5932,20
"METABRIC","GGI",24,934,0.5896,21
"METABRIC","GGI",24,935,0.5923,21
"METABRIC","GGI",24,936,0.5941,21
"METABRIC","GGI",24,937,0.5919,20
"METABRIC","GGI",24,938,0.5898,21
"METABRIC","GGI",24,939,0.5912,21
"METABRIC","GGI",24,940,0.5987,21
"METABRIC","GGI",24,941,0.5897,16
"METABRIC","GGI",24,942,0.5928,21
"METABRIC","GGI",24,943,0.5959,21
"METABRIC","GGI",24,944,0.5921,21
"METABRIC","GGI",24,945,0.5918,21
"METABRIC","GGI",24,946,0.594,21
"METABRIC","GGI",24,947,0.5864,19
"METABRIC","GGI",24,948,0.5932,21
"METABRIC","GGI",24,949,0.5886,21
"METABRIC","GGI",24,950,0.5947,21
"METABRIC","GGI",24,951,0.5957,21
"METABRIC","GGI",24,952,0.5944,18
"METABRIC","GGI",24,953,0.5922,21
"METABRIC","GGI",24,954,0.5923,21
"METABRIC","GGI",24,955,0.5885,21
"METABRIC","GGI",24,956,0.5909,21
"METABRIC","GGI",24,957,0.5905,21
"METABRIC","GGI",24,958,0.5968,21
"METABRIC","GGI",24,959,0.5971,20
"METABRIC","GGI",24,960,0.5934,21
"METABRIC","GGI",24,961,0.589,21
"METABRIC","GGI",24,962,0.5932,21
"METABRIC","GGI",24,963,0.5943,21
"METABRIC","GGI",24,964,0.5885,21
"METABRIC","GGI",24,965,0.5912,21
"METABRIC","GGI",24,966,0.5932,21
"METABRIC","GGI",24,967,0.5942,21
"METABRIC","GGI",24,968,0.5956,21
"METABRIC","GGI",24,969,0.5975,19
"METABRIC","GGI",24,970,0.5941,21
"METABRIC","GGI",24,971,0.5965,20
"METABRIC","GGI",24,972,0.5957,21
"METABRIC","GGI",24,973,0.5915,21
"METABRIC","GGI",24,974,0.5919,21
"METABRIC","GGI",24,975,0.5924,20
"METABRIC","GGI",24,976,0.5922,21
"METABRIC","GGI",24,977,0.5944,21
"METABRIC","GGI",24,978,0.5919,21
"METABRIC","GGI",24,979,0.5917,21
"METABRIC","GGI",24,980,0.5917,19
"METABRIC","GGI",24,981,0.5989,20
"METABRIC","GGI",24,982,0.5954,21
"METABRIC","GGI",24,983,0.5926,20
"METABRIC","GGI",24,984,0.5924,21
"METABRIC","GGI",24,985,0.5911,21
"METABRIC","GGI",24,986,0.593,21
"METABRIC","GGI",24,987,0.5951,20
"METABRIC","GGI",24,988,0.5915,21
"METABRIC","GGI",24,989,0.5936,21
"METABRIC","GGI",24,990,0.5942,20
"METABRIC","GGI",24,991,0.5908,21
"METABRIC","GGI",24,992,0.5929,21
"METABRIC","GGI",24,993,0.5951,21
"METABRIC","GGI",24,994,0.5982,21
"METABRIC","GGI",24,995,0.5905,21
"METABRIC","GGI",24,996,0.5927,21
"METABRIC","GGI",24,997,0.5915,21
"METABRIC","GGI",24,998,0.5912,21
"METABRIC","GGI",24,999,0.5953,21
"METABRIC","GGI",24,1000,0.5862,21
"METABRIC","GGI",15,1,0.5895,12
"METABRIC","GGI",15,2,0.5957,12
"METABRIC","GGI",15,3,0.5919,12
"METABRIC","GGI",15,4,0.5949,12
"METABRIC","GGI",15,5,0.592,11
"METABRIC","GGI",15,6,0.5957,12
"METABRIC","GGI",15,7,0.5944,12
"METABRIC","GGI",15,8,0.5905,12
"METABRIC","GGI",15,9,0.5874,11
"METABRIC","GGI",15,10,0.592,12
"METABRIC","GGI",15,11,0.593,12
"METABRIC","GGI",15,12,0.5906,12
"METABRIC","GGI",15,13,0.5935,12
"METABRIC","GGI",15,14,0.5938,12
"METABRIC","GGI",15,15,0.5924,12
"METABRIC","GGI",15,16,0.5963,12
"METABRIC","GGI",15,17,0.5906,12
"METABRIC","GGI",15,18,0.5863,12
"METABRIC","GGI",15,19,0.5893,12
"METABRIC","GGI",15,20,0.5972,12
"METABRIC","GGI",15,21,0.5904,12
"METABRIC","GGI",15,22,0.594,12
"METABRIC","GGI",15,23,0.5918,12
"METABRIC","GGI",15,24,0.5953,11
"METABRIC","GGI",15,25,0.5931,12
"METABRIC","GGI",15,26,0.5942,12
"METABRIC","GGI",15,27,0.5905,12
"METABRIC","GGI",15,28,0.5878,9
"METABRIC","GGI",15,29,0.5874,12
"METABRIC","GGI",15,30,0.5896,12
"METABRIC","GGI",15,31,0.593,12
"METABRIC","GGI",15,32,0.5915,12
"METABRIC","GGI",15,33,0.5904,12
"METABRIC","GGI",15,34,0.5904,12
"METABRIC","GGI",15,35,0.5954,12
"METABRIC","GGI",15,36,0.5875,12
"METABRIC","GGI",15,37,0.5895,12
"METABRIC","GGI",15,38,0.5912,12
"METABRIC","GGI",15,39,0.5936,12
"METABRIC","GGI",15,40,0.5916,12
"METABRIC","GGI",15,41,0.5937,12
"METABRIC","GGI",15,42,0.5911,11
"METABRIC","GGI",15,43,0.5967,12
"METABRIC","GGI",15,44,0.5885,12
"METABRIC","GGI",15,45,0.5915,12
"METABRIC","GGI",15,46,0.5816,12
"METABRIC","GGI",15,47,0.5931,12
"METABRIC","GGI",15,48,0.5907,12
"METABRIC","GGI",15,49,0.59,11
"METABRIC","GGI",15,50,0.5911,10
"METABRIC","GGI",15,51,0.5932,12
"METABRIC","GGI",15,52,0.5934,12
"METABRIC","GGI",15,53,0.592,12
"METABRIC","GGI",15,54,0.5877,11
"METABRIC","GGI",15,55,0.5924,12
"METABRIC","GGI",15,56,0.5878,11
"METABRIC","GGI",15,57,0.5866,12
"METABRIC","GGI",15,58,0.5911,12
"METABRIC","GGI",15,59,0.5944,12
"METABRIC","GGI",15,60,0.5908,11
"METABRIC","GGI",15,61,0.5926,12
"METABRIC","GGI",15,62,0.5907,11
"METABRIC","GGI",15,63,0.5932,12
"METABRIC","GGI",15,64,0.5929,12
"METABRIC","GGI",15,65,0.5893,11
"METABRIC","GGI",15,66,0.5985,12
"METABRIC","GGI",15,67,0.5889,12
"METABRIC","GGI",15,68,0.591,12
"METABRIC","GGI",15,69,0.5929,12
"METABRIC","GGI",15,70,0.5857,11
"METABRIC","GGI",15,71,0.5944,12
"METABRIC","GGI",15,72,0.59,12
"METABRIC","GGI",15,73,0.5857,11
"METABRIC","GGI",15,74,0.5979,12
"METABRIC","GGI",15,75,0.5833,12
"METABRIC","GGI",15,76,0.5954,12
"METABRIC","GGI",15,77,0.5898,12
"METABRIC","GGI",15,78,0.5885,11
"METABRIC","GGI",15,79,0.5882,12
"METABRIC","GGI",15,80,0.5924,12
"METABRIC","GGI",15,81,0.5906,12
"METABRIC","GGI",15,82,0.5888,12
"METABRIC","GGI",15,83,0.5885,12
"METABRIC","GGI",15,84,0.5882,12
"METABRIC","GGI",15,85,0.5934,12
"METABRIC","GGI",15,86,0.5957,12
"METABRIC","GGI",15,87,0.5963,12
"METABRIC","GGI",15,88,0.5906,12
"METABRIC","GGI",15,89,0.5883,11
"METABRIC","GGI",15,90,0.5972,12
"METABRIC","GGI",15,91,0.5943,12
"METABRIC","GGI",15,92,0.5939,12
"METABRIC","GGI",15,93,0.5962,12
"METABRIC","GGI",15,94,0.5943,12
"METABRIC","GGI",15,95,0.5903,12
"METABRIC","GGI",15,96,0.5887,12
"METABRIC","GGI",15,97,0.592,12
"METABRIC","GGI",15,98,0.5894,12
"METABRIC","GGI",15,99,0.5945,12
"METABRIC","GGI",15,100,0.5985,12
"METABRIC","GGI",15,101,0.59,12
"METABRIC","GGI",15,102,0.5974,12
"METABRIC","GGI",15,103,0.5933,12
"METABRIC","GGI",15,104,0.5915,12
"METABRIC","GGI",15,105,0.5918,12
"METABRIC","GGI",15,106,0.5912,12
"METABRIC","GGI",15,107,0.5878,12
"METABRIC","GGI",15,108,0.5938,12
"METABRIC","GGI",15,109,0.5915,12
"METABRIC","GGI",15,110,0.5899,12
"METABRIC","GGI",15,111,0.5899,12
"METABRIC","GGI",15,112,0.5918,12
"METABRIC","GGI",15,113,0.5944,12
"METABRIC","GGI",15,114,0.5921,12
"METABRIC","GGI",15,115,0.5917,12
"METABRIC","GGI",15,116,0.5936,12
"METABRIC","GGI",15,117,0.586,11
"METABRIC","GGI",15,118,0.5895,12
"METABRIC","GGI",15,119,0.5941,12
"METABRIC","GGI",15,120,0.5859,11
"METABRIC","GGI",15,121,0.589,12
"METABRIC","GGI",15,122,0.5866,12
"METABRIC","GGI",15,123,0.5914,12
"METABRIC","GGI",15,124,0.59,12
"METABRIC","GGI",15,125,0.5882,12
"METABRIC","GGI",15,126,0.5869,12
"METABRIC","GGI",15,127,0.5903,12
"METABRIC","GGI",15,128,0.5908,12
"METABRIC","GGI",15,129,0.5938,12
"METABRIC","GGI",15,130,0.598,12
"METABRIC","GGI",15,131,0.5962,12
"METABRIC","GGI",15,132,0.5962,12
"METABRIC","GGI",15,133,0.5901,12
"METABRIC","GGI",15,134,0.5855,12
"METABRIC","GGI",15,135,0.5941,12
"METABRIC","GGI",15,136,0.587,12
"METABRIC","GGI",15,137,0.5911,12
"METABRIC","GGI",15,138,0.5948,12
"METABRIC","GGI",15,139,0.5989,12
"METABRIC","GGI",15,140,0.593,12
"METABRIC","GGI",15,141,0.5906,12
"METABRIC","GGI",15,142,0.5894,12
"METABRIC","GGI",15,143,0.5857,12
"METABRIC","GGI",15,144,0.5933,12
"METABRIC","GGI",15,145,0.59,12
"METABRIC","GGI",15,146,0.5918,12
"METABRIC","GGI",15,147,0.5885,12
"METABRIC","GGI",15,148,0.5929,12
"METABRIC","GGI",15,149,0.5936,12
"METABRIC","GGI",15,150,0.5854,12
"METABRIC","GGI",15,151,0.596,12
"METABRIC","GGI",15,152,0.5916,12
"METABRIC","GGI",15,153,0.5924,10
"METABRIC","GGI",15,154,0.5896,12
"METABRIC","GGI",15,155,0.595,12
"METABRIC","GGI",15,156,0.5922,12
"METABRIC","GGI",15,157,0.5917,11
"METABRIC","GGI",15,158,0.594,12
"METABRIC","GGI",15,159,0.588,12
"METABRIC","GGI",15,160,0.593,12
"METABRIC","GGI",15,161,0.5914,12
"METABRIC","GGI",15,162,0.5905,12
"METABRIC","GGI",15,163,0.5907,10
"METABRIC","GGI",15,164,0.5938,12
"METABRIC","GGI",15,165,0.5906,12
"METABRIC","GGI",15,166,0.5862,10
"METABRIC","GGI",15,167,0.595,12
"METABRIC","GGI",15,168,0.5893,12
"METABRIC","GGI",15,169,0.5912,12
"METABRIC","GGI",15,170,0.5898,12
"METABRIC","GGI",15,171,0.5902,12
"METABRIC","GGI",15,172,0.5942,11
"METABRIC","GGI",15,173,0.591,10
"METABRIC","GGI",15,174,0.5944,12
"METABRIC","GGI",15,175,0.5917,12
"METABRIC","GGI",15,176,0.5914,12
"METABRIC","GGI",15,177,0.5948,12
"METABRIC","GGI",15,178,0.5953,12
"METABRIC","GGI",15,179,0.5903,12
"METABRIC","GGI",15,180,0.5876,12
"METABRIC","GGI",15,181,0.5875,12
"METABRIC","GGI",15,182,0.592,12
"METABRIC","GGI",15,183,0.5879,10
"METABRIC","GGI",15,184,0.5927,11
"METABRIC","GGI",15,185,0.5936,12
"METABRIC","GGI",15,186,0.5948,12
"METABRIC","GGI",15,187,0.5958,12
"METABRIC","GGI",15,188,0.593,12
"METABRIC","GGI",15,189,0.5925,12
"METABRIC","GGI",15,190,0.5896,12
"METABRIC","GGI",15,191,0.5928,12
"METABRIC","GGI",15,192,0.5888,12
"METABRIC","GGI",15,193,0.5904,12
"METABRIC","GGI",15,194,0.5933,12
"METABRIC","GGI",15,195,0.5879,12
"METABRIC","GGI",15,196,0.585,10
"METABRIC","GGI",15,197,0.5951,10
"METABRIC","GGI",15,198,0.5952,12
"METABRIC","GGI",15,199,0.5936,12
"METABRIC","GGI",15,200,0.5874,12
"METABRIC","GGI",15,201,0.5884,12
"METABRIC","GGI",15,202,0.5949,12
"METABRIC","GGI",15,203,0.5878,12
"METABRIC","GGI",15,204,0.5922,12
"METABRIC","GGI",15,205,0.595,12
"METABRIC","GGI",15,206,0.5953,12
"METABRIC","GGI",15,207,0.5903,12
"METABRIC","GGI",15,208,0.5954,12
"METABRIC","GGI",15,209,0.5965,10
"METABRIC","GGI",15,210,0.5926,12
"METABRIC","GGI",15,211,0.5968,12
"METABRIC","GGI",15,212,0.5878,12
"METABRIC","GGI",15,213,0.5889,12
"METABRIC","GGI",15,214,0.5925,12
"METABRIC","GGI",15,215,0.5885,12
"METABRIC","GGI",15,216,0.5932,12
"METABRIC","GGI",15,217,0.5916,11
"METABRIC","GGI",15,218,0.592,12
"METABRIC","GGI",15,219,0.592,12
"METABRIC","GGI",15,220,0.5918,12
"METABRIC","GGI",15,221,0.5896,12
"METABRIC","GGI",15,222,0.5925,12
"METABRIC","GGI",15,223,0.5944,12
"METABRIC","GGI",15,224,0.5951,10
"METABRIC","GGI",15,225,0.5923,12
"METABRIC","GGI",15,226,0.59,12
"METABRIC","GGI",15,227,0.5921,12
"METABRIC","GGI",15,228,0.5887,11
"METABRIC","GGI",15,229,0.5973,11
"METABRIC","GGI",15,230,0.5932,11
"METABRIC","GGI",15,231,0.585,12
"METABRIC","GGI",15,232,0.5957,11
"METABRIC","GGI",15,233,0.5898,12
"METABRIC","GGI",15,234,0.5916,12
"METABRIC","GGI",15,235,0.5939,12
"METABRIC","GGI",15,236,0.5941,12
"METABRIC","GGI",15,237,0.5894,12
"METABRIC","GGI",15,238,0.5914,12
"METABRIC","GGI",15,239,0.5931,12
"METABRIC","GGI",15,240,0.5887,12
"METABRIC","GGI",15,241,0.5963,12
"METABRIC","GGI",15,242,0.5913,12
"METABRIC","GGI",15,243,0.5956,12
"METABRIC","GGI",15,244,0.595,11
"METABRIC","GGI",15,245,0.5913,12
"METABRIC","GGI",15,246,0.5988,9
"METABRIC","GGI",15,247,0.595,12
"METABRIC","GGI",15,248,0.5911,12
"METABRIC","GGI",15,249,0.5863,12
"METABRIC","GGI",15,250,0.5912,12
"METABRIC","GGI",15,251,0.5906,12
"METABRIC","GGI",15,252,0.5908,12
"METABRIC","GGI",15,253,0.589,12
"METABRIC","GGI",15,254,0.5965,12
"METABRIC","GGI",15,255,0.5848,12
"METABRIC","GGI",15,256,0.5931,12
"METABRIC","GGI",15,257,0.591,12
"METABRIC","GGI",15,258,0.5876,12
"METABRIC","GGI",15,259,0.5937,11
"METABRIC","GGI",15,260,0.5905,12
"METABRIC","GGI",15,261,0.5945,12
"METABRIC","GGI",15,262,0.5875,12
"METABRIC","GGI",15,263,0.5951,12
"METABRIC","GGI",15,264,0.5944,12
"METABRIC","GGI",15,265,0.5986,12
"METABRIC","GGI",15,266,0.593,12
"METABRIC","GGI",15,267,0.5929,12
"METABRIC","GGI",15,268,0.5934,12
"METABRIC","GGI",15,269,0.59,12
"METABRIC","GGI",15,270,0.593,11
"METABRIC","GGI",15,271,0.5961,12
"METABRIC","GGI",15,272,0.5917,12
"METABRIC","GGI",15,273,0.5956,12
"METABRIC","GGI",15,274,0.5967,12
"METABRIC","GGI",15,275,0.589,12
"METABRIC","GGI",15,276,0.5967,12
"METABRIC","GGI",15,277,0.5917,12
"METABRIC","GGI",15,278,0.595,12
"METABRIC","GGI",15,279,0.5909,12
"METABRIC","GGI",15,280,0.591,12
"METABRIC","GGI",15,281,0.5915,12
"METABRIC","GGI",15,282,0.5933,12
"METABRIC","GGI",15,283,0.5897,12
"METABRIC","GGI",15,284,0.5929,12
"METABRIC","GGI",15,285,0.5955,12
"METABRIC","GGI",15,286,0.5893,11
"METABRIC","GGI",15,287,0.5901,12
"METABRIC","GGI",15,288,0.5875,12
"METABRIC","GGI",15,289,0.5912,12
"METABRIC","GGI",15,290,0.5899,11
"METABRIC","GGI",15,291,0.591,12
"METABRIC","GGI",15,292,0.5927,12
"METABRIC","GGI",15,293,0.5929,12
"METABRIC","GGI",15,294,0.5953,12
"METABRIC","GGI",15,295,0.5873,12
"METABRIC","GGI",15,296,0.5894,12
"METABRIC","GGI",15,297,0.5913,11
"METABRIC","GGI",15,298,0.59,11
"METABRIC","GGI",15,299,0.5939,12
"METABRIC","GGI",15,300,0.5863,12
"METABRIC","GGI",15,301,0.5952,12
"METABRIC","GGI",15,302,0.5946,12
"METABRIC","GGI",15,303,0.5918,12
"METABRIC","GGI",15,304,0.5907,12
"METABRIC","GGI",15,305,0.591,12
"METABRIC","GGI",15,306,0.5885,12
"METABRIC","GGI",15,307,0.5861,12
"METABRIC","GGI",15,308,0.5936,12
"METABRIC","GGI",15,309,0.5911,12
"METABRIC","GGI",15,310,0.5913,12
"METABRIC","GGI",15,311,0.5862,12
"METABRIC","GGI",15,312,0.5994,12
"METABRIC","GGI",15,313,0.5959,12
"METABRIC","GGI",15,314,0.588,12
"METABRIC","GGI",15,315,0.5951,12
"METABRIC","GGI",15,316,0.5912,12
"METABRIC","GGI",15,317,0.5905,12
"METABRIC","GGI",15,318,0.5902,12
"METABRIC","GGI",15,319,0.5927,12
"METABRIC","GGI",15,320,0.5923,11
"METABRIC","GGI",15,321,0.5922,12
"METABRIC","GGI",15,322,0.5864,12
"METABRIC","GGI",15,323,0.5873,12
"METABRIC","GGI",15,324,0.5946,12
"METABRIC","GGI",15,325,0.5886,12
"METABRIC","GGI",15,326,0.5822,12
"METABRIC","GGI",15,327,0.5876,10
"METABRIC","GGI",15,328,0.5921,12
"METABRIC","GGI",15,329,0.5868,12
"METABRIC","GGI",15,330,0.5917,12
"METABRIC","GGI",15,331,0.5941,12
"METABRIC","GGI",15,332,0.5948,11
"METABRIC","GGI",15,333,0.5887,12
"METABRIC","GGI",15,334,0.5876,12
"METABRIC","GGI",15,335,0.5867,12
"METABRIC","GGI",15,336,0.5951,12
"METABRIC","GGI",15,337,0.591,12
"METABRIC","GGI",15,338,0.5964,12
"METABRIC","GGI",15,339,0.594,12
"METABRIC","GGI",15,340,0.5871,12
"METABRIC","GGI",15,341,0.5905,10
"METABRIC","GGI",15,342,0.5937,12
"METABRIC","GGI",15,343,0.5939,11
"METABRIC","GGI",15,344,0.5929,12
"METABRIC","GGI",15,345,0.597,12
"METABRIC","GGI",15,346,0.5894,12
"METABRIC","GGI",15,347,0.5963,12
"METABRIC","GGI",15,348,0.5988,11
"METABRIC","GGI",15,349,0.5881,12
"METABRIC","GGI",15,350,0.5964,12
"METABRIC","GGI",15,351,0.5877,8
"METABRIC","GGI",15,352,0.5862,11
"METABRIC","GGI",15,353,0.588,12
"METABRIC","GGI",15,354,0.5898,12
"METABRIC","GGI",15,355,0.595,12
"METABRIC","GGI",15,356,0.5944,12
"METABRIC","GGI",15,357,0.5841,12
"METABRIC","GGI",15,358,0.5886,12
"METABRIC","GGI",15,359,0.5903,12
"METABRIC","GGI",15,360,0.5937,12
"METABRIC","GGI",15,361,0.5912,12
"METABRIC","GGI",15,362,0.5893,12
"METABRIC","GGI",15,363,0.5879,12
"METABRIC","GGI",15,364,0.5918,12
"METABRIC","GGI",15,365,0.5854,12
"METABRIC","GGI",15,366,0.5947,12
"METABRIC","GGI",15,367,0.5918,12
"METABRIC","GGI",15,368,0.5937,12
"METABRIC","GGI",15,369,0.5903,11
"METABRIC","GGI",15,370,0.5892,10
"METABRIC","GGI",15,371,0.589,12
"METABRIC","GGI",15,372,0.5859,8
"METABRIC","GGI",15,373,0.5946,12
"METABRIC","GGI",15,374,0.5917,11
"METABRIC","GGI",15,375,0.5938,12
"METABRIC","GGI",15,376,0.5918,12
"METABRIC","GGI",15,377,0.5884,11
"METABRIC","GGI",15,378,0.5935,12
"METABRIC","GGI",15,379,0.5932,12
"METABRIC","GGI",15,380,0.5947,10
"METABRIC","GGI",15,381,0.5959,12
"METABRIC","GGI",15,382,0.5918,10
"METABRIC","GGI",15,383,0.593,11
"METABRIC","GGI",15,384,0.592,12
"METABRIC","GGI",15,385,0.5887,12
"METABRIC","GGI",15,386,0.5904,12
"METABRIC","GGI",15,387,0.5914,12
"METABRIC","GGI",15,388,0.591,12
"METABRIC","GGI",15,389,0.593,12
"METABRIC","GGI",15,390,0.5938,12
"METABRIC","GGI",15,391,0.5915,12
"METABRIC","GGI",15,392,0.5886,10
"METABRIC","GGI",15,393,0.5908,11
"METABRIC","GGI",15,394,0.5897,12
"METABRIC","GGI",15,395,0.5895,12
"METABRIC","GGI",15,396,0.5898,12
"METABRIC","GGI",15,397,0.5894,12
"METABRIC","GGI",15,398,0.5978,12
"METABRIC","GGI",15,399,0.5926,12
"METABRIC","GGI",15,400,0.5929,12
"METABRIC","GGI",15,401,0.5856,10
"METABRIC","GGI",15,402,0.5947,12
"METABRIC","GGI",15,403,0.5897,12
"METABRIC","GGI",15,404,0.5961,12
"METABRIC","GGI",15,405,0.5893,12
"METABRIC","GGI",15,406,0.592,12
"METABRIC","GGI",15,407,0.5939,12
"METABRIC","GGI",15,408,0.5971,12
"METABRIC","GGI",15,409,0.5925,12
"METABRIC","GGI",15,410,0.5925,12
"METABRIC","GGI",15,411,0.5929,12
"METABRIC","GGI",15,412,0.5925,12
"METABRIC","GGI",15,413,0.5972,12
"METABRIC","GGI",15,414,0.5914,12
"METABRIC","GGI",15,415,0.5845,10
"METABRIC","GGI",15,416,0.5953,12
"METABRIC","GGI",15,417,0.5973,12
"METABRIC","GGI",15,418,0.5884,12
"METABRIC","GGI",15,419,0.5877,12
"METABRIC","GGI",15,420,0.5867,12
"METABRIC","GGI",15,421,0.5918,12
"METABRIC","GGI",15,422,0.599,12
"METABRIC","GGI",15,423,0.5941,11
"METABRIC","GGI",15,424,0.5913,12
"METABRIC","GGI",15,425,0.5911,12
"METABRIC","GGI",15,426,0.5912,12
"METABRIC","GGI",15,427,0.5899,12
"METABRIC","GGI",15,428,0.5919,12
"METABRIC","GGI",15,429,0.5899,12
"METABRIC","GGI",15,430,0.5916,12
"METABRIC","GGI",15,431,0.5918,12
"METABRIC","GGI",15,432,0.5865,12
"METABRIC","GGI",15,433,0.5915,12
"METABRIC","GGI",15,434,0.5934,12
"METABRIC","GGI",15,435,0.5894,12
"METABRIC","GGI",15,436,0.5902,12
"METABRIC","GGI",15,437,0.5956,12
"METABRIC","GGI",15,438,0.5901,10
"METABRIC","GGI",15,439,0.5914,12
"METABRIC","GGI",15,440,0.591,12
"METABRIC","GGI",15,441,0.5858,9
"METABRIC","GGI",15,442,0.5919,12
"METABRIC","GGI",15,443,0.5915,12
"METABRIC","GGI",15,444,0.595,11
"METABRIC","GGI",15,445,0.5929,12
"METABRIC","GGI",15,446,0.5875,12
"METABRIC","GGI",15,447,0.5913,12
"METABRIC","GGI",15,448,0.5987,12
"METABRIC","GGI",15,449,0.5906,12
"METABRIC","GGI",15,450,0.5981,12
"METABRIC","GGI",15,451,0.5945,12
"METABRIC","GGI",15,452,0.5931,12
"METABRIC","GGI",15,453,0.5898,12
"METABRIC","GGI",15,454,0.5924,12
"METABRIC","GGI",15,455,0.5879,12
"METABRIC","GGI",15,456,0.5913,12
"METABRIC","GGI",15,457,0.5923,12
"METABRIC","GGI",15,458,0.592,12
"METABRIC","GGI",15,459,0.5849,12
"METABRIC","GGI",15,460,0.5894,12
"METABRIC","GGI",15,461,0.587,12
"METABRIC","GGI",15,462,0.5893,12
"METABRIC","GGI",15,463,0.5919,12
"METABRIC","GGI",15,464,0.597,12
"METABRIC","GGI",15,465,0.593,12
"METABRIC","GGI",15,466,0.5953,12
"METABRIC","GGI",15,467,0.5903,12
"METABRIC","GGI",15,468,0.5951,12
"METABRIC","GGI",15,469,0.5905,12
"METABRIC","GGI",15,470,0.5943,12
"METABRIC","GGI",15,471,0.5956,12
"METABRIC","GGI",15,472,0.5875,12
"METABRIC","GGI",15,473,0.5921,12
"METABRIC","GGI",15,474,0.5881,12
"METABRIC","GGI",15,475,0.5918,12
"METABRIC","GGI",15,476,0.5901,12
"METABRIC","GGI",15,477,0.5926,10
"METABRIC","GGI",15,478,0.5921,12
"METABRIC","GGI",15,479,0.5879,12
"METABRIC","GGI",15,480,0.5908,12
"METABRIC","GGI",15,481,0.593,12
"METABRIC","GGI",15,482,0.5967,12
"METABRIC","GGI",15,483,0.5947,12
"METABRIC","GGI",15,484,0.5901,12
"METABRIC","GGI",15,485,0.5926,12
"METABRIC","GGI",15,486,0.5881,12
"METABRIC","GGI",15,487,0.5926,12
"METABRIC","GGI",15,488,0.5898,12
"METABRIC","GGI",15,489,0.5864,12
"METABRIC","GGI",15,490,0.5936,12
"METABRIC","GGI",15,491,0.591,11
"METABRIC","GGI",15,492,0.5903,12
"METABRIC","GGI",15,493,0.5915,12
"METABRIC","GGI",15,494,0.5891,12
"METABRIC","GGI",15,495,0.5927,12
"METABRIC","GGI",15,496,0.5924,12
"METABRIC","GGI",15,497,0.5938,12
"METABRIC","GGI",15,498,0.5943,12
"METABRIC","GGI",15,499,0.5868,12
"METABRIC","GGI",15,500,0.5886,12
"METABRIC","GGI",15,501,0.5944,12
"METABRIC","GGI",15,502,0.5875,12
"METABRIC","GGI",15,503,0.5896,12
"METABRIC","GGI",15,504,0.5936,9
"METABRIC","GGI",15,505,0.5974,12
"METABRIC","GGI",15,506,0.5886,12
"METABRIC","GGI",15,507,0.5858,12
"METABRIC","GGI",15,508,0.5879,12
"METABRIC","GGI",15,509,0.5904,12
"METABRIC","GGI",15,510,0.5985,12
"METABRIC","GGI",15,511,0.5925,12
"METABRIC","GGI",15,512,0.5864,12
"METABRIC","GGI",15,513,0.5869,12
"METABRIC","GGI",15,514,0.5912,12
"METABRIC","GGI",15,515,0.5918,12
"METABRIC","GGI",15,516,0.5842,12
"METABRIC","GGI",15,517,0.5978,12
"METABRIC","GGI",15,518,0.5912,12
"METABRIC","GGI",15,519,0.5942,12
"METABRIC","GGI",15,520,0.5875,12
"METABRIC","GGI",15,521,0.5945,12
"METABRIC","GGI",15,522,0.5929,12
"METABRIC","GGI",15,523,0.5858,12
"METABRIC","GGI",15,524,0.5943,12
"METABRIC","GGI",15,525,0.5978,12
"METABRIC","GGI",15,526,0.5951,12
"METABRIC","GGI",15,527,0.595,12
"METABRIC","GGI",15,528,0.5866,10
"METABRIC","GGI",15,529,0.5905,12
"METABRIC","GGI",15,530,0.5932,12
"METABRIC","GGI",15,531,0.5889,12
"METABRIC","GGI",15,532,0.5923,12
"METABRIC","GGI",15,533,0.592,12
"METABRIC","GGI",15,534,0.5949,10
"METABRIC","GGI",15,535,0.5927,12
"METABRIC","GGI",15,536,0.5847,12
"METABRIC","GGI",15,537,0.5932,12
"METABRIC","GGI",15,538,0.5915,12
"METABRIC","GGI",15,539,0.593,12
"METABRIC","GGI",15,540,0.587,12
"METABRIC","GGI",15,541,0.5911,12
"METABRIC","GGI",15,542,0.5934,12
"METABRIC","GGI",15,543,0.5911,12
"METABRIC","GGI",15,544,0.5945,12
"METABRIC","GGI",15,545,0.5919,11
"METABRIC","GGI",15,546,0.5989,12
"METABRIC","GGI",15,547,0.587,12
"METABRIC","GGI",15,548,0.5856,12
"METABRIC","GGI",15,549,0.5873,12
"METABRIC","GGI",15,550,0.5912,12
"METABRIC","GGI",15,551,0.5903,12
"METABRIC","GGI",15,552,0.5916,12
"METABRIC","GGI",15,553,0.5937,12
"METABRIC","GGI",15,554,0.5866,12
"METABRIC","GGI",15,555,0.5929,12
"METABRIC","GGI",15,556,0.5864,12
"METABRIC","GGI",15,557,0.5955,12
"METABRIC","GGI",15,558,0.5919,10
"METABRIC","GGI",15,559,0.5854,11
"METABRIC","GGI",15,560,0.5876,12
"METABRIC","GGI",15,561,0.5892,12
"METABRIC","GGI",15,562,0.5977,12
"METABRIC","GGI",15,563,0.5922,12
"METABRIC","GGI",15,564,0.5937,11
"METABRIC","GGI",15,565,0.587,12
"METABRIC","GGI",15,566,0.5917,12
"METABRIC","GGI",15,567,0.589,12
"METABRIC","GGI",15,568,0.592,12
"METABRIC","GGI",15,569,0.597,12
"METABRIC","GGI",15,570,0.5941,12
"METABRIC","GGI",15,571,0.5955,12
"METABRIC","GGI",15,572,0.589,12
"METABRIC","GGI",15,573,0.5882,12
"METABRIC","GGI",15,574,0.5925,12
"METABRIC","GGI",15,575,0.5962,10
"METABRIC","GGI",15,576,0.586,12
"METABRIC","GGI",15,577,0.5899,10
"METABRIC","GGI",15,578,0.589,12
"METABRIC","GGI",15,579,0.5874,12
"METABRIC","GGI",15,580,0.5881,12
"METABRIC","GGI",15,581,0.5934,9
"METABRIC","GGI",15,582,0.5965,12
"METABRIC","GGI",15,583,0.5964,12
"METABRIC","GGI",15,584,0.5939,12
"METABRIC","GGI",15,585,0.5952,12
"METABRIC","GGI",15,586,0.5919,12
"METABRIC","GGI",15,587,0.5915,12
"METABRIC","GGI",15,588,0.5885,12
"METABRIC","GGI",15,589,0.5894,12
"METABRIC","GGI",15,590,0.5917,12
"METABRIC","GGI",15,591,0.5892,11
"METABRIC","GGI",15,592,0.5944,12
"METABRIC","GGI",15,593,0.5992,12
"METABRIC","GGI",15,594,0.5902,12
"METABRIC","GGI",15,595,0.5872,11
"METABRIC","GGI",15,596,0.5901,12
"METABRIC","GGI",15,597,0.5922,12
"METABRIC","GGI",15,598,0.5896,12
"METABRIC","GGI",15,599,0.5979,12
"METABRIC","GGI",15,600,0.5878,12
"METABRIC","GGI",15,601,0.5932,12
"METABRIC","GGI",15,602,0.5928,12
"METABRIC","GGI",15,603,0.5903,11
"METABRIC","GGI",15,604,0.5917,12
"METABRIC","GGI",15,605,0.5944,12
"METABRIC","GGI",15,606,0.5905,12
"METABRIC","GGI",15,607,0.5918,12
"METABRIC","GGI",15,608,0.5923,12
"METABRIC","GGI",15,609,0.5972,12
"METABRIC","GGI",15,610,0.5894,12
"METABRIC","GGI",15,611,0.589,12
"METABRIC","GGI",15,612,0.5939,12
"METABRIC","GGI",15,613,0.601,12
"METABRIC","GGI",15,614,0.5938,12
"METABRIC","GGI",15,615,0.5853,12
"METABRIC","GGI",15,616,0.5982,12
"METABRIC","GGI",15,617,0.5909,12
"METABRIC","GGI",15,618,0.5878,12
"METABRIC","GGI",15,619,0.5873,12
"METABRIC","GGI",15,620,0.5943,12
"METABRIC","GGI",15,621,0.5977,12
"METABRIC","GGI",15,622,0.588,12
"METABRIC","GGI",15,623,0.5915,12
"METABRIC","GGI",15,624,0.592,12
"METABRIC","GGI",15,625,0.5896,12
"METABRIC","GGI",15,626,0.5959,12
"METABRIC","GGI",15,627,0.5873,12
"METABRIC","GGI",15,628,0.5917,12
"METABRIC","GGI",15,629,0.5893,12
"METABRIC","GGI",15,630,0.5943,12
"METABRIC","GGI",15,631,0.5858,12
"METABRIC","GGI",15,632,0.587,12
"METABRIC","GGI",15,633,0.5875,12
"METABRIC","GGI",15,634,0.5911,12
"METABRIC","GGI",15,635,0.5922,12
"METABRIC","GGI",15,636,0.5933,12
"METABRIC","GGI",15,637,0.5894,11
"METABRIC","GGI",15,638,0.5866,12
"METABRIC","GGI",15,639,0.5948,12
"METABRIC","GGI",15,640,0.5927,12
"METABRIC","GGI",15,641,0.5951,12
"METABRIC","GGI",15,642,0.599,11
"METABRIC","GGI",15,643,0.5928,12
"METABRIC","GGI",15,644,0.5909,12
"METABRIC","GGI",15,645,0.5889,12
"METABRIC","GGI",15,646,0.5918,12
"METABRIC","GGI",15,647,0.5865,12
"METABRIC","GGI",15,648,0.5933,12
"METABRIC","GGI",15,649,0.5929,12
"METABRIC","GGI",15,650,0.592,12
"METABRIC","GGI",15,651,0.5871,12
"METABRIC","GGI",15,652,0.588,12
"METABRIC","GGI",15,653,0.5942,12
"METABRIC","GGI",15,654,0.5943,11
"METABRIC","GGI",15,655,0.5862,12
"METABRIC","GGI",15,656,0.5921,12
"METABRIC","GGI",15,657,0.5926,12
"METABRIC","GGI",15,658,0.5897,12
"METABRIC","GGI",15,659,0.5876,12
"METABRIC","GGI",15,660,0.5843,12
"METABRIC","GGI",15,661,0.5942,12
"METABRIC","GGI",15,662,0.583,12
"METABRIC","GGI",15,663,0.5892,12
"METABRIC","GGI",15,664,0.5938,11
"METABRIC","GGI",15,665,0.5952,12
"METABRIC","GGI",15,666,0.5912,12
"METABRIC","GGI",15,667,0.5895,12
"METABRIC","GGI",15,668,0.5906,12
"METABRIC","GGI",15,669,0.5894,12
"METABRIC","GGI",15,670,0.5933,12
"METABRIC","GGI",15,671,0.5891,12
"METABRIC","GGI",15,672,0.5913,12
"METABRIC","GGI",15,673,0.5931,12
"METABRIC","GGI",15,674,0.5884,12
"METABRIC","GGI",15,675,0.5889,12
"METABRIC","GGI",15,676,0.5881,10
"METABRIC","GGI",15,677,0.591,12
"METABRIC","GGI",15,678,0.5953,12
"METABRIC","GGI",15,679,0.5923,11
"METABRIC","GGI",15,680,0.5893,12
"METABRIC","GGI",15,681,0.5921,11
"METABRIC","GGI",15,682,0.5932,11
"METABRIC","GGI",15,683,0.5905,12
"METABRIC","GGI",15,684,0.5846,12
"METABRIC","GGI",15,685,0.5893,12
"METABRIC","GGI",15,686,0.5958,12
"METABRIC","GGI",15,687,0.5898,12
"METABRIC","GGI",15,688,0.5871,12
"METABRIC","GGI",15,689,0.5908,12
"METABRIC","GGI",15,690,0.5894,10
"METABRIC","GGI",15,691,0.5917,12
"METABRIC","GGI",15,692,0.5916,12
"METABRIC","GGI",15,693,0.5917,10
"METABRIC","GGI",15,694,0.5973,12
"METABRIC","GGI",15,695,0.5912,12
"METABRIC","GGI",15,696,0.5968,12
"METABRIC","GGI",15,697,0.5947,12
"METABRIC","GGI",15,698,0.5903,12
"METABRIC","GGI",15,699,0.5937,12
"METABRIC","GGI",15,700,0.5911,12
"METABRIC","GGI",15,701,0.5862,12
"METABRIC","GGI",15,702,0.5882,12
"METABRIC","GGI",15,703,0.5884,12
"METABRIC","GGI",15,704,0.5897,12
"METABRIC","GGI",15,705,0.5926,12
"METABRIC","GGI",15,706,0.5912,12
"METABRIC","GGI",15,707,0.5902,12
"METABRIC","GGI",15,708,0.5892,10
"METABRIC","GGI",15,709,0.5886,12
"METABRIC","GGI",15,710,0.5905,12
"METABRIC","GGI",15,711,0.5963,11
"METABRIC","GGI",15,712,0.5898,11
"METABRIC","GGI",15,713,0.5832,10
"METABRIC","GGI",15,714,0.5953,12
"METABRIC","GGI",15,715,0.5953,12
"METABRIC","GGI",15,716,0.5891,12
"METABRIC","GGI",15,717,0.5945,11
"METABRIC","GGI",15,718,0.5941,12
"METABRIC","GGI",15,719,0.5948,12
"METABRIC","GGI",15,720,0.5925,12
"METABRIC","GGI",15,721,0.5894,12
"METABRIC","GGI",15,722,0.5936,12
"METABRIC","GGI",15,723,0.5931,12
"METABRIC","GGI",15,724,0.5928,12
"METABRIC","GGI",15,725,0.5966,12
"METABRIC","GGI",15,726,0.5905,11
"METABRIC","GGI",15,727,0.5875,12
"METABRIC","GGI",15,728,0.5932,12
"METABRIC","GGI",15,729,0.5987,12
"METABRIC","GGI",15,730,0.5943,12
"METABRIC","GGI",15,731,0.588,12
"METABRIC","GGI",15,732,0.5918,11
"METABRIC","GGI",15,733,0.5942,12
"METABRIC","GGI",15,734,0.5877,12
"METABRIC","GGI",15,735,0.5883,12
"METABRIC","GGI",15,736,0.5942,12
"METABRIC","GGI",15,737,0.5914,12
"METABRIC","GGI",15,738,0.5949,11
"METABRIC","GGI",15,739,0.5904,12
"METABRIC","GGI",15,740,0.5939,12
"METABRIC","GGI",15,741,0.5904,12
"METABRIC","GGI",15,742,0.5931,12
"METABRIC","GGI",15,743,0.5934,12
"METABRIC","GGI",15,744,0.5891,12
"METABRIC","GGI",15,745,0.5949,12
"METABRIC","GGI",15,746,0.5895,12
"METABRIC","GGI",15,747,0.5923,12
"METABRIC","GGI",15,748,0.5959,12
"METABRIC","GGI",15,749,0.5886,12
"METABRIC","GGI",15,750,0.598,12
"METABRIC","GGI",15,751,0.5976,12
"METABRIC","GGI",15,752,0.5923,12
"METABRIC","GGI",15,753,0.5884,12
"METABRIC","GGI",15,754,0.5874,12
"METABRIC","GGI",15,755,0.5956,12
"METABRIC","GGI",15,756,0.5973,12
"METABRIC","GGI",15,757,0.5954,12
"METABRIC","GGI",15,758,0.5937,12
"METABRIC","GGI",15,759,0.5937,12
"METABRIC","GGI",15,760,0.5925,12
"METABRIC","GGI",15,761,0.5924,12
"METABRIC","GGI",15,762,0.5849,12
"METABRIC","GGI",15,763,0.5928,12
"METABRIC","GGI",15,764,0.5931,12
"METABRIC","GGI",15,765,0.5941,12
"METABRIC","GGI",15,766,0.5928,12
"METABRIC","GGI",15,767,0.5858,12
"METABRIC","GGI",15,768,0.5878,12
"METABRIC","GGI",15,769,0.5923,12
"METABRIC","GGI",15,770,0.5922,12
"METABRIC","GGI",15,771,0.5897,12
"METABRIC","GGI",15,772,0.5938,12
"METABRIC","GGI",15,773,0.5936,12
"METABRIC","GGI",15,774,0.589,12
"METABRIC","GGI",15,775,0.5951,12
"METABRIC","GGI",15,776,0.5899,12
"METABRIC","GGI",15,777,0.5902,12
"METABRIC","GGI",15,778,0.5968,12
"METABRIC","GGI",15,779,0.5901,12
"METABRIC","GGI",15,780,0.5944,12
"METABRIC","GGI",15,781,0.5949,12
"METABRIC","GGI",15,782,0.5937,12
"METABRIC","GGI",15,783,0.5851,12
"METABRIC","GGI",15,784,0.5863,12
"METABRIC","GGI",15,785,0.5937,12
"METABRIC","GGI",15,786,0.6001,12
"METABRIC","GGI",15,787,0.5936,12
"METABRIC","GGI",15,788,0.5918,12
"METABRIC","GGI",15,789,0.5865,12
"METABRIC","GGI",15,790,0.5953,12
"METABRIC","GGI",15,791,0.592,11
"METABRIC","GGI",15,792,0.5914,9
"METABRIC","GGI",15,793,0.5902,12
"METABRIC","GGI",15,794,0.5939,12
"METABRIC","GGI",15,795,0.5953,9
"METABRIC","GGI",15,796,0.5915,12
"METABRIC","GGI",15,797,0.5908,12
"METABRIC","GGI",15,798,0.596,12
"METABRIC","GGI",15,799,0.5929,12
"METABRIC","GGI",15,800,0.5855,12
"METABRIC","GGI",15,801,0.5872,12
"METABRIC","GGI",15,802,0.5926,12
"METABRIC","GGI",15,803,0.5938,12
"METABRIC","GGI",15,804,0.5864,12
"METABRIC","GGI",15,805,0.5868,12
"METABRIC","GGI",15,806,0.595,12
"METABRIC","GGI",15,807,0.5956,12
"METABRIC","GGI",15,808,0.5957,12
"METABRIC","GGI",15,809,0.5925,12
"METABRIC","GGI",15,810,0.5917,12
"METABRIC","GGI",15,811,0.5886,11
"METABRIC","GGI",15,812,0.5944,12
"METABRIC","GGI",15,813,0.5964,7
"METABRIC","GGI",15,814,0.5889,12
"METABRIC","GGI",15,815,0.5934,12
"METABRIC","GGI",15,816,0.5934,12
"METABRIC","GGI",15,817,0.5849,12
"METABRIC","GGI",15,818,0.5952,10
"METABRIC","GGI",15,819,0.5917,12
"METABRIC","GGI",15,820,0.5969,12
"METABRIC","GGI",15,821,0.5912,12
"METABRIC","GGI",15,822,0.5935,12
"METABRIC","GGI",15,823,0.593,12
"METABRIC","GGI",15,824,0.5913,12
"METABRIC","GGI",15,825,0.5934,11
"METABRIC","GGI",15,826,0.5922,12
"METABRIC","GGI",15,827,0.5914,12
"METABRIC","GGI",15,828,0.5956,12
"METABRIC","GGI",15,829,0.5878,12
"METABRIC","GGI",15,830,0.5913,12
"METABRIC","GGI",15,831,0.5903,12
"METABRIC","GGI",15,832,0.5894,10
"METABRIC","GGI",15,833,0.596,12
"METABRIC","GGI",15,834,0.5917,12
"METABRIC","GGI",15,835,0.5941,11
"METABRIC","GGI",15,836,0.5892,12
"METABRIC","GGI",15,837,0.592,12
"METABRIC","GGI",15,838,0.5899,12
"METABRIC","GGI",15,839,0.5938,12
"METABRIC","GGI",15,840,0.5885,12
"METABRIC","GGI",15,841,0.589,12
"METABRIC","GGI",15,842,0.5918,12
"METABRIC","GGI",15,843,0.5922,12
"METABRIC","GGI",15,844,0.5916,11
"METABRIC","GGI",15,845,0.5958,12
"METABRIC","GGI",15,846,0.5913,12
"METABRIC","GGI",15,847,0.5908,12
"METABRIC","GGI",15,848,0.5868,12
"METABRIC","GGI",15,849,0.5953,12
"METABRIC","GGI",15,850,0.5977,12
"METABRIC","GGI",15,851,0.586,12
"METABRIC","GGI",15,852,0.5947,12
"METABRIC","GGI",15,853,0.5905,12
"METABRIC","GGI",15,854,0.5905,12
"METABRIC","GGI",15,855,0.5936,12
"METABRIC","GGI",15,856,0.5933,12
"METABRIC","GGI",15,857,0.5897,12
"METABRIC","GGI",15,858,0.5922,12
"METABRIC","GGI",15,859,0.5943,11
"METABRIC","GGI",15,860,0.5963,12
"METABRIC","GGI",15,861,0.5896,12
"METABRIC","GGI",15,862,0.591,12
"METABRIC","GGI",15,863,0.5931,12
"METABRIC","GGI",15,864,0.5909,12
"METABRIC","GGI",15,865,0.5934,12
"METABRIC","GGI",15,866,0.5878,12
"METABRIC","GGI",15,867,0.5921,12
"METABRIC","GGI",15,868,0.5914,12
"METABRIC","GGI",15,869,0.5955,12
"METABRIC","GGI",15,870,0.5906,12
"METABRIC","GGI",15,871,0.5895,12
"METABRIC","GGI",15,872,0.5939,12
"METABRIC","GGI",15,873,0.589,12
"METABRIC","GGI",15,874,0.592,12
"METABRIC","GGI",15,875,0.5846,12
"METABRIC","GGI",15,876,0.5901,11
"METABRIC","GGI",15,877,0.586,12
"METABRIC","GGI",15,878,0.5906,12
"METABRIC","GGI",15,879,0.5909,12
"METABRIC","GGI",15,880,0.5847,12
"METABRIC","GGI",15,881,0.5902,12
"METABRIC","GGI",15,882,0.5932,12
"METABRIC","GGI",15,883,0.5915,12
"METABRIC","GGI",15,884,0.5894,11
"METABRIC","GGI",15,885,0.5935,12
"METABRIC","GGI",15,886,0.5942,12
"METABRIC","GGI",15,887,0.5864,12
"METABRIC","GGI",15,888,0.5884,12
"METABRIC","GGI",15,889,0.5899,12
"METABRIC","GGI",15,890,0.5935,12
"METABRIC","GGI",15,891,0.5892,12
"METABRIC","GGI",15,892,0.5903,12
"METABRIC","GGI",15,893,0.5886,12
"METABRIC","GGI",15,894,0.5944,12
"METABRIC","GGI",15,895,0.5941,12
"METABRIC","GGI",15,896,0.5913,10
"METABRIC","GGI",15,897,0.5937,12
"METABRIC","GGI",15,898,0.5868,12
"METABRIC","GGI",15,899,0.5943,12
"METABRIC","GGI",15,900,0.5883,12
"METABRIC","GGI",15,901,0.5924,12
"METABRIC","GGI",15,902,0.5909,12
"METABRIC","GGI",15,903,0.5992,12
"METABRIC","GGI",15,904,0.596,12
"METABRIC","GGI",15,905,0.5881,12
"METABRIC","GGI",15,906,0.5918,12
"METABRIC","GGI",15,907,0.5928,12
"METABRIC","GGI",15,908,0.5917,12
"METABRIC","GGI",15,909,0.5969,12
"METABRIC","GGI",15,910,0.5972,12
"METABRIC","GGI",15,911,0.591,12
"METABRIC","GGI",15,912,0.5946,12
"METABRIC","GGI",15,913,0.5911,11
"METABRIC","GGI",15,914,0.5917,12
"METABRIC","GGI",15,915,0.5882,12
"METABRIC","GGI",15,916,0.5902,12
"METABRIC","GGI",15,917,0.593,12
"METABRIC","GGI",15,918,0.5882,11
"METABRIC","GGI",15,919,0.5896,11
"METABRIC","GGI",15,920,0.5894,12
"METABRIC","GGI",15,921,0.5913,12
"METABRIC","GGI",15,922,0.5923,12
"METABRIC","GGI",15,923,0.5871,12
"METABRIC","GGI",15,924,0.5918,12
"METABRIC","GGI",15,925,0.5966,12
"METABRIC","GGI",15,926,0.5906,12
"METABRIC","GGI",15,927,0.5927,12
"METABRIC","GGI",15,928,0.5914,12
"METABRIC","GGI",15,929,0.5914,12
"METABRIC","GGI",15,930,0.5904,12
"METABRIC","GGI",15,931,0.5873,12
"METABRIC","GGI",15,932,0.5916,12
"METABRIC","GGI",15,933,0.5949,12
"METABRIC","GGI",15,934,0.5931,12
"METABRIC","GGI",15,935,0.59,12
"METABRIC","GGI",15,936,0.5954,10
"METABRIC","GGI",15,937,0.5933,10
"METABRIC","GGI",15,938,0.5867,12
"METABRIC","GGI",15,939,0.5929,12
"METABRIC","GGI",15,940,0.5893,12
"METABRIC","GGI",15,941,0.5952,12
"METABRIC","GGI",15,942,0.5928,12
"METABRIC","GGI",15,943,0.5943,12
"METABRIC","GGI",15,944,0.593,12
"METABRIC","GGI",15,945,0.5831,12
"METABRIC","GGI",15,946,0.5992,12
"METABRIC","GGI",15,947,0.5904,12
"METABRIC","GGI",15,948,0.5882,12
"METABRIC","GGI",15,949,0.5972,12
"METABRIC","GGI",15,950,0.59,12
"METABRIC","GGI",15,951,0.594,12
"METABRIC","GGI",15,952,0.5956,12
"METABRIC","GGI",15,953,0.5982,12
"METABRIC","GGI",15,954,0.5937,12
"METABRIC","GGI",15,955,0.5916,12
"METABRIC","GGI",15,956,0.5949,12
"METABRIC","GGI",15,957,0.5897,12
"METABRIC","GGI",15,958,0.5866,12
"METABRIC","GGI",15,959,0.5978,12
"METABRIC","GGI",15,960,0.5903,12
"METABRIC","GGI",15,961,0.5937,12
"METABRIC","GGI",15,962,0.5895,12
"METABRIC","GGI",15,963,0.5901,11
"METABRIC","GGI",15,964,0.5919,12
"METABRIC","GGI",15,965,0.592,12
"METABRIC","GGI",15,966,0.593,12
"METABRIC","GGI",15,967,0.5926,12
"METABRIC","GGI",15,968,0.5891,12
"METABRIC","GGI",15,969,0.5913,12
"METABRIC","GGI",15,970,0.5972,11
"METABRIC","GGI",15,971,0.5883,12
"METABRIC","GGI",15,972,0.5998,12
"METABRIC","GGI",15,973,0.5931,12
"METABRIC","GGI",15,974,0.5995,11
"METABRIC","GGI",15,975,0.5934,12
"METABRIC","GGI",15,976,0.5921,12
"METABRIC","GGI",15,977,0.5858,12
"METABRIC","GGI",15,978,0.5903,12
"METABRIC","GGI",15,979,0.5874,12
"METABRIC","GGI",15,980,0.5931,12
"METABRIC","GGI",15,981,0.5925,12
"METABRIC","GGI",15,982,0.5882,12
"METABRIC","GGI",15,983,0.5942,12
"METABRIC","GGI",15,984,0.5923,12
"METABRIC","GGI",15,985,0.593,12
"METABRIC","GGI",15,986,0.5874,9
"METABRIC","GGI",15,987,0.5952,12
"METABRIC","GGI",15,988,0.5932,10
"METABRIC","GGI",15,989,0.5914,12
"METABRIC","GGI",15,990,0.587,12
"METABRIC","GGI",15,991,0.5924,12
"METABRIC","GGI",15,992,0.5912,12
"METABRIC","GGI",15,993,0.5985,12
"METABRIC","GGI",15,994,0.5885,12
"METABRIC","GGI",15,995,0.5882,12
"METABRIC","GGI",15,996,0.5949,12
"METABRIC","GGI",15,997,0.5961,12
"METABRIC","GGI",15,998,0.5874,12
"METABRIC","GGI",15,999,0.5863,10
"METABRIC","GGI",15,1000,0.5873,11
"METABRIC","MammaPrint",24,1,0.5843,21
"METABRIC","MammaPrint",24,2,0.5832,21
"METABRIC","MammaPrint",24,3,0.5854,21
"METABRIC","MammaPrint",24,4,0.5806,21
"METABRIC","MammaPrint",24,5,0.5789,21
"METABRIC","MammaPrint",24,6,0.5806,21
"METABRIC","MammaPrint",24,7,0.5889,21
"METABRIC","MammaPrint",24,8,0.5831,21
"METABRIC","MammaPrint",24,9,0.5868,21
"METABRIC","MammaPrint",24,10,0.585,21
"METABRIC","MammaPrint",24,11,0.5805,21
"METABRIC","MammaPrint",24,12,0.5864,21
"METABRIC","MammaPrint",24,13,0.578,21
"METABRIC","MammaPrint",24,14,0.5811,21
"METABRIC","MammaPrint",24,15,0.5884,21
"METABRIC","MammaPrint",24,16,0.5883,21
"METABRIC","MammaPrint",24,17,0.5772,21
"METABRIC","MammaPrint",24,18,0.5866,21
"METABRIC","MammaPrint",24,19,0.5806,21
"METABRIC","MammaPrint",24,20,0.5867,21
"METABRIC","MammaPrint",24,21,0.5858,21
"METABRIC","MammaPrint",24,22,0.586,21
"METABRIC","MammaPrint",24,23,0.5865,21
"METABRIC","MammaPrint",24,24,0.5827,21
"METABRIC","MammaPrint",24,25,0.5765,21
"METABRIC","MammaPrint",24,26,0.5886,21
"METABRIC","MammaPrint",24,27,0.5853,21
"METABRIC","MammaPrint",24,28,0.5813,21
"METABRIC","MammaPrint",24,29,0.5903,21
"METABRIC","MammaPrint",24,30,0.5783,21
"METABRIC","MammaPrint",24,31,0.5923,21
"METABRIC","MammaPrint",24,32,0.5891,21
"METABRIC","MammaPrint",24,33,0.586,21
"METABRIC","MammaPrint",24,34,0.5858,20
"METABRIC","MammaPrint",24,35,0.5882,21
"METABRIC","MammaPrint",24,36,0.5809,21
"METABRIC","MammaPrint",24,37,0.5885,21
"METABRIC","MammaPrint",24,38,0.5795,21
"METABRIC","MammaPrint",24,39,0.589,21
"METABRIC","MammaPrint",24,40,0.5865,21
"METABRIC","MammaPrint",24,41,0.5943,21
"METABRIC","MammaPrint",24,42,0.5818,21
"METABRIC","MammaPrint",24,43,0.582,21
"METABRIC","MammaPrint",24,44,0.5852,21
"METABRIC","MammaPrint",24,45,0.582,21
"METABRIC","MammaPrint",24,46,0.5868,21
"METABRIC","MammaPrint",24,47,0.5778,16
"METABRIC","MammaPrint",24,48,0.5828,21
"METABRIC","MammaPrint",24,49,0.587,21
"METABRIC","MammaPrint",24,50,0.585,21
"METABRIC","MammaPrint",24,51,0.5898,21
"METABRIC","MammaPrint",24,52,0.5814,21
"METABRIC","MammaPrint",24,53,0.5816,21
"METABRIC","MammaPrint",24,54,0.5881,21
"METABRIC","MammaPrint",24,55,0.584,21
"METABRIC","MammaPrint",24,56,0.5875,21
"METABRIC","MammaPrint",24,57,0.585,21
"METABRIC","MammaPrint",24,58,0.587,21
"METABRIC","MammaPrint",24,59,0.5907,21
"METABRIC","MammaPrint",24,60,0.5827,21
"METABRIC","MammaPrint",24,61,0.5872,21
"METABRIC","MammaPrint",24,62,0.5807,15
"METABRIC","MammaPrint",24,63,0.5883,21
"METABRIC","MammaPrint",24,64,0.5867,17
"METABRIC","MammaPrint",24,65,0.5865,21
"METABRIC","MammaPrint",24,66,0.587,21
"METABRIC","MammaPrint",24,67,0.5828,21
"METABRIC","MammaPrint",24,68,0.5831,21
"METABRIC","MammaPrint",24,69,0.5858,21
"METABRIC","MammaPrint",24,70,0.5773,20
"METABRIC","MammaPrint",24,71,0.5857,21
"METABRIC","MammaPrint",24,72,0.5834,21
"METABRIC","MammaPrint",24,73,0.5801,21
"METABRIC","MammaPrint",24,74,0.5898,21
"METABRIC","MammaPrint",24,75,0.5928,21
"METABRIC","MammaPrint",24,76,0.5812,21
"METABRIC","MammaPrint",24,77,0.5868,21
"METABRIC","MammaPrint",24,78,0.5883,21
"METABRIC","MammaPrint",24,79,0.5857,21
"METABRIC","MammaPrint",24,80,0.5896,16
"METABRIC","MammaPrint",24,81,0.5854,21
"METABRIC","MammaPrint",24,82,0.583,21
"METABRIC","MammaPrint",24,83,0.5818,21
"METABRIC","MammaPrint",24,84,0.5877,21
"METABRIC","MammaPrint",24,85,0.5916,19
"METABRIC","MammaPrint",24,86,0.5859,21
"METABRIC","MammaPrint",24,87,0.578,21
"METABRIC","MammaPrint",24,88,0.5794,21
"METABRIC","MammaPrint",24,89,0.589,21
"METABRIC","MammaPrint",24,90,0.5819,21
"METABRIC","MammaPrint",24,91,0.5885,21
"METABRIC","MammaPrint",24,92,0.5842,21
"METABRIC","MammaPrint",24,93,0.5835,21
"METABRIC","MammaPrint",24,94,0.5809,21
"METABRIC","MammaPrint",24,95,0.5874,21
"METABRIC","MammaPrint",24,96,0.5902,21
"METABRIC","MammaPrint",24,97,0.5746,21
"METABRIC","MammaPrint",24,98,0.5849,21
"METABRIC","MammaPrint",24,99,0.5894,21
"METABRIC","MammaPrint",24,100,0.5825,21
"METABRIC","MammaPrint",24,101,0.5848,21
"METABRIC","MammaPrint",24,102,0.588,21
"METABRIC","MammaPrint",24,103,0.585,21
"METABRIC","MammaPrint",24,104,0.5822,21
"METABRIC","MammaPrint",24,105,0.5876,21
"METABRIC","MammaPrint",24,106,0.5932,21
"METABRIC","MammaPrint",24,107,0.5871,21
"METABRIC","MammaPrint",24,108,0.5892,14
"METABRIC","MammaPrint",24,109,0.5898,21
"METABRIC","MammaPrint",24,110,0.5842,21
"METABRIC","MammaPrint",24,111,0.5848,21
"METABRIC","MammaPrint",24,112,0.5906,21
"METABRIC","MammaPrint",24,113,0.586,21
"METABRIC","MammaPrint",24,114,0.5914,21
"METABRIC","MammaPrint",24,115,0.5911,21
"METABRIC","MammaPrint",24,116,0.5801,21
"METABRIC","MammaPrint",24,117,0.5774,21
"METABRIC","MammaPrint",24,118,0.5817,21
"METABRIC","MammaPrint",24,119,0.5816,18
"METABRIC","MammaPrint",24,120,0.5935,21
"METABRIC","MammaPrint",24,121,0.5933,21
"METABRIC","MammaPrint",24,122,0.5864,21
"METABRIC","MammaPrint",24,123,0.5862,21
"METABRIC","MammaPrint",24,124,0.5889,21
"METABRIC","MammaPrint",24,125,0.5885,21
"METABRIC","MammaPrint",24,126,0.5839,21
"METABRIC","MammaPrint",24,127,0.5806,21
"METABRIC","MammaPrint",24,128,0.586,21
"METABRIC","MammaPrint",24,129,0.5837,21
"METABRIC","MammaPrint",24,130,0.5863,21
"METABRIC","MammaPrint",24,131,0.5807,21
"METABRIC","MammaPrint",24,132,0.5913,21
"METABRIC","MammaPrint",24,133,0.5838,21
"METABRIC","MammaPrint",24,134,0.5822,21
"METABRIC","MammaPrint",24,135,0.5843,21
"METABRIC","MammaPrint",24,136,0.5891,21
"METABRIC","MammaPrint",24,137,0.5846,21
"METABRIC","MammaPrint",24,138,0.5822,21
"METABRIC","MammaPrint",24,139,0.5896,14
"METABRIC","MammaPrint",24,140,0.5845,21
"METABRIC","MammaPrint",24,141,0.5856,21
"METABRIC","MammaPrint",24,142,0.5847,21
"METABRIC","MammaPrint",24,143,0.5886,21
"METABRIC","MammaPrint",24,144,0.5873,21
"METABRIC","MammaPrint",24,145,0.5846,21
"METABRIC","MammaPrint",24,146,0.5818,21
"METABRIC","MammaPrint",24,147,0.5864,21
"METABRIC","MammaPrint",24,148,0.5912,21
"METABRIC","MammaPrint",24,149,0.5846,21
"METABRIC","MammaPrint",24,150,0.5873,21
"METABRIC","MammaPrint",24,151,0.5856,21
"METABRIC","MammaPrint",24,152,0.5967,21
"METABRIC","MammaPrint",24,153,0.5894,21
"METABRIC","MammaPrint",24,154,0.5887,21
"METABRIC","MammaPrint",24,155,0.5905,21
"METABRIC","MammaPrint",24,156,0.5852,21
"METABRIC","MammaPrint",24,157,0.5928,21
"METABRIC","MammaPrint",24,158,0.5924,21
"METABRIC","MammaPrint",24,159,0.5959,21
"METABRIC","MammaPrint",24,160,0.589,21
"METABRIC","MammaPrint",24,161,0.5799,21
"METABRIC","MammaPrint",24,162,0.5862,21
"METABRIC","MammaPrint",24,163,0.5903,21
"METABRIC","MammaPrint",24,164,0.5899,21
"METABRIC","MammaPrint",24,165,0.5904,21
"METABRIC","MammaPrint",24,166,0.5887,15
"METABRIC","MammaPrint",24,167,0.5911,14
"METABRIC","MammaPrint",24,168,0.5778,21
"METABRIC","MammaPrint",24,169,0.5874,21
"METABRIC","MammaPrint",24,170,0.5942,21
"METABRIC","MammaPrint",24,171,0.5842,21
"METABRIC","MammaPrint",24,172,0.5869,21
"METABRIC","MammaPrint",24,173,0.5837,21
"METABRIC","MammaPrint",24,174,0.5943,21
"METABRIC","MammaPrint",24,175,0.5851,21
"METABRIC","MammaPrint",24,176,0.5915,21
"METABRIC","MammaPrint",24,177,0.5929,19
"METABRIC","MammaPrint",24,178,0.5901,21
"METABRIC","MammaPrint",24,179,0.5848,21
"METABRIC","MammaPrint",24,180,0.5821,21
"METABRIC","MammaPrint",24,181,0.5831,21
"METABRIC","MammaPrint",24,182,0.5816,17
"METABRIC","MammaPrint",24,183,0.5868,17
"METABRIC","MammaPrint",24,184,0.5861,15
"METABRIC","MammaPrint",24,185,0.5867,21
"METABRIC","MammaPrint",24,186,0.5817,21
"METABRIC","MammaPrint",24,187,0.585,21
"METABRIC","MammaPrint",24,188,0.5939,21
"METABRIC","MammaPrint",24,189,0.581,21
"METABRIC","MammaPrint",24,190,0.5877,21
"METABRIC","MammaPrint",24,191,0.582,21
"METABRIC","MammaPrint",24,192,0.5887,21
"METABRIC","MammaPrint",24,193,0.5836,21
"METABRIC","MammaPrint",24,194,0.5837,21
"METABRIC","MammaPrint",24,195,0.5941,21
"METABRIC","MammaPrint",24,196,0.5888,21
"METABRIC","MammaPrint",24,197,0.5829,21
"METABRIC","MammaPrint",24,198,0.5834,21
"METABRIC","MammaPrint",24,199,0.5798,21
"METABRIC","MammaPrint",24,200,0.5874,21
"METABRIC","MammaPrint",24,201,0.5917,21
"METABRIC","MammaPrint",24,202,0.5895,21
"METABRIC","MammaPrint",24,203,0.5892,21
"METABRIC","MammaPrint",24,204,0.5876,21
"METABRIC","MammaPrint",24,205,0.5797,21
"METABRIC","MammaPrint",24,206,0.5863,21
"METABRIC","MammaPrint",24,207,0.5946,21
"METABRIC","MammaPrint",24,208,0.5809,17
"METABRIC","MammaPrint",24,209,0.5868,21
"METABRIC","MammaPrint",24,210,0.5906,21
"METABRIC","MammaPrint",24,211,0.5885,21
"METABRIC","MammaPrint",24,212,0.5865,21
"METABRIC","MammaPrint",24,213,0.5866,21
"METABRIC","MammaPrint",24,214,0.5874,21
"METABRIC","MammaPrint",24,215,0.5902,21
"METABRIC","MammaPrint",24,216,0.5857,15
"METABRIC","MammaPrint",24,217,0.5873,21
"METABRIC","MammaPrint",24,218,0.589,21
"METABRIC","MammaPrint",24,219,0.5888,21
"METABRIC","MammaPrint",24,220,0.5859,21
"METABRIC","MammaPrint",24,221,0.5876,21
"METABRIC","MammaPrint",24,222,0.5911,21
"METABRIC","MammaPrint",24,223,0.5863,21
"METABRIC","MammaPrint",24,224,0.5932,16
"METABRIC","MammaPrint",24,225,0.5877,21
"METABRIC","MammaPrint",24,226,0.5796,21
"METABRIC","MammaPrint",24,227,0.5812,21
"METABRIC","MammaPrint",24,228,0.5913,21
"METABRIC","MammaPrint",24,229,0.5892,21
"METABRIC","MammaPrint",24,230,0.5923,21
"METABRIC","MammaPrint",24,231,0.5904,21
"METABRIC","MammaPrint",24,232,0.5766,21
"METABRIC","MammaPrint",24,233,0.5838,21
"METABRIC","MammaPrint",24,234,0.5893,21
"METABRIC","MammaPrint",24,235,0.5886,18
"METABRIC","MammaPrint",24,236,0.5873,21
"METABRIC","MammaPrint",24,237,0.5872,21
"METABRIC","MammaPrint",24,238,0.5897,21
"METABRIC","MammaPrint",24,239,0.5837,21
"METABRIC","MammaPrint",24,240,0.5895,21
"METABRIC","MammaPrint",24,241,0.59,21
"METABRIC","MammaPrint",24,242,NA,NA
"METABRIC","MammaPrint",24,243,0.589,21
"METABRIC","MammaPrint",24,244,0.5838,21
"METABRIC","MammaPrint",24,245,0.5908,21
"METABRIC","MammaPrint",24,246,0.5899,21
"METABRIC","MammaPrint",24,247,0.5963,19
"METABRIC","MammaPrint",24,248,0.5936,17
"METABRIC","MammaPrint",24,249,0.5922,21
"METABRIC","MammaPrint",24,250,0.5798,21
"METABRIC","MammaPrint",24,251,0.5812,21
"METABRIC","MammaPrint",24,252,0.5861,20
"METABRIC","MammaPrint",24,253,0.5836,21
"METABRIC","MammaPrint",24,254,0.585,21
"METABRIC","MammaPrint",24,255,0.585,15
"METABRIC","MammaPrint",24,256,0.5889,21
"METABRIC","MammaPrint",24,257,0.5783,21
"METABRIC","MammaPrint",24,258,0.5859,21
"METABRIC","MammaPrint",24,259,0.5865,21
"METABRIC","MammaPrint",24,260,0.5856,21
"METABRIC","MammaPrint",24,261,0.5864,21
"METABRIC","MammaPrint",24,262,0.5805,21
"METABRIC","MammaPrint",24,263,0.5946,21
"METABRIC","MammaPrint",24,264,0.5843,21
"METABRIC","MammaPrint",24,265,0.5832,21
"METABRIC","MammaPrint",24,266,0.586,21
"METABRIC","MammaPrint",24,267,0.5764,21
"METABRIC","MammaPrint",24,268,0.5873,21
"METABRIC","MammaPrint",24,269,0.5867,21
"METABRIC","MammaPrint",24,270,0.5863,21
"METABRIC","MammaPrint",24,271,0.5905,21
"METABRIC","MammaPrint",24,272,0.5843,16
"METABRIC","MammaPrint",24,273,0.5896,16
"METABRIC","MammaPrint",24,274,0.5726,21
"METABRIC","MammaPrint",24,275,0.5861,21
"METABRIC","MammaPrint",24,276,0.5865,21
"METABRIC","MammaPrint",24,277,0.5892,21
"METABRIC","MammaPrint",24,278,0.5852,19
"METABRIC","MammaPrint",24,279,0.5933,21
"METABRIC","MammaPrint",24,280,0.589,21
"METABRIC","MammaPrint",24,281,0.5761,21
"METABRIC","MammaPrint",24,282,0.5871,21
"METABRIC","MammaPrint",24,283,0.5812,21
"METABRIC","MammaPrint",24,284,0.5869,21
"METABRIC","MammaPrint",24,285,0.5892,21
"METABRIC","MammaPrint",24,286,0.5899,21
"METABRIC","MammaPrint",24,287,0.5909,21
"METABRIC","MammaPrint",24,288,0.5831,21
"METABRIC","MammaPrint",24,289,0.5867,21
"METABRIC","MammaPrint",24,290,0.5906,15
"METABRIC","MammaPrint",24,291,0.5904,21
"METABRIC","MammaPrint",24,292,0.5877,21
"METABRIC","MammaPrint",24,293,0.5908,21
"METABRIC","MammaPrint",24,294,0.5897,21
"METABRIC","MammaPrint",24,295,0.5949,21
"METABRIC","MammaPrint",24,296,0.592,21
"METABRIC","MammaPrint",24,297,0.5862,21
"METABRIC","MammaPrint",24,298,0.5834,21
"METABRIC","MammaPrint",24,299,0.5941,21
"METABRIC","MammaPrint",24,300,0.588,21
"METABRIC","MammaPrint",24,301,0.5926,21
"METABRIC","MammaPrint",24,302,0.582,21
"METABRIC","MammaPrint",24,303,0.5806,21
"METABRIC","MammaPrint",24,304,0.5912,21
"METABRIC","MammaPrint",24,305,0.5798,21
"METABRIC","MammaPrint",24,306,0.5898,21
"METABRIC","MammaPrint",24,307,0.5885,21
"METABRIC","MammaPrint",24,308,0.591,21
"METABRIC","MammaPrint",24,309,0.5797,21
"METABRIC","MammaPrint",24,310,0.5842,21
"METABRIC","MammaPrint",24,311,0.583,15
"METABRIC","MammaPrint",24,312,0.5847,21
"METABRIC","MammaPrint",24,313,0.5864,21
"METABRIC","MammaPrint",24,314,0.5869,21
"METABRIC","MammaPrint",24,315,0.5843,21
"METABRIC","MammaPrint",24,316,0.5859,21
"METABRIC","MammaPrint",24,317,0.5833,21
"METABRIC","MammaPrint",24,318,0.5918,21
"METABRIC","MammaPrint",24,319,0.5892,21
"METABRIC","MammaPrint",24,320,0.5814,21
"METABRIC","MammaPrint",24,321,0.5814,19
"METABRIC","MammaPrint",24,322,0.5896,21
"METABRIC","MammaPrint",24,323,0.5794,21
"METABRIC","MammaPrint",24,324,0.5908,21
"METABRIC","MammaPrint",24,325,0.5883,17
"METABRIC","MammaPrint",24,326,0.5908,21
"METABRIC","MammaPrint",24,327,0.5805,21
"METABRIC","MammaPrint",24,328,0.5848,21
"METABRIC","MammaPrint",24,329,0.5801,21
"METABRIC","MammaPrint",24,330,0.582,21
"METABRIC","MammaPrint",24,331,0.5862,21
"METABRIC","MammaPrint",24,332,0.5852,21
"METABRIC","MammaPrint",24,333,0.5859,21
"METABRIC","MammaPrint",24,334,0.5868,21
"METABRIC","MammaPrint",24,335,0.5842,21
"METABRIC","MammaPrint",24,336,0.5871,21
"METABRIC","MammaPrint",24,337,0.5883,21
"METABRIC","MammaPrint",24,338,0.592,21
"METABRIC","MammaPrint",24,339,0.588,21
"METABRIC","MammaPrint",24,340,0.588,21
"METABRIC","MammaPrint",24,341,0.5899,21
"METABRIC","MammaPrint",24,342,0.5826,21
"METABRIC","MammaPrint",24,343,0.5906,21
"METABRIC","MammaPrint",24,344,0.5823,21
"METABRIC","MammaPrint",24,345,0.587,21
"METABRIC","MammaPrint",24,346,0.5855,21
"METABRIC","MammaPrint",24,347,0.5892,21
"METABRIC","MammaPrint",24,348,0.5911,21
"METABRIC","MammaPrint",24,349,0.5776,21
"METABRIC","MammaPrint",24,350,0.5899,21
"METABRIC","MammaPrint",24,351,0.5869,21
"METABRIC","MammaPrint",24,352,0.5876,21
"METABRIC","MammaPrint",24,353,0.5885,21
"METABRIC","MammaPrint",24,354,0.5804,21
"METABRIC","MammaPrint",24,355,0.5843,14
"METABRIC","MammaPrint",24,356,0.5914,21
"METABRIC","MammaPrint",24,357,0.5849,21
"METABRIC","MammaPrint",24,358,0.5837,21
"METABRIC","MammaPrint",24,359,0.5923,21
"METABRIC","MammaPrint",24,360,0.588,21
"METABRIC","MammaPrint",24,361,0.587,21
"METABRIC","MammaPrint",24,362,0.5887,16
"METABRIC","MammaPrint",24,363,0.5859,21
"METABRIC","MammaPrint",24,364,0.5811,21
"METABRIC","MammaPrint",24,365,0.5877,21
"METABRIC","MammaPrint",24,366,0.5916,21
"METABRIC","MammaPrint",24,367,0.5835,21
"METABRIC","MammaPrint",24,368,0.5872,21
"METABRIC","MammaPrint",24,369,0.5848,21
"METABRIC","MammaPrint",24,370,0.5896,21
"METABRIC","MammaPrint",24,371,0.5824,21
"METABRIC","MammaPrint",24,372,0.5872,21
"METABRIC","MammaPrint",24,373,0.5819,21
"METABRIC","MammaPrint",24,374,0.5892,21
"METABRIC","MammaPrint",24,375,0.5807,21
"METABRIC","MammaPrint",24,376,0.584,21
"METABRIC","MammaPrint",24,377,0.5953,16
"METABRIC","MammaPrint",24,378,0.5854,21
"METABRIC","MammaPrint",24,379,0.5813,21
"METABRIC","MammaPrint",24,380,0.5925,21
"METABRIC","MammaPrint",24,381,0.5943,21
"METABRIC","MammaPrint",24,382,0.5824,21
"METABRIC","MammaPrint",24,383,0.5835,21
"METABRIC","MammaPrint",24,384,0.5831,16
"METABRIC","MammaPrint",24,385,0.5853,21
"METABRIC","MammaPrint",24,386,0.5857,21
"METABRIC","MammaPrint",24,387,0.5802,21
"METABRIC","MammaPrint",24,388,0.5882,21
"METABRIC","MammaPrint",24,389,0.5845,21
"METABRIC","MammaPrint",24,390,0.5893,21
"METABRIC","MammaPrint",24,391,0.5902,21
"METABRIC","MammaPrint",24,392,0.5794,21
"METABRIC","MammaPrint",24,393,0.5831,21
"METABRIC","MammaPrint",24,394,0.587,21
"METABRIC","MammaPrint",24,395,0.5922,21
"METABRIC","MammaPrint",24,396,0.5918,21
"METABRIC","MammaPrint",24,397,0.5841,21
"METABRIC","MammaPrint",24,398,0.5877,21
"METABRIC","MammaPrint",24,399,0.5848,21
"METABRIC","MammaPrint",24,400,0.5905,21
"METABRIC","MammaPrint",24,401,0.5798,21
"METABRIC","MammaPrint",24,402,0.5863,21
"METABRIC","MammaPrint",24,403,0.581,21
"METABRIC","MammaPrint",24,404,0.5894,21
"METABRIC","MammaPrint",24,405,0.5857,21
"METABRIC","MammaPrint",24,406,0.5873,21
"METABRIC","MammaPrint",24,407,0.5851,21
"METABRIC","MammaPrint",24,408,0.5855,21
"METABRIC","MammaPrint",24,409,0.585,21
"METABRIC","MammaPrint",24,410,0.592,21
"METABRIC","MammaPrint",24,411,0.5829,21
"METABRIC","MammaPrint",24,412,0.5917,21
"METABRIC","MammaPrint",24,413,0.5905,21
"METABRIC","MammaPrint",24,414,0.5891,21
"METABRIC","MammaPrint",24,415,0.5894,21
"METABRIC","MammaPrint",24,416,0.5833,21
"METABRIC","MammaPrint",24,417,0.5876,21
"METABRIC","MammaPrint",24,418,0.5862,21
"METABRIC","MammaPrint",24,419,0.5837,21
"METABRIC","MammaPrint",24,420,0.5877,21
"METABRIC","MammaPrint",24,421,0.5785,16
"METABRIC","MammaPrint",24,422,0.5842,21
"METABRIC","MammaPrint",24,423,0.5907,21
"METABRIC","MammaPrint",24,424,0.5875,21
"METABRIC","MammaPrint",24,425,0.5885,21
"METABRIC","MammaPrint",24,426,0.5838,21
"METABRIC","MammaPrint",24,427,0.5884,21
"METABRIC","MammaPrint",24,428,0.586,21
"METABRIC","MammaPrint",24,429,0.5831,21
"METABRIC","MammaPrint",24,430,0.584,21
"METABRIC","MammaPrint",24,431,0.586,21
"METABRIC","MammaPrint",24,432,0.5861,21
"METABRIC","MammaPrint",24,433,0.5857,21
"METABRIC","MammaPrint",24,434,0.5841,21
"METABRIC","MammaPrint",24,435,0.5877,21
"METABRIC","MammaPrint",24,436,0.5857,21
"METABRIC","MammaPrint",24,437,0.5891,21
"METABRIC","MammaPrint",24,438,0.5852,21
"METABRIC","MammaPrint",24,439,0.5856,21
"METABRIC","MammaPrint",24,440,0.5798,21
"METABRIC","MammaPrint",24,441,0.5844,21
"METABRIC","MammaPrint",24,442,0.576,21
"METABRIC","MammaPrint",24,443,0.5877,21
"METABRIC","MammaPrint",24,444,0.5886,21
"METABRIC","MammaPrint",24,445,0.5871,21
"METABRIC","MammaPrint",24,446,0.5907,18
"METABRIC","MammaPrint",24,447,0.5943,21
"METABRIC","MammaPrint",24,448,0.5856,21
"METABRIC","MammaPrint",24,449,0.5798,21
"METABRIC","MammaPrint",24,450,0.5905,21
"METABRIC","MammaPrint",24,451,0.5928,21
"METABRIC","MammaPrint",24,452,0.5932,21
"METABRIC","MammaPrint",24,453,0.585,21
"METABRIC","MammaPrint",24,454,0.5791,21
"METABRIC","MammaPrint",24,455,0.5851,21
"METABRIC","MammaPrint",24,456,0.5832,19
"METABRIC","MammaPrint",24,457,0.5877,21
"METABRIC","MammaPrint",24,458,0.5864,19
"METABRIC","MammaPrint",24,459,0.5894,21
"METABRIC","MammaPrint",24,460,0.5802,21
"METABRIC","MammaPrint",24,461,0.5883,21
"METABRIC","MammaPrint",24,462,0.5885,21
"METABRIC","MammaPrint",24,463,0.587,21
"METABRIC","MammaPrint",24,464,0.5838,21
"METABRIC","MammaPrint",24,465,0.5857,21
"METABRIC","MammaPrint",24,466,0.5967,21
"METABRIC","MammaPrint",24,467,0.585,21
"METABRIC","MammaPrint",24,468,0.5911,21
"METABRIC","MammaPrint",24,469,0.5807,21
"METABRIC","MammaPrint",24,470,0.5947,21
"METABRIC","MammaPrint",24,471,0.5884,21
"METABRIC","MammaPrint",24,472,0.5932,21
"METABRIC","MammaPrint",24,473,0.5916,21
"METABRIC","MammaPrint",24,474,0.5767,21
"METABRIC","MammaPrint",24,475,0.5937,21
"METABRIC","MammaPrint",24,476,0.5867,21
"METABRIC","MammaPrint",24,477,0.5896,21
"METABRIC","MammaPrint",24,478,0.5871,16
"METABRIC","MammaPrint",24,479,0.5834,21
"METABRIC","MammaPrint",24,480,0.5894,21
"METABRIC","MammaPrint",24,481,0.5917,21
"METABRIC","MammaPrint",24,482,0.5889,21
"METABRIC","MammaPrint",24,483,0.5881,21
"METABRIC","MammaPrint",24,484,0.5856,21
"METABRIC","MammaPrint",24,485,0.5826,21
"METABRIC","MammaPrint",24,486,0.5896,21
"METABRIC","MammaPrint",24,487,0.5885,21
"METABRIC","MammaPrint",24,488,0.5911,21
"METABRIC","MammaPrint",24,489,0.5936,21
"METABRIC","MammaPrint",24,490,0.5877,16
"METABRIC","MammaPrint",24,491,0.5922,21
"METABRIC","MammaPrint",24,492,0.5833,21
"METABRIC","MammaPrint",24,493,0.5827,21
"METABRIC","MammaPrint",24,494,0.5825,21
"METABRIC","MammaPrint",24,495,0.5874,21
"METABRIC","MammaPrint",24,496,0.587,21
"METABRIC","MammaPrint",24,497,0.5857,21
"METABRIC","MammaPrint",24,498,0.5832,21
"METABRIC","MammaPrint",24,499,0.583,21
"METABRIC","MammaPrint",24,500,0.5883,21
"METABRIC","MammaPrint",24,501,0.5855,21
"METABRIC","MammaPrint",24,502,0.5837,21
"METABRIC","MammaPrint",24,503,0.5888,21
"METABRIC","MammaPrint",24,504,0.5887,21
"METABRIC","MammaPrint",24,505,0.5826,21
"METABRIC","MammaPrint",24,506,0.579,21
"METABRIC","MammaPrint",24,507,0.5821,21
"METABRIC","MammaPrint",24,508,0.5926,21
"METABRIC","MammaPrint",24,509,0.5855,21
"METABRIC","MammaPrint",24,510,0.5853,21
"METABRIC","MammaPrint",24,511,0.5874,21
"METABRIC","MammaPrint",24,512,0.5888,16
"METABRIC","MammaPrint",24,513,0.5807,21
"METABRIC","MammaPrint",24,514,0.586,20
"METABRIC","MammaPrint",24,515,0.5796,21
"METABRIC","MammaPrint",24,516,0.5841,17
"METABRIC","MammaPrint",24,517,0.5864,21
"METABRIC","MammaPrint",24,518,0.5854,14
"METABRIC","MammaPrint",24,519,0.5818,21
"METABRIC","MammaPrint",24,520,0.5817,21
"METABRIC","MammaPrint",24,521,0.5847,21
"METABRIC","MammaPrint",24,522,0.5828,21
"METABRIC","MammaPrint",24,523,0.592,21
"METABRIC","MammaPrint",24,524,0.5904,21
"METABRIC","MammaPrint",24,525,0.5853,21
"METABRIC","MammaPrint",24,526,0.5842,21
"METABRIC","MammaPrint",24,527,0.5852,21
"METABRIC","MammaPrint",24,528,0.5892,21
"METABRIC","MammaPrint",24,529,0.5839,21
"METABRIC","MammaPrint",24,530,0.5882,21
"METABRIC","MammaPrint",24,531,0.5887,21
"METABRIC","MammaPrint",24,532,0.5845,21
"METABRIC","MammaPrint",24,533,0.5891,21
"METABRIC","MammaPrint",24,534,0.5912,21
"METABRIC","MammaPrint",24,535,0.5857,21
"METABRIC","MammaPrint",24,536,0.5863,21
"METABRIC","MammaPrint",24,537,0.5846,21
"METABRIC","MammaPrint",24,538,0.5842,21
"METABRIC","MammaPrint",24,539,0.5886,21
"METABRIC","MammaPrint",24,540,0.587,21
"METABRIC","MammaPrint",24,541,0.5902,21
"METABRIC","MammaPrint",24,542,0.5856,18
"METABRIC","MammaPrint",24,543,0.5848,21
"METABRIC","MammaPrint",24,544,0.5809,21
"METABRIC","MammaPrint",24,545,0.5932,21
"METABRIC","MammaPrint",24,546,0.5961,21
"METABRIC","MammaPrint",24,547,0.5856,21
"METABRIC","MammaPrint",24,548,0.5845,21
"METABRIC","MammaPrint",24,549,0.5836,21
"METABRIC","MammaPrint",24,550,0.591,21
"METABRIC","MammaPrint",24,551,0.5862,21
"METABRIC","MammaPrint",24,552,0.585,21
"METABRIC","MammaPrint",24,553,0.5902,21
"METABRIC","MammaPrint",24,554,0.5799,16
"METABRIC","MammaPrint",24,555,0.5825,20
"METABRIC","MammaPrint",24,556,0.5803,21
"METABRIC","MammaPrint",24,557,0.5839,21
"METABRIC","MammaPrint",24,558,0.5899,21
"METABRIC","MammaPrint",24,559,0.5826,21
"METABRIC","MammaPrint",24,560,0.5886,21
"METABRIC","MammaPrint",24,561,0.5885,21
"METABRIC","MammaPrint",24,562,0.5856,21
"METABRIC","MammaPrint",24,563,0.5864,21
"METABRIC","MammaPrint",24,564,0.5906,21
"METABRIC","MammaPrint",24,565,0.5855,21
"METABRIC","MammaPrint",24,566,0.5814,21
"METABRIC","MammaPrint",24,567,0.5887,15
"METABRIC","MammaPrint",24,568,0.5873,21
"METABRIC","MammaPrint",24,569,0.5831,21
"METABRIC","MammaPrint",24,570,0.5802,21
"METABRIC","MammaPrint",24,571,0.5884,21
"METABRIC","MammaPrint",24,572,0.5866,21
"METABRIC","MammaPrint",24,573,0.5943,21
"METABRIC","MammaPrint",24,574,0.5883,21
"METABRIC","MammaPrint",24,575,0.5799,21
"METABRIC","MammaPrint",24,576,0.5861,21
"METABRIC","MammaPrint",24,577,0.5818,21
"METABRIC","MammaPrint",24,578,0.5887,21
"METABRIC","MammaPrint",24,579,0.5904,21
"METABRIC","MammaPrint",24,580,0.5845,21
"METABRIC","MammaPrint",24,581,0.585,21
"METABRIC","MammaPrint",24,582,0.5793,21
"METABRIC","MammaPrint",24,583,0.588,21
"METABRIC","MammaPrint",24,584,0.5871,21
"METABRIC","MammaPrint",24,585,0.5837,21
"METABRIC","MammaPrint",24,586,0.5873,21
"METABRIC","MammaPrint",24,587,0.5884,21
"METABRIC","MammaPrint",24,588,0.5858,21
"METABRIC","MammaPrint",24,589,0.5822,21
"METABRIC","MammaPrint",24,590,0.5819,21
"METABRIC","MammaPrint",24,591,0.585,19
"METABRIC","MammaPrint",24,592,0.5836,21
"METABRIC","MammaPrint",24,593,0.5727,21
"METABRIC","MammaPrint",24,594,0.5855,21
"METABRIC","MammaPrint",24,595,0.5938,13
"METABRIC","MammaPrint",24,596,0.589,21
"METABRIC","MammaPrint",24,597,0.5858,21
"METABRIC","MammaPrint",24,598,0.5841,21
"METABRIC","MammaPrint",24,599,0.5839,21
"METABRIC","MammaPrint",24,600,0.5865,21
"METABRIC","MammaPrint",24,601,0.5927,21
"METABRIC","MammaPrint",24,602,0.5872,21
"METABRIC","MammaPrint",24,603,0.5837,21
"METABRIC","MammaPrint",24,604,0.5824,20
"METABRIC","MammaPrint",24,605,0.5885,21
"METABRIC","MammaPrint",24,606,0.5849,21
"METABRIC","MammaPrint",24,607,0.5845,21
"METABRIC","MammaPrint",24,608,0.5884,21
"METABRIC","MammaPrint",24,609,0.5832,21
"METABRIC","MammaPrint",24,610,0.5915,21
"METABRIC","MammaPrint",24,611,0.5842,21
"METABRIC","MammaPrint",24,612,0.5954,21
"METABRIC","MammaPrint",24,613,0.5861,21
"METABRIC","MammaPrint",24,614,0.5832,21
"METABRIC","MammaPrint",24,615,0.591,14
"METABRIC","MammaPrint",24,616,0.5916,21
"METABRIC","MammaPrint",24,617,0.5844,21
"METABRIC","MammaPrint",24,618,0.5859,21
"METABRIC","MammaPrint",24,619,0.5848,21
"METABRIC","MammaPrint",24,620,0.5909,21
"METABRIC","MammaPrint",24,621,0.5866,21
"METABRIC","MammaPrint",24,622,0.5855,21
"METABRIC","MammaPrint",24,623,0.5937,16
"METABRIC","MammaPrint",24,624,0.5827,21
"METABRIC","MammaPrint",24,625,0.5832,21
"METABRIC","MammaPrint",24,626,0.5887,21
"METABRIC","MammaPrint",24,627,0.5877,18
"METABRIC","MammaPrint",24,628,0.5914,21
"METABRIC","MammaPrint",24,629,0.5857,21
"METABRIC","MammaPrint",24,630,0.5867,21
"METABRIC","MammaPrint",24,631,0.5919,21
"METABRIC","MammaPrint",24,632,0.5847,21
"METABRIC","MammaPrint",24,633,0.5936,21
"METABRIC","MammaPrint",24,634,0.5937,21
"METABRIC","MammaPrint",24,635,0.5841,21
"METABRIC","MammaPrint",24,636,0.586,21
"METABRIC","MammaPrint",24,637,0.5818,21
"METABRIC","MammaPrint",24,638,0.576,21
"METABRIC","MammaPrint",24,639,0.5785,21
"METABRIC","MammaPrint",24,640,0.5892,21
"METABRIC","MammaPrint",24,641,0.5886,13
"METABRIC","MammaPrint",24,642,0.59,21
"METABRIC","MammaPrint",24,643,0.5936,21
"METABRIC","MammaPrint",24,644,0.583,21
"METABRIC","MammaPrint",24,645,0.5784,21
"METABRIC","MammaPrint",24,646,0.589,21
"METABRIC","MammaPrint",24,647,0.5799,21
"METABRIC","MammaPrint",24,648,0.5814,21
"METABRIC","MammaPrint",24,649,0.5793,20
"METABRIC","MammaPrint",24,650,0.5924,21
"METABRIC","MammaPrint",24,651,0.5851,21
"METABRIC","MammaPrint",24,652,0.5795,21
"METABRIC","MammaPrint",24,653,0.5823,21
"METABRIC","MammaPrint",24,654,0.5816,21
"METABRIC","MammaPrint",24,655,0.5858,21
"METABRIC","MammaPrint",24,656,0.5828,21
"METABRIC","MammaPrint",24,657,0.5888,21
"METABRIC","MammaPrint",24,658,0.5936,21
"METABRIC","MammaPrint",24,659,0.5895,21
"METABRIC","MammaPrint",24,660,0.5824,21
"METABRIC","MammaPrint",24,661,0.5868,21
"METABRIC","MammaPrint",24,662,0.5936,21
"METABRIC","MammaPrint",24,663,0.5896,21
"METABRIC","MammaPrint",24,664,0.5891,20
"METABRIC","MammaPrint",24,665,0.5919,19
"METABRIC","MammaPrint",24,666,0.5877,21
"METABRIC","MammaPrint",24,667,0.5794,21
"METABRIC","MammaPrint",24,668,0.5858,21
"METABRIC","MammaPrint",24,669,0.5909,18
"METABRIC","MammaPrint",24,670,0.5872,21
"METABRIC","MammaPrint",24,671,0.5909,21
"METABRIC","MammaPrint",24,672,0.5896,21
"METABRIC","MammaPrint",24,673,0.592,21
"METABRIC","MammaPrint",24,674,0.5814,21
"METABRIC","MammaPrint",24,675,0.5823,21
"METABRIC","MammaPrint",24,676,0.5772,21
"METABRIC","MammaPrint",24,677,0.5953,21
"METABRIC","MammaPrint",24,678,0.5855,20
"METABRIC","MammaPrint",24,679,0.5753,21
"METABRIC","MammaPrint",24,680,0.5873,21
"METABRIC","MammaPrint",24,681,0.5867,21
"METABRIC","MammaPrint",24,682,0.5866,21
"METABRIC","MammaPrint",24,683,0.5934,21
"METABRIC","MammaPrint",24,684,0.5849,21
"METABRIC","MammaPrint",24,685,0.5771,21
"METABRIC","MammaPrint",24,686,0.5836,21
"METABRIC","MammaPrint",24,687,0.5881,21
"METABRIC","MammaPrint",24,688,0.582,21
"METABRIC","MammaPrint",24,689,0.5813,21
"METABRIC","MammaPrint",24,690,0.5832,21
"METABRIC","MammaPrint",24,691,0.5781,21
"METABRIC","MammaPrint",24,692,0.5855,21
"METABRIC","MammaPrint",24,693,0.5919,21
"METABRIC","MammaPrint",24,694,0.5853,21
"METABRIC","MammaPrint",24,695,0.5832,21
"METABRIC","MammaPrint",24,696,0.5802,21
"METABRIC","MammaPrint",24,697,0.5858,21
"METABRIC","MammaPrint",24,698,0.5844,21
"METABRIC","MammaPrint",24,699,0.5834,19
"METABRIC","MammaPrint",24,700,0.5848,15
"METABRIC","MammaPrint",24,701,0.5893,21
"METABRIC","MammaPrint",24,702,0.5864,21
"METABRIC","MammaPrint",24,703,0.5774,21
"METABRIC","MammaPrint",24,704,0.5898,21
"METABRIC","MammaPrint",24,705,0.5877,21
"METABRIC","MammaPrint",24,706,0.5901,21
"METABRIC","MammaPrint",24,707,0.5842,21
"METABRIC","MammaPrint",24,708,0.5833,21
"METABRIC","MammaPrint",24,709,0.5914,21
"METABRIC","MammaPrint",24,710,0.5855,21
"METABRIC","MammaPrint",24,711,0.5918,21
"METABRIC","MammaPrint",24,712,0.5868,21
"METABRIC","MammaPrint",24,713,0.5807,21
"METABRIC","MammaPrint",24,714,0.5753,21
"METABRIC","MammaPrint",24,715,0.584,21
"METABRIC","MammaPrint",24,716,0.584,21
"METABRIC","MammaPrint",24,717,0.5873,21
"METABRIC","MammaPrint",24,718,0.5838,21
"METABRIC","MammaPrint",24,719,0.5868,21
"METABRIC","MammaPrint",24,720,0.5893,21
"METABRIC","MammaPrint",24,721,0.588,21
"METABRIC","MammaPrint",24,722,0.5847,21
"METABRIC","MammaPrint",24,723,0.5844,21
"METABRIC","MammaPrint",24,724,0.5923,21
"METABRIC","MammaPrint",24,725,0.5779,20
"METABRIC","MammaPrint",24,726,0.5921,21
"METABRIC","MammaPrint",24,727,0.5875,21
"METABRIC","MammaPrint",24,728,0.5886,21
"METABRIC","MammaPrint",24,729,0.5873,21
"METABRIC","MammaPrint",24,730,0.5886,19
"METABRIC","MammaPrint",24,731,0.5845,21
"METABRIC","MammaPrint",24,732,0.5812,21
"METABRIC","MammaPrint",24,733,0.5915,21
"METABRIC","MammaPrint",24,734,0.5922,21
"METABRIC","MammaPrint",24,735,0.5854,21
"METABRIC","MammaPrint",24,736,0.5864,21
"METABRIC","MammaPrint",24,737,0.5873,21
"METABRIC","MammaPrint",24,738,0.5869,21
"METABRIC","MammaPrint",24,739,0.5797,21
"METABRIC","MammaPrint",24,740,0.5834,21
"METABRIC","MammaPrint",24,741,0.5841,21
"METABRIC","MammaPrint",24,742,0.5855,21
"METABRIC","MammaPrint",24,743,0.5862,21
"METABRIC","MammaPrint",24,744,0.5869,21
"METABRIC","MammaPrint",24,745,0.5888,21
"METABRIC","MammaPrint",24,746,0.5865,21
"METABRIC","MammaPrint",24,747,0.589,21
"METABRIC","MammaPrint",24,748,0.5883,21
"METABRIC","MammaPrint",24,749,0.5824,21
"METABRIC","MammaPrint",24,750,0.5865,21
"METABRIC","MammaPrint",24,751,0.5834,21
"METABRIC","MammaPrint",24,752,0.5875,16
"METABRIC","MammaPrint",24,753,0.5858,21
"METABRIC","MammaPrint",24,754,0.5886,17
"METABRIC","MammaPrint",24,755,0.5871,21
"METABRIC","MammaPrint",24,756,0.5915,21
"METABRIC","MammaPrint",24,757,0.5834,21
"METABRIC","MammaPrint",24,758,0.5857,21
"METABRIC","MammaPrint",24,759,0.5922,21
"METABRIC","MammaPrint",24,760,0.5832,21
"METABRIC","MammaPrint",24,761,0.5874,21
"METABRIC","MammaPrint",24,762,0.5832,21
"METABRIC","MammaPrint",24,763,0.5851,21
"METABRIC","MammaPrint",24,764,0.5859,21
"METABRIC","MammaPrint",24,765,0.5781,21
"METABRIC","MammaPrint",24,766,0.5869,21
"METABRIC","MammaPrint",24,767,0.5841,21
"METABRIC","MammaPrint",24,768,0.588,21
"METABRIC","MammaPrint",24,769,0.5812,17
"METABRIC","MammaPrint",24,770,0.5897,21
"METABRIC","MammaPrint",24,771,0.5833,21
"METABRIC","MammaPrint",24,772,0.5868,16
"METABRIC","MammaPrint",24,773,0.5816,21
"METABRIC","MammaPrint",24,774,0.5838,21
"METABRIC","MammaPrint",24,775,0.5835,21
"METABRIC","MammaPrint",24,776,0.5854,21
"METABRIC","MammaPrint",24,777,0.5836,21
"METABRIC","MammaPrint",24,778,0.5818,21
"METABRIC","MammaPrint",24,779,0.5857,21
"METABRIC","MammaPrint",24,780,0.5846,21
"METABRIC","MammaPrint",24,781,0.5861,21
"METABRIC","MammaPrint",24,782,0.5948,21
"METABRIC","MammaPrint",24,783,0.5827,21
"METABRIC","MammaPrint",24,784,0.5824,21
"METABRIC","MammaPrint",24,785,0.5909,17
"METABRIC","MammaPrint",24,786,0.5863,21
"METABRIC","MammaPrint",24,787,0.5925,21
"METABRIC","MammaPrint",24,788,0.5875,21
"METABRIC","MammaPrint",24,789,0.5835,21
"METABRIC","MammaPrint",24,790,0.5895,21
"METABRIC","MammaPrint",24,791,0.5824,21
"METABRIC","MammaPrint",24,792,0.5908,21
"METABRIC","MammaPrint",24,793,0.5909,21
"METABRIC","MammaPrint",24,794,0.5925,21
"METABRIC","MammaPrint",24,795,0.5873,21
"METABRIC","MammaPrint",24,796,0.5921,14
"METABRIC","MammaPrint",24,797,0.5935,21
"METABRIC","MammaPrint",24,798,0.5801,21
"METABRIC","MammaPrint",24,799,0.5834,21
"METABRIC","MammaPrint",24,800,0.5897,21
"METABRIC","MammaPrint",24,801,0.5776,21
"METABRIC","MammaPrint",24,802,0.5886,21
"METABRIC","MammaPrint",24,803,0.5914,21
"METABRIC","MammaPrint",24,804,0.5878,21
"METABRIC","MammaPrint",24,805,0.5877,17
"METABRIC","MammaPrint",24,806,0.5866,21
"METABRIC","MammaPrint",24,807,0.5801,21
"METABRIC","MammaPrint",24,808,0.5796,21
"METABRIC","MammaPrint",24,809,0.5937,21
"METABRIC","MammaPrint",24,810,0.5894,21
"METABRIC","MammaPrint",24,811,0.588,21
"METABRIC","MammaPrint",24,812,0.5855,21
"METABRIC","MammaPrint",24,813,0.5829,21
"METABRIC","MammaPrint",24,814,0.5815,21
"METABRIC","MammaPrint",24,815,0.5822,21
"METABRIC","MammaPrint",24,816,0.5845,21
"METABRIC","MammaPrint",24,817,0.5922,21
"METABRIC","MammaPrint",24,818,0.5848,21
"METABRIC","MammaPrint",24,819,0.5833,21
"METABRIC","MammaPrint",24,820,0.5866,19
"METABRIC","MammaPrint",24,821,0.5858,21
"METABRIC","MammaPrint",24,822,0.5835,21
"METABRIC","MammaPrint",24,823,0.5886,21
"METABRIC","MammaPrint",24,824,0.5863,21
"METABRIC","MammaPrint",24,825,0.5842,21
"METABRIC","MammaPrint",24,826,0.5878,21
"METABRIC","MammaPrint",24,827,0.5842,21
"METABRIC","MammaPrint",24,828,0.5857,21
"METABRIC","MammaPrint",24,829,0.5892,21
"METABRIC","MammaPrint",24,830,0.5824,21
"METABRIC","MammaPrint",24,831,0.5874,21
"METABRIC","MammaPrint",24,832,0.59,21
"METABRIC","MammaPrint",24,833,0.5914,21
"METABRIC","MammaPrint",24,834,0.5929,21
"METABRIC","MammaPrint",24,835,0.5858,21
"METABRIC","MammaPrint",24,836,0.5882,21
"METABRIC","MammaPrint",24,837,0.5905,21
"METABRIC","MammaPrint",24,838,0.5895,21
"METABRIC","MammaPrint",24,839,0.582,20
"METABRIC","MammaPrint",24,840,0.5833,21
"METABRIC","MammaPrint",24,841,0.5879,15
"METABRIC","MammaPrint",24,842,0.5929,21
"METABRIC","MammaPrint",24,843,0.5889,21
"METABRIC","MammaPrint",24,844,0.5852,21
"METABRIC","MammaPrint",24,845,0.5807,21
"METABRIC","MammaPrint",24,846,0.5922,21
"METABRIC","MammaPrint",24,847,0.5824,21
"METABRIC","MammaPrint",24,848,0.5769,21
"METABRIC","MammaPrint",24,849,0.5817,21
"METABRIC","MammaPrint",24,850,0.5877,21
"METABRIC","MammaPrint",24,851,0.5908,21
"METABRIC","MammaPrint",24,852,0.5853,21
"METABRIC","MammaPrint",24,853,0.5877,21
"METABRIC","MammaPrint",24,854,0.5846,21
"METABRIC","MammaPrint",24,855,0.5907,21
"METABRIC","MammaPrint",24,856,0.5889,21
"METABRIC","MammaPrint",24,857,0.5815,21
"METABRIC","MammaPrint",24,858,0.5877,21
"METABRIC","MammaPrint",24,859,0.579,21
"METABRIC","MammaPrint",24,860,0.5808,21
"METABRIC","MammaPrint",24,861,0.5916,21
"METABRIC","MammaPrint",24,862,0.5847,21
"METABRIC","MammaPrint",24,863,0.5916,21
"METABRIC","MammaPrint",24,864,0.5934,21
"METABRIC","MammaPrint",24,865,0.5905,21
"METABRIC","MammaPrint",24,866,0.5879,21
"METABRIC","MammaPrint",24,867,0.5901,21
"METABRIC","MammaPrint",24,868,0.577,21
"METABRIC","MammaPrint",24,869,0.5878,21
"METABRIC","MammaPrint",24,870,0.5859,21
"METABRIC","MammaPrint",24,871,0.5779,21
"METABRIC","MammaPrint",24,872,0.5892,21
"METABRIC","MammaPrint",24,873,0.5865,21
"METABRIC","MammaPrint",24,874,0.5771,17
"METABRIC","MammaPrint",24,875,0.585,21
"METABRIC","MammaPrint",24,876,0.5862,20
"METABRIC","MammaPrint",24,877,0.5775,21
"METABRIC","MammaPrint",24,878,0.5841,21
"METABRIC","MammaPrint",24,879,0.589,21
"METABRIC","MammaPrint",24,880,0.5879,21
"METABRIC","MammaPrint",24,881,0.5887,21
"METABRIC","MammaPrint",24,882,0.5865,21
"METABRIC","MammaPrint",24,883,0.5896,21
"METABRIC","MammaPrint",24,884,0.5799,21
"METABRIC","MammaPrint",24,885,0.5902,21
"METABRIC","MammaPrint",24,886,0.5928,21
"METABRIC","MammaPrint",24,887,0.5889,21
"METABRIC","MammaPrint",24,888,0.589,21
"METABRIC","MammaPrint",24,889,0.5919,21
"METABRIC","MammaPrint",24,890,0.5931,21
"METABRIC","MammaPrint",24,891,0.5861,21
"METABRIC","MammaPrint",24,892,0.5852,21
"METABRIC","MammaPrint",24,893,0.5913,21
"METABRIC","MammaPrint",24,894,0.5922,21
"METABRIC","MammaPrint",24,895,0.5902,21
"METABRIC","MammaPrint",24,896,0.5885,21
"METABRIC","MammaPrint",24,897,0.5924,21
"METABRIC","MammaPrint",24,898,0.5852,21
"METABRIC","MammaPrint",24,899,0.5948,21
"METABRIC","MammaPrint",24,900,0.5802,21
"METABRIC","MammaPrint",24,901,0.5866,21
"METABRIC","MammaPrint",24,902,0.5892,21
"METABRIC","MammaPrint",24,903,0.5905,21
"METABRIC","MammaPrint",24,904,0.5901,21
"METABRIC","MammaPrint",24,905,0.5937,21
"METABRIC","MammaPrint",24,906,0.5834,21
"METABRIC","MammaPrint",24,907,0.5839,21
"METABRIC","MammaPrint",24,908,0.5832,21
"METABRIC","MammaPrint",24,909,0.581,21
"METABRIC","MammaPrint",24,910,0.5852,21
"METABRIC","MammaPrint",24,911,0.5912,21
"METABRIC","MammaPrint",24,912,0.5852,21
"METABRIC","MammaPrint",24,913,0.5879,21
"METABRIC","MammaPrint",24,914,0.5937,21
"METABRIC","MammaPrint",24,915,0.5885,21
"METABRIC","MammaPrint",24,916,0.5852,21
"METABRIC","MammaPrint",24,917,0.5875,21
"METABRIC","MammaPrint",24,918,0.5925,21
"METABRIC","MammaPrint",24,919,0.5864,21
"METABRIC","MammaPrint",24,920,0.5812,21
"METABRIC","MammaPrint",24,921,0.5839,21
"METABRIC","MammaPrint",24,922,0.5835,21
"METABRIC","MammaPrint",24,923,0.5872,21
"METABRIC","MammaPrint",24,924,0.5877,21
"METABRIC","MammaPrint",24,925,0.587,21
"METABRIC","MammaPrint",24,926,0.5834,21
"METABRIC","MammaPrint",24,927,0.5873,13
"METABRIC","MammaPrint",24,928,0.5857,21
"METABRIC","MammaPrint",24,929,0.5959,21
"METABRIC","MammaPrint",24,930,0.5865,21
"METABRIC","MammaPrint",24,931,0.5814,21
"METABRIC","MammaPrint",24,932,0.5909,21
"METABRIC","MammaPrint",24,933,0.5888,21
"METABRIC","MammaPrint",24,934,0.5926,21
"METABRIC","MammaPrint",24,935,0.5828,21
"METABRIC","MammaPrint",24,936,0.587,15
"METABRIC","MammaPrint",24,937,0.5902,21
"METABRIC","MammaPrint",24,938,0.5864,21
"METABRIC","MammaPrint",24,939,0.5924,21
"METABRIC","MammaPrint",24,940,0.5861,20
"METABRIC","MammaPrint",24,941,0.588,21
"METABRIC","MammaPrint",24,942,0.5899,21
"METABRIC","MammaPrint",24,943,0.59,19
"METABRIC","MammaPrint",24,944,0.5746,21
"METABRIC","MammaPrint",24,945,0.584,21
"METABRIC","MammaPrint",24,946,0.5844,21
"METABRIC","MammaPrint",24,947,0.5904,21
"METABRIC","MammaPrint",24,948,0.5861,21
"METABRIC","MammaPrint",24,949,0.5864,21
"METABRIC","MammaPrint",24,950,0.5821,21
"METABRIC","MammaPrint",24,951,0.5888,21
"METABRIC","MammaPrint",24,952,0.5909,21
"METABRIC","MammaPrint",24,953,0.5864,21
"METABRIC","MammaPrint",24,954,0.5917,21
"METABRIC","MammaPrint",24,955,0.5854,21
"METABRIC","MammaPrint",24,956,0.5883,21
"METABRIC","MammaPrint",24,957,0.5791,21
"METABRIC","MammaPrint",24,958,0.5904,21
"METABRIC","MammaPrint",24,959,0.5848,21
"METABRIC","MammaPrint",24,960,0.5883,21
"METABRIC","MammaPrint",24,961,0.5829,21
"METABRIC","MammaPrint",24,962,0.5801,21
"METABRIC","MammaPrint",24,963,0.5869,21
"METABRIC","MammaPrint",24,964,0.5872,21
"METABRIC","MammaPrint",24,965,0.5802,21
"METABRIC","MammaPrint",24,966,0.5918,21
"METABRIC","MammaPrint",24,967,0.5893,18
"METABRIC","MammaPrint",24,968,0.5858,21
"METABRIC","MammaPrint",24,969,0.5851,21
"METABRIC","MammaPrint",24,970,0.5918,21
"METABRIC","MammaPrint",24,971,0.5879,21
"METABRIC","MammaPrint",24,972,0.5908,21
"METABRIC","MammaPrint",24,973,0.5857,21
"METABRIC","MammaPrint",24,974,0.5805,21
"METABRIC","MammaPrint",24,975,0.5873,21
"METABRIC","MammaPrint",24,976,0.5874,21
"METABRIC","MammaPrint",24,977,0.5909,15
"METABRIC","MammaPrint",24,978,0.5891,21
"METABRIC","MammaPrint",24,979,0.5895,21
"METABRIC","MammaPrint",24,980,0.5876,16
"METABRIC","MammaPrint",24,981,0.5835,21
"METABRIC","MammaPrint",24,982,0.5831,20
"METABRIC","MammaPrint",24,983,0.585,21
"METABRIC","MammaPrint",24,984,0.5944,15
"METABRIC","MammaPrint",24,985,0.5885,21
"METABRIC","MammaPrint",24,986,0.5868,21
"METABRIC","MammaPrint",24,987,0.5914,21
"METABRIC","MammaPrint",24,988,0.5877,21
"METABRIC","MammaPrint",24,989,0.5858,21
"METABRIC","MammaPrint",24,990,0.5904,21
"METABRIC","MammaPrint",24,991,0.5824,21
"METABRIC","MammaPrint",24,992,0.5822,21
"METABRIC","MammaPrint",24,993,0.5911,21
"METABRIC","MammaPrint",24,994,0.5804,21
"METABRIC","MammaPrint",24,995,0.5865,14
"METABRIC","MammaPrint",24,996,0.5863,21
"METABRIC","MammaPrint",24,997,0.5907,21
"METABRIC","MammaPrint",24,998,0.5977,21
"METABRIC","MammaPrint",24,999,0.5925,21
"METABRIC","MammaPrint",24,1000,0.5884,21
"METABRIC","MammaPrint",15,1,0.58,8
"METABRIC","MammaPrint",15,2,0.5795,12
"METABRIC","MammaPrint",15,3,0.5822,12
"METABRIC","MammaPrint",15,4,0.5747,12
"METABRIC","MammaPrint",15,5,0.5632,12
"METABRIC","MammaPrint",15,6,0.5751,12
"METABRIC","MammaPrint",15,7,0.5804,12
"METABRIC","MammaPrint",15,8,0.5923,11
"METABRIC","MammaPrint",15,9,0.5916,10
"METABRIC","MammaPrint",15,10,0.5799,12
"METABRIC","MammaPrint",15,11,0.5671,8
"METABRIC","MammaPrint",15,12,0.5835,12
"METABRIC","MammaPrint",15,13,0.5751,11
"METABRIC","MammaPrint",15,14,0.58,12
"METABRIC","MammaPrint",15,15,0.5662,12
"METABRIC","MammaPrint",15,16,0.592,12
"METABRIC","MammaPrint",15,17,0.5875,6
"METABRIC","MammaPrint",15,18,0.5834,12
"METABRIC","MammaPrint",15,19,0.5828,12
"METABRIC","MammaPrint",15,20,0.575,11
"METABRIC","MammaPrint",15,21,0.577,12
"METABRIC","MammaPrint",15,22,0.5865,12
"METABRIC","MammaPrint",15,23,0.5717,12
"METABRIC","MammaPrint",15,24,0.5848,12
"METABRIC","MammaPrint",15,25,0.5823,12
"METABRIC","MammaPrint",15,26,0.5688,10
"METABRIC","MammaPrint",15,27,0.5696,11
"METABRIC","MammaPrint",15,28,0.593,12
"METABRIC","MammaPrint",15,29,0.5886,9
"METABRIC","MammaPrint",15,30,0.5675,12
"METABRIC","MammaPrint",15,31,0.5827,12
"METABRIC","MammaPrint",15,32,0.5799,12
"METABRIC","MammaPrint",15,33,0.5803,12
"METABRIC","MammaPrint",15,34,0.5943,8
"METABRIC","MammaPrint",15,35,0.5822,12
"METABRIC","MammaPrint",15,36,0.5783,12
"METABRIC","MammaPrint",15,37,0.5836,12
"METABRIC","MammaPrint",15,38,0.588,12
"METABRIC","MammaPrint",15,39,0.5771,12
"METABRIC","MammaPrint",15,40,0.5823,12
"METABRIC","MammaPrint",15,41,0.5903,12
"METABRIC","MammaPrint",15,42,0.5829,11
"METABRIC","MammaPrint",15,43,0.5793,12
"METABRIC","MammaPrint",15,44,0.5739,12
"METABRIC","MammaPrint",15,45,0.575,12
"METABRIC","MammaPrint",15,46,0.5843,10
"METABRIC","MammaPrint",15,47,0.5717,12
"METABRIC","MammaPrint",15,48,0.5719,12
"METABRIC","MammaPrint",15,49,0.5695,12
"METABRIC","MammaPrint",15,50,0.5821,12
"METABRIC","MammaPrint",15,51,0.5772,12
"METABRIC","MammaPrint",15,52,0.5743,12
"METABRIC","MammaPrint",15,53,0.5688,12
"METABRIC","MammaPrint",15,54,0.5882,12
"METABRIC","MammaPrint",15,55,0.5844,12
"METABRIC","MammaPrint",15,56,0.5852,12
"METABRIC","MammaPrint",15,57,0.5751,12
"METABRIC","MammaPrint",15,58,0.5907,12
"METABRIC","MammaPrint",15,59,0.5873,12
"METABRIC","MammaPrint",15,60,0.5787,12
"METABRIC","MammaPrint",15,61,0.5855,12
"METABRIC","MammaPrint",15,62,0.5849,12
"METABRIC","MammaPrint",15,63,0.587,12
"METABRIC","MammaPrint",15,64,0.5829,12
"METABRIC","MammaPrint",15,65,0.5882,12
"METABRIC","MammaPrint",15,66,0.5853,12
"METABRIC","MammaPrint",15,67,0.5881,9
"METABRIC","MammaPrint",15,68,0.5809,12
"METABRIC","MammaPrint",15,69,0.5795,12
"METABRIC","MammaPrint",15,70,0.586,12
"METABRIC","MammaPrint",15,71,0.5785,12
"METABRIC","MammaPrint",15,72,0.5804,12
"METABRIC","MammaPrint",15,73,0.5918,12
"METABRIC","MammaPrint",15,74,0.5838,12
"METABRIC","MammaPrint",15,75,0.5769,12
"METABRIC","MammaPrint",15,76,0.5857,12
"METABRIC","MammaPrint",15,77,0.5763,12
"METABRIC","MammaPrint",15,78,0.5832,12
"METABRIC","MammaPrint",15,79,0.5758,12
"METABRIC","MammaPrint",15,80,0.5736,10
"METABRIC","MammaPrint",15,81,0.574,12
"METABRIC","MammaPrint",15,82,0.5795,12
"METABRIC","MammaPrint",15,83,0.5843,12
"METABRIC","MammaPrint",15,84,0.5854,10
"METABRIC","MammaPrint",15,85,0.5831,12
"METABRIC","MammaPrint",15,86,0.5833,12
"METABRIC","MammaPrint",15,87,0.585,12
"METABRIC","MammaPrint",15,88,0.582,12
"METABRIC","MammaPrint",15,89,0.5779,12
"METABRIC","MammaPrint",15,90,0.5842,12
"METABRIC","MammaPrint",15,91,0.5839,12
"METABRIC","MammaPrint",15,92,0.5732,12
"METABRIC","MammaPrint",15,93,0.5814,12
"METABRIC","MammaPrint",15,94,0.5914,11
"METABRIC","MammaPrint",15,95,0.5851,12
"METABRIC","MammaPrint",15,96,0.5873,12
"METABRIC","MammaPrint",15,97,0.577,8
"METABRIC","MammaPrint",15,98,0.5778,12
"METABRIC","MammaPrint",15,99,0.5795,12
"METABRIC","MammaPrint",15,100,0.583,7
"METABRIC","MammaPrint",15,101,0.5889,12
"METABRIC","MammaPrint",15,102,0.5595,9
"METABRIC","MammaPrint",15,103,0.5921,12
"METABRIC","MammaPrint",15,104,0.584,12
"METABRIC","MammaPrint",15,105,0.5761,12
"METABRIC","MammaPrint",15,106,0.5912,12
"METABRIC","MammaPrint",15,107,0.5865,12
"METABRIC","MammaPrint",15,108,0.5841,12
"METABRIC","MammaPrint",15,109,0.5815,12
"METABRIC","MammaPrint",15,110,0.5773,12
"METABRIC","MammaPrint",15,111,0.5771,12
"METABRIC","MammaPrint",15,112,0.5804,12
"METABRIC","MammaPrint",15,113,0.5817,11
"METABRIC","MammaPrint",15,114,0.5813,12
"METABRIC","MammaPrint",15,115,0.5789,12
"METABRIC","MammaPrint",15,116,0.5828,12
"METABRIC","MammaPrint",15,117,0.5765,12
"METABRIC","MammaPrint",15,118,0.5791,12
"METABRIC","MammaPrint",15,119,0.5844,12
"METABRIC","MammaPrint",15,120,0.5785,12
"METABRIC","MammaPrint",15,121,0.578,12
"METABRIC","MammaPrint",15,122,0.5742,12
"METABRIC","MammaPrint",15,123,0.589,9
"METABRIC","MammaPrint",15,124,0.5729,12
"METABRIC","MammaPrint",15,125,0.5745,12
"METABRIC","MammaPrint",15,126,0.5708,12
"METABRIC","MammaPrint",15,127,0.5745,10
"METABRIC","MammaPrint",15,128,0.5847,12
"METABRIC","MammaPrint",15,129,0.5868,7
"METABRIC","MammaPrint",15,130,0.5731,8
"METABRIC","MammaPrint",15,131,0.585,12
"METABRIC","MammaPrint",15,132,0.5812,11
"METABRIC","MammaPrint",15,133,0.5871,12
"METABRIC","MammaPrint",15,134,0.5836,12
"METABRIC","MammaPrint",15,135,0.5751,12
"METABRIC","MammaPrint",15,136,0.5857,12
"METABRIC","MammaPrint",15,137,0.5775,12
"METABRIC","MammaPrint",15,138,0.5698,12
"METABRIC","MammaPrint",15,139,0.5857,12
"METABRIC","MammaPrint",15,140,0.5844,12
"METABRIC","MammaPrint",15,141,0.5842,12
"METABRIC","MammaPrint",15,142,0.5798,12
"METABRIC","MammaPrint",15,143,0.5791,12
"METABRIC","MammaPrint",15,144,0.573,10
"METABRIC","MammaPrint",15,145,0.5879,10
"METABRIC","MammaPrint",15,146,0.5848,12
"METABRIC","MammaPrint",15,147,0.5922,7
"METABRIC","MammaPrint",15,148,0.5763,12
"METABRIC","MammaPrint",15,149,0.5805,12
"METABRIC","MammaPrint",15,150,0.5944,11
"METABRIC","MammaPrint",15,151,0.585,12
"METABRIC","MammaPrint",15,152,0.575,9
"METABRIC","MammaPrint",15,153,0.5874,12
"METABRIC","MammaPrint",15,154,0.5845,12
"METABRIC","MammaPrint",15,155,0.5676,12
"METABRIC","MammaPrint",15,156,0.5747,12
"METABRIC","MammaPrint",15,157,0.5886,7
"METABRIC","MammaPrint",15,158,0.5756,12
"METABRIC","MammaPrint",15,159,0.5735,12
"METABRIC","MammaPrint",15,160,0.5935,12
"METABRIC","MammaPrint",15,161,0.5803,12
"METABRIC","MammaPrint",15,162,0.5853,12
"METABRIC","MammaPrint",15,163,0.5942,12
"METABRIC","MammaPrint",15,164,0.5865,12
"METABRIC","MammaPrint",15,165,0.5906,12
"METABRIC","MammaPrint",15,166,0.5846,12
"METABRIC","MammaPrint",15,167,0.5833,12
"METABRIC","MammaPrint",15,168,0.5758,12
"METABRIC","MammaPrint",15,169,0.578,12
"METABRIC","MammaPrint",15,170,0.5835,12
"METABRIC","MammaPrint",15,171,0.571,12
"METABRIC","MammaPrint",15,172,0.5728,12
"METABRIC","MammaPrint",15,173,0.5845,12
"METABRIC","MammaPrint",15,174,0.5951,9
"METABRIC","MammaPrint",15,175,0.5883,12
"METABRIC","MammaPrint",15,176,0.5829,12
"METABRIC","MammaPrint",15,177,0.582,6
"METABRIC","MammaPrint",15,178,0.5785,11
"METABRIC","MammaPrint",15,179,0.5784,12
"METABRIC","MammaPrint",15,180,0.5761,12
"METABRIC","MammaPrint",15,181,0.5763,12
"METABRIC","MammaPrint",15,182,0.5814,12
"METABRIC","MammaPrint",15,183,0.5795,9
"METABRIC","MammaPrint",15,184,0.5799,12
"METABRIC","MammaPrint",15,185,0.5854,12
"METABRIC","MammaPrint",15,186,0.5673,12
"METABRIC","MammaPrint",15,187,0.5767,9
"METABRIC","MammaPrint",15,188,0.5829,12
"METABRIC","MammaPrint",15,189,0.5827,11
"METABRIC","MammaPrint",15,190,0.584,12
"METABRIC","MammaPrint",15,191,0.5906,10
"METABRIC","MammaPrint",15,192,0.5854,12
"METABRIC","MammaPrint",15,193,0.5658,12
"METABRIC","MammaPrint",15,194,0.5867,6
"METABRIC","MammaPrint",15,195,0.5769,12
"METABRIC","MammaPrint",15,196,0.5873,12
"METABRIC","MammaPrint",15,197,0.5723,12
"METABRIC","MammaPrint",15,198,0.5878,9
"METABRIC","MammaPrint",15,199,0.5772,12
"METABRIC","MammaPrint",15,200,0.5789,12
"METABRIC","MammaPrint",15,201,0.5913,6
"METABRIC","MammaPrint",15,202,0.5839,12
"METABRIC","MammaPrint",15,203,0.5814,12
"METABRIC","MammaPrint",15,204,0.5777,12
"METABRIC","MammaPrint",15,205,0.5728,12
"METABRIC","MammaPrint",15,206,0.5778,7
"METABRIC","MammaPrint",15,207,0.5832,12
"METABRIC","MammaPrint",15,208,0.5724,12
"METABRIC","MammaPrint",15,209,0.5911,12
"METABRIC","MammaPrint",15,210,0.5809,12
"METABRIC","MammaPrint",15,211,0.5788,12
"METABRIC","MammaPrint",15,212,0.5778,8
"METABRIC","MammaPrint",15,213,0.5811,12
"METABRIC","MammaPrint",15,214,0.5912,12
"METABRIC","MammaPrint",15,215,0.5818,12
"METABRIC","MammaPrint",15,216,0.5777,12
"METABRIC","MammaPrint",15,217,0.57,12
"METABRIC","MammaPrint",15,218,0.5805,12
"METABRIC","MammaPrint",15,219,0.5848,8
"METABRIC","MammaPrint",15,220,0.5898,12
"METABRIC","MammaPrint",15,221,0.5862,12
"METABRIC","MammaPrint",15,222,0.5796,12
"METABRIC","MammaPrint",15,223,0.5671,7
"METABRIC","MammaPrint",15,224,0.5739,12
"METABRIC","MammaPrint",15,225,0.5821,12
"METABRIC","MammaPrint",15,226,0.5718,12
"METABRIC","MammaPrint",15,227,0.5804,12
"METABRIC","MammaPrint",15,228,0.5777,11
"METABRIC","MammaPrint",15,229,0.5813,12
"METABRIC","MammaPrint",15,230,0.5776,12
"METABRIC","MammaPrint",15,231,0.5857,12
"METABRIC","MammaPrint",15,232,0.5771,11
"METABRIC","MammaPrint",15,233,0.5886,12
"METABRIC","MammaPrint",15,234,0.582,12
"METABRIC","MammaPrint",15,235,0.5857,10
"METABRIC","MammaPrint",15,236,0.5798,12
"METABRIC","MammaPrint",15,237,0.5845,12
"METABRIC","MammaPrint",15,238,0.5926,12
"METABRIC","MammaPrint",15,239,0.5828,10
"METABRIC","MammaPrint",15,240,0.5768,12
"METABRIC","MammaPrint",15,241,0.5908,12
"METABRIC","MammaPrint",15,242,0.582,12
"METABRIC","MammaPrint",15,243,0.5786,9
"METABRIC","MammaPrint",15,244,0.57,12
"METABRIC","MammaPrint",15,245,0.5692,12
"METABRIC","MammaPrint",15,246,0.5892,12
"METABRIC","MammaPrint",15,247,0.5875,12
"METABRIC","MammaPrint",15,248,0.5863,9
"METABRIC","MammaPrint",15,249,0.5782,12
"METABRIC","MammaPrint",15,250,0.5831,12
"METABRIC","MammaPrint",15,251,0.577,10
"METABRIC","MammaPrint",15,252,0.5909,12
"METABRIC","MammaPrint",15,253,0.5935,12
"METABRIC","MammaPrint",15,254,0.5811,12
"METABRIC","MammaPrint",15,255,0.5785,12
"METABRIC","MammaPrint",15,256,0.5765,12
"METABRIC","MammaPrint",15,257,0.5758,12
"METABRIC","MammaPrint",15,258,0.5803,8
"METABRIC","MammaPrint",15,259,0.597,6
"METABRIC","MammaPrint",15,260,0.5782,12
"METABRIC","MammaPrint",15,261,0.584,12
"METABRIC","MammaPrint",15,262,0.5818,12
"METABRIC","MammaPrint",15,263,0.5845,12
"METABRIC","MammaPrint",15,264,0.5799,12
"METABRIC","MammaPrint",15,265,0.5715,11
"METABRIC","MammaPrint",15,266,0.5806,12
"METABRIC","MammaPrint",15,267,0.5826,12
"METABRIC","MammaPrint",15,268,0.5844,12
"METABRIC","MammaPrint",15,269,0.5921,12
"METABRIC","MammaPrint",15,270,0.582,12
"METABRIC","MammaPrint",15,271,0.5759,8
"METABRIC","MammaPrint",15,272,0.5858,12
"METABRIC","MammaPrint",15,273,0.5851,12
"METABRIC","MammaPrint",15,274,0.5856,12
"METABRIC","MammaPrint",15,275,0.5692,12
"METABRIC","MammaPrint",15,276,0.5743,5
"METABRIC","MammaPrint",15,277,0.575,12
"METABRIC","MammaPrint",15,278,0.5858,12
"METABRIC","MammaPrint",15,279,0.5883,12
"METABRIC","MammaPrint",15,280,0.5896,12
"METABRIC","MammaPrint",15,281,0.5835,12
"METABRIC","MammaPrint",15,282,0.5821,12
"METABRIC","MammaPrint",15,283,0.5823,8
"METABRIC","MammaPrint",15,284,0.5767,12
"METABRIC","MammaPrint",15,285,0.578,12
"METABRIC","MammaPrint",15,286,0.591,12
"METABRIC","MammaPrint",15,287,0.5777,12
"METABRIC","MammaPrint",15,288,0.5764,12
"METABRIC","MammaPrint",15,289,0.5884,12
"METABRIC","MammaPrint",15,290,0.5772,12
"METABRIC","MammaPrint",15,291,0.5824,12
"METABRIC","MammaPrint",15,292,0.5849,12
"METABRIC","MammaPrint",15,293,0.5821,12
"METABRIC","MammaPrint",15,294,0.5763,12
"METABRIC","MammaPrint",15,295,0.5779,12
"METABRIC","MammaPrint",15,296,0.5876,12
"METABRIC","MammaPrint",15,297,0.5819,12
"METABRIC","MammaPrint",15,298,0.5632,12
"METABRIC","MammaPrint",15,299,0.5907,12
"METABRIC","MammaPrint",15,300,0.5765,12
"METABRIC","MammaPrint",15,301,0.5713,12
"METABRIC","MammaPrint",15,302,0.588,12
"METABRIC","MammaPrint",15,303,0.5892,9
"METABRIC","MammaPrint",15,304,0.5671,12
"METABRIC","MammaPrint",15,305,0.5965,9
"METABRIC","MammaPrint",15,306,0.5831,9
"METABRIC","MammaPrint",15,307,0.5835,10
"METABRIC","MammaPrint",15,308,0.5809,12
"METABRIC","MammaPrint",15,309,0.5831,12
"METABRIC","MammaPrint",15,310,0.5654,12
"METABRIC","MammaPrint",15,311,0.582,12
"METABRIC","MammaPrint",15,312,0.585,12
"METABRIC","MammaPrint",15,313,0.5825,12
"METABRIC","MammaPrint",15,314,0.5792,12
"METABRIC","MammaPrint",15,315,0.5797,10
"METABRIC","MammaPrint",15,316,0.5694,12
"METABRIC","MammaPrint",15,317,0.5798,12
"METABRIC","MammaPrint",15,318,0.5716,12
"METABRIC","MammaPrint",15,319,0.5787,10
"METABRIC","MammaPrint",15,320,0.592,12
"METABRIC","MammaPrint",15,321,0.5857,12
"METABRIC","MammaPrint",15,322,0.5771,8
"METABRIC","MammaPrint",15,323,0.5771,12
"METABRIC","MammaPrint",15,324,0.5777,11
"METABRIC","MammaPrint",15,325,0.5853,8
"METABRIC","MammaPrint",15,326,0.5618,12
"METABRIC","MammaPrint",15,327,0.5824,12
"METABRIC","MammaPrint",15,328,0.5833,12
"METABRIC","MammaPrint",15,329,0.5875,12
"METABRIC","MammaPrint",15,330,0.577,12
"METABRIC","MammaPrint",15,331,0.5822,12
"METABRIC","MammaPrint",15,332,0.573,12
"METABRIC","MammaPrint",15,333,0.5818,12
"METABRIC","MammaPrint",15,334,0.5848,12
"METABRIC","MammaPrint",15,335,0.5844,12
"METABRIC","MammaPrint",15,336,0.5763,8
"METABRIC","MammaPrint",15,337,0.5774,12
"METABRIC","MammaPrint",15,338,0.5847,12
"METABRIC","MammaPrint",15,339,0.5796,12
"METABRIC","MammaPrint",15,340,0.5775,12
"METABRIC","MammaPrint",15,341,0.5884,12
"METABRIC","MammaPrint",15,342,0.578,8
"METABRIC","MammaPrint",15,343,0.5794,12
"METABRIC","MammaPrint",15,344,0.5812,12
"METABRIC","MammaPrint",15,345,0.5818,12
"METABRIC","MammaPrint",15,346,0.5767,12
"METABRIC","MammaPrint",15,347,0.5781,12
"METABRIC","MammaPrint",15,348,0.578,12
"METABRIC","MammaPrint",15,349,0.5837,12
"METABRIC","MammaPrint",15,350,0.584,12
"METABRIC","MammaPrint",15,351,0.5898,11
"METABRIC","MammaPrint",15,352,0.5796,12
"METABRIC","MammaPrint",15,353,0.5862,12
"METABRIC","MammaPrint",15,354,0.5866,12
"METABRIC","MammaPrint",15,355,0.563,12
"METABRIC","MammaPrint",15,356,0.5884,12
"METABRIC","MammaPrint",15,357,0.5873,9
"METABRIC","MammaPrint",15,358,0.5803,10
"METABRIC","MammaPrint",15,359,0.585,12
"METABRIC","MammaPrint",15,360,0.5896,12
"METABRIC","MammaPrint",15,361,0.5914,11
"METABRIC","MammaPrint",15,362,0.5836,12
"METABRIC","MammaPrint",15,363,0.5804,12
"METABRIC","MammaPrint",15,364,0.5838,12
"METABRIC","MammaPrint",15,365,0.583,12
"METABRIC","MammaPrint",15,366,0.5893,12
"METABRIC","MammaPrint",15,367,0.5789,12
"METABRIC","MammaPrint",15,368,0.581,12
"METABRIC","MammaPrint",15,369,0.5878,10
"METABRIC","MammaPrint",15,370,0.5926,11
"METABRIC","MammaPrint",15,371,0.5825,12
"METABRIC","MammaPrint",15,372,0.585,10
"METABRIC","MammaPrint",15,373,0.5827,12
"METABRIC","MammaPrint",15,374,0.5888,12
"METABRIC","MammaPrint",15,375,0.583,12
"METABRIC","MammaPrint",15,376,0.5874,11
"METABRIC","MammaPrint",15,377,0.583,12
"METABRIC","MammaPrint",15,378,0.576,12
"METABRIC","MammaPrint",15,379,0.5857,12
"METABRIC","MammaPrint",15,380,0.5851,12
"METABRIC","MammaPrint",15,381,0.5838,12
"METABRIC","MammaPrint",15,382,0.5773,12
"METABRIC","MammaPrint",15,383,0.5858,12
"METABRIC","MammaPrint",15,384,0.5696,12
"METABRIC","MammaPrint",15,385,0.5663,12
"METABRIC","MammaPrint",15,386,0.5848,12
"METABRIC","MammaPrint",15,387,0.5845,12
"METABRIC","MammaPrint",15,388,0.5902,11
"METABRIC","MammaPrint",15,389,0.5795,12
"METABRIC","MammaPrint",15,390,0.5877,12
"METABRIC","MammaPrint",15,391,0.5769,10
"METABRIC","MammaPrint",15,392,0.5775,12
"METABRIC","MammaPrint",15,393,0.5784,12
"METABRIC","MammaPrint",15,394,0.5732,12
"METABRIC","MammaPrint",15,395,0.5928,11
"METABRIC","MammaPrint",15,396,0.5583,12
"METABRIC","MammaPrint",15,397,0.573,12
"METABRIC","MammaPrint",15,398,0.578,12
"METABRIC","MammaPrint",15,399,0.571,10
"METABRIC","MammaPrint",15,400,0.5857,9
"METABRIC","MammaPrint",15,401,0.5783,12
"METABRIC","MammaPrint",15,402,0.5802,12
"METABRIC","MammaPrint",15,403,0.5735,12
"METABRIC","MammaPrint",15,404,0.5811,12
"METABRIC","MammaPrint",15,405,0.5817,12
"METABRIC","MammaPrint",15,406,0.5761,12
"METABRIC","MammaPrint",15,407,0.594,12
"METABRIC","MammaPrint",15,408,0.5706,12
"METABRIC","MammaPrint",15,409,0.5612,12
"METABRIC","MammaPrint",15,410,0.577,12
"METABRIC","MammaPrint",15,411,0.5894,12
"METABRIC","MammaPrint",15,412,0.5861,12
"METABRIC","MammaPrint",15,413,0.5756,11
"METABRIC","MammaPrint",15,414,0.5916,12
"METABRIC","MammaPrint",15,415,0.5877,12
"METABRIC","MammaPrint",15,416,0.5841,12
"METABRIC","MammaPrint",15,417,0.5768,12
"METABRIC","MammaPrint",15,418,0.5864,12
"METABRIC","MammaPrint",15,419,0.5758,10
"METABRIC","MammaPrint",15,420,0.5891,12
"METABRIC","MammaPrint",15,421,0.5892,10
"METABRIC","MammaPrint",15,422,0.5767,11
"METABRIC","MammaPrint",15,423,0.5855,9
"METABRIC","MammaPrint",15,424,0.5831,12
"METABRIC","MammaPrint",15,425,0.5909,9
"METABRIC","MammaPrint",15,426,0.5891,12
"METABRIC","MammaPrint",15,427,0.5716,10
"METABRIC","MammaPrint",15,428,0.5712,12
"METABRIC","MammaPrint",15,429,0.5934,12
"METABRIC","MammaPrint",15,430,0.5698,12
"METABRIC","MammaPrint",15,431,0.5801,12
"METABRIC","MammaPrint",15,432,0.5663,9
"METABRIC","MammaPrint",15,433,0.5858,12
"METABRIC","MammaPrint",15,434,0.5928,12
"METABRIC","MammaPrint",15,435,0.5927,10
"METABRIC","MammaPrint",15,436,0.578,9
"METABRIC","MammaPrint",15,437,0.5951,12
"METABRIC","MammaPrint",15,438,0.5877,12
"METABRIC","MammaPrint",15,439,0.5822,12
"METABRIC","MammaPrint",15,440,0.581,12
"METABRIC","MammaPrint",15,441,0.5804,12
"METABRIC","MammaPrint",15,442,0.5784,12
"METABRIC","MammaPrint",15,443,0.5799,9
"METABRIC","MammaPrint",15,444,0.5806,12
"METABRIC","MammaPrint",15,445,0.5827,12
"METABRIC","MammaPrint",15,446,0.5757,9
"METABRIC","MammaPrint",15,447,0.5832,11
"METABRIC","MammaPrint",15,448,0.5815,12
"METABRIC","MammaPrint",15,449,0.5726,12
"METABRIC","MammaPrint",15,450,0.5853,12
"METABRIC","MammaPrint",15,451,0.5757,12
"METABRIC","MammaPrint",15,452,0.5851,12
"METABRIC","MammaPrint",15,453,0.5782,12
"METABRIC","MammaPrint",15,454,0.5763,10
"METABRIC","MammaPrint",15,455,0.591,12
"METABRIC","MammaPrint",15,456,0.5753,12
"METABRIC","MammaPrint",15,457,0.5784,12
"METABRIC","MammaPrint",15,458,0.5765,12
"METABRIC","MammaPrint",15,459,0.5896,10
"METABRIC","MammaPrint",15,460,0.5898,12
"METABRIC","MammaPrint",15,461,0.5775,11
"METABRIC","MammaPrint",15,462,0.5881,12
"METABRIC","MammaPrint",15,463,0.5881,12
"METABRIC","MammaPrint",15,464,0.5823,12
"METABRIC","MammaPrint",15,465,0.5845,12
"METABRIC","MammaPrint",15,466,0.5781,12
"METABRIC","MammaPrint",15,467,0.5802,11
"METABRIC","MammaPrint",15,468,0.5779,12
"METABRIC","MammaPrint",15,469,0.5932,12
"METABRIC","MammaPrint",15,470,0.575,9
"METABRIC","MammaPrint",15,471,0.5877,12
"METABRIC","MammaPrint",15,472,0.5896,12
"METABRIC","MammaPrint",15,473,0.5796,12
"METABRIC","MammaPrint",15,474,0.5796,12
"METABRIC","MammaPrint",15,475,0.5623,12
"METABRIC","MammaPrint",15,476,0.5773,12
"METABRIC","MammaPrint",15,477,0.5857,12
"METABRIC","MammaPrint",15,478,0.582,10
"METABRIC","MammaPrint",15,479,0.5779,12
"METABRIC","MammaPrint",15,480,0.5811,12
"METABRIC","MammaPrint",15,481,0.5857,12
"METABRIC","MammaPrint",15,482,0.5844,12
"METABRIC","MammaPrint",15,483,0.5801,9
"METABRIC","MammaPrint",15,484,0.5819,12
"METABRIC","MammaPrint",15,485,0.5724,8
"METABRIC","MammaPrint",15,486,0.5851,8
"METABRIC","MammaPrint",15,487,0.5754,12
"METABRIC","MammaPrint",15,488,0.5787,12
"METABRIC","MammaPrint",15,489,0.5902,12
"METABRIC","MammaPrint",15,490,0.5782,12
"METABRIC","MammaPrint",15,491,0.5943,12
"METABRIC","MammaPrint",15,492,0.5846,12
"METABRIC","MammaPrint",15,493,0.5729,8
"METABRIC","MammaPrint",15,494,0.5903,12
"METABRIC","MammaPrint",15,495,0.5782,12
"METABRIC","MammaPrint",15,496,0.5834,12
"METABRIC","MammaPrint",15,497,0.5783,12
"METABRIC","MammaPrint",15,498,0.5777,12
"METABRIC","MammaPrint",15,499,0.5784,12
"METABRIC","MammaPrint",15,500,0.5879,12
"METABRIC","MammaPrint",15,501,0.5634,12
"METABRIC","MammaPrint",15,502,0.575,8
"METABRIC","MammaPrint",15,503,0.5848,12
"METABRIC","MammaPrint",15,504,0.5808,12
"METABRIC","MammaPrint",15,505,0.5772,12
"METABRIC","MammaPrint",15,506,0.5887,12
"METABRIC","MammaPrint",15,507,0.5891,12
"METABRIC","MammaPrint",15,508,0.583,12
"METABRIC","MammaPrint",15,509,0.5883,12
"METABRIC","MammaPrint",15,510,0.5854,12
"METABRIC","MammaPrint",15,511,0.5885,12
"METABRIC","MammaPrint",15,512,0.5773,12
"METABRIC","MammaPrint",15,513,0.5785,12
"METABRIC","MammaPrint",15,514,0.5928,12
"METABRIC","MammaPrint",15,515,0.5787,8
"METABRIC","MammaPrint",15,516,0.5823,12
"METABRIC","MammaPrint",15,517,0.5874,12
"METABRIC","MammaPrint",15,518,0.581,12
"METABRIC","MammaPrint",15,519,0.5684,12
"METABRIC","MammaPrint",15,520,0.5807,12
"METABRIC","MammaPrint",15,521,0.5864,9
"METABRIC","MammaPrint",15,522,0.5828,12
"METABRIC","MammaPrint",15,523,0.5901,12
"METABRIC","MammaPrint",15,524,0.5907,11
"METABRIC","MammaPrint",15,525,0.5749,11
"METABRIC","MammaPrint",15,526,0.5803,12
"METABRIC","MammaPrint",15,527,0.5875,12
"METABRIC","MammaPrint",15,528,0.5931,12
"METABRIC","MammaPrint",15,529,0.5759,12
"METABRIC","MammaPrint",15,530,0.5854,12
"METABRIC","MammaPrint",15,531,0.5756,12
"METABRIC","MammaPrint",15,532,0.5879,12
"METABRIC","MammaPrint",15,533,0.5837,12
"METABRIC","MammaPrint",15,534,0.5838,12
"METABRIC","MammaPrint",15,535,0.5856,12
"METABRIC","MammaPrint",15,536,0.5761,12
"METABRIC","MammaPrint",15,537,0.579,12
"METABRIC","MammaPrint",15,538,0.5876,8
"METABRIC","MammaPrint",15,539,0.5901,12
"METABRIC","MammaPrint",15,540,0.5879,12
"METABRIC","MammaPrint",15,541,0.578,7
"METABRIC","MammaPrint",15,542,0.5793,12
"METABRIC","MammaPrint",15,543,0.5883,12
"METABRIC","MammaPrint",15,544,0.5814,12
"METABRIC","MammaPrint",15,545,0.5861,12
"METABRIC","MammaPrint",15,546,0.5885,12
"METABRIC","MammaPrint",15,547,0.5816,12
"METABRIC","MammaPrint",15,548,0.5846,12
"METABRIC","MammaPrint",15,549,0.5851,12
"METABRIC","MammaPrint",15,550,0.5922,12
"METABRIC","MammaPrint",15,551,0.5898,12
"METABRIC","MammaPrint",15,552,0.5703,12
"METABRIC","MammaPrint",15,553,0.5913,12
"METABRIC","MammaPrint",15,554,0.5644,12
"METABRIC","MammaPrint",15,555,0.5817,12
"METABRIC","MammaPrint",15,556,0.5885,12
"METABRIC","MammaPrint",15,557,0.5764,12
"METABRIC","MammaPrint",15,558,0.5814,12
"METABRIC","MammaPrint",15,559,0.5709,12
"METABRIC","MammaPrint",15,560,0.5838,12
"METABRIC","MammaPrint",15,561,0.5992,12
"METABRIC","MammaPrint",15,562,0.5804,12
"METABRIC","MammaPrint",15,563,0.5807,12
"METABRIC","MammaPrint",15,564,0.5773,12
"METABRIC","MammaPrint",15,565,0.5884,12
"METABRIC","MammaPrint",15,566,0.5864,12
"METABRIC","MammaPrint",15,567,0.584,11
"METABRIC","MammaPrint",15,568,0.5797,12
"METABRIC","MammaPrint",15,569,0.5771,12
"METABRIC","MammaPrint",15,570,0.58,12
"METABRIC","MammaPrint",15,571,0.5746,12
"METABRIC","MammaPrint",15,572,0.5861,9
"METABRIC","MammaPrint",15,573,0.5838,12
"METABRIC","MammaPrint",15,574,0.5996,11
"METABRIC","MammaPrint",15,575,0.5817,8
"METABRIC","MammaPrint",15,576,0.5905,12
"METABRIC","MammaPrint",15,577,0.5859,12
"METABRIC","MammaPrint",15,578,0.579,8
"METABRIC","MammaPrint",15,579,0.591,12
"METABRIC","MammaPrint",15,580,0.5899,12
"METABRIC","MammaPrint",15,581,0.584,12
"METABRIC","MammaPrint",15,582,0.5751,12
"METABRIC","MammaPrint",15,583,0.5776,12
"METABRIC","MammaPrint",15,584,0.5836,12
"METABRIC","MammaPrint",15,585,0.5818,12
"METABRIC","MammaPrint",15,586,0.5825,12
"METABRIC","MammaPrint",15,587,0.5788,12
"METABRIC","MammaPrint",15,588,0.5884,12
"METABRIC","MammaPrint",15,589,0.5743,12
"METABRIC","MammaPrint",15,590,0.5873,12
"METABRIC","MammaPrint",15,591,0.5895,12
"METABRIC","MammaPrint",15,592,0.5835,12
"METABRIC","MammaPrint",15,593,0.5783,12
"METABRIC","MammaPrint",15,594,0.5914,12
"METABRIC","MammaPrint",15,595,0.5852,6
"METABRIC","MammaPrint",15,596,0.5818,12
"METABRIC","MammaPrint",15,597,0.5761,12
"METABRIC","MammaPrint",15,598,0.5791,12
"METABRIC","MammaPrint",15,599,0.5671,12
"METABRIC","MammaPrint",15,600,0.5756,12
"METABRIC","MammaPrint",15,601,0.5864,6
"METABRIC","MammaPrint",15,602,0.5845,12
"METABRIC","MammaPrint",15,603,0.5787,12
"METABRIC","MammaPrint",15,604,0.5778,12
"METABRIC","MammaPrint",15,605,0.5746,12
"METABRIC","MammaPrint",15,606,0.5788,12
"METABRIC","MammaPrint",15,607,0.583,12
"METABRIC","MammaPrint",15,608,0.5903,12
"METABRIC","MammaPrint",15,609,0.5673,12
"METABRIC","MammaPrint",15,610,0.5871,12
"METABRIC","MammaPrint",15,611,0.5743,12
"METABRIC","MammaPrint",15,612,0.5877,12
"METABRIC","MammaPrint",15,613,0.576,12
"METABRIC","MammaPrint",15,614,0.5866,12
"METABRIC","MammaPrint",15,615,0.5703,12
"METABRIC","MammaPrint",15,616,0.5729,11
"METABRIC","MammaPrint",15,617,0.5848,12
"METABRIC","MammaPrint",15,618,0.5851,12
"METABRIC","MammaPrint",15,619,0.5843,12
"METABRIC","MammaPrint",15,620,0.5865,12
"METABRIC","MammaPrint",15,621,0.5864,12
"METABRIC","MammaPrint",15,622,0.5806,7
"METABRIC","MammaPrint",15,623,0.5786,12
"METABRIC","MammaPrint",15,624,0.5726,12
"METABRIC","MammaPrint",15,625,0.5782,12
"METABRIC","MammaPrint",15,626,0.5839,12
"METABRIC","MammaPrint",15,627,0.5888,12
"METABRIC","MammaPrint",15,628,0.5894,12
"METABRIC","MammaPrint",15,629,0.5653,9
"METABRIC","MammaPrint",15,630,0.5945,7
"METABRIC","MammaPrint",15,631,0.5945,12
"METABRIC","MammaPrint",15,632,0.5754,7
"METABRIC","MammaPrint",15,633,0.5906,12
"METABRIC","MammaPrint",15,634,0.5794,12
"METABRIC","MammaPrint",15,635,0.5842,12
"METABRIC","MammaPrint",15,636,0.5775,12
"METABRIC","MammaPrint",15,637,0.5793,12
"METABRIC","MammaPrint",15,638,0.5769,12
"METABRIC","MammaPrint",15,639,0.5818,12
"METABRIC","MammaPrint",15,640,0.5833,12
"METABRIC","MammaPrint",15,641,0.5816,12
"METABRIC","MammaPrint",15,642,0.5734,11
"METABRIC","MammaPrint",15,643,0.5868,12
"METABRIC","MammaPrint",15,644,0.5874,12
"METABRIC","MammaPrint",15,645,0.5866,12
"METABRIC","MammaPrint",15,646,0.5806,12
"METABRIC","MammaPrint",15,647,0.5773,12
"METABRIC","MammaPrint",15,648,0.5827,12
"METABRIC","MammaPrint",15,649,0.5862,12
"METABRIC","MammaPrint",15,650,0.5919,12
"METABRIC","MammaPrint",15,651,0.5728,12
"METABRIC","MammaPrint",15,652,0.583,12
"METABRIC","MammaPrint",15,653,0.5801,12
"METABRIC","MammaPrint",15,654,0.5792,12
"METABRIC","MammaPrint",15,655,0.5808,12
"METABRIC","MammaPrint",15,656,0.5821,9
"METABRIC","MammaPrint",15,657,0.5849,12
"METABRIC","MammaPrint",15,658,0.5817,12
"METABRIC","MammaPrint",15,659,0.5833,12
"METABRIC","MammaPrint",15,660,0.5665,12
"METABRIC","MammaPrint",15,661,0.5747,12
"METABRIC","MammaPrint",15,662,0.5789,12
"METABRIC","MammaPrint",15,663,0.5863,12
"METABRIC","MammaPrint",15,664,0.5751,12
"METABRIC","MammaPrint",15,665,0.5886,12
"METABRIC","MammaPrint",15,666,0.5731,12
"METABRIC","MammaPrint",15,667,0.5879,12
"METABRIC","MammaPrint",15,668,0.5816,12
"METABRIC","MammaPrint",15,669,0.5842,11
"METABRIC","MammaPrint",15,670,0.5839,12
"METABRIC","MammaPrint",15,671,0.5881,12
"METABRIC","MammaPrint",15,672,0.5899,12
"METABRIC","MammaPrint",15,673,0.5789,12
"METABRIC","MammaPrint",15,674,0.5719,12
"METABRIC","MammaPrint",15,675,0.5752,12
"METABRIC","MammaPrint",15,676,0.5887,12
"METABRIC","MammaPrint",15,677,0.5762,12
"METABRIC","MammaPrint",15,678,0.5812,8
"METABRIC","MammaPrint",15,679,0.5882,12
"METABRIC","MammaPrint",15,680,0.5819,12
"METABRIC","MammaPrint",15,681,0.5927,12
"METABRIC","MammaPrint",15,682,0.5849,8
"METABRIC","MammaPrint",15,683,0.5814,12
"METABRIC","MammaPrint",15,684,0.5802,12
"METABRIC","MammaPrint",15,685,0.5785,12
"METABRIC","MammaPrint",15,686,0.5778,12
"METABRIC","MammaPrint",15,687,0.5877,10
"METABRIC","MammaPrint",15,688,0.5839,9
"METABRIC","MammaPrint",15,689,0.5956,12
"METABRIC","MammaPrint",15,690,0.5865,12
"METABRIC","MammaPrint",15,691,0.584,12
"METABRIC","MammaPrint",15,692,0.5885,12
"METABRIC","MammaPrint",15,693,0.5798,12
"METABRIC","MammaPrint",15,694,0.5878,10
"METABRIC","MammaPrint",15,695,0.5781,12
"METABRIC","MammaPrint",15,696,0.5817,12
"METABRIC","MammaPrint",15,697,0.5628,11
"METABRIC","MammaPrint",15,698,0.5877,12
"METABRIC","MammaPrint",15,699,0.5847,12
"METABRIC","MammaPrint",15,700,0.5869,12
"METABRIC","MammaPrint",15,701,0.5863,12
"METABRIC","MammaPrint",15,702,0.5908,12
"METABRIC","MammaPrint",15,703,0.5769,12
"METABRIC","MammaPrint",15,704,0.5876,12
"METABRIC","MammaPrint",15,705,0.5776,8
"METABRIC","MammaPrint",15,706,0.5865,12
"METABRIC","MammaPrint",15,707,0.585,12
"METABRIC","MammaPrint",15,708,0.5789,9
"METABRIC","MammaPrint",15,709,0.5623,12
"METABRIC","MammaPrint",15,710,0.5814,12
"METABRIC","MammaPrint",15,711,0.5719,12
"METABRIC","MammaPrint",15,712,0.5777,12
"METABRIC","MammaPrint",15,713,0.5721,11
"METABRIC","MammaPrint",15,714,0.5915,12
"METABRIC","MammaPrint",15,715,0.5873,12
"METABRIC","MammaPrint",15,716,0.5878,12
"METABRIC","MammaPrint",15,717,0.5765,7
"METABRIC","MammaPrint",15,718,0.5846,12
"METABRIC","MammaPrint",15,719,0.5881,12
"METABRIC","MammaPrint",15,720,0.5843,12
"METABRIC","MammaPrint",15,721,0.5734,12
"METABRIC","MammaPrint",15,722,0.5792,12
"METABRIC","MammaPrint",15,723,0.5789,11
"METABRIC","MammaPrint",15,724,0.563,12
"METABRIC","MammaPrint",15,725,0.5862,12
"METABRIC","MammaPrint",15,726,0.576,12
"METABRIC","MammaPrint",15,727,0.588,10
"METABRIC","MammaPrint",15,728,0.5837,12
"METABRIC","MammaPrint",15,729,0.5854,10
"METABRIC","MammaPrint",15,730,0.5768,12
"METABRIC","MammaPrint",15,731,0.5756,11
"METABRIC","MammaPrint",15,732,0.5808,12
"METABRIC","MammaPrint",15,733,0.5849,12
"METABRIC","MammaPrint",15,734,0.5718,12
"METABRIC","MammaPrint",15,735,0.5887,12
"METABRIC","MammaPrint",15,736,0.5728,12
"METABRIC","MammaPrint",15,737,0.5869,12
"METABRIC","MammaPrint",15,738,0.5881,12
"METABRIC","MammaPrint",15,739,0.5794,9
"METABRIC","MammaPrint",15,740,0.5705,12
"METABRIC","MammaPrint",15,741,0.5771,12
"METABRIC","MammaPrint",15,742,0.5741,12
"METABRIC","MammaPrint",15,743,0.5668,9
"METABRIC","MammaPrint",15,744,0.5827,12
"METABRIC","MammaPrint",15,745,0.5784,12
"METABRIC","MammaPrint",15,746,0.5849,12
"METABRIC","MammaPrint",15,747,0.5816,11
"METABRIC","MammaPrint",15,748,0.5817,10
"METABRIC","MammaPrint",15,749,0.5763,8
"METABRIC","MammaPrint",15,750,0.5936,12
"METABRIC","MammaPrint",15,751,0.5861,12
"METABRIC","MammaPrint",15,752,0.5835,12
"METABRIC","MammaPrint",15,753,0.5917,12
"METABRIC","MammaPrint",15,754,0.5919,12
"METABRIC","MammaPrint",15,755,0.5874,12
"METABRIC","MammaPrint",15,756,0.5806,12
"METABRIC","MammaPrint",15,757,0.5783,12
"METABRIC","MammaPrint",15,758,0.5889,12
"METABRIC","MammaPrint",15,759,0.5739,12
"METABRIC","MammaPrint",15,760,0.5665,12
"METABRIC","MammaPrint",15,761,0.5835,11
"METABRIC","MammaPrint",15,762,0.5833,12
"METABRIC","MammaPrint",15,763,0.5774,12
"METABRIC","MammaPrint",15,764,0.5765,11
"METABRIC","MammaPrint",15,765,0.574,12
"METABRIC","MammaPrint",15,766,0.5922,12
"METABRIC","MammaPrint",15,767,0.5871,12
"METABRIC","MammaPrint",15,768,0.588,12
"METABRIC","MammaPrint",15,769,0.5895,12
"METABRIC","MammaPrint",15,770,0.5912,9
"METABRIC","MammaPrint",15,771,0.5744,12
"METABRIC","MammaPrint",15,772,0.5853,12
"METABRIC","MammaPrint",15,773,0.5798,11
"METABRIC","MammaPrint",15,774,0.587,10
"METABRIC","MammaPrint",15,775,0.5756,12
"METABRIC","MammaPrint",15,776,0.5918,12
"METABRIC","MammaPrint",15,777,0.5903,7
"METABRIC","MammaPrint",15,778,0.5855,12
"METABRIC","MammaPrint",15,779,0.5801,12
"METABRIC","MammaPrint",15,780,0.5767,12
"METABRIC","MammaPrint",15,781,0.5866,12
"METABRIC","MammaPrint",15,782,0.5779,9
"METABRIC","MammaPrint",15,783,0.587,9
"METABRIC","MammaPrint",15,784,0.5754,12
"METABRIC","MammaPrint",15,785,0.5831,12
"METABRIC","MammaPrint",15,786,0.5832,12
"METABRIC","MammaPrint",15,787,0.5828,12
"METABRIC","MammaPrint",15,788,0.579,12
"METABRIC","MammaPrint",15,789,0.5938,12
"METABRIC","MammaPrint",15,790,0.5861,11
"METABRIC","MammaPrint",15,791,0.5871,12
"METABRIC","MammaPrint",15,792,0.5846,12
"METABRIC","MammaPrint",15,793,0.5804,12
"METABRIC","MammaPrint",15,794,0.5861,7
"METABRIC","MammaPrint",15,795,0.5864,12
"METABRIC","MammaPrint",15,796,0.5824,12
"METABRIC","MammaPrint",15,797,0.5748,12
"METABRIC","MammaPrint",15,798,0.5915,12
"METABRIC","MammaPrint",15,799,0.5921,11
"METABRIC","MammaPrint",15,800,0.5797,9
"METABRIC","MammaPrint",15,801,0.583,12
"METABRIC","MammaPrint",15,802,0.5743,12
"METABRIC","MammaPrint",15,803,0.5802,12
"METABRIC","MammaPrint",15,804,0.566,12
"METABRIC","MammaPrint",15,805,0.5731,10
"METABRIC","MammaPrint",15,806,0.5836,12
"METABRIC","MammaPrint",15,807,0.5809,12
"METABRIC","MammaPrint",15,808,0.5847,12
"METABRIC","MammaPrint",15,809,0.5845,12
"METABRIC","MammaPrint",15,810,0.5883,12
"METABRIC","MammaPrint",15,811,0.5848,12
"METABRIC","MammaPrint",15,812,0.5696,10
"METABRIC","MammaPrint",15,813,0.5763,12
"METABRIC","MammaPrint",15,814,0.5874,12
"METABRIC","MammaPrint",15,815,0.5738,11
"METABRIC","MammaPrint",15,816,0.5754,12
"METABRIC","MammaPrint",15,817,0.5865,12
"METABRIC","MammaPrint",15,818,0.5751,12
"METABRIC","MammaPrint",15,819,0.5763,9
"METABRIC","MammaPrint",15,820,0.5895,12
"METABRIC","MammaPrint",15,821,0.581,12
"METABRIC","MammaPrint",15,822,0.5877,12
"METABRIC","MammaPrint",15,823,0.5902,12
"METABRIC","MammaPrint",15,824,0.5825,12
"METABRIC","MammaPrint",15,825,0.5804,11
"METABRIC","MammaPrint",15,826,0.568,12
"METABRIC","MammaPrint",15,827,0.5742,12
"METABRIC","MammaPrint",15,828,0.5866,9
"METABRIC","MammaPrint",15,829,0.5844,12
"METABRIC","MammaPrint",15,830,0.5796,12
"METABRIC","MammaPrint",15,831,0.5761,12
"METABRIC","MammaPrint",15,832,0.5818,12
"METABRIC","MammaPrint",15,833,0.5807,12
"METABRIC","MammaPrint",15,834,0.5732,12
"METABRIC","MammaPrint",15,835,0.5789,12
"METABRIC","MammaPrint",15,836,0.5773,12
"METABRIC","MammaPrint",15,837,0.5783,12
"METABRIC","MammaPrint",15,838,0.5954,12
"METABRIC","MammaPrint",15,839,0.5838,12
"METABRIC","MammaPrint",15,840,0.5797,12
"METABRIC","MammaPrint",15,841,0.5812,12
"METABRIC","MammaPrint",15,842,0.5869,12
"METABRIC","MammaPrint",15,843,0.5797,11
"METABRIC","MammaPrint",15,844,0.5898,12
"METABRIC","MammaPrint",15,845,0.5728,12
"METABRIC","MammaPrint",15,846,0.5851,12
"METABRIC","MammaPrint",15,847,0.5782,12
"METABRIC","MammaPrint",15,848,0.5944,12
"METABRIC","MammaPrint",15,849,0.579,12
"METABRIC","MammaPrint",15,850,0.59,11
"METABRIC","MammaPrint",15,851,0.5873,12
"METABRIC","MammaPrint",15,852,0.5896,12
"METABRIC","MammaPrint",15,853,0.5858,12
"METABRIC","MammaPrint",15,854,0.588,12
"METABRIC","MammaPrint",15,855,0.5768,12
"METABRIC","MammaPrint",15,856,0.5797,12
"METABRIC","MammaPrint",15,857,0.5707,12
"METABRIC","MammaPrint",15,858,0.5737,10
"METABRIC","MammaPrint",15,859,0.5928,12
"METABRIC","MammaPrint",15,860,0.5776,11
"METABRIC","MammaPrint",15,861,0.5816,12
"METABRIC","MammaPrint",15,862,0.5818,12
"METABRIC","MammaPrint",15,863,0.5863,12
"METABRIC","MammaPrint",15,864,0.5759,12
"METABRIC","MammaPrint",15,865,0.5733,12
"METABRIC","MammaPrint",15,866,0.5816,12
"METABRIC","MammaPrint",15,867,0.5821,12
"METABRIC","MammaPrint",15,868,0.5854,12
"METABRIC","MammaPrint",15,869,0.582,12
"METABRIC","MammaPrint",15,870,0.5687,12
"METABRIC","MammaPrint",15,871,0.5766,12
"METABRIC","MammaPrint",15,872,0.5838,12
"METABRIC","MammaPrint",15,873,0.5788,12
"METABRIC","MammaPrint",15,874,0.5783,12
"METABRIC","MammaPrint",15,875,0.588,12
"METABRIC","MammaPrint",15,876,0.5802,12
"METABRIC","MammaPrint",15,877,0.583,12
"METABRIC","MammaPrint",15,878,0.578,12
"METABRIC","MammaPrint",15,879,0.5841,12
"METABRIC","MammaPrint",15,880,0.5969,12
"METABRIC","MammaPrint",15,881,0.5837,12
"METABRIC","MammaPrint",15,882,0.583,12
"METABRIC","MammaPrint",15,883,0.5825,12
"METABRIC","MammaPrint",15,884,0.5763,12
"METABRIC","MammaPrint",15,885,0.5837,11
"METABRIC","MammaPrint",15,886,0.5894,8
"METABRIC","MammaPrint",15,887,0.5816,12
"METABRIC","MammaPrint",15,888,0.5747,7
"METABRIC","MammaPrint",15,889,0.5852,12
"METABRIC","MammaPrint",15,890,0.5843,12
"METABRIC","MammaPrint",15,891,0.5771,12
"METABRIC","MammaPrint",15,892,0.5861,12
"METABRIC","MammaPrint",15,893,0.5737,12
"METABRIC","MammaPrint",15,894,0.586,12
"METABRIC","MammaPrint",15,895,0.585,12
"METABRIC","MammaPrint",15,896,0.5826,12
"METABRIC","MammaPrint",15,897,0.5721,12
"METABRIC","MammaPrint",15,898,0.5759,11
"METABRIC","MammaPrint",15,899,0.5847,12
"METABRIC","MammaPrint",15,900,0.5813,10
"METABRIC","MammaPrint",15,901,0.5802,12
"METABRIC","MammaPrint",15,902,0.5835,12
"METABRIC","MammaPrint",15,903,0.5747,12
"METABRIC","MammaPrint",15,904,0.5933,12
"METABRIC","MammaPrint",15,905,0.5844,12
"METABRIC","MammaPrint",15,906,0.5924,12
"METABRIC","MammaPrint",15,907,0.5793,12
"METABRIC","MammaPrint",15,908,0.5818,9
"METABRIC","MammaPrint",15,909,0.5844,12
"METABRIC","MammaPrint",15,910,0.5843,12
"METABRIC","MammaPrint",15,911,0.5706,12
"METABRIC","MammaPrint",15,912,0.5842,7
"METABRIC","MammaPrint",15,913,0.5842,12
"METABRIC","MammaPrint",15,914,0.5778,12
"METABRIC","MammaPrint",15,915,0.5598,12
"METABRIC","MammaPrint",15,916,0.577,12
"METABRIC","MammaPrint",15,917,0.5707,12
"METABRIC","MammaPrint",15,918,0.5763,12
"METABRIC","MammaPrint",15,919,0.5823,12
"METABRIC","MammaPrint",15,920,0.5873,8
"METABRIC","MammaPrint",15,921,0.5704,12
"METABRIC","MammaPrint",15,922,0.5887,12
"METABRIC","MammaPrint",15,923,0.5809,12
"METABRIC","MammaPrint",15,924,0.5887,12
"METABRIC","MammaPrint",15,925,0.5847,11
"METABRIC","MammaPrint",15,926,0.5892,12
"METABRIC","MammaPrint",15,927,0.59,12
"METABRIC","MammaPrint",15,928,0.5825,12
"METABRIC","MammaPrint",15,929,0.57,12
"METABRIC","MammaPrint",15,930,0.5913,10
"METABRIC","MammaPrint",15,931,0.5797,12
"METABRIC","MammaPrint",15,932,0.5837,12
"METABRIC","MammaPrint",15,933,0.5809,10
"METABRIC","MammaPrint",15,934,0.5976,12
"METABRIC","MammaPrint",15,935,0.5765,12
"METABRIC","MammaPrint",15,936,0.5885,12
"METABRIC","MammaPrint",15,937,0.5697,12
"METABRIC","MammaPrint",15,938,0.5853,12
"METABRIC","MammaPrint",15,939,0.5908,12
"METABRIC","MammaPrint",15,940,0.5782,12
"METABRIC","MammaPrint",15,941,0.5853,12
"METABRIC","MammaPrint",15,942,0.5905,12
"METABRIC","MammaPrint",15,943,0.5847,12
"METABRIC","MammaPrint",15,944,0.5872,10
"METABRIC","MammaPrint",15,945,0.5802,9
"METABRIC","MammaPrint",15,946,0.5936,12
"METABRIC","MammaPrint",15,947,0.5713,12
"METABRIC","MammaPrint",15,948,0.5851,10
"METABRIC","MammaPrint",15,949,0.5891,12
"METABRIC","MammaPrint",15,950,0.5743,12
"METABRIC","MammaPrint",15,951,0.5749,11
"METABRIC","MammaPrint",15,952,0.5909,11
"METABRIC","MammaPrint",15,953,0.5844,10
"METABRIC","MammaPrint",15,954,0.5682,12
"METABRIC","MammaPrint",15,955,0.5856,12
"METABRIC","MammaPrint",15,956,0.5798,12
"METABRIC","MammaPrint",15,957,0.5839,12
"METABRIC","MammaPrint",15,958,0.5729,12
"METABRIC","MammaPrint",15,959,0.581,12
"METABRIC","MammaPrint",15,960,0.5599,12
"METABRIC","MammaPrint",15,961,0.5815,12
"METABRIC","MammaPrint",15,962,0.5825,12
"METABRIC","MammaPrint",15,963,0.5884,12
"METABRIC","MammaPrint",15,964,0.5866,11
"METABRIC","MammaPrint",15,965,0.5717,10
"METABRIC","MammaPrint",15,966,0.5765,12
"METABRIC","MammaPrint",15,967,0.5855,12
"METABRIC","MammaPrint",15,968,0.5829,9
"METABRIC","MammaPrint",15,969,0.575,11
"METABRIC","MammaPrint",15,970,0.5953,11
"METABRIC","MammaPrint",15,971,0.5851,12
"METABRIC","MammaPrint",15,972,0.577,12
"METABRIC","MammaPrint",15,973,0.579,12
"METABRIC","MammaPrint",15,974,0.5948,9
"METABRIC","MammaPrint",15,975,0.5905,12
"METABRIC","MammaPrint",15,976,0.5941,10
"METABRIC","MammaPrint",15,977,0.5791,10
"METABRIC","MammaPrint",15,978,0.5754,12
"METABRIC","MammaPrint",15,979,0.5831,12
"METABRIC","MammaPrint",15,980,0.578,12
"METABRIC","MammaPrint",15,981,0.5931,12
"METABRIC","MammaPrint",15,982,0.5785,12
"METABRIC","MammaPrint",15,983,0.5815,12
"METABRIC","MammaPrint",15,984,0.5851,10
"METABRIC","MammaPrint",15,985,0.5835,12
"METABRIC","MammaPrint",15,986,0.586,9
"METABRIC","MammaPrint",15,987,0.5842,12
"METABRIC","MammaPrint",15,988,0.5892,12
"METABRIC","MammaPrint",15,989,0.5873,12
"METABRIC","MammaPrint",15,990,0.584,12
"METABRIC","MammaPrint",15,991,0.5767,9
"METABRIC","MammaPrint",15,992,0.5842,12
"METABRIC","MammaPrint",15,993,0.5683,9
"METABRIC","MammaPrint",15,994,0.5768,11
"METABRIC","MammaPrint",15,995,0.5837,12
"METABRIC","MammaPrint",15,996,0.5828,12
"METABRIC","MammaPrint",15,997,0.5871,12
"METABRIC","MammaPrint",15,998,0.5853,12
"METABRIC","MammaPrint",15,999,0.5786,12
"METABRIC","MammaPrint",15,1000,0.5775,12
"METABRIC","CorePAM",15,1,0.5893,0
"METABRIC","CorePAM",15,2,0.5857,1
"METABRIC","CorePAM",15,3,0.5844,0
"METABRIC","CorePAM",15,4,0.5232,12
"METABRIC","CorePAM",15,5,0.5869,0
"METABRIC","CorePAM",15,6,0.5882,0
"METABRIC","CorePAM",15,7,0.5693,0
"METABRIC","CorePAM",15,8,0.5886,2
"METABRIC","CorePAM",15,9,0.5504,3
"METABRIC","CorePAM",15,10,0.5725,0
"METABRIC","CorePAM",15,11,0.5618,1
"METABRIC","CorePAM",15,12,0.574,0
"METABRIC","CorePAM",15,13,0.5934,1
"METABRIC","CorePAM",15,14,0.5528,0
"METABRIC","CorePAM",15,15,0.5852,0
"METABRIC","CorePAM",15,16,0.5772,0
"METABRIC","CorePAM",15,17,0.5813,0
"METABRIC","CorePAM",15,18,0.5889,1
"METABRIC","CorePAM",15,19,0.5749,2
"METABRIC","CorePAM",15,20,0.5906,1
"METABRIC","CorePAM",15,21,0.5849,0
"METABRIC","CorePAM",15,22,0.5551,1
"METABRIC","CorePAM",15,23,0.5745,0
"METABRIC","CorePAM",15,24,0.5951,1
"METABRIC","CorePAM",15,25,0.5521,1
"METABRIC","CorePAM",15,26,0.5612,3
"METABRIC","CorePAM",15,27,0.5921,3
"METABRIC","CorePAM",15,28,0.5504,0
"METABRIC","CorePAM",15,29,0.5869,0
"METABRIC","CorePAM",15,30,0.5938,0
"METABRIC","CorePAM",15,31,0.5952,3
"METABRIC","CorePAM",15,32,0.5723,0
"METABRIC","CorePAM",15,33,0.5855,0
"METABRIC","CorePAM",15,34,0.5911,0
"METABRIC","CorePAM",15,35,0.541,12
"METABRIC","CorePAM",15,36,0.567,1
"METABRIC","CorePAM",15,37,0.5871,0
"METABRIC","CorePAM",15,38,0.5771,0
"METABRIC","CorePAM",15,39,0.5535,10
"METABRIC","CorePAM",15,40,0.5858,0
"METABRIC","CorePAM",15,41,0.5804,2
"METABRIC","CorePAM",15,42,0.5884,0
"METABRIC","CorePAM",15,43,0.5783,0
"METABRIC","CorePAM",15,44,0.5682,4
"METABRIC","CorePAM",15,45,0.5393,10
"METABRIC","CorePAM",15,46,0.5694,6
"METABRIC","CorePAM",15,47,0.5906,1
"METABRIC","CorePAM",15,48,0.5916,1
"METABRIC","CorePAM",15,49,0.5826,0
"METABRIC","CorePAM",15,50,0.5917,3
"METABRIC","CorePAM",15,51,0.5826,0
"METABRIC","CorePAM",15,52,0.5921,4
"METABRIC","CorePAM",15,53,0.5745,12
"METABRIC","CorePAM",15,54,0.577,4
"METABRIC","CorePAM",15,55,0.5924,0
"METABRIC","CorePAM",15,56,0.5779,0
"METABRIC","CorePAM",15,57,0.5929,0
"METABRIC","CorePAM",15,58,0.5624,3
"METABRIC","CorePAM",15,59,0.5821,0
"METABRIC","CorePAM",15,60,0.591,1
"METABRIC","CorePAM",15,61,0.5548,0
"METABRIC","CorePAM",15,62,0.5769,0
"METABRIC","CorePAM",15,63,0.5866,0
"METABRIC","CorePAM",15,64,0.5888,0
"METABRIC","CorePAM",15,65,0.5629,0
"METABRIC","CorePAM",15,66,0.5893,1
"METABRIC","CorePAM",15,67,0.5685,0
"METABRIC","CorePAM",15,68,0.5763,4
"METABRIC","CorePAM",15,69,0.5761,12
"METABRIC","CorePAM",15,70,0.5895,2
"METABRIC","CorePAM",15,71,0.5789,0
"METABRIC","CorePAM",15,72,0.5933,0
"METABRIC","CorePAM",15,73,0.5933,1
"METABRIC","CorePAM",15,74,0.5565,0
"METABRIC","CorePAM",15,75,0.5851,5
"METABRIC","CorePAM",15,76,0.543,1
"METABRIC","CorePAM",15,77,0.585,0
"METABRIC","CorePAM",15,78,0.5852,1
"METABRIC","CorePAM",15,79,0.5817,0
"METABRIC","CorePAM",15,80,0.5738,0
"METABRIC","CorePAM",15,81,0.5789,0
"METABRIC","CorePAM",15,82,0.594,1
"METABRIC","CorePAM",15,83,0.5971,1
"METABRIC","CorePAM",15,84,0.5724,0
"METABRIC","CorePAM",15,85,0.5962,1
"METABRIC","CorePAM",15,86,0.5858,0
"METABRIC","CorePAM",15,87,0.5842,0
"METABRIC","CorePAM",15,88,0.5827,0
"METABRIC","CorePAM",15,89,0.5494,6
"METABRIC","CorePAM",15,90,0.592,1
"METABRIC","CorePAM",15,91,0.5775,0
"METABRIC","CorePAM",15,92,0.5876,0
"METABRIC","CorePAM",15,93,0.5857,3
"METABRIC","CorePAM",15,94,0.5839,0
"METABRIC","CorePAM",15,95,0.5852,0
"METABRIC","CorePAM",15,96,0.5664,10
"METABRIC","CorePAM",15,97,0.5631,0
"METABRIC","CorePAM",15,98,0.5887,0
"METABRIC","CorePAM",15,99,0.5852,0
"METABRIC","CorePAM",15,100,0.5647,3
"METABRIC","CorePAM",15,101,0.5872,1
"METABRIC","CorePAM",15,102,0.5513,1
"METABRIC","CorePAM",15,103,0.5873,1
"METABRIC","CorePAM",15,104,0.5795,0
"METABRIC","CorePAM",15,105,0.5928,0
"METABRIC","CorePAM",15,106,0.5673,1
"METABRIC","CorePAM",15,107,0.5854,3
"METABRIC","CorePAM",15,108,0.5289,11
"METABRIC","CorePAM",15,109,0.5763,7
"METABRIC","CorePAM",15,110,0.5805,0
"METABRIC","CorePAM",15,111,0.5854,0
"METABRIC","CorePAM",15,112,0.5757,0
"METABRIC","CorePAM",15,113,0.557,5
"METABRIC","CorePAM",15,114,0.5925,0
"METABRIC","CorePAM",15,115,0.5883,3
"METABRIC","CorePAM",15,116,0.5867,0
"METABRIC","CorePAM",15,117,0.58,0
"METABRIC","CorePAM",15,118,0.5534,1
"METABRIC","CorePAM",15,119,0.5857,1
"METABRIC","CorePAM",15,120,0.565,1
"METABRIC","CorePAM",15,121,0.5973,1
"METABRIC","CorePAM",15,122,0.594,0
"METABRIC","CorePAM",15,123,0.5516,0
"METABRIC","CorePAM",15,124,0.5997,1
"METABRIC","CorePAM",15,125,0.5485,5
"METABRIC","CorePAM",15,126,0.5789,0
"METABRIC","CorePAM",15,127,0.5754,5
"METABRIC","CorePAM",15,128,0.584,0
"METABRIC","CorePAM",15,129,0.5819,0
"METABRIC","CorePAM",15,130,0.5937,2
"METABRIC","CorePAM",15,131,0.5575,0
"METABRIC","CorePAM",15,132,0.5805,0
"METABRIC","CorePAM",15,133,0.5842,0
"METABRIC","CorePAM",15,134,0.5735,0
"METABRIC","CorePAM",15,135,0.5936,1
"METABRIC","CorePAM",15,136,0.5832,0
"METABRIC","CorePAM",15,137,0.5946,1
"METABRIC","CorePAM",15,138,0.5605,12
"METABRIC","CorePAM",15,139,0.5883,1
"METABRIC","CorePAM",15,140,0.575,3
"METABRIC","CorePAM",15,141,0.572,4
"METABRIC","CorePAM",15,142,0.5872,0
"METABRIC","CorePAM",15,143,0.5838,0
"METABRIC","CorePAM",15,144,0.5878,1
"METABRIC","CorePAM",15,145,0.5969,2
"METABRIC","CorePAM",15,146,0.5686,0
"METABRIC","CorePAM",15,147,0.5932,0
"METABRIC","CorePAM",15,148,0.5843,0
"METABRIC","CorePAM",15,149,0.5815,0
"METABRIC","CorePAM",15,150,0.5811,2
"METABRIC","CorePAM",15,151,0.5621,1
"METABRIC","CorePAM",15,152,0.5688,6
"METABRIC","CorePAM",15,153,0.566,4
"METABRIC","CorePAM",15,154,0.5884,1
"METABRIC","CorePAM",15,155,0.56,3
"METABRIC","CorePAM",15,156,0.5937,1
"METABRIC","CorePAM",15,157,0.5791,0
"METABRIC","CorePAM",15,158,0.5388,10
"METABRIC","CorePAM",15,159,0.552,1
"METABRIC","CorePAM",15,160,0.5428,10
"METABRIC","CorePAM",15,161,0.5683,0
"METABRIC","CorePAM",15,162,0.5816,3
"METABRIC","CorePAM",15,163,0.5911,1
"METABRIC","CorePAM",15,164,0.5811,0
"METABRIC","CorePAM",15,165,0.5813,0
"METABRIC","CorePAM",15,166,0.5791,0
"METABRIC","CorePAM",15,167,0.5843,0
"METABRIC","CorePAM",15,168,0.5867,1
"METABRIC","CorePAM",15,169,0.5798,0
"METABRIC","CorePAM",15,170,0.5723,6
"METABRIC","CorePAM",15,171,0.5763,0
"METABRIC","CorePAM",15,172,0.5591,8
"METABRIC","CorePAM",15,173,0.5815,0
"METABRIC","CorePAM",15,174,0.589,0
"METABRIC","CorePAM",15,175,0.5843,0
"METABRIC","CorePAM",15,176,0.5763,6
"METABRIC","CorePAM",15,177,0.5934,2
"METABRIC","CorePAM",15,178,0.5913,1
"METABRIC","CorePAM",15,179,0.5848,0
"METABRIC","CorePAM",15,180,0.586,0
"METABRIC","CorePAM",15,181,0.5823,0
"METABRIC","CorePAM",15,182,0.5899,1
"METABRIC","CorePAM",15,183,0.5769,4
"METABRIC","CorePAM",15,184,0.5454,12
"METABRIC","CorePAM",15,185,0.5815,0
"METABRIC","CorePAM",15,186,0.5686,1
"METABRIC","CorePAM",15,187,0.5784,1
"METABRIC","CorePAM",15,188,0.5917,0
"METABRIC","CorePAM",15,189,0.5835,0
"METABRIC","CorePAM",15,190,0.5883,1
"METABRIC","CorePAM",15,191,0.6002,2
"METABRIC","CorePAM",15,192,0.5632,0
"METABRIC","CorePAM",15,193,0.5717,4
"METABRIC","CorePAM",15,194,0.5601,4
"METABRIC","CorePAM",15,195,0.5884,0
"METABRIC","CorePAM",15,196,0.5917,0
"METABRIC","CorePAM",15,197,0.5887,0
"METABRIC","CorePAM",15,198,0.5928,2
"METABRIC","CorePAM",15,199,0.5642,4
"METABRIC","CorePAM",15,200,0.5898,1
"METABRIC","CorePAM",15,201,0.5463,0
"METABRIC","CorePAM",15,202,0.5497,0
"METABRIC","CorePAM",15,203,0.5945,1
"METABRIC","CorePAM",15,204,0.5596,0
"METABRIC","CorePAM",15,205,0.5761,4
"METABRIC","CorePAM",15,206,0.5721,2
"METABRIC","CorePAM",15,207,0.5817,4
"METABRIC","CorePAM",15,208,0.5907,0
"METABRIC","CorePAM",15,209,0.5754,1
"METABRIC","CorePAM",15,210,0.5876,0
"METABRIC","CorePAM",15,211,0.592,2
"METABRIC","CorePAM",15,212,0.5858,0
"METABRIC","CorePAM",15,213,0.558,7
"METABRIC","CorePAM",15,214,0.5868,1
"METABRIC","CorePAM",15,215,0.5947,1
"METABRIC","CorePAM",15,216,0.5952,2
"METABRIC","CorePAM",15,217,0.5756,1
"METABRIC","CorePAM",15,218,0.5831,0
"METABRIC","CorePAM",15,219,0.5535,3
"METABRIC","CorePAM",15,220,0.5693,4
"METABRIC","CorePAM",15,221,0.5913,1
"METABRIC","CorePAM",15,222,0.5812,0
"METABRIC","CorePAM",15,223,0.5738,1
"METABRIC","CorePAM",15,224,0.5739,5
"METABRIC","CorePAM",15,225,0.5871,1
"METABRIC","CorePAM",15,226,0.5847,0
"METABRIC","CorePAM",15,227,0.5827,0
"METABRIC","CorePAM",15,228,0.5581,1
"METABRIC","CorePAM",15,229,0.5571,0
"METABRIC","CorePAM",15,230,0.5883,1
"METABRIC","CorePAM",15,231,0.5679,3
"METABRIC","CorePAM",15,232,0.5805,0
"METABRIC","CorePAM",15,233,0.5955,2
"METABRIC","CorePAM",15,234,0.5934,1
"METABRIC","CorePAM",15,235,0.5894,1
"METABRIC","CorePAM",15,236,0.5764,0
"METABRIC","CorePAM",15,237,0.5886,0
"METABRIC","CorePAM",15,238,0.5834,0
"METABRIC","CorePAM",15,239,0.5515,0
"METABRIC","CorePAM",15,240,0.5493,0
"METABRIC","CorePAM",15,241,0.5835,0
"METABRIC","CorePAM",15,242,0.581,0
"METABRIC","CorePAM",15,243,0.5793,0
"METABRIC","CorePAM",15,244,0.586,0
"METABRIC","CorePAM",15,245,0.5512,0
"METABRIC","CorePAM",15,246,0.5869,0
"METABRIC","CorePAM",15,247,0.5964,1
"METABRIC","CorePAM",15,248,0.5876,0
"METABRIC","CorePAM",15,249,0.5516,0
"METABRIC","CorePAM",15,250,0.5921,2
"METABRIC","CorePAM",15,251,0.5901,0
"METABRIC","CorePAM",15,252,0.58,0
"METABRIC","CorePAM",15,253,0.5689,0
"METABRIC","CorePAM",15,254,0.5901,0
"METABRIC","CorePAM",15,255,0.5582,0
"METABRIC","CorePAM",15,256,0.5653,4
"METABRIC","CorePAM",15,257,0.5952,1
"METABRIC","CorePAM",15,258,0.5884,1
"METABRIC","CorePAM",15,259,0.5774,0
"METABRIC","CorePAM",15,260,0.5908,2
"METABRIC","CorePAM",15,261,0.5896,1
"METABRIC","CorePAM",15,262,0.5691,0
"METABRIC","CorePAM",15,263,0.5907,0
"METABRIC","CorePAM",15,264,0.5553,0
"METABRIC","CorePAM",15,265,0.5534,1
"METABRIC","CorePAM",15,266,0.5862,0
"METABRIC","CorePAM",15,267,0.5976,1
"METABRIC","CorePAM",15,268,0.5687,0
"METABRIC","CorePAM",15,269,0.5898,0
"METABRIC","CorePAM",15,270,0.586,0
"METABRIC","CorePAM",15,271,0.5806,0
"METABRIC","CorePAM",15,272,0.5889,0
"METABRIC","CorePAM",15,273,0.5688,0
"METABRIC","CorePAM",15,274,0.5954,1
"METABRIC","CorePAM",15,275,0.5859,0
"METABRIC","CorePAM",15,276,0.5923,1
"METABRIC","CorePAM",15,277,0.5933,0
"METABRIC","CorePAM",15,278,0.5846,1
"METABRIC","CorePAM",15,279,0.5858,0
"METABRIC","CorePAM",15,280,0.5906,1
"METABRIC","CorePAM",15,281,0.5626,12
"METABRIC","CorePAM",15,282,0.577,2
"METABRIC","CorePAM",15,283,0.6008,1
"METABRIC","CorePAM",15,284,0.5905,0
"METABRIC","CorePAM",15,285,0.5839,1
"METABRIC","CorePAM",15,286,0.5962,2
"METABRIC","CorePAM",15,287,0.5914,0
"METABRIC","CorePAM",15,288,0.541,0
"METABRIC","CorePAM",15,289,0.5855,1
"METABRIC","CorePAM",15,290,0.581,0
"METABRIC","CorePAM",15,291,0.588,0
"METABRIC","CorePAM",15,292,0.5749,0
"METABRIC","CorePAM",15,293,0.5802,0
"METABRIC","CorePAM",15,294,0.582,1
"METABRIC","CorePAM",15,295,0.5904,0
"METABRIC","CorePAM",15,296,0.5673,0
"METABRIC","CorePAM",15,297,0.5912,0
"METABRIC","CorePAM",15,298,0.592,1
"METABRIC","CorePAM",15,299,0.592,0
"METABRIC","CorePAM",15,300,0.5909,1
"METABRIC","CorePAM",15,301,0.5917,1
"METABRIC","CorePAM",15,302,0.5754,0
"METABRIC","CorePAM",15,303,0.5431,12
"METABRIC","CorePAM",15,304,0.5815,0
"METABRIC","CorePAM",15,305,0.5809,4
"METABRIC","CorePAM",15,306,0.565,0
"METABRIC","CorePAM",15,307,0.5249,5
"METABRIC","CorePAM",15,308,0.5836,0
"METABRIC","CorePAM",15,309,0.5792,0
"METABRIC","CorePAM",15,310,0.5799,0
"METABRIC","CorePAM",15,311,0.5777,0
"METABRIC","CorePAM",15,312,0.5804,4
"METABRIC","CorePAM",15,313,0.5941,3
"METABRIC","CorePAM",15,314,0.5881,1
"METABRIC","CorePAM",15,315,0.5754,0
"METABRIC","CorePAM",15,316,0.5914,3
"METABRIC","CorePAM",15,317,0.5914,1
"METABRIC","CorePAM",15,318,0.5817,0
"METABRIC","CorePAM",15,319,0.5677,5
"METABRIC","CorePAM",15,320,0.5922,4
"METABRIC","CorePAM",15,321,0.5619,0
"METABRIC","CorePAM",15,322,0.5872,1
"METABRIC","CorePAM",15,323,0.5766,9
"METABRIC","CorePAM",15,324,0.5431,12
"METABRIC","CorePAM",15,325,0.5874,1
"METABRIC","CorePAM",15,326,0.5727,3
"METABRIC","CorePAM",15,327,0.5503,4
"METABRIC","CorePAM",15,328,0.5969,1
"METABRIC","CorePAM",15,329,0.5567,0
"METABRIC","CorePAM",15,330,0.5921,1
"METABRIC","CorePAM",15,331,0.5896,0
"METABRIC","CorePAM",15,332,0.5854,0
"METABRIC","CorePAM",15,333,0.5308,11
"METABRIC","CorePAM",15,334,0.587,0
"METABRIC","CorePAM",15,335,0.5869,0
"METABRIC","CorePAM",15,336,0.5938,1
"METABRIC","CorePAM",15,337,0.5436,0
"METABRIC","CorePAM",15,338,0.5883,1
"METABRIC","CorePAM",15,339,0.5771,0
"METABRIC","CorePAM",15,340,0.5723,2
"METABRIC","CorePAM",15,341,0.596,0
"METABRIC","CorePAM",15,342,0.5789,7
"METABRIC","CorePAM",15,343,0.5616,3
"METABRIC","CorePAM",15,344,0.562,0
"METABRIC","CorePAM",15,345,0.5791,0
"METABRIC","CorePAM",15,346,0.5478,1
"METABRIC","CorePAM",15,347,0.588,0
"METABRIC","CorePAM",15,348,0.5805,0
"METABRIC","CorePAM",15,349,0.5888,0
"METABRIC","CorePAM",15,350,0.5476,1
"METABRIC","CorePAM",15,351,0.5864,1
"METABRIC","CorePAM",15,352,0.5877,1
"METABRIC","CorePAM",15,353,0.5911,0
"METABRIC","CorePAM",15,354,0.5763,4
"METABRIC","CorePAM",15,355,0.5676,10
"METABRIC","CorePAM",15,356,0.5862,0
"METABRIC","CorePAM",15,357,0.587,0
"METABRIC","CorePAM",15,358,0.5799,0
"METABRIC","CorePAM",15,359,0.5493,0
"METABRIC","CorePAM",15,360,0.5747,0
"METABRIC","CorePAM",15,361,0.5968,1
"METABRIC","CorePAM",15,362,0.5897,0
"METABRIC","CorePAM",15,363,0.5903,1
"METABRIC","CorePAM",15,364,0.5572,3
"METABRIC","CorePAM",15,365,0.558,4
"METABRIC","CorePAM",15,366,0.5906,2
"METABRIC","CorePAM",15,367,0.5744,0
"METABRIC","CorePAM",15,368,0.5837,0
"METABRIC","CorePAM",15,369,0.5801,1
"METABRIC","CorePAM",15,370,0.5764,1
"METABRIC","CorePAM",15,371,0.5682,0
"METABRIC","CorePAM",15,372,0.5913,3
"METABRIC","CorePAM",15,373,0.5804,4
"METABRIC","CorePAM",15,374,0.5907,2
"METABRIC","CorePAM",15,375,0.5854,0
"METABRIC","CorePAM",15,376,0.5834,11
"METABRIC","CorePAM",15,377,0.5898,1
"METABRIC","CorePAM",15,378,0.571,3
"METABRIC","CorePAM",15,379,0.5797,4
"METABRIC","CorePAM",15,380,0.5791,1
"METABRIC","CorePAM",15,381,0.5913,0
"METABRIC","CorePAM",15,382,0.5833,0
"METABRIC","CorePAM",15,383,0.5831,0
"METABRIC","CorePAM",15,384,0.5878,0
"METABRIC","CorePAM",15,385,0.542,7
"METABRIC","CorePAM",15,386,0.5198,6
"METABRIC","CorePAM",15,387,0.589,1
"METABRIC","CorePAM",15,388,0.5832,1
"METABRIC","CorePAM",15,389,0.5861,0
"METABRIC","CorePAM",15,390,0.573,3
"METABRIC","CorePAM",15,391,0.5726,5
"METABRIC","CorePAM",15,392,0.5867,0
"METABRIC","CorePAM",15,393,0.5546,0
"METABRIC","CorePAM",15,394,0.5679,1
"METABRIC","CorePAM",15,395,0.5791,0
"METABRIC","CorePAM",15,396,0.5911,0
"METABRIC","CorePAM",15,397,0.5932,0
"METABRIC","CorePAM",15,398,0.5284,5
"METABRIC","CorePAM",15,399,0.5968,1
"METABRIC","CorePAM",15,400,0.5874,2
"METABRIC","CorePAM",15,401,0.5833,0
"METABRIC","CorePAM",15,402,0.5739,2
"METABRIC","CorePAM",15,403,0.5587,1
"METABRIC","CorePAM",15,404,0.5873,1
"METABRIC","CorePAM",15,405,0.5632,1
"METABRIC","CorePAM",15,406,0.5856,1
"METABRIC","CorePAM",15,407,0.5927,1
"METABRIC","CorePAM",15,408,0.5925,5
"METABRIC","CorePAM",15,409,0.5857,1
"METABRIC","CorePAM",15,410,0.5632,5
"METABRIC","CorePAM",15,411,0.5855,1
"METABRIC","CorePAM",15,412,0.5793,0
"METABRIC","CorePAM",15,413,0.5947,1
"METABRIC","CorePAM",15,414,0.5575,3
"METABRIC","CorePAM",15,415,0.562,6
"METABRIC","CorePAM",15,416,0.5696,0
"METABRIC","CorePAM",15,417,0.5613,0
"METABRIC","CorePAM",15,418,0.5724,3
"METABRIC","CorePAM",15,419,0.5659,4
"METABRIC","CorePAM",15,420,0.556,6
"METABRIC","CorePAM",15,421,0.5613,0
"METABRIC","CorePAM",15,422,0.5764,10
"METABRIC","CorePAM",15,423,0.5841,0
"METABRIC","CorePAM",15,424,0.593,1
"METABRIC","CorePAM",15,425,0.5713,12
"METABRIC","CorePAM",15,426,0.5774,4
"METABRIC","CorePAM",15,427,0.5958,3
"METABRIC","CorePAM",15,428,0.5651,6
"METABRIC","CorePAM",15,429,0.5707,4
"METABRIC","CorePAM",15,430,0.5581,1
"METABRIC","CorePAM",15,431,0.5697,2
"METABRIC","CorePAM",15,432,0.5748,2
"METABRIC","CorePAM",15,433,0.5479,10
"METABRIC","CorePAM",15,434,0.5547,7
"METABRIC","CorePAM",15,435,0.5739,12
"METABRIC","CorePAM",15,436,0.57,4
"METABRIC","CorePAM",15,437,0.5663,1
"METABRIC","CorePAM",15,438,0.5815,0
"METABRIC","CorePAM",15,439,0.5919,0
"METABRIC","CorePAM",15,440,0.5897,0
"METABRIC","CorePAM",15,441,0.5956,2
"METABRIC","CorePAM",15,442,0.5447,0
"METABRIC","CorePAM",15,443,0.5481,0
"METABRIC","CorePAM",15,444,0.5894,1
"METABRIC","CorePAM",15,445,0.5945,4
"METABRIC","CorePAM",15,446,0.5844,0
"METABRIC","CorePAM",15,447,0.5702,5
"METABRIC","CorePAM",15,448,0.5849,0
"METABRIC","CorePAM",15,449,0.5891,2
"METABRIC","CorePAM",15,450,0.5906,1
"METABRIC","CorePAM",15,451,0.5858,3
"METABRIC","CorePAM",15,452,0.548,0
"METABRIC","CorePAM",15,453,0.5764,2
"METABRIC","CorePAM",15,454,0.5941,1
"METABRIC","CorePAM",15,455,0.5427,10
"METABRIC","CorePAM",15,456,0.5829,0
"METABRIC","CorePAM",15,457,0.5918,2
"METABRIC","CorePAM",15,458,0.566,1
"METABRIC","CorePAM",15,459,0.5723,0
"METABRIC","CorePAM",15,460,0.5766,11
"METABRIC","CorePAM",15,461,0.5773,4
"METABRIC","CorePAM",15,462,0.5891,0
"METABRIC","CorePAM",15,463,0.5464,5
"METABRIC","CorePAM",15,464,0.5909,0
"METABRIC","CorePAM",15,465,0.559,10
"METABRIC","CorePAM",15,466,0.5819,0
"METABRIC","CorePAM",15,467,0.5662,9
"METABRIC","CorePAM",15,468,0.571,0
"METABRIC","CorePAM",15,469,0.5786,3
"METABRIC","CorePAM",15,470,0.5707,1
"METABRIC","CorePAM",15,471,0.5808,3
"METABRIC","CorePAM",15,472,0.5879,1
"METABRIC","CorePAM",15,473,0.5918,1
"METABRIC","CorePAM",15,474,0.5906,1
"METABRIC","CorePAM",15,475,0.5925,0
"METABRIC","CorePAM",15,476,0.5908,1
"METABRIC","CorePAM",15,477,0.5702,0
"METABRIC","CorePAM",15,478,0.558,3
"METABRIC","CorePAM",15,479,0.5883,0
"METABRIC","CorePAM",15,480,0.5713,3
"METABRIC","CorePAM",15,481,0.58,0
"METABRIC","CorePAM",15,482,0.5867,0
"METABRIC","CorePAM",15,483,0.5805,0
"METABRIC","CorePAM",15,484,0.5846,0
"METABRIC","CorePAM",15,485,0.5855,0
"METABRIC","CorePAM",15,486,0.5763,0
"METABRIC","CorePAM",15,487,0.5563,3
"METABRIC","CorePAM",15,488,0.5882,1
"METABRIC","CorePAM",15,489,0.578,0
"METABRIC","CorePAM",15,490,0.5329,12
"METABRIC","CorePAM",15,491,0.5624,4
"METABRIC","CorePAM",15,492,0.5537,0
"METABRIC","CorePAM",15,493,0.573,3
"METABRIC","CorePAM",15,494,0.5806,5
"METABRIC","CorePAM",15,495,0.5817,0
"METABRIC","CorePAM",15,496,0.5715,3
"METABRIC","CorePAM",15,497,0.5981,2
"METABRIC","CorePAM",15,498,0.5762,3
"METABRIC","CorePAM",15,499,0.5906,0
"METABRIC","CorePAM",15,500,0.577,0
"METABRIC","CorePAM",15,501,0.5928,1
"METABRIC","CorePAM",15,502,0.5921,1
"METABRIC","CorePAM",15,503,0.5659,4
"METABRIC","CorePAM",15,504,0.5869,1
"METABRIC","CorePAM",15,505,0.5843,0
"METABRIC","CorePAM",15,506,0.5881,4
"METABRIC","CorePAM",15,507,0.5815,3
"METABRIC","CorePAM",15,508,0.5425,7
"METABRIC","CorePAM",15,509,0.5457,0
"METABRIC","CorePAM",15,510,0.5834,0
"METABRIC","CorePAM",15,511,0.5835,3
"METABRIC","CorePAM",15,512,0.543,10
"METABRIC","CorePAM",15,513,0.5772,5
"METABRIC","CorePAM",15,514,0.5767,0
"METABRIC","CorePAM",15,515,0.5633,3
"METABRIC","CorePAM",15,516,0.5879,0
"METABRIC","CorePAM",15,517,0.5885,1
"METABRIC","CorePAM",15,518,0.5836,0
"METABRIC","CorePAM",15,519,0.5626,6
"METABRIC","CorePAM",15,520,0.5761,0
"METABRIC","CorePAM",15,521,0.5732,0
"METABRIC","CorePAM",15,522,0.5894,0
"METABRIC","CorePAM",15,523,0.5762,2
"METABRIC","CorePAM",15,524,0.5478,5
"METABRIC","CorePAM",15,525,0.5873,1
"METABRIC","CorePAM",15,526,0.5849,0
"METABRIC","CorePAM",15,527,0.5525,11
"METABRIC","CorePAM",15,528,0.5548,11
"METABRIC","CorePAM",15,529,0.5757,2
"METABRIC","CorePAM",15,530,0.5832,0
"METABRIC","CorePAM",15,531,0.5579,3
"METABRIC","CorePAM",15,532,0.5757,3
"METABRIC","CorePAM",15,533,0.573,0
"METABRIC","CorePAM",15,534,0.5934,4
"METABRIC","CorePAM",15,535,0.5849,0
"METABRIC","CorePAM",15,536,0.5713,0
"METABRIC","CorePAM",15,537,0.589,4
"METABRIC","CorePAM",15,538,0.5911,1
"METABRIC","CorePAM",15,539,0.5578,3
"METABRIC","CorePAM",15,540,0.578,6
"METABRIC","CorePAM",15,541,0.5709,0
"METABRIC","CorePAM",15,542,0.5513,1
"METABRIC","CorePAM",15,543,0.5934,0
"METABRIC","CorePAM",15,544,0.5791,1
"METABRIC","CorePAM",15,545,0.5898,1
"METABRIC","CorePAM",15,546,0.5896,0
"METABRIC","CorePAM",15,547,0.588,0
"METABRIC","CorePAM",15,548,0.5555,0
"METABRIC","CorePAM",15,549,0.585,0
"METABRIC","CorePAM",15,550,0.5516,5
"METABRIC","CorePAM",15,551,0.58,0
"METABRIC","CorePAM",15,552,0.5054,12
"METABRIC","CorePAM",15,553,0.5742,6
"METABRIC","CorePAM",15,554,0.5743,0
"METABRIC","CorePAM",15,555,0.5782,4
"METABRIC","CorePAM",15,556,0.5935,1
"METABRIC","CorePAM",15,557,0.5898,6
"METABRIC","CorePAM",15,558,0.5833,0
"METABRIC","CorePAM",15,559,0.5318,12
"METABRIC","CorePAM",15,560,0.5713,0
"METABRIC","CorePAM",15,561,0.5602,0
"METABRIC","CorePAM",15,562,0.5826,1
"METABRIC","CorePAM",15,563,0.5783,4
"METABRIC","CorePAM",15,564,0.5652,3
"METABRIC","CorePAM",15,565,0.5742,8
"METABRIC","CorePAM",15,566,0.5718,6
"METABRIC","CorePAM",15,567,0.537,0
"METABRIC","CorePAM",15,568,0.5814,0
"METABRIC","CorePAM",15,569,0.574,5
"METABRIC","CorePAM",15,570,0.588,0
"METABRIC","CorePAM",15,571,0.5732,11
"METABRIC","CorePAM",15,572,0.5876,1
"METABRIC","CorePAM",15,573,0.5911,6
"METABRIC","CorePAM",15,574,0.5625,1
"METABRIC","CorePAM",15,575,0.5908,1
"METABRIC","CorePAM",15,576,0.5384,0
"METABRIC","CorePAM",15,577,0.5782,0
"METABRIC","CorePAM",15,578,0.5653,12
"METABRIC","CorePAM",15,579,0.5859,0
"METABRIC","CorePAM",15,580,0.5744,0
"METABRIC","CorePAM",15,581,0.5931,0
"METABRIC","CorePAM",15,582,0.5952,0
"METABRIC","CorePAM",15,583,0.5829,0
"METABRIC","CorePAM",15,584,0.5856,0
"METABRIC","CorePAM",15,585,0.5649,5
"METABRIC","CorePAM",15,586,0.5815,0
"METABRIC","CorePAM",15,587,0.5406,12
"METABRIC","CorePAM",15,588,0.5701,1
"METABRIC","CorePAM",15,589,0.5625,11
"METABRIC","CorePAM",15,590,0.5585,1
"METABRIC","CorePAM",15,591,0.576,0
"METABRIC","CorePAM",15,592,0.5877,1
"METABRIC","CorePAM",15,593,0.583,0
"METABRIC","CorePAM",15,594,0.5821,0
"METABRIC","CorePAM",15,595,0.5881,0
"METABRIC","CorePAM",15,596,0.543,10
"METABRIC","CorePAM",15,597,0.5673,0
"METABRIC","CorePAM",15,598,0.5798,1
"METABRIC","CorePAM",15,599,0.5783,0
"METABRIC","CorePAM",15,600,0.5912,1
"METABRIC","CorePAM",15,601,0.5781,3
"METABRIC","CorePAM",15,602,0.5831,0
"METABRIC","CorePAM",15,603,0.565,1
"METABRIC","CorePAM",15,604,0.5741,0
"METABRIC","CorePAM",15,605,0.5865,0
"METABRIC","CorePAM",15,606,0.5882,0
"METABRIC","CorePAM",15,607,0.5584,1
"METABRIC","CorePAM",15,608,0.5886,1
"METABRIC","CorePAM",15,609,0.5784,0
"METABRIC","CorePAM",15,610,0.5893,1
"METABRIC","CorePAM",15,611,0.5374,7
"METABRIC","CorePAM",15,612,0.59,2
"METABRIC","CorePAM",15,613,0.5656,3
"METABRIC","CorePAM",15,614,0.5904,0
"METABRIC","CorePAM",15,615,0.5908,1
"METABRIC","CorePAM",15,616,0.5648,6
"METABRIC","CorePAM",15,617,0.5893,1
"METABRIC","CorePAM",15,618,0.5411,0
"METABRIC","CorePAM",15,619,0.5589,0
"METABRIC","CorePAM",15,620,0.5829,4
"METABRIC","CorePAM",15,621,0.5842,0
"METABRIC","CorePAM",15,622,0.5595,0
"METABRIC","CorePAM",15,623,0.5547,3
"METABRIC","CorePAM",15,624,0.5813,8
"METABRIC","CorePAM",15,625,0.5716,0
"METABRIC","CorePAM",15,626,0.5872,1
"METABRIC","CorePAM",15,627,0.5819,3
"METABRIC","CorePAM",15,628,0.5894,1
"METABRIC","CorePAM",15,629,0.5901,1
"METABRIC","CorePAM",15,630,0.5846,0
"METABRIC","CorePAM",15,631,0.576,5
"METABRIC","CorePAM",15,632,0.577,0
"METABRIC","CorePAM",15,633,0.5831,0
"METABRIC","CorePAM",15,634,0.5177,11
"METABRIC","CorePAM",15,635,0.5849,6
"METABRIC","CorePAM",15,636,0.5683,0
"METABRIC","CorePAM",15,637,0.5923,1
"METABRIC","CorePAM",15,638,0.5906,1
"METABRIC","CorePAM",15,639,0.5915,1
"METABRIC","CorePAM",15,640,0.5549,10
"METABRIC","CorePAM",15,641,0.5649,4
"METABRIC","CorePAM",15,642,0.5906,1
"METABRIC","CorePAM",15,643,0.5695,12
"METABRIC","CorePAM",15,644,0.5792,0
"METABRIC","CorePAM",15,645,0.5886,2
"METABRIC","CorePAM",15,646,0.5794,3
"METABRIC","CorePAM",15,647,0.5566,3
"METABRIC","CorePAM",15,648,0.5841,0
"METABRIC","CorePAM",15,649,0.5864,3
"METABRIC","CorePAM",15,650,0.5804,11
"METABRIC","CorePAM",15,651,0.5828,9
"METABRIC","CorePAM",15,652,0.5589,0
"METABRIC","CorePAM",15,653,0.5871,3
"METABRIC","CorePAM",15,654,0.566,4
"METABRIC","CorePAM",15,655,0.5767,0
"METABRIC","CorePAM",15,656,0.5854,0
"METABRIC","CorePAM",15,657,0.5779,0
"METABRIC","CorePAM",15,658,0.5467,0
"METABRIC","CorePAM",15,659,0.5749,0
"METABRIC","CorePAM",15,660,0.5872,3
"METABRIC","CorePAM",15,661,0.5887,1
"METABRIC","CorePAM",15,662,0.5683,0
"METABRIC","CorePAM",15,663,0.5842,2
"METABRIC","CorePAM",15,664,0.5479,0
"METABRIC","CorePAM",15,665,0.5539,2
"METABRIC","CorePAM",15,666,0.5612,10
"METABRIC","CorePAM",15,667,0.5943,2
"METABRIC","CorePAM",15,668,0.5388,0
"METABRIC","CorePAM",15,669,0.5769,0
"METABRIC","CorePAM",15,670,0.5895,0
"METABRIC","CorePAM",15,671,0.5803,0
"METABRIC","CorePAM",15,672,0.5911,2
"METABRIC","CorePAM",15,673,0.5892,0
"METABRIC","CorePAM",15,674,0.5752,4
"METABRIC","CorePAM",15,675,0.5674,4
"METABRIC","CorePAM",15,676,0.5675,3
"METABRIC","CorePAM",15,677,0.5884,0
"METABRIC","CorePAM",15,678,0.5864,0
"METABRIC","CorePAM",15,679,0.5959,1
"METABRIC","CorePAM",15,680,0.5804,0
"METABRIC","CorePAM",15,681,0.5866,0
"METABRIC","CorePAM",15,682,0.5894,1
"METABRIC","CorePAM",15,683,0.5782,0
"METABRIC","CorePAM",15,684,0.5865,0
"METABRIC","CorePAM",15,685,0.5947,3
"METABRIC","CorePAM",15,686,0.5953,1
"METABRIC","CorePAM",15,687,0.5539,7
"METABRIC","CorePAM",15,688,0.5809,3
"METABRIC","CorePAM",15,689,0.5728,8
"METABRIC","CorePAM",15,690,0.5815,0
"METABRIC","CorePAM",15,691,0.5869,0
"METABRIC","CorePAM",15,692,0.5523,4
"METABRIC","CorePAM",15,693,0.5729,4
"METABRIC","CorePAM",15,694,0.5832,0
"METABRIC","CorePAM",15,695,0.5553,0
"METABRIC","CorePAM",15,696,0.554,0
"METABRIC","CorePAM",15,697,0.58,0
"METABRIC","CorePAM",15,698,0.5929,3
"METABRIC","CorePAM",15,699,0.5654,0
"METABRIC","CorePAM",15,700,0.5896,1
"METABRIC","CorePAM",15,701,0.5518,5
"METABRIC","CorePAM",15,702,0.5715,3
"METABRIC","CorePAM",15,703,0.5779,2
"METABRIC","CorePAM",15,704,0.569,0
"METABRIC","CorePAM",15,705,0.5851,0
"METABRIC","CorePAM",15,706,0.5409,10
"METABRIC","CorePAM",15,707,0.5753,0
"METABRIC","CorePAM",15,708,0.527,6
"METABRIC","CorePAM",15,709,0.5811,3
"METABRIC","CorePAM",15,710,0.5922,1
"METABRIC","CorePAM",15,711,0.5908,1
"METABRIC","CorePAM",15,712,0.5922,1
"METABRIC","CorePAM",15,713,0.5915,0
"METABRIC","CorePAM",15,714,0.5521,4
"METABRIC","CorePAM",15,715,0.5793,1
"METABRIC","CorePAM",15,716,0.5846,1
"METABRIC","CorePAM",15,717,0.5856,0
"METABRIC","CorePAM",15,718,0.5921,3
"METABRIC","CorePAM",15,719,0.5625,0
"METABRIC","CorePAM",15,720,0.5425,0
"METABRIC","CorePAM",15,721,0.5929,1
"METABRIC","CorePAM",15,722,0.5784,12
"METABRIC","CorePAM",15,723,0.572,0
"METABRIC","CorePAM",15,724,0.5839,1
"METABRIC","CorePAM",15,725,0.5523,0
"METABRIC","CorePAM",15,726,0.5793,4
"METABRIC","CorePAM",15,727,0.5767,1
"METABRIC","CorePAM",15,728,0.5863,1
"METABRIC","CorePAM",15,729,0.5587,0
"METABRIC","CorePAM",15,730,0.5588,12
"METABRIC","CorePAM",15,731,0.5735,1
"METABRIC","CorePAM",15,732,0.5894,0
"METABRIC","CorePAM",15,733,0.5735,10
"METABRIC","CorePAM",15,734,0.5843,0
"METABRIC","CorePAM",15,735,0.5805,6
"METABRIC","CorePAM",15,736,0.5443,4
"METABRIC","CorePAM",15,737,0.5734,0
"METABRIC","CorePAM",15,738,0.5593,0
"METABRIC","CorePAM",15,739,0.5543,0
"METABRIC","CorePAM",15,740,0.5618,0
"METABRIC","CorePAM",15,741,0.5851,0
"METABRIC","CorePAM",15,742,0.5855,0
"METABRIC","CorePAM",15,743,0.5878,1
"METABRIC","CorePAM",15,744,0.5584,1
"METABRIC","CorePAM",15,745,0.5869,0
"METABRIC","CorePAM",15,746,0.5909,5
"METABRIC","CorePAM",15,747,0.5044,12
"METABRIC","CorePAM",15,748,0.5835,0
"METABRIC","CorePAM",15,749,0.5818,0
"METABRIC","CorePAM",15,750,0.5761,0
"METABRIC","CorePAM",15,751,0.5338,12
"METABRIC","CorePAM",15,752,0.5858,0
"METABRIC","CorePAM",15,753,0.5938,1
"METABRIC","CorePAM",15,754,0.5905,1
"METABRIC","CorePAM",15,755,0.5684,5
"METABRIC","CorePAM",15,756,0.5798,0
"METABRIC","CorePAM",15,757,0.5856,0
"METABRIC","CorePAM",15,758,0.5656,3
"METABRIC","CorePAM",15,759,0.5889,4
"METABRIC","CorePAM",15,760,0.5956,2
"METABRIC","CorePAM",15,761,0.5811,0
"METABRIC","CorePAM",15,762,0.5774,3
"METABRIC","CorePAM",15,763,0.5335,11
"METABRIC","CorePAM",15,764,0.548,0
"METABRIC","CorePAM",15,765,0.5855,0
"METABRIC","CorePAM",15,766,0.5648,0
"METABRIC","CorePAM",15,767,0.5584,4
"METABRIC","CorePAM",15,768,0.5894,0
"METABRIC","CorePAM",15,769,0.5774,1
"METABRIC","CorePAM",15,770,0.5603,3
"METABRIC","CorePAM",15,771,0.5904,1
"METABRIC","CorePAM",15,772,0.5922,1
"METABRIC","CorePAM",15,773,0.5883,1
"METABRIC","CorePAM",15,774,0.5838,0
"METABRIC","CorePAM",15,775,0.5909,1
"METABRIC","CorePAM",15,776,0.5765,0
"METABRIC","CorePAM",15,777,0.5725,0
"METABRIC","CorePAM",15,778,0.5602,0
"METABRIC","CorePAM",15,779,0.594,1
"METABRIC","CorePAM",15,780,0.5486,4
"METABRIC","CorePAM",15,781,0.5918,2
"METABRIC","CorePAM",15,782,0.5538,0
"METABRIC","CorePAM",15,783,0.574,0
"METABRIC","CorePAM",15,784,0.5793,0
"METABRIC","CorePAM",15,785,0.573,0
"METABRIC","CorePAM",15,786,0.5977,2
"METABRIC","CorePAM",15,787,0.5879,0
"METABRIC","CorePAM",15,788,0.5847,0
"METABRIC","CorePAM",15,789,0.5928,1
"METABRIC","CorePAM",15,790,0.5974,2
"METABRIC","CorePAM",15,791,0.5759,0
"METABRIC","CorePAM",15,792,0.5843,2
"METABRIC","CorePAM",15,793,0.5895,1
"METABRIC","CorePAM",15,794,0.5827,0
"METABRIC","CorePAM",15,795,0.5918,0
"METABRIC","CorePAM",15,796,0.5489,12
"METABRIC","CorePAM",15,797,0.5783,0
"METABRIC","CorePAM",15,798,0.5927,0
"METABRIC","CorePAM",15,799,0.5892,1
"METABRIC","CorePAM",15,800,0.5964,1
"METABRIC","CorePAM",15,801,0.5876,1
"METABRIC","CorePAM",15,802,0.5723,3
"METABRIC","CorePAM",15,803,0.5759,0
"METABRIC","CorePAM",15,804,0.5644,0
"METABRIC","CorePAM",15,805,0.5833,3
"METABRIC","CorePAM",15,806,0.566,10
"METABRIC","CorePAM",15,807,0.5922,1
"METABRIC","CorePAM",15,808,0.5794,0
"METABRIC","CorePAM",15,809,0.5881,0
"METABRIC","CorePAM",15,810,0.5935,0
"METABRIC","CorePAM",15,811,0.5682,4
"METABRIC","CorePAM",15,812,0.5789,0
"METABRIC","CorePAM",15,813,0.5782,3
"METABRIC","CorePAM",15,814,0.5684,9
"METABRIC","CorePAM",15,815,0.5893,1
"METABRIC","CorePAM",15,816,0.5842,0
"METABRIC","CorePAM",15,817,0.5954,1
"METABRIC","CorePAM",15,818,0.5846,0
"METABRIC","CorePAM",15,819,0.5921,1
"METABRIC","CorePAM",15,820,0.5614,0
"METABRIC","CorePAM",15,821,0.5934,0
"METABRIC","CorePAM",15,822,0.576,2
"METABRIC","CorePAM",15,823,0.5806,6
"METABRIC","CorePAM",15,824,0.5438,12
"METABRIC","CorePAM",15,825,0.5828,0
"METABRIC","CorePAM",15,826,0.583,0
"METABRIC","CorePAM",15,827,0.5906,1
"METABRIC","CorePAM",15,828,0.5903,0
"METABRIC","CorePAM",15,829,0.601,2
"METABRIC","CorePAM",15,830,0.5842,1
"METABRIC","CorePAM",15,831,0.5684,3
"METABRIC","CorePAM",15,832,0.5551,11
"METABRIC","CorePAM",15,833,0.558,0
"METABRIC","CorePAM",15,834,0.5717,2
"METABRIC","CorePAM",15,835,0.5683,0
"METABRIC","CorePAM",15,836,0.5751,0
"METABRIC","CorePAM",15,837,0.5903,0
"METABRIC","CorePAM",15,838,0.5884,0
"METABRIC","CorePAM",15,839,0.5849,0
"METABRIC","CorePAM",15,840,0.5868,0
"METABRIC","CorePAM",15,841,0.5891,4
"METABRIC","CorePAM",15,842,0.5353,10
"METABRIC","CorePAM",15,843,0.5846,1
"METABRIC","CorePAM",15,844,0.5674,3
"METABRIC","CorePAM",15,845,0.5694,6
"METABRIC","CorePAM",15,846,0.5897,1
"METABRIC","CorePAM",15,847,0.5525,1
"METABRIC","CorePAM",15,848,0.5819,0
"METABRIC","CorePAM",15,849,0.5728,1
"METABRIC","CorePAM",15,850,0.5747,1
"METABRIC","CorePAM",15,851,0.5488,6
"METABRIC","CorePAM",15,852,0.5837,0
"METABRIC","CorePAM",15,853,0.5529,1
"METABRIC","CorePAM",15,854,0.572,1
"METABRIC","CorePAM",15,855,0.581,0
"METABRIC","CorePAM",15,856,0.5577,0
"METABRIC","CorePAM",15,857,0.573,0
"METABRIC","CorePAM",15,858,0.5886,4
"METABRIC","CorePAM",15,859,0.5812,0
"METABRIC","CorePAM",15,860,0.5319,11
"METABRIC","CorePAM",15,861,0.5827,0
"METABRIC","CorePAM",15,862,0.583,0
"METABRIC","CorePAM",15,863,0.5692,0
"METABRIC","CorePAM",15,864,0.5713,1
"METABRIC","CorePAM",15,865,0.5862,0
"METABRIC","CorePAM",15,866,0.588,1
"METABRIC","CorePAM",15,867,0.5768,2
"METABRIC","CorePAM",15,868,0.5877,0
"METABRIC","CorePAM",15,869,0.5908,1
"METABRIC","CorePAM",15,870,0.5428,12
"METABRIC","CorePAM",15,871,0.5656,1
"METABRIC","CorePAM",15,872,0.5886,1
"METABRIC","CorePAM",15,873,0.5938,1
"METABRIC","CorePAM",15,874,0.5444,5
"METABRIC","CorePAM",15,875,0.5869,0
"METABRIC","CorePAM",15,876,0.5305,12
"METABRIC","CorePAM",15,877,0.5858,0
"METABRIC","CorePAM",15,878,0.5801,0
"METABRIC","CorePAM",15,879,0.5632,6
"METABRIC","CorePAM",15,880,0.5912,1
"METABRIC","CorePAM",15,881,0.5553,0
"METABRIC","CorePAM",15,882,0.5925,0
"METABRIC","CorePAM",15,883,0.5616,0
"METABRIC","CorePAM",15,884,0.5939,1
"METABRIC","CorePAM",15,885,0.5754,1
"METABRIC","CorePAM",15,886,0.5829,0
"METABRIC","CorePAM",15,887,0.5695,0
"METABRIC","CorePAM",15,888,0.564,2
"METABRIC","CorePAM",15,889,0.5857,0
"METABRIC","CorePAM",15,890,0.5623,1
"METABRIC","CorePAM",15,891,0.5602,0
"METABRIC","CorePAM",15,892,0.5879,0
"METABRIC","CorePAM",15,893,0.5678,0
"METABRIC","CorePAM",15,894,0.5712,4
"METABRIC","CorePAM",15,895,0.5844,0
"METABRIC","CorePAM",15,896,0.5538,0
"METABRIC","CorePAM",15,897,0.5724,0
"METABRIC","CorePAM",15,898,0.54,0
"METABRIC","CorePAM",15,899,0.5784,0
"METABRIC","CorePAM",15,900,0.5827,0
"METABRIC","CorePAM",15,901,0.5845,0
"METABRIC","CorePAM",15,902,0.5897,1
"METABRIC","CorePAM",15,903,0.5816,0
"METABRIC","CorePAM",15,904,0.5706,0
"METABRIC","CorePAM",15,905,0.5816,0
"METABRIC","CorePAM",15,906,0.5679,6
"METABRIC","CorePAM",15,907,0.5942,0
"METABRIC","CorePAM",15,908,0.5717,5
"METABRIC","CorePAM",15,909,0.5838,0
"METABRIC","CorePAM",15,910,0.5795,0
"METABRIC","CorePAM",15,911,0.5681,4
"METABRIC","CorePAM",15,912,0.5655,0
"METABRIC","CorePAM",15,913,0.5893,1
"METABRIC","CorePAM",15,914,0.5655,3
"METABRIC","CorePAM",15,915,0.5959,1
"METABRIC","CorePAM",15,916,0.5879,4
"METABRIC","CorePAM",15,917,0.5841,0
"METABRIC","CorePAM",15,918,0.586,1
"METABRIC","CorePAM",15,919,0.5875,4
"METABRIC","CorePAM",15,920,0.592,4
"METABRIC","CorePAM",15,921,0.5524,0
"METABRIC","CorePAM",15,922,0.5622,11
"METABRIC","CorePAM",15,923,0.5805,0
"METABRIC","CorePAM",15,924,0.5928,0
"METABRIC","CorePAM",15,925,0.5674,4
"METABRIC","CorePAM",15,926,0.5917,1
"METABRIC","CorePAM",15,927,0.5688,3
"METABRIC","CorePAM",15,928,0.572,0
"METABRIC","CorePAM",15,929,0.5411,10
"METABRIC","CorePAM",15,930,0.5777,2
"METABRIC","CorePAM",15,931,0.5823,0
"METABRIC","CorePAM",15,932,0.5738,3
"METABRIC","CorePAM",15,933,0.5751,10
"METABRIC","CorePAM",15,934,0.5957,0
"METABRIC","CorePAM",15,935,0.5706,0
"METABRIC","CorePAM",15,936,0.5675,11
"METABRIC","CorePAM",15,937,0.5908,1
"METABRIC","CorePAM",15,938,0.5865,0
"METABRIC","CorePAM",15,939,0.576,6
"METABRIC","CorePAM",15,940,0.576,1
"METABRIC","CorePAM",15,941,0.5868,0
"METABRIC","CorePAM",15,942,0.5728,1
"METABRIC","CorePAM",15,943,0.5744,1
"METABRIC","CorePAM",15,944,0.5886,1
"METABRIC","CorePAM",15,945,0.5913,1
"METABRIC","CorePAM",15,946,0.5578,12
"METABRIC","CorePAM",15,947,0.5771,0
"METABRIC","CorePAM",15,948,0.595,1
"METABRIC","CorePAM",15,949,0.5879,0
"METABRIC","CorePAM",15,950,0.5825,0
"METABRIC","CorePAM",15,951,0.5808,0
"METABRIC","CorePAM",15,952,0.5708,0
"METABRIC","CorePAM",15,953,0.572,2
"METABRIC","CorePAM",15,954,0.584,0
"METABRIC","CorePAM",15,955,0.5686,0
"METABRIC","CorePAM",15,956,0.5356,3
"METABRIC","CorePAM",15,957,0.5844,1
"METABRIC","CorePAM",15,958,0.5886,2
"METABRIC","CorePAM",15,959,0.577,7
"METABRIC","CorePAM",15,960,0.5578,12
"METABRIC","CorePAM",15,961,0.5908,1
"METABRIC","CorePAM",15,962,0.5742,7
"METABRIC","CorePAM",15,963,0.5936,5
"METABRIC","CorePAM",15,964,0.5609,6
"METABRIC","CorePAM",15,965,0.5921,2
"METABRIC","CorePAM",15,966,0.5776,12
"METABRIC","CorePAM",15,967,0.5668,3
"METABRIC","CorePAM",15,968,0.5788,0
"METABRIC","CorePAM",15,969,0.5677,12
"METABRIC","CorePAM",15,970,0.5777,1
"METABRIC","CorePAM",15,971,0.5778,0
"METABRIC","CorePAM",15,972,0.5873,0
"METABRIC","CorePAM",15,973,0.58,0
"METABRIC","CorePAM",15,974,0.5763,0
"METABRIC","CorePAM",15,975,0.5981,1
"METABRIC","CorePAM",15,976,0.5888,1
"METABRIC","CorePAM",15,977,0.5722,0
"METABRIC","CorePAM",15,978,0.5891,4
"METABRIC","CorePAM",15,979,0.5725,6
"METABRIC","CorePAM",15,980,0.5894,0
"METABRIC","CorePAM",15,981,0.5745,1
"METABRIC","CorePAM",15,982,0.5828,0
"METABRIC","CorePAM",15,983,0.5746,0
"METABRIC","CorePAM",15,984,0.5777,0
"METABRIC","CorePAM",15,985,0.5499,1
"METABRIC","CorePAM",15,986,0.5917,1
"METABRIC","CorePAM",15,987,0.5845,0
"METABRIC","CorePAM",15,988,0.5718,3
"METABRIC","CorePAM",15,989,0.5737,1
"METABRIC","CorePAM",15,990,0.5893,1
"METABRIC","CorePAM",15,991,0.5812,0
"METABRIC","CorePAM",15,992,0.5864,0
"METABRIC","CorePAM",15,993,0.5861,0
"METABRIC","CorePAM",15,994,0.5926,1
"METABRIC","CorePAM",15,995,0.5828,0
"METABRIC","CorePAM",15,996,0.5254,12
"METABRIC","CorePAM",15,997,0.5618,4
"METABRIC","CorePAM",15,998,0.5922,0
"METABRIC","CorePAM",15,999,0.5926,1
"METABRIC","CorePAM",15,1000,0.5874,4
"GSE20685","GGI",24,1,0.6208,21
"GSE20685","GGI",24,2,0.6184,21
"GSE20685","GGI",24,3,0.6128,21
"GSE20685","GGI",24,4,0.6076,21
"GSE20685","GGI",24,5,0.6172,21
"GSE20685","GGI",24,6,0.6191,21
"GSE20685","GGI",24,7,0.6155,17
"GSE20685","GGI",24,8,0.6096,21
"GSE20685","GGI",24,9,0.6266,21
"GSE20685","GGI",24,10,0.6173,21
"GSE20685","GGI",24,11,0.6008,21
"GSE20685","GGI",24,12,0.6172,21
"GSE20685","GGI",24,13,0.6107,21
"GSE20685","GGI",24,14,0.6125,21
"GSE20685","GGI",24,15,0.6197,21
"GSE20685","GGI",24,16,0.6122,18
"GSE20685","GGI",24,17,0.6098,21
"GSE20685","GGI",24,18,0.6087,21
"GSE20685","GGI",24,19,0.6138,21
"GSE20685","GGI",24,20,0.6243,19
"GSE20685","GGI",24,21,0.6171,17
"GSE20685","GGI",24,22,0.6145,19
"GSE20685","GGI",24,23,0.6128,17
"GSE20685","GGI",24,24,0.618,20
"GSE20685","GGI",24,25,0.6037,21
"GSE20685","GGI",24,26,0.6109,19
"GSE20685","GGI",24,27,0.6157,21
"GSE20685","GGI",24,28,0.6104,21
"GSE20685","GGI",24,29,0.6178,17
"GSE20685","GGI",24,30,0.6188,21
"GSE20685","GGI",24,31,0.6163,19
"GSE20685","GGI",24,32,0.6202,21
"GSE20685","GGI",24,33,0.6028,21
"GSE20685","GGI",24,34,0.6255,21
"GSE20685","GGI",24,35,0.605,20
"GSE20685","GGI",24,36,0.62,21
"GSE20685","GGI",24,37,0.6015,21
"GSE20685","GGI",24,38,0.6156,21
"GSE20685","GGI",24,39,0.6081,21
"GSE20685","GGI",24,40,0.617,21
"GSE20685","GGI",24,41,0.6206,20
"GSE20685","GGI",24,42,0.6155,17
"GSE20685","GGI",24,43,0.6139,21
"GSE20685","GGI",24,44,0.6102,21
"GSE20685","GGI",24,45,0.6179,19
"GSE20685","GGI",24,46,0.6104,20
"GSE20685","GGI",24,47,0.6183,21
"GSE20685","GGI",24,48,0.6222,21
"GSE20685","GGI",24,49,0.6084,21
"GSE20685","GGI",24,50,0.6182,21
"GSE20685","GGI",24,51,0.6035,19
"GSE20685","GGI",24,52,0.6078,21
"GSE20685","GGI",24,53,0.6109,21
"GSE20685","GGI",24,54,0.615,20
"GSE20685","GGI",24,55,0.6136,21
"GSE20685","GGI",24,56,0.6087,21
"GSE20685","GGI",24,57,0.6202,20
"GSE20685","GGI",24,58,0.613,21
"GSE20685","GGI",24,59,0.6079,21
"GSE20685","GGI",24,60,0.6083,21
"GSE20685","GGI",24,61,0.6127,20
"GSE20685","GGI",24,62,0.607,17
"GSE20685","GGI",24,63,0.6172,21
"GSE20685","GGI",24,64,0.6287,18
"GSE20685","GGI",24,65,0.6024,21
"GSE20685","GGI",24,66,0.6127,21
"GSE20685","GGI",24,67,0.6123,21
"GSE20685","GGI",24,68,0.606,16
"GSE20685","GGI",24,69,0.6106,13
"GSE20685","GGI",24,70,0.6054,18
"GSE20685","GGI",24,71,0.6168,20
"GSE20685","GGI",24,72,0.6124,21
"GSE20685","GGI",24,73,0.609,21
"GSE20685","GGI",24,74,0.6094,21
"GSE20685","GGI",24,75,0.6075,21
"GSE20685","GGI",24,76,0.6102,19
"GSE20685","GGI",24,77,0.6168,18
"GSE20685","GGI",24,78,0.6067,17
"GSE20685","GGI",24,79,0.6068,18
"GSE20685","GGI",24,80,0.6095,18
"GSE20685","GGI",24,81,0.6162,21
"GSE20685","GGI",24,82,0.6253,17
"GSE20685","GGI",24,83,0.6224,21
"GSE20685","GGI",24,84,0.6139,18
"GSE20685","GGI",24,85,0.6174,21
"GSE20685","GGI",24,86,0.6157,20
"GSE20685","GGI",24,87,0.6096,21
"GSE20685","GGI",24,88,0.6108,20
"GSE20685","GGI",24,89,0.6228,21
"GSE20685","GGI",24,90,0.6106,21
"GSE20685","GGI",24,91,0.6027,20
"GSE20685","GGI",24,92,0.6168,21
"GSE20685","GGI",24,93,0.6153,20
"GSE20685","GGI",24,94,0.6232,14
"GSE20685","GGI",24,95,0.615,21
"GSE20685","GGI",24,96,0.6154,14
"GSE20685","GGI",24,97,0.622,18
"GSE20685","GGI",24,98,0.6138,16
"GSE20685","GGI",24,99,0.6176,19
"GSE20685","GGI",24,100,0.6104,21
"GSE20685","GGI",24,101,0.6165,21
"GSE20685","GGI",24,102,0.6249,21
"GSE20685","GGI",24,103,0.6136,21
"GSE20685","GGI",24,104,0.6024,20
"GSE20685","GGI",24,105,0.6044,21
"GSE20685","GGI",24,106,0.621,20
"GSE20685","GGI",24,107,0.6213,20
"GSE20685","GGI",24,108,0.6157,20
"GSE20685","GGI",24,109,0.616,16
"GSE20685","GGI",24,110,0.6057,21
"GSE20685","GGI",24,111,0.6158,21
"GSE20685","GGI",24,112,0.6095,21
"GSE20685","GGI",24,113,0.6061,21
"GSE20685","GGI",24,114,0.6198,21
"GSE20685","GGI",24,115,0.6118,21
"GSE20685","GGI",24,116,0.6207,19
"GSE20685","GGI",24,117,0.6201,19
"GSE20685","GGI",24,118,0.6096,21
"GSE20685","GGI",24,119,0.6091,18
"GSE20685","GGI",24,120,0.6141,21
"GSE20685","GGI",24,121,0.624,21
"GSE20685","GGI",24,122,0.6158,21
"GSE20685","GGI",24,123,0.6173,16
"GSE20685","GGI",24,124,0.6039,20
"GSE20685","GGI",24,125,0.6107,21
"GSE20685","GGI",24,126,0.626,12
"GSE20685","GGI",24,127,0.6114,21
"GSE20685","GGI",24,128,0.614,19
"GSE20685","GGI",24,129,0.6119,21
"GSE20685","GGI",24,130,0.6114,21
"GSE20685","GGI",24,131,0.6079,21
"GSE20685","GGI",24,132,0.6047,21
"GSE20685","GGI",24,133,0.6192,21
"GSE20685","GGI",24,134,0.6062,21
"GSE20685","GGI",24,135,0.6088,21
"GSE20685","GGI",24,136,0.6146,21
"GSE20685","GGI",24,137,0.6169,21
"GSE20685","GGI",24,138,0.6133,21
"GSE20685","GGI",24,139,0.6173,21
"GSE20685","GGI",24,140,0.6079,21
"GSE20685","GGI",24,141,0.6213,21
"GSE20685","GGI",24,142,0.6048,21
"GSE20685","GGI",24,143,0.6057,18
"GSE20685","GGI",24,144,0.6148,17
"GSE20685","GGI",24,145,0.6173,21
"GSE20685","GGI",24,146,0.6107,21
"GSE20685","GGI",24,147,0.6197,14
"GSE20685","GGI",24,148,0.6078,21
"GSE20685","GGI",24,149,0.6044,21
"GSE20685","GGI",24,150,0.617,21
"GSE20685","GGI",24,151,0.6086,21
"GSE20685","GGI",24,152,0.601,21
"GSE20685","GGI",24,153,0.6158,21
"GSE20685","GGI",24,154,0.6107,13
"GSE20685","GGI",24,155,0.6124,13
"GSE20685","GGI",24,156,0.6145,21
"GSE20685","GGI",24,157,0.6104,21
"GSE20685","GGI",24,158,0.6179,18
"GSE20685","GGI",24,159,0.6084,21
"GSE20685","GGI",24,160,0.6145,21
"GSE20685","GGI",24,161,0.6094,21
"GSE20685","GGI",24,162,0.615,19
"GSE20685","GGI",24,163,0.6147,21
"GSE20685","GGI",24,164,0.6053,21
"GSE20685","GGI",24,165,0.6051,19
"GSE20685","GGI",24,166,0.6109,21
"GSE20685","GGI",24,167,0.6033,21
"GSE20685","GGI",24,168,0.6212,19
"GSE20685","GGI",24,169,0.6097,21
"GSE20685","GGI",24,170,0.6121,21
"GSE20685","GGI",24,171,0.6133,21
"GSE20685","GGI",24,172,0.6228,21
"GSE20685","GGI",24,173,0.6166,19
"GSE20685","GGI",24,174,0.6173,12
"GSE20685","GGI",24,175,0.6075,21
"GSE20685","GGI",24,176,0.6072,20
"GSE20685","GGI",24,177,0.6041,15
"GSE20685","GGI",24,178,0.6135,21
"GSE20685","GGI",24,179,0.6153,21
"GSE20685","GGI",24,180,0.61,21
"GSE20685","GGI",24,181,0.6145,20
"GSE20685","GGI",24,182,0.6091,21
"GSE20685","GGI",24,183,0.6069,21
"GSE20685","GGI",24,184,0.6059,21
"GSE20685","GGI",24,185,0.6083,18
"GSE20685","GGI",24,186,0.6146,21
"GSE20685","GGI",24,187,0.6018,20
"GSE20685","GGI",24,188,0.6232,21
"GSE20685","GGI",24,189,0.6087,21
"GSE20685","GGI",24,190,0.6113,21
"GSE20685","GGI",24,191,0.6276,20
"GSE20685","GGI",24,192,0.6068,17
"GSE20685","GGI",24,193,0.6141,20
"GSE20685","GGI",24,194,0.6189,21
"GSE20685","GGI",24,195,0.624,14
"GSE20685","GGI",24,196,0.6176,21
"GSE20685","GGI",24,197,0.6103,21
"GSE20685","GGI",24,198,0.6058,21
"GSE20685","GGI",24,199,0.6147,21
"GSE20685","GGI",24,200,0.6042,20
"GSE20685","GGI",24,201,0.6168,21
"GSE20685","GGI",24,202,0.6112,20
"GSE20685","GGI",24,203,0.6146,18
"GSE20685","GGI",24,204,0.6157,21
"GSE20685","GGI",24,205,0.606,18
"GSE20685","GGI",24,206,0.6124,21
"GSE20685","GGI",24,207,0.609,21
"GSE20685","GGI",24,208,0.6238,21
"GSE20685","GGI",24,209,0.6207,21
"GSE20685","GGI",24,210,0.6113,21
"GSE20685","GGI",24,211,0.6126,21
"GSE20685","GGI",24,212,0.6207,21
"GSE20685","GGI",24,213,0.6154,21
"GSE20685","GGI",24,214,0.6156,21
"GSE20685","GGI",24,215,0.6172,21
"GSE20685","GGI",24,216,0.6128,19
"GSE20685","GGI",24,217,0.6159,21
"GSE20685","GGI",24,218,0.6156,21
"GSE20685","GGI",24,219,0.6078,21
"GSE20685","GGI",24,220,0.6213,21
"GSE20685","GGI",24,221,0.6139,21
"GSE20685","GGI",24,222,0.6084,19
"GSE20685","GGI",24,223,0.6119,21
"GSE20685","GGI",24,224,0.618,21
"GSE20685","GGI",24,225,0.6214,21
"GSE20685","GGI",24,226,0.6148,20
"GSE20685","GGI",24,227,0.6134,21
"GSE20685","GGI",24,228,0.615,20
"GSE20685","GGI",24,229,0.6155,21
"GSE20685","GGI",24,230,0.6134,17
"GSE20685","GGI",24,231,0.6004,20
"GSE20685","GGI",24,232,0.6064,21
"GSE20685","GGI",24,233,0.6126,15
"GSE20685","GGI",24,234,0.6053,21
"GSE20685","GGI",24,235,0.6058,21
"GSE20685","GGI",24,236,0.6084,21
"GSE20685","GGI",24,237,0.6239,21
"GSE20685","GGI",24,238,0.6125,20
"GSE20685","GGI",24,239,0.6205,13
"GSE20685","GGI",24,240,0.6034,21
"GSE20685","GGI",24,241,0.6194,19
"GSE20685","GGI",24,242,0.6063,19
"GSE20685","GGI",24,243,0.6209,21
"GSE20685","GGI",24,244,0.6131,21
"GSE20685","GGI",24,245,0.6136,18
"GSE20685","GGI",24,246,0.6067,19
"GSE20685","GGI",24,247,0.6156,21
"GSE20685","GGI",24,248,0.5998,21
"GSE20685","GGI",24,249,0.6105,21
"GSE20685","GGI",24,250,0.6202,20
"GSE20685","GGI",24,251,0.6122,21
"GSE20685","GGI",24,252,0.6045,21
"GSE20685","GGI",24,253,0.6205,20
"GSE20685","GGI",24,254,0.617,20
"GSE20685","GGI",24,255,0.6051,21
"GSE20685","GGI",24,256,0.6162,21
"GSE20685","GGI",24,257,0.6197,18
"GSE20685","GGI",24,258,0.6296,18
"GSE20685","GGI",24,259,0.6058,21
"GSE20685","GGI",24,260,0.6035,21
"GSE20685","GGI",24,261,0.6179,17
"GSE20685","GGI",24,262,0.6255,21
"GSE20685","GGI",24,263,0.6142,17
"GSE20685","GGI",24,264,0.6079,21
"GSE20685","GGI",24,265,0.6136,21
"GSE20685","GGI",24,266,0.6207,21
"GSE20685","GGI",24,267,0.6159,21
"GSE20685","GGI",24,268,0.6133,21
"GSE20685","GGI",24,269,0.6096,21
"GSE20685","GGI",24,270,0.6118,21
"GSE20685","GGI",24,271,0.61,21
"GSE20685","GGI",24,272,0.6062,18
"GSE20685","GGI",24,273,0.606,13
"GSE20685","GGI",24,274,0.625,21
"GSE20685","GGI",24,275,0.6019,17
"GSE20685","GGI",24,276,0.6072,21
"GSE20685","GGI",24,277,0.61,21
"GSE20685","GGI",24,278,0.6118,21
"GSE20685","GGI",24,279,0.6108,20
"GSE20685","GGI",24,280,0.6207,21
"GSE20685","GGI",24,281,0.6191,20
"GSE20685","GGI",24,282,0.6109,19
"GSE20685","GGI",24,283,0.609,20
"GSE20685","GGI",24,284,0.6106,21
"GSE20685","GGI",24,285,0.6153,21
"GSE20685","GGI",24,286,0.6065,19
"GSE20685","GGI",24,287,0.6126,21
"GSE20685","GGI",24,288,0.6024,20
"GSE20685","GGI",24,289,0.6145,21
"GSE20685","GGI",24,290,0.6151,21
"GSE20685","GGI",24,291,0.614,21
"GSE20685","GGI",24,292,0.6176,21
"GSE20685","GGI",24,293,0.6109,21
"GSE20685","GGI",24,294,0.615,21
"GSE20685","GGI",24,295,0.6273,21
"GSE20685","GGI",24,296,0.6147,21
"GSE20685","GGI",24,297,0.6197,21
"GSE20685","GGI",24,298,0.621,21
"GSE20685","GGI",24,299,0.6081,21
"GSE20685","GGI",24,300,0.6092,21
"GSE20685","GGI",24,301,0.613,21
"GSE20685","GGI",24,302,0.6058,21
"GSE20685","GGI",24,303,0.6097,21
"GSE20685","GGI",24,304,0.6139,21
"GSE20685","GGI",24,305,0.6155,21
"GSE20685","GGI",24,306,0.6138,21
"GSE20685","GGI",24,307,0.617,20
"GSE20685","GGI",24,308,0.6162,21
"GSE20685","GGI",24,309,0.6148,19
"GSE20685","GGI",24,310,0.6089,21
"GSE20685","GGI",24,311,0.602,21
"GSE20685","GGI",24,312,0.6256,18
"GSE20685","GGI",24,313,0.6126,20
"GSE20685","GGI",24,314,0.6101,21
"GSE20685","GGI",24,315,0.6113,21
"GSE20685","GGI",24,316,0.6004,21
"GSE20685","GGI",24,317,0.6043,14
"GSE20685","GGI",24,318,0.6086,12
"GSE20685","GGI",24,319,0.6122,21
"GSE20685","GGI",24,320,0.619,16
"GSE20685","GGI",24,321,0.6102,16
"GSE20685","GGI",24,322,0.6026,21
"GSE20685","GGI",24,323,0.6135,20
"GSE20685","GGI",24,324,0.6207,21
"GSE20685","GGI",24,325,0.6196,21
"GSE20685","GGI",24,326,0.6062,21
"GSE20685","GGI",24,327,0.6096,21
"GSE20685","GGI",24,328,0.6209,21
"GSE20685","GGI",24,329,0.6136,21
"GSE20685","GGI",24,330,0.6155,16
"GSE20685","GGI",24,331,0.6168,19
"GSE20685","GGI",24,332,0.6081,21
"GSE20685","GGI",24,333,0.6278,20
"GSE20685","GGI",24,334,0.6181,21
"GSE20685","GGI",24,335,0.6199,21
"GSE20685","GGI",24,336,0.6294,21
"GSE20685","GGI",24,337,0.5972,21
"GSE20685","GGI",24,338,0.6081,21
"GSE20685","GGI",24,339,0.6173,21
"GSE20685","GGI",24,340,0.6139,21
"GSE20685","GGI",24,341,0.6051,19
"GSE20685","GGI",24,342,0.6158,21
"GSE20685","GGI",24,343,0.6123,21
"GSE20685","GGI",24,344,0.621,19
"GSE20685","GGI",24,345,0.6065,16
"GSE20685","GGI",24,346,0.6094,21
"GSE20685","GGI",24,347,0.5951,19
"GSE20685","GGI",24,348,0.6152,21
"GSE20685","GGI",24,349,0.6236,21
"GSE20685","GGI",24,350,0.62,21
"GSE20685","GGI",24,351,0.609,21
"GSE20685","GGI",24,352,0.6102,21
"GSE20685","GGI",24,353,0.6184,21
"GSE20685","GGI",24,354,0.6072,16
"GSE20685","GGI",24,355,0.6064,21
"GSE20685","GGI",24,356,0.609,19
"GSE20685","GGI",24,357,0.6133,21
"GSE20685","GGI",24,358,0.617,21
"GSE20685","GGI",24,359,0.6164,21
"GSE20685","GGI",24,360,0.6165,18
"GSE20685","GGI",24,361,0.6144,14
"GSE20685","GGI",24,362,0.6042,18
"GSE20685","GGI",24,363,0.615,20
"GSE20685","GGI",24,364,0.6207,19
"GSE20685","GGI",24,365,0.6113,19
"GSE20685","GGI",24,366,0.602,19
"GSE20685","GGI",24,367,0.6111,20
"GSE20685","GGI",24,368,0.623,21
"GSE20685","GGI",24,369,0.603,21
"GSE20685","GGI",24,370,0.6142,17
"GSE20685","GGI",24,371,0.6145,21
"GSE20685","GGI",24,372,0.6236,21
"GSE20685","GGI",24,373,0.6203,17
"GSE20685","GGI",24,374,0.6044,19
"GSE20685","GGI",24,375,0.618,21
"GSE20685","GGI",24,376,0.6071,20
"GSE20685","GGI",24,377,0.615,21
"GSE20685","GGI",24,378,0.5969,21
"GSE20685","GGI",24,379,0.6035,21
"GSE20685","GGI",24,380,0.6068,21
"GSE20685","GGI",24,381,0.606,18
"GSE20685","GGI",24,382,0.6144,21
"GSE20685","GGI",24,383,0.6219,21
"GSE20685","GGI",24,384,0.613,21
"GSE20685","GGI",24,385,0.6068,21
"GSE20685","GGI",24,386,0.6158,21
"GSE20685","GGI",24,387,0.621,20
"GSE20685","GGI",24,388,0.6094,16
"GSE20685","GGI",24,389,0.6053,18
"GSE20685","GGI",24,390,0.6052,20
"GSE20685","GGI",24,391,0.612,21
"GSE20685","GGI",24,392,0.6105,21
"GSE20685","GGI",24,393,0.622,21
"GSE20685","GGI",24,394,0.6089,21
"GSE20685","GGI",24,395,0.6187,19
"GSE20685","GGI",24,396,0.6059,21
"GSE20685","GGI",24,397,0.6143,21
"GSE20685","GGI",24,398,0.6099,21
"GSE20685","GGI",24,399,0.6089,19
"GSE20685","GGI",24,400,0.6078,21
"GSE20685","GGI",24,401,0.6145,21
"GSE20685","GGI",24,402,0.6098,19
"GSE20685","GGI",24,403,0.6181,21
"GSE20685","GGI",24,404,0.6138,21
"GSE20685","GGI",24,405,0.6157,21
"GSE20685","GGI",24,406,0.6111,19
"GSE20685","GGI",24,407,0.6167,15
"GSE20685","GGI",24,408,0.6194,21
"GSE20685","GGI",24,409,0.6139,21
"GSE20685","GGI",24,410,0.6131,21
"GSE20685","GGI",24,411,0.6059,20
"GSE20685","GGI",24,412,0.6066,21
"GSE20685","GGI",24,413,0.6187,18
"GSE20685","GGI",24,414,0.6202,21
"GSE20685","GGI",24,415,0.6144,21
"GSE20685","GGI",24,416,0.6006,21
"GSE20685","GGI",24,417,0.6102,17
"GSE20685","GGI",24,418,0.6144,13
"GSE20685","GGI",24,419,0.6228,20
"GSE20685","GGI",24,420,0.6123,21
"GSE20685","GGI",24,421,0.61,21
"GSE20685","GGI",24,422,0.6198,21
"GSE20685","GGI",24,423,0.6182,18
"GSE20685","GGI",24,424,0.6101,21
"GSE20685","GGI",24,425,0.6165,21
"GSE20685","GGI",24,426,0.6139,21
"GSE20685","GGI",24,427,0.6013,21
"GSE20685","GGI",24,428,0.6094,21
"GSE20685","GGI",24,429,0.6186,21
"GSE20685","GGI",24,430,0.6085,21
"GSE20685","GGI",24,431,0.6154,21
"GSE20685","GGI",24,432,0.6232,21
"GSE20685","GGI",24,433,0.622,21
"GSE20685","GGI",24,434,0.6091,21
"GSE20685","GGI",24,435,0.6144,15
"GSE20685","GGI",24,436,0.6159,21
"GSE20685","GGI",24,437,0.6204,21
"GSE20685","GGI",24,438,0.6,21
"GSE20685","GGI",24,439,0.6153,18
"GSE20685","GGI",24,440,0.6114,21
"GSE20685","GGI",24,441,0.6127,21
"GSE20685","GGI",24,442,0.6167,19
"GSE20685","GGI",24,443,0.621,14
"GSE20685","GGI",24,444,0.6177,21
"GSE20685","GGI",24,445,0.6214,21
"GSE20685","GGI",24,446,0.6209,20
"GSE20685","GGI",24,447,0.6133,21
"GSE20685","GGI",24,448,0.6051,21
"GSE20685","GGI",24,449,0.622,21
"GSE20685","GGI",24,450,0.6109,20
"GSE20685","GGI",24,451,0.6103,20
"GSE20685","GGI",24,452,0.6173,21
"GSE20685","GGI",24,453,0.6034,21
"GSE20685","GGI",24,454,0.6149,21
"GSE20685","GGI",24,455,0.6152,15
"GSE20685","GGI",24,456,0.6021,21
"GSE20685","GGI",24,457,0.6052,21
"GSE20685","GGI",24,458,0.6147,17
"GSE20685","GGI",24,459,0.6094,16
"GSE20685","GGI",24,460,0.6151,21
"GSE20685","GGI",24,461,0.6079,21
"GSE20685","GGI",24,462,0.6138,21
"GSE20685","GGI",24,463,0.6153,15
"GSE20685","GGI",24,464,0.6195,21
"GSE20685","GGI",24,465,0.6146,21
"GSE20685","GGI",24,466,0.624,21
"GSE20685","GGI",24,467,0.6092,21
"GSE20685","GGI",24,468,0.6099,20
"GSE20685","GGI",24,469,0.6156,21
"GSE20685","GGI",24,470,0.6164,20
"GSE20685","GGI",24,471,0.6078,19
"GSE20685","GGI",24,472,0.6167,13
"GSE20685","GGI",24,473,0.61,19
"GSE20685","GGI",24,474,0.6158,20
"GSE20685","GGI",24,475,0.6169,21
"GSE20685","GGI",24,476,0.608,16
"GSE20685","GGI",24,477,0.6185,21
"GSE20685","GGI",24,478,0.6134,21
"GSE20685","GGI",24,479,0.6083,21
"GSE20685","GGI",24,480,0.6051,20
"GSE20685","GGI",24,481,0.6113,21
"GSE20685","GGI",24,482,0.6201,21
"GSE20685","GGI",24,483,0.6208,17
"GSE20685","GGI",24,484,0.6104,21
"GSE20685","GGI",24,485,0.6201,18
"GSE20685","GGI",24,486,0.6052,21
"GSE20685","GGI",24,487,0.6119,21
"GSE20685","GGI",24,488,0.6021,21
"GSE20685","GGI",24,489,0.6077,21
"GSE20685","GGI",24,490,0.6205,21
"GSE20685","GGI",24,491,0.6105,21
"GSE20685","GGI",24,492,0.6145,19
"GSE20685","GGI",24,493,0.6109,21
"GSE20685","GGI",24,494,0.6156,19
"GSE20685","GGI",24,495,0.6152,21
"GSE20685","GGI",24,496,0.6184,19
"GSE20685","GGI",24,497,0.6142,20
"GSE20685","GGI",24,498,0.6096,21
"GSE20685","GGI",24,499,0.6012,21
"GSE20685","GGI",24,500,0.6191,21
"GSE20685","GGI",24,501,0.6108,21
"GSE20685","GGI",24,502,0.6169,18
"GSE20685","GGI",24,503,0.628,21
"GSE20685","GGI",24,504,0.6089,21
"GSE20685","GGI",24,505,0.6209,21
"GSE20685","GGI",24,506,0.6161,18
"GSE20685","GGI",24,507,0.6087,21
"GSE20685","GGI",24,508,0.6216,21
"GSE20685","GGI",24,509,0.6082,21
"GSE20685","GGI",24,510,0.6081,18
"GSE20685","GGI",24,511,0.5973,21
"GSE20685","GGI",24,512,0.6217,17
"GSE20685","GGI",24,513,0.6085,21
"GSE20685","GGI",24,514,0.6081,21
"GSE20685","GGI",24,515,0.6082,14
"GSE20685","GGI",24,516,0.6071,19
"GSE20685","GGI",24,517,0.6146,18
"GSE20685","GGI",24,518,0.6107,19
"GSE20685","GGI",24,519,0.6166,21
"GSE20685","GGI",24,520,0.6072,19
"GSE20685","GGI",24,521,0.6165,21
"GSE20685","GGI",24,522,0.6084,18
"GSE20685","GGI",24,523,0.6061,18
"GSE20685","GGI",24,524,0.6029,21
"GSE20685","GGI",24,525,0.6106,18
"GSE20685","GGI",24,526,0.6069,18
"GSE20685","GGI",24,527,0.6237,17
"GSE20685","GGI",24,528,0.6149,18
"GSE20685","GGI",24,529,0.6181,21
"GSE20685","GGI",24,530,0.6151,21
"GSE20685","GGI",24,531,0.6051,21
"GSE20685","GGI",24,532,0.6094,21
"GSE20685","GGI",24,533,0.6152,20
"GSE20685","GGI",24,534,0.6124,20
"GSE20685","GGI",24,535,0.61,21
"GSE20685","GGI",24,536,0.6139,19
"GSE20685","GGI",24,537,0.6212,17
"GSE20685","GGI",24,538,0.6146,21
"GSE20685","GGI",24,539,0.6209,21
"GSE20685","GGI",24,540,0.6091,21
"GSE20685","GGI",24,541,0.6096,21
"GSE20685","GGI",24,542,0.6143,21
"GSE20685","GGI",24,543,0.6105,20
"GSE20685","GGI",24,544,0.6081,21
"GSE20685","GGI",24,545,0.6034,21
"GSE20685","GGI",24,546,0.607,21
"GSE20685","GGI",24,547,0.6041,20
"GSE20685","GGI",24,548,0.6118,16
"GSE20685","GGI",24,549,0.609,21
"GSE20685","GGI",24,550,0.6163,17
"GSE20685","GGI",24,551,0.5965,21
"GSE20685","GGI",24,552,0.6201,21
"GSE20685","GGI",24,553,0.6082,21
"GSE20685","GGI",24,554,0.6155,20
"GSE20685","GGI",24,555,0.6166,20
"GSE20685","GGI",24,556,0.6116,21
"GSE20685","GGI",24,557,0.6193,16
"GSE20685","GGI",24,558,0.6109,21
"GSE20685","GGI",24,559,0.6167,21
"GSE20685","GGI",24,560,0.6145,21
"GSE20685","GGI",24,561,0.614,21
"GSE20685","GGI",24,562,0.6179,18
"GSE20685","GGI",24,563,0.6076,21
"GSE20685","GGI",24,564,0.6153,21
"GSE20685","GGI",24,565,0.6124,19
"GSE20685","GGI",24,566,0.6149,21
"GSE20685","GGI",24,567,0.6083,21
"GSE20685","GGI",24,568,0.6202,21
"GSE20685","GGI",24,569,0.6226,19
"GSE20685","GGI",24,570,0.6151,21
"GSE20685","GGI",24,571,0.6074,18
"GSE20685","GGI",24,572,0.6116,21
"GSE20685","GGI",24,573,0.6118,21
"GSE20685","GGI",24,574,0.6145,21
"GSE20685","GGI",24,575,0.6077,21
"GSE20685","GGI",24,576,0.6114,21
"GSE20685","GGI",24,577,0.6148,21
"GSE20685","GGI",24,578,0.6161,18
"GSE20685","GGI",24,579,0.62,12
"GSE20685","GGI",24,580,0.6069,21
"GSE20685","GGI",24,581,0.6102,21
"GSE20685","GGI",24,582,0.6131,21
"GSE20685","GGI",24,583,0.6144,21
"GSE20685","GGI",24,584,0.6128,21
"GSE20685","GGI",24,585,0.6091,21
"GSE20685","GGI",24,586,0.6153,21
"GSE20685","GGI",24,587,0.6196,21
"GSE20685","GGI",24,588,0.6205,19
"GSE20685","GGI",24,589,0.6189,20
"GSE20685","GGI",24,590,0.6063,21
"GSE20685","GGI",24,591,0.6212,21
"GSE20685","GGI",24,592,0.6186,21
"GSE20685","GGI",24,593,0.6049,21
"GSE20685","GGI",24,594,0.6219,21
"GSE20685","GGI",24,595,0.6099,21
"GSE20685","GGI",24,596,0.614,18
"GSE20685","GGI",24,597,0.612,21
"GSE20685","GGI",24,598,0.6203,17
"GSE20685","GGI",24,599,0.6083,21
"GSE20685","GGI",24,600,0.6143,21
"GSE20685","GGI",24,601,0.6165,21
"GSE20685","GGI",24,602,0.6007,21
"GSE20685","GGI",24,603,0.6051,21
"GSE20685","GGI",24,604,0.6057,17
"GSE20685","GGI",24,605,0.6237,19
"GSE20685","GGI",24,606,0.6076,21
"GSE20685","GGI",24,607,0.6051,21
"GSE20685","GGI",24,608,0.6118,19
"GSE20685","GGI",24,609,0.6076,19
"GSE20685","GGI",24,610,0.6186,21
"GSE20685","GGI",24,611,0.6173,17
"GSE20685","GGI",24,612,0.6194,21
"GSE20685","GGI",24,613,0.6139,21
"GSE20685","GGI",24,614,0.6053,21
"GSE20685","GGI",24,615,0.6034,17
"GSE20685","GGI",24,616,0.609,21
"GSE20685","GGI",24,617,0.6176,20
"GSE20685","GGI",24,618,0.6099,21
"GSE20685","GGI",24,619,0.6039,19
"GSE20685","GGI",24,620,0.6099,21
"GSE20685","GGI",24,621,0.6046,13
"GSE20685","GGI",24,622,0.619,21
"GSE20685","GGI",24,623,0.6117,21
"GSE20685","GGI",24,624,0.6083,21
"GSE20685","GGI",24,625,0.6105,19
"GSE20685","GGI",24,626,0.6136,20
"GSE20685","GGI",24,627,0.6142,20
"GSE20685","GGI",24,628,0.6082,21
"GSE20685","GGI",24,629,0.6114,21
"GSE20685","GGI",24,630,0.6118,21
"GSE20685","GGI",24,631,0.6129,19
"GSE20685","GGI",24,632,0.6157,18
"GSE20685","GGI",24,633,0.6026,21
"GSE20685","GGI",24,634,0.6129,20
"GSE20685","GGI",24,635,0.6087,21
"GSE20685","GGI",24,636,0.6207,15
"GSE20685","GGI",24,637,0.6183,16
"GSE20685","GGI",24,638,0.6196,21
"GSE20685","GGI",24,639,0.6108,21
"GSE20685","GGI",24,640,0.6064,21
"GSE20685","GGI",24,641,0.6065,21
"GSE20685","GGI",24,642,0.6157,21
"GSE20685","GGI",24,643,0.6093,21
"GSE20685","GGI",24,644,0.6068,20
"GSE20685","GGI",24,645,0.6105,21
"GSE20685","GGI",24,646,0.6118,19
"GSE20685","GGI",24,647,0.6085,21
"GSE20685","GGI",24,648,0.6076,21
"GSE20685","GGI",24,649,0.6046,21
"GSE20685","GGI",24,650,0.6117,21
"GSE20685","GGI",24,651,0.616,16
"GSE20685","GGI",24,652,0.6211,21
"GSE20685","GGI",24,653,0.6197,18
"GSE20685","GGI",24,654,0.6153,15
"GSE20685","GGI",24,655,0.6131,21
"GSE20685","GGI",24,656,0.6154,20
"GSE20685","GGI",24,657,0.6122,21
"GSE20685","GGI",24,658,0.6041,21
"GSE20685","GGI",24,659,0.6183,21
"GSE20685","GGI",24,660,0.6286,21
"GSE20685","GGI",24,661,0.6217,21
"GSE20685","GGI",24,662,0.6152,21
"GSE20685","GGI",24,663,0.6225,21
"GSE20685","GGI",24,664,0.6145,19
"GSE20685","GGI",24,665,0.6065,21
"GSE20685","GGI",24,666,0.6128,21
"GSE20685","GGI",24,667,0.6109,17
"GSE20685","GGI",24,668,0.6162,21
"GSE20685","GGI",24,669,0.6074,16
"GSE20685","GGI",24,670,0.613,21
"GSE20685","GGI",24,671,0.6152,21
"GSE20685","GGI",24,672,0.6197,19
"GSE20685","GGI",24,673,0.6196,20
"GSE20685","GGI",24,674,0.6147,21
"GSE20685","GGI",24,675,0.6166,21
"GSE20685","GGI",24,676,0.6115,20
"GSE20685","GGI",24,677,0.6173,21
"GSE20685","GGI",24,678,0.6117,17
"GSE20685","GGI",24,679,0.6019,20
"GSE20685","GGI",24,680,0.6095,19
"GSE20685","GGI",24,681,0.6102,21
"GSE20685","GGI",24,682,0.6067,21
"GSE20685","GGI",24,683,0.6157,20
"GSE20685","GGI",24,684,0.6154,21
"GSE20685","GGI",24,685,0.6039,21
"GSE20685","GGI",24,686,0.6019,20
"GSE20685","GGI",24,687,0.6111,17
"GSE20685","GGI",24,688,0.6058,21
"GSE20685","GGI",24,689,0.6081,21
"GSE20685","GGI",24,690,0.6198,21
"GSE20685","GGI",24,691,0.6086,15
"GSE20685","GGI",24,692,0.6125,19
"GSE20685","GGI",24,693,0.6147,21
"GSE20685","GGI",24,694,0.603,21
"GSE20685","GGI",24,695,0.6137,21
"GSE20685","GGI",24,696,0.5999,21
"GSE20685","GGI",24,697,0.6088,18
"GSE20685","GGI",24,698,0.6149,18
"GSE20685","GGI",24,699,0.6106,21
"GSE20685","GGI",24,700,0.6239,21
"GSE20685","GGI",24,701,0.6104,19
"GSE20685","GGI",24,702,0.6101,19
"GSE20685","GGI",24,703,0.6157,20
"GSE20685","GGI",24,704,0.6139,20
"GSE20685","GGI",24,705,0.6165,19
"GSE20685","GGI",24,706,0.611,21
"GSE20685","GGI",24,707,0.614,14
"GSE20685","GGI",24,708,0.5971,21
"GSE20685","GGI",24,709,0.6069,15
"GSE20685","GGI",24,710,0.6079,21
"GSE20685","GGI",24,711,0.6155,21
"GSE20685","GGI",24,712,0.6109,21
"GSE20685","GGI",24,713,0.6099,21
"GSE20685","GGI",24,714,0.6108,19
"GSE20685","GGI",24,715,0.612,21
"GSE20685","GGI",24,716,0.6071,21
"GSE20685","GGI",24,717,0.6008,21
"GSE20685","GGI",24,718,0.6168,21
"GSE20685","GGI",24,719,0.6114,21
"GSE20685","GGI",24,720,0.6052,21
"GSE20685","GGI",24,721,0.6128,21
"GSE20685","GGI",24,722,0.6192,19
"GSE20685","GGI",24,723,0.6118,17
"GSE20685","GGI",24,724,0.6099,21
"GSE20685","GGI",24,725,0.6117,21
"GSE20685","GGI",24,726,0.6166,20
"GSE20685","GGI",24,727,0.6236,19
"GSE20685","GGI",24,728,0.6282,21
"GSE20685","GGI",24,729,0.6156,15
"GSE20685","GGI",24,730,0.6004,19
"GSE20685","GGI",24,731,0.6115,21
"GSE20685","GGI",24,732,0.6204,21
"GSE20685","GGI",24,733,0.6199,19
"GSE20685","GGI",24,734,0.6014,21
"GSE20685","GGI",24,735,0.6157,18
"GSE20685","GGI",24,736,0.6139,19
"GSE20685","GGI",24,737,0.6139,21
"GSE20685","GGI",24,738,0.6113,21
"GSE20685","GGI",24,739,0.6148,21
"GSE20685","GGI",24,740,0.6098,21
"GSE20685","GGI",24,741,0.6088,21
"GSE20685","GGI",24,742,0.6097,19
"GSE20685","GGI",24,743,0.6167,19
"GSE20685","GGI",24,744,0.6025,21
"GSE20685","GGI",24,745,0.6092,19
"GSE20685","GGI",24,746,0.6103,21
"GSE20685","GGI",24,747,0.6048,21
"GSE20685","GGI",24,748,0.6222,21
"GSE20685","GGI",24,749,0.6205,21
"GSE20685","GGI",24,750,0.6179,15
"GSE20685","GGI",24,751,0.6163,17
"GSE20685","GGI",24,752,0.6134,16
"GSE20685","GGI",24,753,0.6022,21
"GSE20685","GGI",24,754,0.6187,21
"GSE20685","GGI",24,755,0.6064,21
"GSE20685","GGI",24,756,0.6132,15
"GSE20685","GGI",24,757,0.6128,20
"GSE20685","GGI",24,758,0.6068,19
"GSE20685","GGI",24,759,0.6172,18
"GSE20685","GGI",24,760,0.6113,21
"GSE20685","GGI",24,761,0.6152,21
"GSE20685","GGI",24,762,0.6143,20
"GSE20685","GGI",24,763,0.6196,18
"GSE20685","GGI",24,764,0.6112,19
"GSE20685","GGI",24,765,0.6133,19
"GSE20685","GGI",24,766,0.6121,21
"GSE20685","GGI",24,767,0.6067,21
"GSE20685","GGI",24,768,0.6074,21
"GSE20685","GGI",24,769,0.6139,21
"GSE20685","GGI",24,770,0.6061,21
"GSE20685","GGI",24,771,0.6016,19
"GSE20685","GGI",24,772,0.6139,21
"GSE20685","GGI",24,773,0.6104,21
"GSE20685","GGI",24,774,0.6148,19
"GSE20685","GGI",24,775,0.6045,21
"GSE20685","GGI",24,776,0.6076,21
"GSE20685","GGI",24,777,0.607,20
"GSE20685","GGI",24,778,0.6171,21
"GSE20685","GGI",24,779,0.6084,19
"GSE20685","GGI",24,780,0.6157,21
"GSE20685","GGI",24,781,0.6118,21
"GSE20685","GGI",24,782,0.6035,18
"GSE20685","GGI",24,783,0.6195,16
"GSE20685","GGI",24,784,0.6071,16
"GSE20685","GGI",24,785,0.6135,21
"GSE20685","GGI",24,786,0.6138,20
"GSE20685","GGI",24,787,0.6104,13
"GSE20685","GGI",24,788,0.6101,21
"GSE20685","GGI",24,789,0.6175,21
"GSE20685","GGI",24,790,0.6126,19
"GSE20685","GGI",24,791,0.612,21
"GSE20685","GGI",24,792,0.6105,21
"GSE20685","GGI",24,793,0.6088,17
"GSE20685","GGI",24,794,0.6113,21
"GSE20685","GGI",24,795,0.6105,20
"GSE20685","GGI",24,796,0.6002,21
"GSE20685","GGI",24,797,0.6032,19
"GSE20685","GGI",24,798,0.6065,14
"GSE20685","GGI",24,799,0.6201,21
"GSE20685","GGI",24,800,0.5989,21
"GSE20685","GGI",24,801,0.6227,21
"GSE20685","GGI",24,802,0.6117,19
"GSE20685","GGI",24,803,0.6139,20
"GSE20685","GGI",24,804,0.6195,19
"GSE20685","GGI",24,805,0.6267,21
"GSE20685","GGI",24,806,0.6135,13
"GSE20685","GGI",24,807,0.6131,21
"GSE20685","GGI",24,808,0.6073,21
"GSE20685","GGI",24,809,0.6108,21
"GSE20685","GGI",24,810,0.6251,18
"GSE20685","GGI",24,811,0.6232,21
"GSE20685","GGI",24,812,0.6092,21
"GSE20685","GGI",24,813,0.613,21
"GSE20685","GGI",24,814,0.6166,21
"GSE20685","GGI",24,815,0.6155,20
"GSE20685","GGI",24,816,0.6243,18
"GSE20685","GGI",24,817,0.611,21
"GSE20685","GGI",24,818,0.6198,21
"GSE20685","GGI",24,819,0.6158,21
"GSE20685","GGI",24,820,0.6037,21
"GSE20685","GGI",24,821,0.6098,21
"GSE20685","GGI",24,822,0.6054,21
"GSE20685","GGI",24,823,0.6156,20
"GSE20685","GGI",24,824,0.5989,16
"GSE20685","GGI",24,825,0.6053,18
"GSE20685","GGI",24,826,0.6089,21
"GSE20685","GGI",24,827,0.6169,21
"GSE20685","GGI",24,828,0.6088,18
"GSE20685","GGI",24,829,0.6125,21
"GSE20685","GGI",24,830,0.6205,18
"GSE20685","GGI",24,831,0.6135,21
"GSE20685","GGI",24,832,0.6085,20
"GSE20685","GGI",24,833,0.614,16
"GSE20685","GGI",24,834,0.6092,18
"GSE20685","GGI",24,835,0.6139,20
"GSE20685","GGI",24,836,0.6009,21
"GSE20685","GGI",24,837,0.615,20
"GSE20685","GGI",24,838,0.6128,20
"GSE20685","GGI",24,839,0.6138,21
"GSE20685","GGI",24,840,0.6125,16
"GSE20685","GGI",24,841,0.6106,21
"GSE20685","GGI",24,842,0.6067,21
"GSE20685","GGI",24,843,0.623,21
"GSE20685","GGI",24,844,0.6136,21
"GSE20685","GGI",24,845,0.6085,21
"GSE20685","GGI",24,846,0.6134,21
"GSE20685","GGI",24,847,0.6145,21
"GSE20685","GGI",24,848,0.6101,21
"GSE20685","GGI",24,849,0.6121,21
"GSE20685","GGI",24,850,0.6133,19
"GSE20685","GGI",24,851,0.6171,19
"GSE20685","GGI",24,852,0.6044,21
"GSE20685","GGI",24,853,0.6066,20
"GSE20685","GGI",24,854,0.6081,21
"GSE20685","GGI",24,855,0.6112,21
"GSE20685","GGI",24,856,0.6126,21
"GSE20685","GGI",24,857,0.6025,21
"GSE20685","GGI",24,858,0.6062,19
"GSE20685","GGI",24,859,0.6173,16
"GSE20685","GGI",24,860,0.614,15
"GSE20685","GGI",24,861,0.6179,21
"GSE20685","GGI",24,862,0.606,21
"GSE20685","GGI",24,863,0.6102,15
"GSE20685","GGI",24,864,0.6159,21
"GSE20685","GGI",24,865,0.6103,17
"GSE20685","GGI",24,866,0.6154,21
"GSE20685","GGI",24,867,0.6131,21
"GSE20685","GGI",24,868,0.6134,15
"GSE20685","GGI",24,869,0.6251,21
"GSE20685","GGI",24,870,0.6094,21
"GSE20685","GGI",24,871,0.6217,20
"GSE20685","GGI",24,872,0.6107,21
"GSE20685","GGI",24,873,0.6179,21
"GSE20685","GGI",24,874,0.6153,19
"GSE20685","GGI",24,875,0.6166,21
"GSE20685","GGI",24,876,0.6146,20
"GSE20685","GGI",24,877,0.6141,21
"GSE20685","GGI",24,878,0.6083,21
"GSE20685","GGI",24,879,0.6194,21
"GSE20685","GGI",24,880,0.6092,20
"GSE20685","GGI",24,881,0.6143,13
"GSE20685","GGI",24,882,0.6281,15
"GSE20685","GGI",24,883,0.6189,21
"GSE20685","GGI",24,884,0.6291,21
"GSE20685","GGI",24,885,0.6101,18
"GSE20685","GGI",24,886,0.6182,20
"GSE20685","GGI",24,887,0.6136,21
"GSE20685","GGI",24,888,0.6096,21
"GSE20685","GGI",24,889,0.5954,21
"GSE20685","GGI",24,890,0.6143,21
"GSE20685","GGI",24,891,0.6187,21
"GSE20685","GGI",24,892,0.6138,20
"GSE20685","GGI",24,893,0.617,19
"GSE20685","GGI",24,894,0.6143,19
"GSE20685","GGI",24,895,0.6075,21
"GSE20685","GGI",24,896,0.6035,18
"GSE20685","GGI",24,897,0.5951,21
"GSE20685","GGI",24,898,0.6116,21
"GSE20685","GGI",24,899,0.6153,20
"GSE20685","GGI",24,900,0.6113,21
"GSE20685","GGI",24,901,0.6042,19
"GSE20685","GGI",24,902,0.6051,21
"GSE20685","GGI",24,903,0.6117,21
"GSE20685","GGI",24,904,0.6039,21
"GSE20685","GGI",24,905,0.6167,17
"GSE20685","GGI",24,906,0.6112,21
"GSE20685","GGI",24,907,0.6161,21
"GSE20685","GGI",24,908,0.6231,21
"GSE20685","GGI",24,909,0.6147,21
"GSE20685","GGI",24,910,0.6108,21
"GSE20685","GGI",24,911,0.6159,21
"GSE20685","GGI",24,912,0.6038,18
"GSE20685","GGI",24,913,0.6198,16
"GSE20685","GGI",24,914,0.6026,21
"GSE20685","GGI",24,915,0.6086,21
"GSE20685","GGI",24,916,0.6227,21
"GSE20685","GGI",24,917,0.6076,20
"GSE20685","GGI",24,918,0.6071,21
"GSE20685","GGI",24,919,0.6109,21
"GSE20685","GGI",24,920,0.619,21
"GSE20685","GGI",24,921,0.6245,20
"GSE20685","GGI",24,922,0.6222,20
"GSE20685","GGI",24,923,0.609,21
"GSE20685","GGI",24,924,0.6143,18
"GSE20685","GGI",24,925,0.6155,21
"GSE20685","GGI",24,926,0.6078,21
"GSE20685","GGI",24,927,0.6136,21
"GSE20685","GGI",24,928,0.6242,21
"GSE20685","GGI",24,929,0.6007,20
"GSE20685","GGI",24,930,0.6062,21
"GSE20685","GGI",24,931,0.6089,21
"GSE20685","GGI",24,932,0.6194,21
"GSE20685","GGI",24,933,0.6179,20
"GSE20685","GGI",24,934,0.6119,21
"GSE20685","GGI",24,935,0.6139,18
"GSE20685","GGI",24,936,0.6161,20
"GSE20685","GGI",24,937,0.6102,20
"GSE20685","GGI",24,938,0.6117,21
"GSE20685","GGI",24,939,0.6069,20
"GSE20685","GGI",24,940,0.619,21
"GSE20685","GGI",24,941,0.6089,19
"GSE20685","GGI",24,942,0.6052,19
"GSE20685","GGI",24,943,0.6117,21
"GSE20685","GGI",24,944,0.6157,20
"GSE20685","GGI",24,945,0.6133,21
"GSE20685","GGI",24,946,0.6169,21
"GSE20685","GGI",24,947,0.6103,21
"GSE20685","GGI",24,948,0.6087,21
"GSE20685","GGI",24,949,0.6093,21
"GSE20685","GGI",24,950,0.6122,21
"GSE20685","GGI",24,951,0.6181,20
"GSE20685","GGI",24,952,0.6199,20
"GSE20685","GGI",24,953,0.6189,21
"GSE20685","GGI",24,954,0.6175,21
"GSE20685","GGI",24,955,0.6049,21
"GSE20685","GGI",24,956,0.6133,20
"GSE20685","GGI",24,957,0.6057,21
"GSE20685","GGI",24,958,0.602,16
"GSE20685","GGI",24,959,0.6171,21
"GSE20685","GGI",24,960,0.6051,20
"GSE20685","GGI",24,961,0.6305,18
"GSE20685","GGI",24,962,0.6096,17
"GSE20685","GGI",24,963,0.6036,21
"GSE20685","GGI",24,964,0.6255,21
"GSE20685","GGI",24,965,0.6149,21
"GSE20685","GGI",24,966,0.611,14
"GSE20685","GGI",24,967,0.6187,19
"GSE20685","GGI",24,968,0.605,21
"GSE20685","GGI",24,969,0.6175,20
"GSE20685","GGI",24,970,0.6151,19
"GSE20685","GGI",24,971,0.6221,20
"GSE20685","GGI",24,972,0.6104,21
"GSE20685","GGI",24,973,0.6177,18
"GSE20685","GGI",24,974,0.6184,15
"GSE20685","GGI",24,975,0.6124,12
"GSE20685","GGI",24,976,0.6154,17
"GSE20685","GGI",24,977,0.618,21
"GSE20685","GGI",24,978,0.6143,19
"GSE20685","GGI",24,979,0.6094,16
"GSE20685","GGI",24,980,0.6187,21
"GSE20685","GGI",24,981,0.6027,21
"GSE20685","GGI",24,982,0.6251,21
"GSE20685","GGI",24,983,0.6203,20
"GSE20685","GGI",24,984,0.6022,21
"GSE20685","GGI",24,985,0.6118,21
"GSE20685","GGI",24,986,0.6129,18
"GSE20685","GGI",24,987,0.613,19
"GSE20685","GGI",24,988,0.6055,18
"GSE20685","GGI",24,989,0.6197,19
"GSE20685","GGI",24,990,0.6188,21
"GSE20685","GGI",24,991,0.6092,21
"GSE20685","GGI",24,992,0.615,21
"GSE20685","GGI",24,993,0.6033,21
"GSE20685","GGI",24,994,0.6182,21
"GSE20685","GGI",24,995,0.6115,20
"GSE20685","GGI",24,996,0.614,17
"GSE20685","GGI",24,997,0.6113,21
"GSE20685","GGI",24,998,0.6193,21
"GSE20685","GGI",24,999,0.6183,21
"GSE20685","GGI",24,1000,0.6184,21
"GSE20685","GGI",15,1,0.6269,12
"GSE20685","GGI",15,2,0.6081,10
"GSE20685","GGI",15,3,0.6228,10
"GSE20685","GGI",15,4,0.6155,9
"GSE20685","GGI",15,5,0.621,12
"GSE20685","GGI",15,6,0.6324,10
"GSE20685","GGI",15,7,0.6086,8
"GSE20685","GGI",15,8,0.6139,12
"GSE20685","GGI",15,9,0.6128,12
"GSE20685","GGI",15,10,0.6148,12
"GSE20685","GGI",15,11,0.6055,12
"GSE20685","GGI",15,12,0.6195,12
"GSE20685","GGI",15,13,0.6098,12
"GSE20685","GGI",15,14,0.6218,10
"GSE20685","GGI",15,15,0.6098,7
"GSE20685","GGI",15,16,0.6119,12
"GSE20685","GGI",15,17,0.6057,12
"GSE20685","GGI",15,18,0.62,12
"GSE20685","GGI",15,19,0.6262,11
"GSE20685","GGI",15,20,0.6141,12
"GSE20685","GGI",15,21,0.5968,12
"GSE20685","GGI",15,22,0.6213,12
"GSE20685","GGI",15,23,0.6318,12
"GSE20685","GGI",15,24,0.6232,12
"GSE20685","GGI",15,25,0.6099,12
"GSE20685","GGI",15,26,0.6097,12
"GSE20685","GGI",15,27,0.6121,12
"GSE20685","GGI",15,28,0.6112,12
"GSE20685","GGI",15,29,0.617,10
"GSE20685","GGI",15,30,0.5962,8
"GSE20685","GGI",15,31,0.615,12
"GSE20685","GGI",15,32,0.6076,6
"GSE20685","GGI",15,33,0.6166,11
"GSE20685","GGI",15,34,0.6044,11
"GSE20685","GGI",15,35,0.6155,11
"GSE20685","GGI",15,36,0.6111,12
"GSE20685","GGI",15,37,0.6126,11
"GSE20685","GGI",15,38,0.611,12
"GSE20685","GGI",15,39,0.6032,12
"GSE20685","GGI",15,40,0.6221,7
"GSE20685","GGI",15,41,0.6241,12
"GSE20685","GGI",15,42,0.5982,11
"GSE20685","GGI",15,43,0.6252,12
"GSE20685","GGI",15,44,0.6264,5
"GSE20685","GGI",15,45,0.6114,12
"GSE20685","GGI",15,46,0.605,12
"GSE20685","GGI",15,47,0.6045,6
"GSE20685","GGI",15,48,0.6032,12
"GSE20685","GGI",15,49,0.6168,6
"GSE20685","GGI",15,50,0.6136,10
"GSE20685","GGI",15,51,0.6141,12
"GSE20685","GGI",15,52,0.6055,9
"GSE20685","GGI",15,53,0.6114,11
"GSE20685","GGI",15,54,0.608,12
"GSE20685","GGI",15,55,0.6067,12
"GSE20685","GGI",15,56,0.6035,12
"GSE20685","GGI",15,57,0.6264,12
"GSE20685","GGI",15,58,0.6044,6
"GSE20685","GGI",15,59,0.6166,10
"GSE20685","GGI",15,60,0.5947,6
"GSE20685","GGI",15,61,0.6131,9
"GSE20685","GGI",15,62,0.6201,12
"GSE20685","GGI",15,63,0.6111,12
"GSE20685","GGI",15,64,0.6062,11
"GSE20685","GGI",15,65,0.6106,12
"GSE20685","GGI",15,66,0.6264,12
"GSE20685","GGI",15,67,0.611,12
"GSE20685","GGI",15,68,0.5931,12
"GSE20685","GGI",15,69,0.6052,8
"GSE20685","GGI",15,70,0.61,10
"GSE20685","GGI",15,71,0.6173,12
"GSE20685","GGI",15,72,0.6111,10
"GSE20685","GGI",15,73,0.6065,12
"GSE20685","GGI",15,74,0.615,12
"GSE20685","GGI",15,75,0.6205,12
"GSE20685","GGI",15,76,0.6167,12
"GSE20685","GGI",15,77,0.5982,12
"GSE20685","GGI",15,78,0.6318,9
"GSE20685","GGI",15,79,0.6114,12
"GSE20685","GGI",15,80,0.6085,12
"GSE20685","GGI",15,81,0.6221,12
"GSE20685","GGI",15,82,0.6159,12
"GSE20685","GGI",15,83,0.6095,12
"GSE20685","GGI",15,84,0.6013,12
"GSE20685","GGI",15,85,0.6105,11
"GSE20685","GGI",15,86,0.6228,12
"GSE20685","GGI",15,87,0.6177,6
"GSE20685","GGI",15,88,0.6077,12
"GSE20685","GGI",15,89,0.6069,12
"GSE20685","GGI",15,90,0.62,9
"GSE20685","GGI",15,91,0.6125,12
"GSE20685","GGI",15,92,0.6095,9
"GSE20685","GGI",15,93,0.5986,12
"GSE20685","GGI",15,94,0.6096,9
"GSE20685","GGI",15,95,0.6124,12
"GSE20685","GGI",15,96,0.6094,12
"GSE20685","GGI",15,97,0.6163,12
"GSE20685","GGI",15,98,0.6076,11
"GSE20685","GGI",15,99,0.6163,12
"GSE20685","GGI",15,100,0.6121,12
"GSE20685","GGI",15,101,0.6091,12
"GSE20685","GGI",15,102,0.6026,12
"GSE20685","GGI",15,103,0.6097,12
"GSE20685","GGI",15,104,0.6219,12
"GSE20685","GGI",15,105,0.606,11
"GSE20685","GGI",15,106,0.5987,11
"GSE20685","GGI",15,107,0.6098,12
"GSE20685","GGI",15,108,0.6074,12
"GSE20685","GGI",15,109,0.6165,6
"GSE20685","GGI",15,110,0.614,10
"GSE20685","GGI",15,111,0.6138,4
"GSE20685","GGI",15,112,0.6023,12
"GSE20685","GGI",15,113,0.6064,12
"GSE20685","GGI",15,114,0.6113,10
"GSE20685","GGI",15,115,0.6222,11
"GSE20685","GGI",15,116,0.6021,12
"GSE20685","GGI",15,117,0.5944,7
"GSE20685","GGI",15,118,0.6185,10
"GSE20685","GGI",15,119,0.6146,12
"GSE20685","GGI",15,120,0.6124,10
"GSE20685","GGI",15,121,0.6223,12
"GSE20685","GGI",15,122,0.6108,12
"GSE20685","GGI",15,123,0.6194,9
"GSE20685","GGI",15,124,0.6063,12
"GSE20685","GGI",15,125,0.6172,12
"GSE20685","GGI",15,126,0.608,11
"GSE20685","GGI",15,127,0.6049,12
"GSE20685","GGI",15,128,0.6119,11
"GSE20685","GGI",15,129,0.6112,12
"GSE20685","GGI",15,130,0.6118,12
"GSE20685","GGI",15,131,0.6236,12
"GSE20685","GGI",15,132,0.6175,12
"GSE20685","GGI",15,133,0.6082,8
"GSE20685","GGI",15,134,0.6205,12
"GSE20685","GGI",15,135,0.6081,12
"GSE20685","GGI",15,136,0.6005,12
"GSE20685","GGI",15,137,0.6171,11
"GSE20685","GGI",15,138,0.6269,11
"GSE20685","GGI",15,139,0.6154,8
"GSE20685","GGI",15,140,0.6069,9
"GSE20685","GGI",15,141,0.6159,12
"GSE20685","GGI",15,142,0.616,12
"GSE20685","GGI",15,143,0.6023,12
"GSE20685","GGI",15,144,0.6072,12
"GSE20685","GGI",15,145,0.6216,12
"GSE20685","GGI",15,146,0.6055,12
"GSE20685","GGI",15,147,0.6098,12
"GSE20685","GGI",15,148,0.6094,12
"GSE20685","GGI",15,149,0.6164,8
"GSE20685","GGI",15,150,0.609,12
"GSE20685","GGI",15,151,0.6079,12
"GSE20685","GGI",15,152,0.6118,12
"GSE20685","GGI",15,153,0.6072,12
"GSE20685","GGI",15,154,0.6134,12
"GSE20685","GGI",15,155,0.6095,12
"GSE20685","GGI",15,156,0.6005,12
"GSE20685","GGI",15,157,0.6193,11
"GSE20685","GGI",15,158,0.6045,12
"GSE20685","GGI",15,159,0.6094,12
"GSE20685","GGI",15,160,0.6179,11
"GSE20685","GGI",15,161,0.6118,11
"GSE20685","GGI",15,162,0.6061,12
"GSE20685","GGI",15,163,0.6219,8
"GSE20685","GGI",15,164,0.61,12
"GSE20685","GGI",15,165,0.6052,12
"GSE20685","GGI",15,166,0.618,8
"GSE20685","GGI",15,167,0.5951,10
"GSE20685","GGI",15,168,0.6118,12
"GSE20685","GGI",15,169,0.6089,11
"GSE20685","GGI",15,170,0.6129,12
"GSE20685","GGI",15,171,0.6159,12
"GSE20685","GGI",15,172,0.607,8
"GSE20685","GGI",15,173,0.604,6
"GSE20685","GGI",15,174,0.6022,12
"GSE20685","GGI",15,175,0.6071,12
"GSE20685","GGI",15,176,0.6194,12
"GSE20685","GGI",15,177,0.6018,12
"GSE20685","GGI",15,178,0.6135,12
"GSE20685","GGI",15,179,0.6133,12
"GSE20685","GGI",15,180,0.5995,12
"GSE20685","GGI",15,181,0.6104,12
"GSE20685","GGI",15,182,0.6199,12
"GSE20685","GGI",15,183,0.6097,12
"GSE20685","GGI",15,184,0.6267,12
"GSE20685","GGI",15,185,0.6241,12
"GSE20685","GGI",15,186,0.6043,12
"GSE20685","GGI",15,187,0.6016,12
"GSE20685","GGI",15,188,0.6055,12
"GSE20685","GGI",15,189,0.6222,10
"GSE20685","GGI",15,190,0.5904,6
"GSE20685","GGI",15,191,0.5966,12
"GSE20685","GGI",15,192,0.6138,12
"GSE20685","GGI",15,193,0.6121,12
"GSE20685","GGI",15,194,0.6239,12
"GSE20685","GGI",15,195,0.6042,12
"GSE20685","GGI",15,196,0.6076,12
"GSE20685","GGI",15,197,0.6085,11
"GSE20685","GGI",15,198,0.6067,12
"GSE20685","GGI",15,199,0.6045,12
"GSE20685","GGI",15,200,0.6041,11
"GSE20685","GGI",15,201,0.5999,12
"GSE20685","GGI",15,202,0.6193,12
"GSE20685","GGI",15,203,0.6158,12
"GSE20685","GGI",15,204,0.6074,12
"GSE20685","GGI",15,205,0.6082,12
"GSE20685","GGI",15,206,0.6161,12
"GSE20685","GGI",15,207,0.6089,12
"GSE20685","GGI",15,208,0.5963,9
"GSE20685","GGI",15,209,0.6044,12
"GSE20685","GGI",15,210,0.6077,12
"GSE20685","GGI",15,211,0.6059,12
"GSE20685","GGI",15,212,0.6011,10
"GSE20685","GGI",15,213,0.6131,9
"GSE20685","GGI",15,214,0.6119,9
"GSE20685","GGI",15,215,0.6043,12
"GSE20685","GGI",15,216,0.6299,10
"GSE20685","GGI",15,217,0.6027,12
"GSE20685","GGI",15,218,0.6173,12
"GSE20685","GGI",15,219,0.6043,6
"GSE20685","GGI",15,220,0.6075,8
"GSE20685","GGI",15,221,0.6138,11
"GSE20685","GGI",15,222,0.6063,12
"GSE20685","GGI",15,223,0.6155,11
"GSE20685","GGI",15,224,0.6118,12
"GSE20685","GGI",15,225,0.6206,8
"GSE20685","GGI",15,226,0.6225,11
"GSE20685","GGI",15,227,0.6081,12
"GSE20685","GGI",15,228,0.6145,12
"GSE20685","GGI",15,229,0.6053,12
"GSE20685","GGI",15,230,0.5996,12
"GSE20685","GGI",15,231,0.63,12
"GSE20685","GGI",15,232,0.6136,12
"GSE20685","GGI",15,233,0.6104,12
"GSE20685","GGI",15,234,0.6039,12
"GSE20685","GGI",15,235,0.6155,8
"GSE20685","GGI",15,236,0.6058,12
"GSE20685","GGI",15,237,0.6123,9
"GSE20685","GGI",15,238,0.6109,12
"GSE20685","GGI",15,239,0.6092,12
"GSE20685","GGI",15,240,0.6212,12
"GSE20685","GGI",15,241,0.6097,9
"GSE20685","GGI",15,242,0.6039,12
"GSE20685","GGI",15,243,0.6108,10
"GSE20685","GGI",15,244,0.5986,12
"GSE20685","GGI",15,245,0.6115,12
"GSE20685","GGI",15,246,0.6022,12
"GSE20685","GGI",15,247,0.6138,10
"GSE20685","GGI",15,248,0.6122,12
"GSE20685","GGI",15,249,0.6161,12
"GSE20685","GGI",15,250,0.6129,11
"GSE20685","GGI",15,251,0.6124,7
"GSE20685","GGI",15,252,0.6112,12
"GSE20685","GGI",15,253,0.6252,12
"GSE20685","GGI",15,254,0.5994,12
"GSE20685","GGI",15,255,0.6069,12
"GSE20685","GGI",15,256,0.6085,12
"GSE20685","GGI",15,257,0.6249,12
"GSE20685","GGI",15,258,0.6207,10
"GSE20685","GGI",15,259,0.6153,12
"GSE20685","GGI",15,260,0.6076,7
"GSE20685","GGI",15,261,0.6087,12
"GSE20685","GGI",15,262,0.6048,12
"GSE20685","GGI",15,263,0.6144,12
"GSE20685","GGI",15,264,0.6036,12
"GSE20685","GGI",15,265,0.5867,6
"GSE20685","GGI",15,266,0.6143,12
"GSE20685","GGI",15,267,0.6044,12
"GSE20685","GGI",15,268,0.6199,12
"GSE20685","GGI",15,269,0.6034,12
"GSE20685","GGI",15,270,0.6048,9
"GSE20685","GGI",15,271,0.6238,12
"GSE20685","GGI",15,272,0.6018,12
"GSE20685","GGI",15,273,0.612,11
"GSE20685","GGI",15,274,0.6118,9
"GSE20685","GGI",15,275,0.6081,12
"GSE20685","GGI",15,276,0.6215,12
"GSE20685","GGI",15,277,0.6229,8
"GSE20685","GGI",15,278,0.5921,12
"GSE20685","GGI",15,279,0.6039,12
"GSE20685","GGI",15,280,0.5954,12
"GSE20685","GGI",15,281,0.6129,6
"GSE20685","GGI",15,282,0.6147,12
"GSE20685","GGI",15,283,0.5962,12
"GSE20685","GGI",15,284,0.6018,12
"GSE20685","GGI",15,285,0.6081,12
"GSE20685","GGI",15,286,0.6205,12
"GSE20685","GGI",15,287,0.6157,12
"GSE20685","GGI",15,288,0.6131,9
"GSE20685","GGI",15,289,0.6099,12
"GSE20685","GGI",15,290,0.6179,12
"GSE20685","GGI",15,291,0.605,12
"GSE20685","GGI",15,292,0.6079,11
"GSE20685","GGI",15,293,0.5997,9
"GSE20685","GGI",15,294,0.5944,4
"GSE20685","GGI",15,295,0.6292,9
"GSE20685","GGI",15,296,0.6031,8
"GSE20685","GGI",15,297,0.6136,11
"GSE20685","GGI",15,298,0.6183,11
"GSE20685","GGI",15,299,0.611,12
"GSE20685","GGI",15,300,0.6163,11
"GSE20685","GGI",15,301,0.6061,12
"GSE20685","GGI",15,302,0.626,8
"GSE20685","GGI",15,303,0.6018,12
"GSE20685","GGI",15,304,0.6004,10
"GSE20685","GGI",15,305,0.6099,12
"GSE20685","GGI",15,306,0.615,11
"GSE20685","GGI",15,307,0.6184,12
"GSE20685","GGI",15,308,0.6139,12
"GSE20685","GGI",15,309,0.6131,11
"GSE20685","GGI",15,310,0.6069,11
"GSE20685","GGI",15,311,0.6212,7
"GSE20685","GGI",15,312,0.6138,11
"GSE20685","GGI",15,313,0.6066,7
"GSE20685","GGI",15,314,0.6191,10
"GSE20685","GGI",15,315,0.6279,12
"GSE20685","GGI",15,316,0.6092,12
"GSE20685","GGI",15,317,0.6211,11
"GSE20685","GGI",15,318,0.6077,12
"GSE20685","GGI",15,319,0.6115,12
"GSE20685","GGI",15,320,0.6208,12
"GSE20685","GGI",15,321,0.6153,12
"GSE20685","GGI",15,322,0.6116,12
"GSE20685","GGI",15,323,0.6142,12
"GSE20685","GGI",15,324,0.6099,9
"GSE20685","GGI",15,325,0.6238,12
"GSE20685","GGI",15,326,0.6045,11
"GSE20685","GGI",15,327,0.6103,12
"GSE20685","GGI",15,328,0.6142,12
"GSE20685","GGI",15,329,0.6128,8
"GSE20685","GGI",15,330,0.6037,12
"GSE20685","GGI",15,331,0.6058,9
"GSE20685","GGI",15,332,0.6101,9
"GSE20685","GGI",15,333,0.6181,10
"GSE20685","GGI",15,334,0.6198,12
"GSE20685","GGI",15,335,0.6179,12
"GSE20685","GGI",15,336,0.6073,8
"GSE20685","GGI",15,337,0.615,12
"GSE20685","GGI",15,338,0.6183,12
"GSE20685","GGI",15,339,0.6013,12
"GSE20685","GGI",15,340,0.6201,12
"GSE20685","GGI",15,341,0.6128,12
"GSE20685","GGI",15,342,0.6161,8
"GSE20685","GGI",15,343,0.6076,12
"GSE20685","GGI",15,344,0.6048,12
"GSE20685","GGI",15,345,0.6186,10
"GSE20685","GGI",15,346,0.6093,12
"GSE20685","GGI",15,347,0.6138,12
"GSE20685","GGI",15,348,0.6201,12
"GSE20685","GGI",15,349,0.6164,12
"GSE20685","GGI",15,350,0.6042,12
"GSE20685","GGI",15,351,0.6108,12
"GSE20685","GGI",15,352,0.5957,12
"GSE20685","GGI",15,353,0.6218,11
"GSE20685","GGI",15,354,0.6051,12
"GSE20685","GGI",15,355,0.6094,12
"GSE20685","GGI",15,356,0.6046,12
"GSE20685","GGI",15,357,0.61,12
"GSE20685","GGI",15,358,0.604,12
"GSE20685","GGI",15,359,0.6019,12
"GSE20685","GGI",15,360,0.6113,12
"GSE20685","GGI",15,361,0.611,12
"GSE20685","GGI",15,362,0.6069,12
"GSE20685","GGI",15,363,0.6112,12
"GSE20685","GGI",15,364,0.5973,12
"GSE20685","GGI",15,365,0.6227,12
"GSE20685","GGI",15,366,0.6122,7
"GSE20685","GGI",15,367,0.6063,12
"GSE20685","GGI",15,368,0.6054,11
"GSE20685","GGI",15,369,0.6072,12
"GSE20685","GGI",15,370,0.6035,12
"GSE20685","GGI",15,371,0.607,12
"GSE20685","GGI",15,372,0.6262,12
"GSE20685","GGI",15,373,0.6133,10
"GSE20685","GGI",15,374,0.6186,7
"GSE20685","GGI",15,375,0.6128,10
"GSE20685","GGI",15,376,0.6122,12
"GSE20685","GGI",15,377,0.6107,12
"GSE20685","GGI",15,378,0.6109,12
"GSE20685","GGI",15,379,0.6225,12
"GSE20685","GGI",15,380,0.6143,12
"GSE20685","GGI",15,381,0.6052,12
"GSE20685","GGI",15,382,0.6191,12
"GSE20685","GGI",15,383,0.6078,12
"GSE20685","GGI",15,384,0.6086,12
"GSE20685","GGI",15,385,0.6211,9
"GSE20685","GGI",15,386,0.6087,12
"GSE20685","GGI",15,387,0.6145,12
"GSE20685","GGI",15,388,0.5994,12
"GSE20685","GGI",15,389,0.6087,3
"GSE20685","GGI",15,390,0.6182,12
"GSE20685","GGI",15,391,0.6202,7
"GSE20685","GGI",15,392,0.6,7
"GSE20685","GGI",15,393,0.6083,12
"GSE20685","GGI",15,394,0.611,12
"GSE20685","GGI",15,395,0.6265,12
"GSE20685","GGI",15,396,0.6093,9
"GSE20685","GGI",15,397,0.6164,10
"GSE20685","GGI",15,398,0.6011,12
"GSE20685","GGI",15,399,0.6286,12
"GSE20685","GGI",15,400,0.6131,12
"GSE20685","GGI",15,401,0.6076,10
"GSE20685","GGI",15,402,0.6104,12
"GSE20685","GGI",15,403,0.5957,11
"GSE20685","GGI",15,404,0.6231,12
"GSE20685","GGI",15,405,0.6197,12
"GSE20685","GGI",15,406,0.622,10
"GSE20685","GGI",15,407,0.6274,12
"GSE20685","GGI",15,408,0.607,11
"GSE20685","GGI",15,409,0.6137,12
"GSE20685","GGI",15,410,0.6056,8
"GSE20685","GGI",15,411,0.6092,12
"GSE20685","GGI",15,412,0.6092,12
"GSE20685","GGI",15,413,0.6029,12
"GSE20685","GGI",15,414,0.6022,12
"GSE20685","GGI",15,415,0.6168,12
"GSE20685","GGI",15,416,0.6127,11
"GSE20685","GGI",15,417,0.5977,6
"GSE20685","GGI",15,418,0.6084,12
"GSE20685","GGI",15,419,0.6192,10
"GSE20685","GGI",15,420,0.6145,10
"GSE20685","GGI",15,421,0.5975,12
"GSE20685","GGI",15,422,0.6179,12
"GSE20685","GGI",15,423,0.6035,9
"GSE20685","GGI",15,424,0.61,12
"GSE20685","GGI",15,425,0.6067,12
"GSE20685","GGI",15,426,0.6062,12
"GSE20685","GGI",15,427,0.6287,12
"GSE20685","GGI",15,428,0.6189,12
"GSE20685","GGI",15,429,0.6157,12
"GSE20685","GGI",15,430,0.6266,9
"GSE20685","GGI",15,431,0.612,8
"GSE20685","GGI",15,432,0.6153,12
"GSE20685","GGI",15,433,0.6045,12
"GSE20685","GGI",15,434,0.6077,12
"GSE20685","GGI",15,435,0.6118,10
"GSE20685","GGI",15,436,0.6033,5
"GSE20685","GGI",15,437,0.6216,11
"GSE20685","GGI",15,438,0.601,11
"GSE20685","GGI",15,439,0.6075,12
"GSE20685","GGI",15,440,0.6145,9
"GSE20685","GGI",15,441,0.6114,12
"GSE20685","GGI",15,442,0.6038,12
"GSE20685","GGI",15,443,0.6219,10
"GSE20685","GGI",15,444,0.6069,12
"GSE20685","GGI",15,445,0.6195,12
"GSE20685","GGI",15,446,0.598,12
"GSE20685","GGI",15,447,0.6129,12
"GSE20685","GGI",15,448,0.6114,12
"GSE20685","GGI",15,449,0.6212,12
"GSE20685","GGI",15,450,0.6162,11
"GSE20685","GGI",15,451,0.6143,11
"GSE20685","GGI",15,452,0.6214,12
"GSE20685","GGI",15,453,0.614,11
"GSE20685","GGI",15,454,0.6016,12
"GSE20685","GGI",15,455,0.6037,12
"GSE20685","GGI",15,456,0.6161,12
"GSE20685","GGI",15,457,0.6053,12
"GSE20685","GGI",15,458,0.61,12
"GSE20685","GGI",15,459,0.6163,8
"GSE20685","GGI",15,460,0.6029,11
"GSE20685","GGI",15,461,0.6231,9
"GSE20685","GGI",15,462,0.6127,12
"GSE20685","GGI",15,463,0.6143,12
"GSE20685","GGI",15,464,0.6081,12
"GSE20685","GGI",15,465,0.6188,11
"GSE20685","GGI",15,466,0.6105,12
"GSE20685","GGI",15,467,0.6076,10
"GSE20685","GGI",15,468,0.613,10
"GSE20685","GGI",15,469,0.6084,12
"GSE20685","GGI",15,470,0.6186,9
"GSE20685","GGI",15,471,0.6072,9
"GSE20685","GGI",15,472,0.5989,12
"GSE20685","GGI",15,473,0.6028,11
"GSE20685","GGI",15,474,0.6277,11
"GSE20685","GGI",15,475,0.6116,12
"GSE20685","GGI",15,476,0.6111,12
"GSE20685","GGI",15,477,0.6062,12
"GSE20685","GGI",15,478,0.608,12
"GSE20685","GGI",15,479,0.6138,12
"GSE20685","GGI",15,480,0.6153,12
"GSE20685","GGI",15,481,0.6189,11
"GSE20685","GGI",15,482,0.6102,12
"GSE20685","GGI",15,483,0.6085,12
"GSE20685","GGI",15,484,0.6102,12
"GSE20685","GGI",15,485,0.6042,8
"GSE20685","GGI",15,486,0.5892,12
"GSE20685","GGI",15,487,0.6039,12
"GSE20685","GGI",15,488,0.603,10
"GSE20685","GGI",15,489,0.6097,10
"GSE20685","GGI",15,490,0.6139,12
"GSE20685","GGI",15,491,0.6314,12
"GSE20685","GGI",15,492,0.6164,12
"GSE20685","GGI",15,493,0.6098,12
"GSE20685","GGI",15,494,0.6029,12
"GSE20685","GGI",15,495,0.6114,10
"GSE20685","GGI",15,496,0.6265,12
"GSE20685","GGI",15,497,0.6072,12
"GSE20685","GGI",15,498,0.6154,8
"GSE20685","GGI",15,499,0.6174,6
"GSE20685","GGI",15,500,0.6102,11
"GSE20685","GGI",15,501,0.6037,10
"GSE20685","GGI",15,502,0.5982,12
"GSE20685","GGI",15,503,0.6085,12
"GSE20685","GGI",15,504,0.6084,12
"GSE20685","GGI",15,505,0.5988,12
"GSE20685","GGI",15,506,0.5922,12
"GSE20685","GGI",15,507,0.6015,5
"GSE20685","GGI",15,508,0.6037,12
"GSE20685","GGI",15,509,0.6164,12
"GSE20685","GGI",15,510,0.6083,12
"GSE20685","GGI",15,511,0.6275,12
"GSE20685","GGI",15,512,0.6111,12
"GSE20685","GGI",15,513,0.6176,10
"GSE20685","GGI",15,514,0.6139,12
"GSE20685","GGI",15,515,0.611,12
"GSE20685","GGI",15,516,0.6172,12
"GSE20685","GGI",15,517,0.606,10
"GSE20685","GGI",15,518,0.6011,10
"GSE20685","GGI",15,519,0.6167,12
"GSE20685","GGI",15,520,0.6193,12
"GSE20685","GGI",15,521,0.6178,11
"GSE20685","GGI",15,522,0.614,9
"GSE20685","GGI",15,523,0.6201,10
"GSE20685","GGI",15,524,0.6191,12
"GSE20685","GGI",15,525,0.6118,12
"GSE20685","GGI",15,526,0.6199,12
"GSE20685","GGI",15,527,0.614,12
"GSE20685","GGI",15,528,0.5929,12
"GSE20685","GGI",15,529,0.6151,12
"GSE20685","GGI",15,530,0.6272,12
"GSE20685","GGI",15,531,0.6163,12
"GSE20685","GGI",15,532,0.6025,12
"GSE20685","GGI",15,533,0.6305,12
"GSE20685","GGI",15,534,0.598,10
"GSE20685","GGI",15,535,0.6126,12
"GSE20685","GGI",15,536,0.6202,12
"GSE20685","GGI",15,537,0.6007,12
"GSE20685","GGI",15,538,0.6139,11
"GSE20685","GGI",15,539,0.6126,12
"GSE20685","GGI",15,540,0.6124,12
"GSE20685","GGI",15,541,0.606,11
"GSE20685","GGI",15,542,0.6133,12
"GSE20685","GGI",15,543,0.6063,12
"GSE20685","GGI",15,544,0.6246,12
"GSE20685","GGI",15,545,0.5977,12
"GSE20685","GGI",15,546,0.6133,9
"GSE20685","GGI",15,547,0.619,12
"GSE20685","GGI",15,548,0.6196,10
"GSE20685","GGI",15,549,0.6105,11
"GSE20685","GGI",15,550,0.606,9
"GSE20685","GGI",15,551,0.591,7
"GSE20685","GGI",15,552,0.6152,10
"GSE20685","GGI",15,553,0.6217,12
"GSE20685","GGI",15,554,0.6032,7
"GSE20685","GGI",15,555,0.6154,12
"GSE20685","GGI",15,556,0.614,10
"GSE20685","GGI",15,557,0.6053,12
"GSE20685","GGI",15,558,0.6129,12
"GSE20685","GGI",15,559,0.6228,6
"GSE20685","GGI",15,560,0.6026,12
"GSE20685","GGI",15,561,0.6088,12
"GSE20685","GGI",15,562,0.6109,9
"GSE20685","GGI",15,563,0.6102,12
"GSE20685","GGI",15,564,0.6139,12
"GSE20685","GGI",15,565,0.6171,11
"GSE20685","GGI",15,566,0.5998,12
"GSE20685","GGI",15,567,0.6033,10
"GSE20685","GGI",15,568,0.6087,7
"GSE20685","GGI",15,569,0.6169,10
"GSE20685","GGI",15,570,0.6055,12
"GSE20685","GGI",15,571,0.6146,12
"GSE20685","GGI",15,572,0.6088,4
"GSE20685","GGI",15,573,0.6216,12
"GSE20685","GGI",15,574,0.6192,12
"GSE20685","GGI",15,575,0.6054,12
"GSE20685","GGI",15,576,0.6159,11
"GSE20685","GGI",15,577,0.6054,12
"GSE20685","GGI",15,578,0.6071,12
"GSE20685","GGI",15,579,0.5902,12
"GSE20685","GGI",15,580,0.6036,12
"GSE20685","GGI",15,581,0.6194,12
"GSE20685","GGI",15,582,0.598,12
"GSE20685","GGI",15,583,0.6212,12
"GSE20685","GGI",15,584,0.6091,9
"GSE20685","GGI",15,585,0.5978,11
"GSE20685","GGI",15,586,0.6104,12
"GSE20685","GGI",15,587,0.6071,11
"GSE20685","GGI",15,588,0.5964,12
"GSE20685","GGI",15,589,0.6139,12
"GSE20685","GGI",15,590,0.6169,12
"GSE20685","GGI",15,591,0.612,12
"GSE20685","GGI",15,592,0.6118,12
"GSE20685","GGI",15,593,0.6025,12
"GSE20685","GGI",15,594,0.6048,12
"GSE20685","GGI",15,595,0.6142,11
"GSE20685","GGI",15,596,0.6042,10
"GSE20685","GGI",15,597,0.6027,12
"GSE20685","GGI",15,598,0.6028,12
"GSE20685","GGI",15,599,0.6129,12
"GSE20685","GGI",15,600,0.6145,9
"GSE20685","GGI",15,601,0.6105,12
"GSE20685","GGI",15,602,0.6283,12
"GSE20685","GGI",15,603,0.6101,12
"GSE20685","GGI",15,604,0.6133,12
"GSE20685","GGI",15,605,0.6064,12
"GSE20685","GGI",15,606,0.6094,12
"GSE20685","GGI",15,607,0.6052,12
"GSE20685","GGI",15,608,0.6041,12
"GSE20685","GGI",15,609,0.62,5
"GSE20685","GGI",15,610,0.6146,11
"GSE20685","GGI",15,611,0.6017,10
"GSE20685","GGI",15,612,0.6188,7
"GSE20685","GGI",15,613,0.5906,5
"GSE20685","GGI",15,614,0.6043,12
"GSE20685","GGI",15,615,0.6062,12
"GSE20685","GGI",15,616,0.6152,12
"GSE20685","GGI",15,617,0.6115,11
"GSE20685","GGI",15,618,0.603,11
"GSE20685","GGI",15,619,0.6223,12
"GSE20685","GGI",15,620,0.6044,12
"GSE20685","GGI",15,621,0.6193,10
"GSE20685","GGI",15,622,0.6094,12
"GSE20685","GGI",15,623,0.6,10
"GSE20685","GGI",15,624,0.6084,12
"GSE20685","GGI",15,625,0.618,11
"GSE20685","GGI",15,626,0.6181,11
"GSE20685","GGI",15,627,0.596,12
"GSE20685","GGI",15,628,0.6007,12
"GSE20685","GGI",15,629,0.6093,12
"GSE20685","GGI",15,630,0.6128,7
"GSE20685","GGI",15,631,0.5971,12
"GSE20685","GGI",15,632,0.6059,7
"GSE20685","GGI",15,633,0.6097,9
"GSE20685","GGI",15,634,0.622,12
"GSE20685","GGI",15,635,0.61,8
"GSE20685","GGI",15,636,0.6214,10
"GSE20685","GGI",15,637,0.6211,7
"GSE20685","GGI",15,638,0.6145,12
"GSE20685","GGI",15,639,0.6119,12
"GSE20685","GGI",15,640,0.603,12
"GSE20685","GGI",15,641,0.603,9
"GSE20685","GGI",15,642,0.6256,11
"GSE20685","GGI",15,643,0.6072,11
"GSE20685","GGI",15,644,0.6047,12
"GSE20685","GGI",15,645,0.6011,12
"GSE20685","GGI",15,646,0.6089,12
"GSE20685","GGI",15,647,0.6017,12
"GSE20685","GGI",15,648,0.6124,9
"GSE20685","GGI",15,649,0.6155,11
"GSE20685","GGI",15,650,0.6051,12
"GSE20685","GGI",15,651,0.6124,12
"GSE20685","GGI",15,652,0.6046,11
"GSE20685","GGI",15,653,0.608,12
"GSE20685","GGI",15,654,0.6064,11
"GSE20685","GGI",15,655,0.6322,7
"GSE20685","GGI",15,656,0.6225,12
"GSE20685","GGI",15,657,0.6113,11
"GSE20685","GGI",15,658,0.6094,12
"GSE20685","GGI",15,659,0.6198,12
"GSE20685","GGI",15,660,0.595,10
"GSE20685","GGI",15,661,0.6206,11
"GSE20685","GGI",15,662,0.6156,12
"GSE20685","GGI",15,663,0.6264,10
"GSE20685","GGI",15,664,0.6053,12
"GSE20685","GGI",15,665,0.6068,10
"GSE20685","GGI",15,666,0.6039,12
"GSE20685","GGI",15,667,0.6017,11
"GSE20685","GGI",15,668,0.6183,11
"GSE20685","GGI",15,669,0.6118,12
"GSE20685","GGI",15,670,0.6158,5
"GSE20685","GGI",15,671,0.6047,12
"GSE20685","GGI",15,672,0.6125,7
"GSE20685","GGI",15,673,0.6122,11
"GSE20685","GGI",15,674,0.6009,11
"GSE20685","GGI",15,675,0.6062,11
"GSE20685","GGI",15,676,0.5975,12
"GSE20685","GGI",15,677,0.6037,12
"GSE20685","GGI",15,678,0.6019,12
"GSE20685","GGI",15,679,0.6192,12
"GSE20685","GGI",15,680,0.6086,10
"GSE20685","GGI",15,681,0.6019,9
"GSE20685","GGI",15,682,0.5973,12
"GSE20685","GGI",15,683,0.608,12
"GSE20685","GGI",15,684,0.6035,7
"GSE20685","GGI",15,685,0.6082,12
"GSE20685","GGI",15,686,0.6123,12
"GSE20685","GGI",15,687,0.6058,9
"GSE20685","GGI",15,688,0.6102,11
"GSE20685","GGI",15,689,0.6126,12
"GSE20685","GGI",15,690,0.6267,11
"GSE20685","GGI",15,691,0.6236,12
"GSE20685","GGI",15,692,0.6095,12
"GSE20685","GGI",15,693,0.6162,12
"GSE20685","GGI",15,694,0.5933,12
"GSE20685","GGI",15,695,0.6099,12
"GSE20685","GGI",15,696,0.6177,4
"GSE20685","GGI",15,697,0.624,5
"GSE20685","GGI",15,698,0.6227,12
"GSE20685","GGI",15,699,0.6016,12
"GSE20685","GGI",15,700,0.6153,12
"GSE20685","GGI",15,701,0.6248,10
"GSE20685","GGI",15,702,0.6071,12
"GSE20685","GGI",15,703,0.6137,12
"GSE20685","GGI",15,704,0.6089,11
"GSE20685","GGI",15,705,0.6085,12
"GSE20685","GGI",15,706,0.6045,12
"GSE20685","GGI",15,707,0.6094,12
"GSE20685","GGI",15,708,0.6057,9
"GSE20685","GGI",15,709,0.6186,7
"GSE20685","GGI",15,710,0.6058,12
"GSE20685","GGI",15,711,0.6002,11
"GSE20685","GGI",15,712,0.6133,12
"GSE20685","GGI",15,713,0.6001,10
"GSE20685","GGI",15,714,0.6089,12
"GSE20685","GGI",15,715,0.6215,12
"GSE20685","GGI",15,716,0.6034,12
"GSE20685","GGI",15,717,0.6252,12
"GSE20685","GGI",15,718,0.6063,12
"GSE20685","GGI",15,719,0.6098,12
"GSE20685","GGI",15,720,0.6159,12
"GSE20685","GGI",15,721,0.607,12
"GSE20685","GGI",15,722,0.6049,8
"GSE20685","GGI",15,723,0.6124,12
"GSE20685","GGI",15,724,0.6176,10
"GSE20685","GGI",15,725,0.6219,10
"GSE20685","GGI",15,726,0.6039,12
"GSE20685","GGI",15,727,0.6278,10
"GSE20685","GGI",15,728,0.6231,11
"GSE20685","GGI",15,729,0.5957,12
"GSE20685","GGI",15,730,0.61,11
"GSE20685","GGI",15,731,0.6105,12
"GSE20685","GGI",15,732,0.6168,12
"GSE20685","GGI",15,733,0.6255,8
"GSE20685","GGI",15,734,0.6094,12
"GSE20685","GGI",15,735,0.603,12
"GSE20685","GGI",15,736,0.6059,12
"GSE20685","GGI",15,737,0.6146,12
"GSE20685","GGI",15,738,0.6115,12
"GSE20685","GGI",15,739,0.6107,12
"GSE20685","GGI",15,740,0.6215,12
"GSE20685","GGI",15,741,0.6139,12
"GSE20685","GGI",15,742,0.6164,12
"GSE20685","GGI",15,743,0.6082,12
"GSE20685","GGI",15,744,0.6165,11
"GSE20685","GGI",15,745,0.599,12
"GSE20685","GGI",15,746,0.6026,12
"GSE20685","GGI",15,747,0.6056,12
"GSE20685","GGI",15,748,0.614,7
"GSE20685","GGI",15,749,0.6282,12
"GSE20685","GGI",15,750,0.6111,12
"GSE20685","GGI",15,751,0.5998,11
"GSE20685","GGI",15,752,0.6121,12
"GSE20685","GGI",15,753,0.6209,11
"GSE20685","GGI",15,754,0.6069,12
"GSE20685","GGI",15,755,0.6191,12
"GSE20685","GGI",15,756,0.6151,8
"GSE20685","GGI",15,757,0.6095,12
"GSE20685","GGI",15,758,0.5935,12
"GSE20685","GGI",15,759,0.6196,12
"GSE20685","GGI",15,760,0.6166,12
"GSE20685","GGI",15,761,0.6049,12
"GSE20685","GGI",15,762,0.6073,12
"GSE20685","GGI",15,763,0.6156,12
"GSE20685","GGI",15,764,0.6178,12
"GSE20685","GGI",15,765,0.6048,10
"GSE20685","GGI",15,766,0.6144,11
"GSE20685","GGI",15,767,0.6128,10
"GSE20685","GGI",15,768,0.6241,12
"GSE20685","GGI",15,769,0.6134,11
"GSE20685","GGI",15,770,0.6152,12
"GSE20685","GGI",15,771,0.6142,12
"GSE20685","GGI",15,772,0.5993,9
"GSE20685","GGI",15,773,0.6132,12
"GSE20685","GGI",15,774,0.6193,12
"GSE20685","GGI",15,775,0.6142,12
"GSE20685","GGI",15,776,0.6419,12
"GSE20685","GGI",15,777,0.6241,12
"GSE20685","GGI",15,778,0.6177,12
"GSE20685","GGI",15,779,0.6084,12
"GSE20685","GGI",15,780,0.6004,9
"GSE20685","GGI",15,781,0.6152,12
"GSE20685","GGI",15,782,0.6166,11
"GSE20685","GGI",15,783,0.6307,12
"GSE20685","GGI",15,784,0.6072,12
"GSE20685","GGI",15,785,0.6177,12
"GSE20685","GGI",15,786,0.6317,9
"GSE20685","GGI",15,787,0.5944,11
"GSE20685","GGI",15,788,0.6097,12
"GSE20685","GGI",15,789,0.6275,12
"GSE20685","GGI",15,790,0.6169,11
"GSE20685","GGI",15,791,0.6104,9
"GSE20685","GGI",15,792,0.6095,12
"GSE20685","GGI",15,793,0.6208,10
"GSE20685","GGI",15,794,0.6078,10
"GSE20685","GGI",15,795,0.6157,12
"GSE20685","GGI",15,796,0.6207,12
"GSE20685","GGI",15,797,0.6128,12
"GSE20685","GGI",15,798,0.6056,12
"GSE20685","GGI",15,799,0.6064,8
"GSE20685","GGI",15,800,0.6076,12
"GSE20685","GGI",15,801,0.6288,9
"GSE20685","GGI",15,802,0.6012,12
"GSE20685","GGI",15,803,0.6035,12
"GSE20685","GGI",15,804,0.6061,12
"GSE20685","GGI",15,805,0.6076,12
"GSE20685","GGI",15,806,0.6057,12
"GSE20685","GGI",15,807,0.6112,12
"GSE20685","GGI",15,808,0.6125,12
"GSE20685","GGI",15,809,0.6075,12
"GSE20685","GGI",15,810,0.6114,11
"GSE20685","GGI",15,811,0.6049,9
"GSE20685","GGI",15,812,0.6089,11
"GSE20685","GGI",15,813,0.6046,12
"GSE20685","GGI",15,814,0.5945,12
"GSE20685","GGI",15,815,0.6052,12
"GSE20685","GGI",15,816,0.6057,12
"GSE20685","GGI",15,817,0.6022,12
"GSE20685","GGI",15,818,0.6116,12
"GSE20685","GGI",15,819,0.6014,12
"GSE20685","GGI",15,820,0.6153,10
"GSE20685","GGI",15,821,0.6136,9
"GSE20685","GGI",15,822,0.6154,12
"GSE20685","GGI",15,823,0.6323,11
"GSE20685","GGI",15,824,0.6183,12
"GSE20685","GGI",15,825,0.6238,8
"GSE20685","GGI",15,826,0.6007,12
"GSE20685","GGI",15,827,0.6,11
"GSE20685","GGI",15,828,0.6088,12
"GSE20685","GGI",15,829,0.6046,12
"GSE20685","GGI",15,830,0.614,12
"GSE20685","GGI",15,831,0.6145,8
"GSE20685","GGI",15,832,0.6109,12
"GSE20685","GGI",15,833,0.6126,12
"GSE20685","GGI",15,834,0.6207,12
"GSE20685","GGI",15,835,0.609,8
"GSE20685","GGI",15,836,0.6089,10
"GSE20685","GGI",15,837,0.6155,12
"GSE20685","GGI",15,838,0.6054,12
"GSE20685","GGI",15,839,0.6183,11
"GSE20685","GGI",15,840,0.6168,12
"GSE20685","GGI",15,841,0.6257,12
"GSE20685","GGI",15,842,0.6235,12
"GSE20685","GGI",15,843,0.6161,12
"GSE20685","GGI",15,844,0.5989,12
"GSE20685","GGI",15,845,0.6104,12
"GSE20685","GGI",15,846,0.618,12
"GSE20685","GGI",15,847,0.6017,12
"GSE20685","GGI",15,848,0.6069,12
"GSE20685","GGI",15,849,0.6173,12
"GSE20685","GGI",15,850,0.6206,9
"GSE20685","GGI",15,851,0.6183,9
"GSE20685","GGI",15,852,0.6035,9
"GSE20685","GGI",15,853,0.6047,9
"GSE20685","GGI",15,854,0.6222,12
"GSE20685","GGI",15,855,0.6015,11
"GSE20685","GGI",15,856,0.6216,12
"GSE20685","GGI",15,857,0.6191,12
"GSE20685","GGI",15,858,0.6171,6
"GSE20685","GGI",15,859,0.6224,12
"GSE20685","GGI",15,860,0.6134,12
"GSE20685","GGI",15,861,0.6237,12
"GSE20685","GGI",15,862,0.6213,11
"GSE20685","GGI",15,863,0.6118,11
"GSE20685","GGI",15,864,0.6113,10
"GSE20685","GGI",15,865,0.5943,12
"GSE20685","GGI",15,866,0.5999,12
"GSE20685","GGI",15,867,0.5959,12
"GSE20685","GGI",15,868,0.6089,12
"GSE20685","GGI",15,869,0.6178,12
"GSE20685","GGI",15,870,0.6266,12
"GSE20685","GGI",15,871,0.6143,12
"GSE20685","GGI",15,872,0.6151,8
"GSE20685","GGI",15,873,0.6244,12
"GSE20685","GGI",15,874,0.6134,12
"GSE20685","GGI",15,875,0.6022,12
"GSE20685","GGI",15,876,0.6097,12
"GSE20685","GGI",15,877,0.6074,12
"GSE20685","GGI",15,878,0.6064,9
"GSE20685","GGI",15,879,0.6218,11
"GSE20685","GGI",15,880,0.6087,10
"GSE20685","GGI",15,881,0.6225,11
"GSE20685","GGI",15,882,0.6058,11
"GSE20685","GGI",15,883,0.6017,12
"GSE20685","GGI",15,884,0.6172,12
"GSE20685","GGI",15,885,0.6056,9
"GSE20685","GGI",15,886,0.6139,12
"GSE20685","GGI",15,887,0.606,12
"GSE20685","GGI",15,888,0.6165,12
"GSE20685","GGI",15,889,0.6124,9
"GSE20685","GGI",15,890,0.6209,12
"GSE20685","GGI",15,891,0.6079,12
"GSE20685","GGI",15,892,0.6033,10
"GSE20685","GGI",15,893,0.5997,12
"GSE20685","GGI",15,894,0.6052,7
"GSE20685","GGI",15,895,0.6124,12
"GSE20685","GGI",15,896,0.6101,12
"GSE20685","GGI",15,897,0.5987,10
"GSE20685","GGI",15,898,0.6003,12
"GSE20685","GGI",15,899,0.6232,12
"GSE20685","GGI",15,900,0.6062,12
"GSE20685","GGI",15,901,0.6049,12
"GSE20685","GGI",15,902,0.6038,12
"GSE20685","GGI",15,903,0.6176,12
"GSE20685","GGI",15,904,0.6061,10
"GSE20685","GGI",15,905,0.599,12
"GSE20685","GGI",15,906,0.5981,12
"GSE20685","GGI",15,907,0.6062,12
"GSE20685","GGI",15,908,0.6251,12
"GSE20685","GGI",15,909,0.6209,11
"GSE20685","GGI",15,910,0.6251,12
"GSE20685","GGI",15,911,0.6139,12
"GSE20685","GGI",15,912,0.5974,10
"GSE20685","GGI",15,913,0.5957,12
"GSE20685","GGI",15,914,0.6109,12
"GSE20685","GGI",15,915,0.6064,11
"GSE20685","GGI",15,916,0.6043,7
"GSE20685","GGI",15,917,0.5985,12
"GSE20685","GGI",15,918,0.6172,4
"GSE20685","GGI",15,919,0.6158,12
"GSE20685","GGI",15,920,0.5906,12
"GSE20685","GGI",15,921,0.6048,12
"GSE20685","GGI",15,922,0.6135,12
"GSE20685","GGI",15,923,0.6136,12
"GSE20685","GGI",15,924,0.6162,12
"GSE20685","GGI",15,925,0.619,12
"GSE20685","GGI",15,926,0.609,12
"GSE20685","GGI",15,927,0.6024,12
"GSE20685","GGI",15,928,0.6077,12
"GSE20685","GGI",15,929,0.6142,11
"GSE20685","GGI",15,930,0.6163,11
"GSE20685","GGI",15,931,0.5909,12
"GSE20685","GGI",15,932,0.6104,12
"GSE20685","GGI",15,933,0.6046,12
"GSE20685","GGI",15,934,0.609,8
"GSE20685","GGI",15,935,0.6177,12
"GSE20685","GGI",15,936,0.6025,12
"GSE20685","GGI",15,937,0.6213,11
"GSE20685","GGI",15,938,0.6002,8
"GSE20685","GGI",15,939,0.6009,8
"GSE20685","GGI",15,940,0.6126,12
"GSE20685","GGI",15,941,0.6098,12
"GSE20685","GGI",15,942,0.6144,12
"GSE20685","GGI",15,943,0.6047,10
"GSE20685","GGI",15,944,0.6017,12
"GSE20685","GGI",15,945,0.6101,9
"GSE20685","GGI",15,946,0.6057,12
"GSE20685","GGI",15,947,0.6149,12
"GSE20685","GGI",15,948,0.6181,12
"GSE20685","GGI",15,949,0.6032,12
"GSE20685","GGI",15,950,0.6049,12
"GSE20685","GGI",15,951,0.6168,5
"GSE20685","GGI",15,952,0.6078,12
"GSE20685","GGI",15,953,0.6166,11
"GSE20685","GGI",15,954,0.5949,12
"GSE20685","GGI",15,955,0.6284,12
"GSE20685","GGI",15,956,0.6075,12
"GSE20685","GGI",15,957,0.6031,12
"GSE20685","GGI",15,958,0.6038,12
"GSE20685","GGI",15,959,0.6199,12
"GSE20685","GGI",15,960,0.609,11
"GSE20685","GGI",15,961,0.6127,12
"GSE20685","GGI",15,962,0.6102,12
"GSE20685","GGI",15,963,0.6138,12
"GSE20685","GGI",15,964,0.6148,12
"GSE20685","GGI",15,965,0.6254,10
"GSE20685","GGI",15,966,0.621,12
"GSE20685","GGI",15,967,0.6092,12
"GSE20685","GGI",15,968,0.6107,12
"GSE20685","GGI",15,969,0.6196,12
"GSE20685","GGI",15,970,0.6156,9
"GSE20685","GGI",15,971,0.6032,12
"GSE20685","GGI",15,972,0.6164,8
"GSE20685","GGI",15,973,0.619,10
"GSE20685","GGI",15,974,0.6134,9
"GSE20685","GGI",15,975,0.605,12
"GSE20685","GGI",15,976,0.619,9
"GSE20685","GGI",15,977,0.6155,12
"GSE20685","GGI",15,978,0.6227,12
"GSE20685","GGI",15,979,0.6174,7
"GSE20685","GGI",15,980,0.5959,12
"GSE20685","GGI",15,981,0.6184,6
"GSE20685","GGI",15,982,0.6123,10
"GSE20685","GGI",15,983,0.6104,11
"GSE20685","GGI",15,984,0.618,8
"GSE20685","GGI",15,985,0.6011,12
"GSE20685","GGI",15,986,0.6198,12
"GSE20685","GGI",15,987,0.6153,12
"GSE20685","GGI",15,988,0.6142,11
"GSE20685","GGI",15,989,0.6177,12
"GSE20685","GGI",15,990,0.6191,11
"GSE20685","GGI",15,991,0.6088,12
"GSE20685","GGI",15,992,0.6057,12
"GSE20685","GGI",15,993,0.6215,12
"GSE20685","GGI",15,994,0.6105,10
"GSE20685","GGI",15,995,0.6118,11
"GSE20685","GGI",15,996,0.6227,12
"GSE20685","GGI",15,997,0.6165,12
"GSE20685","GGI",15,998,0.6073,12
"GSE20685","GGI",15,999,0.5898,12
"GSE20685","GGI",15,1000,0.6113,12
"GSE20685","MammaPrint",24,1,0.6366,9
"GSE20685","MammaPrint",24,2,0.6481,10
"GSE20685","MammaPrint",24,3,0.6359,11
"GSE20685","MammaPrint",24,4,0.6319,10
"GSE20685","MammaPrint",24,5,0.6449,10
"GSE20685","MammaPrint",24,6,0.6191,14
"GSE20685","MammaPrint",24,7,0.6099,14
"GSE20685","MammaPrint",24,8,0.6394,12
"GSE20685","MammaPrint",24,9,0.6305,9
"GSE20685","MammaPrint",24,10,0.622,12
"GSE20685","MammaPrint",24,11,0.6101,11
"GSE20685","MammaPrint",24,12,0.65,8
"GSE20685","MammaPrint",24,13,0.6246,13
"GSE20685","MammaPrint",24,14,0.636,11
"GSE20685","MammaPrint",24,15,0.6315,12
"GSE20685","MammaPrint",24,16,0.6266,10
"GSE20685","MammaPrint",24,17,0.6342,13
"GSE20685","MammaPrint",24,18,0.6078,11
"GSE20685","MammaPrint",24,19,0.6245,11
"GSE20685","MammaPrint",24,20,0.6276,11
"GSE20685","MammaPrint",24,21,0.6265,9
"GSE20685","MammaPrint",24,22,0.6384,10
"GSE20685","MammaPrint",24,23,0.619,9
"GSE20685","MammaPrint",24,24,0.6256,11
"GSE20685","MammaPrint",24,25,0.609,21
"GSE20685","MammaPrint",24,26,0.6207,13
"GSE20685","MammaPrint",24,27,0.645,11
"GSE20685","MammaPrint",24,28,0.6162,11
"GSE20685","MammaPrint",24,29,0.6348,10
"GSE20685","MammaPrint",24,30,0.6327,12
"GSE20685","MammaPrint",24,31,0.6359,8
"GSE20685","MammaPrint",24,32,0.6315,12
"GSE20685","MammaPrint",24,33,0.6319,11
"GSE20685","MammaPrint",24,34,0.6397,10
"GSE20685","MammaPrint",24,35,0.6426,10
"GSE20685","MammaPrint",24,36,0.6332,10
"GSE20685","MammaPrint",24,37,0.6418,11
"GSE20685","MammaPrint",24,38,0.6241,10
"GSE20685","MammaPrint",24,39,0.6189,16
"GSE20685","MammaPrint",24,40,0.6486,10
"GSE20685","MammaPrint",24,41,0.6251,11
"GSE20685","MammaPrint",24,42,0.6276,11
"GSE20685","MammaPrint",24,43,0.6203,10
"GSE20685","MammaPrint",24,44,0.6218,12
"GSE20685","MammaPrint",24,45,0.6213,12
"GSE20685","MammaPrint",24,46,0.6229,11
"GSE20685","MammaPrint",24,47,0.621,10
"GSE20685","MammaPrint",24,48,0.6391,15
"GSE20685","MammaPrint",24,49,0.617,13
"GSE20685","MammaPrint",24,50,0.6284,11
"GSE20685","MammaPrint",24,51,0.6127,14
"GSE20685","MammaPrint",24,52,0.632,11
"GSE20685","MammaPrint",24,53,0.6002,17
"GSE20685","MammaPrint",24,54,0.6265,12
"GSE20685","MammaPrint",24,55,0.6321,12
"GSE20685","MammaPrint",24,56,0.6111,16
"GSE20685","MammaPrint",24,57,0.6262,15
"GSE20685","MammaPrint",24,58,0.6228,11
"GSE20685","MammaPrint",24,59,0.6182,9
"GSE20685","MammaPrint",24,60,0.6386,12
"GSE20685","MammaPrint",24,61,0.6225,13
"GSE20685","MammaPrint",24,62,0.6167,11
"GSE20685","MammaPrint",24,63,0.6039,11
"GSE20685","MammaPrint",24,64,0.6416,10
"GSE20685","MammaPrint",24,65,0.6067,21
"GSE20685","MammaPrint",24,66,0.6355,11
"GSE20685","MammaPrint",24,67,0.6316,12
"GSE20685","MammaPrint",24,68,0.638,8
"GSE20685","MammaPrint",24,69,0.6207,15
"GSE20685","MammaPrint",24,70,0.6057,12
"GSE20685","MammaPrint",24,71,0.6205,12
"GSE20685","MammaPrint",24,72,0.6085,13
"GSE20685","MammaPrint",24,73,0.6307,12
"GSE20685","MammaPrint",24,74,0.6375,12
"GSE20685","MammaPrint",24,75,0.6297,10
"GSE20685","MammaPrint",24,76,0.6435,11
"GSE20685","MammaPrint",24,77,0.6237,11
"GSE20685","MammaPrint",24,78,0.6493,11
"GSE20685","MammaPrint",24,79,0.6264,13
"GSE20685","MammaPrint",24,80,0.62,10
"GSE20685","MammaPrint",24,81,0.6331,10
"GSE20685","MammaPrint",24,82,0.6433,11
"GSE20685","MammaPrint",24,83,0.6199,11
"GSE20685","MammaPrint",24,84,0.6238,14
"GSE20685","MammaPrint",24,85,0.6253,12
"GSE20685","MammaPrint",24,86,0.6297,14
"GSE20685","MammaPrint",24,87,0.6264,11
"GSE20685","MammaPrint",24,88,0.6229,14
"GSE20685","MammaPrint",24,89,0.6178,10
"GSE20685","MammaPrint",24,90,0.6284,11
"GSE20685","MammaPrint",24,91,0.6339,12
"GSE20685","MammaPrint",24,92,0.6193,11
"GSE20685","MammaPrint",24,93,0.6275,10
"GSE20685","MammaPrint",24,94,0.6365,13
"GSE20685","MammaPrint",24,95,0.6418,15
"GSE20685","MammaPrint",24,96,0.6336,13
"GSE20685","MammaPrint",24,97,0.6326,8
"GSE20685","MammaPrint",24,98,0.6173,11
"GSE20685","MammaPrint",24,99,0.6099,11
"GSE20685","MammaPrint",24,100,0.6147,11
"GSE20685","MammaPrint",24,101,0.6017,11
"GSE20685","MammaPrint",24,102,0.6253,13
"GSE20685","MammaPrint",24,103,0.6456,14
"GSE20685","MammaPrint",24,104,0.6127,15
"GSE20685","MammaPrint",24,105,0.6091,11
"GSE20685","MammaPrint",24,106,0.6306,15
"GSE20685","MammaPrint",24,107,0.6288,12
"GSE20685","MammaPrint",24,108,0.6127,15
"GSE20685","MammaPrint",24,109,0.6222,15
"GSE20685","MammaPrint",24,110,0.6245,11
"GSE20685","MammaPrint",24,111,0.608,18
"GSE20685","MammaPrint",24,112,0.6392,14
"GSE20685","MammaPrint",24,113,0.6314,11
"GSE20685","MammaPrint",24,114,0.6205,11
"GSE20685","MammaPrint",24,115,0.6065,13
"GSE20685","MammaPrint",24,116,0.6418,16
"GSE20685","MammaPrint",24,117,0.6301,10
"GSE20685","MammaPrint",24,118,0.6469,12
"GSE20685","MammaPrint",24,119,0.628,10
"GSE20685","MammaPrint",24,120,0.6005,21
"GSE20685","MammaPrint",24,121,0.6223,10
"GSE20685","MammaPrint",24,122,0.6349,11
"GSE20685","MammaPrint",24,123,0.6163,12
"GSE20685","MammaPrint",24,124,0.6251,11
"GSE20685","MammaPrint",24,125,0.6387,14
"GSE20685","MammaPrint",24,126,0.6304,13
"GSE20685","MammaPrint",24,127,0.6354,10
"GSE20685","MammaPrint",24,128,0.644,10
"GSE20685","MammaPrint",24,129,0.6282,11
"GSE20685","MammaPrint",24,130,0.6316,14
"GSE20685","MammaPrint",24,131,0.6407,11
"GSE20685","MammaPrint",24,132,0.6209,10
"GSE20685","MammaPrint",24,133,0.6161,13
"GSE20685","MammaPrint",24,134,0.586,21
"GSE20685","MammaPrint",24,135,0.6047,21
"GSE20685","MammaPrint",24,136,0.6419,8
"GSE20685","MammaPrint",24,137,0.6363,13
"GSE20685","MammaPrint",24,138,0.6117,14
"GSE20685","MammaPrint",24,139,0.6336,11
"GSE20685","MammaPrint",24,140,0.6225,11
"GSE20685","MammaPrint",24,141,0.6237,11
"GSE20685","MammaPrint",24,142,0.6226,10
"GSE20685","MammaPrint",24,143,0.6076,21
"GSE20685","MammaPrint",24,144,0.621,8
"GSE20685","MammaPrint",24,145,0.634,10
"GSE20685","MammaPrint",24,146,0.5991,18
"GSE20685","MammaPrint",24,147,0.6111,12
"GSE20685","MammaPrint",24,148,0.6358,9
"GSE20685","MammaPrint",24,149,0.6257,13
"GSE20685","MammaPrint",24,150,0.6165,15
"GSE20685","MammaPrint",24,151,0.6421,14
"GSE20685","MammaPrint",24,152,0.616,14
"GSE20685","MammaPrint",24,153,0.6317,12
"GSE20685","MammaPrint",24,154,0.6238,18
"GSE20685","MammaPrint",24,155,0.6276,14
"GSE20685","MammaPrint",24,156,0.6287,12
"GSE20685","MammaPrint",24,157,0.6366,11
"GSE20685","MammaPrint",24,158,0.6302,16
"GSE20685","MammaPrint",24,159,0.6256,15
"GSE20685","MammaPrint",24,160,0.6569,11
"GSE20685","MammaPrint",24,161,0.6253,9
"GSE20685","MammaPrint",24,162,0.6121,12
"GSE20685","MammaPrint",24,163,0.6086,13
"GSE20685","MammaPrint",24,164,0.6239,12
"GSE20685","MammaPrint",24,165,0.6124,14
"GSE20685","MammaPrint",24,166,0.6338,13
"GSE20685","MammaPrint",24,167,0.6278,11
"GSE20685","MammaPrint",24,168,0.6358,15
"GSE20685","MammaPrint",24,169,0.6232,13
"GSE20685","MammaPrint",24,170,0.6228,13
"GSE20685","MammaPrint",24,171,0.613,15
"GSE20685","MammaPrint",24,172,0.6418,12
"GSE20685","MammaPrint",24,173,0.62,11
"GSE20685","MammaPrint",24,174,0.6108,11
"GSE20685","MammaPrint",24,175,0.6153,11
"GSE20685","MammaPrint",24,176,0.637,10
"GSE20685","MammaPrint",24,177,0.6455,10
"GSE20685","MammaPrint",24,178,0.6269,11
"GSE20685","MammaPrint",24,179,0.6159,15
"GSE20685","MammaPrint",24,180,0.6289,12
"GSE20685","MammaPrint",24,181,0.6471,9
"GSE20685","MammaPrint",24,182,0.6349,9
"GSE20685","MammaPrint",24,183,0.6519,10
"GSE20685","MammaPrint",24,184,0.6288,17
"GSE20685","MammaPrint",24,185,0.6191,18
"GSE20685","MammaPrint",24,186,0.6272,9
"GSE20685","MammaPrint",24,187,0.6327,9
"GSE20685","MammaPrint",24,188,0.6319,14
"GSE20685","MammaPrint",24,189,0.6334,13
"GSE20685","MammaPrint",24,190,0.6477,13
"GSE20685","MammaPrint",24,191,0.6337,10
"GSE20685","MammaPrint",24,192,0.6253,10
"GSE20685","MammaPrint",24,193,0.6367,7
"GSE20685","MammaPrint",24,194,0.6139,19
"GSE20685","MammaPrint",24,195,0.6136,11
"GSE20685","MammaPrint",24,196,0.6272,11
"GSE20685","MammaPrint",24,197,0.6135,10
"GSE20685","MammaPrint",24,198,0.6284,12
"GSE20685","MammaPrint",24,199,0.6401,11
"GSE20685","MammaPrint",24,200,0.6261,11
"GSE20685","MammaPrint",24,201,0.6416,13
"GSE20685","MammaPrint",24,202,0.6187,12
"GSE20685","MammaPrint",24,203,0.6134,11
"GSE20685","MammaPrint",24,204,0.6335,14
"GSE20685","MammaPrint",24,205,0.643,8
"GSE20685","MammaPrint",24,206,0.6386,16
"GSE20685","MammaPrint",24,207,0.6323,9
"GSE20685","MammaPrint",24,208,0.6418,9
"GSE20685","MammaPrint",24,209,0.6083,14
"GSE20685","MammaPrint",24,210,0.6215,15
"GSE20685","MammaPrint",24,211,0.6179,15
"GSE20685","MammaPrint",24,212,0.6144,11
"GSE20685","MammaPrint",24,213,0.6272,15
"GSE20685","MammaPrint",24,214,0.6291,8
"GSE20685","MammaPrint",24,215,0.6173,17
"GSE20685","MammaPrint",24,216,0.6281,12
"GSE20685","MammaPrint",24,217,0.629,15
"GSE20685","MammaPrint",24,218,0.6233,15
"GSE20685","MammaPrint",24,219,0.608,18
"GSE20685","MammaPrint",24,220,0.6421,15
"GSE20685","MammaPrint",24,221,0.6296,15
"GSE20685","MammaPrint",24,222,0.6059,18
"GSE20685","MammaPrint",24,223,0.6431,9
"GSE20685","MammaPrint",24,224,0.6298,10
"GSE20685","MammaPrint",24,225,0.6445,7
"GSE20685","MammaPrint",24,226,0.6198,9
"GSE20685","MammaPrint",24,227,0.6331,20
"GSE20685","MammaPrint",24,228,0.6247,13
"GSE20685","MammaPrint",24,229,0.6329,10
"GSE20685","MammaPrint",24,230,0.6208,13
"GSE20685","MammaPrint",24,231,0.6252,11
"GSE20685","MammaPrint",24,232,0.6312,10
"GSE20685","MammaPrint",24,233,0.6115,13
"GSE20685","MammaPrint",24,234,0.6115,10
"GSE20685","MammaPrint",24,235,0.6136,14
"GSE20685","MammaPrint",24,236,0.6422,10
"GSE20685","MammaPrint",24,237,0.6158,13
"GSE20685","MammaPrint",24,238,0.6096,16
"GSE20685","MammaPrint",24,239,0.6159,13
"GSE20685","MammaPrint",24,240,0.6075,15
"GSE20685","MammaPrint",24,241,0.6266,10
"GSE20685","MammaPrint",24,242,0.6306,11
"GSE20685","MammaPrint",24,243,0.6194,16
"GSE20685","MammaPrint",24,244,0.6313,9
"GSE20685","MammaPrint",24,245,0.6141,21
"GSE20685","MammaPrint",24,246,0.6152,14
"GSE20685","MammaPrint",24,247,0.6317,11
"GSE20685","MammaPrint",24,248,0.6136,13
"GSE20685","MammaPrint",24,249,0.6404,13
"GSE20685","MammaPrint",24,250,0.6295,8
"GSE20685","MammaPrint",24,251,0.6209,12
"GSE20685","MammaPrint",24,252,0.6307,14
"GSE20685","MammaPrint",24,253,0.6045,10
"GSE20685","MammaPrint",24,254,0.6228,11
"GSE20685","MammaPrint",24,255,0.6495,9
"GSE20685","MammaPrint",24,256,0.6257,17
"GSE20685","MammaPrint",24,257,0.6223,11
"GSE20685","MammaPrint",24,258,0.6457,11
"GSE20685","MammaPrint",24,259,0.6335,12
"GSE20685","MammaPrint",24,260,0.6219,13
"GSE20685","MammaPrint",24,261,0.633,10
"GSE20685","MammaPrint",24,262,0.6315,12
"GSE20685","MammaPrint",24,263,0.6207,11
"GSE20685","MammaPrint",24,264,0.6269,10
"GSE20685","MammaPrint",24,265,0.6329,9
"GSE20685","MammaPrint",24,266,0.6199,15
"GSE20685","MammaPrint",24,267,0.6475,14
"GSE20685","MammaPrint",24,268,0.6191,10
"GSE20685","MammaPrint",24,269,0.6486,14
"GSE20685","MammaPrint",24,270,0.6373,11
"GSE20685","MammaPrint",24,271,0.6205,12
"GSE20685","MammaPrint",24,272,0.6313,12
"GSE20685","MammaPrint",24,273,0.6209,12
"GSE20685","MammaPrint",24,274,0.6102,13
"GSE20685","MammaPrint",24,275,0.635,9
"GSE20685","MammaPrint",24,276,0.6117,18
"GSE20685","MammaPrint",24,277,0.6255,14
"GSE20685","MammaPrint",24,278,0.6476,12
"GSE20685","MammaPrint",24,279,0.6238,13
"GSE20685","MammaPrint",24,280,0.6338,11
"GSE20685","MammaPrint",24,281,0.6439,12
"GSE20685","MammaPrint",24,282,0.6338,9
"GSE20685","MammaPrint",24,283,0.6456,14
"GSE20685","MammaPrint",24,284,0.6338,9
"GSE20685","MammaPrint",24,285,0.6123,9
"GSE20685","MammaPrint",24,286,0.624,18
"GSE20685","MammaPrint",24,287,0.6348,7
"GSE20685","MammaPrint",24,288,0.6096,18
"GSE20685","MammaPrint",24,289,0.6386,9
"GSE20685","MammaPrint",24,290,0.626,14
"GSE20685","MammaPrint",24,291,0.6162,11
"GSE20685","MammaPrint",24,292,0.642,10
"GSE20685","MammaPrint",24,293,0.6308,10
"GSE20685","MammaPrint",24,294,0.6213,14
"GSE20685","MammaPrint",24,295,0.6198,13
"GSE20685","MammaPrint",24,296,0.6435,8
"GSE20685","MammaPrint",24,297,0.6426,10
"GSE20685","MammaPrint",24,298,0.6407,10
"GSE20685","MammaPrint",24,299,0.6211,14
"GSE20685","MammaPrint",24,300,0.6238,16
"GSE20685","MammaPrint",24,301,0.6155,12
"GSE20685","MammaPrint",24,302,0.6293,10
"GSE20685","MammaPrint",24,303,0.6425,12
"GSE20685","MammaPrint",24,304,0.6206,10
"GSE20685","MammaPrint",24,305,0.63,9
"GSE20685","MammaPrint",24,306,0.6181,11
"GSE20685","MammaPrint",24,307,0.6285,12
"GSE20685","MammaPrint",24,308,0.6472,8
"GSE20685","MammaPrint",24,309,0.6238,10
"GSE20685","MammaPrint",24,310,0.6356,11
"GSE20685","MammaPrint",24,311,0.6201,16
"GSE20685","MammaPrint",24,312,0.6156,18
"GSE20685","MammaPrint",24,313,0.6173,16
"GSE20685","MammaPrint",24,314,0.6262,10
"GSE20685","MammaPrint",24,315,0.6359,9
"GSE20685","MammaPrint",24,316,0.6388,8
"GSE20685","MammaPrint",24,317,0.6525,10
"GSE20685","MammaPrint",24,318,0.6313,9
"GSE20685","MammaPrint",24,319,0.6122,11
"GSE20685","MammaPrint",24,320,0.6157,15
"GSE20685","MammaPrint",24,321,0.6276,17
"GSE20685","MammaPrint",24,322,0.6245,11
"GSE20685","MammaPrint",24,323,0.6412,13
"GSE20685","MammaPrint",24,324,0.6379,12
"GSE20685","MammaPrint",24,325,0.6418,12
"GSE20685","MammaPrint",24,326,0.6116,14
"GSE20685","MammaPrint",24,327,0.6092,16
"GSE20685","MammaPrint",24,328,0.6321,14
"GSE20685","MammaPrint",24,329,0.6161,13
"GSE20685","MammaPrint",24,330,0.6522,10
"GSE20685","MammaPrint",24,331,0.6293,8
"GSE20685","MammaPrint",24,332,0.6461,12
"GSE20685","MammaPrint",24,333,0.5986,21
"GSE20685","MammaPrint",24,334,0.6431,10
"GSE20685","MammaPrint",24,335,0.6248,10
"GSE20685","MammaPrint",24,336,0.605,12
"GSE20685","MammaPrint",24,337,0.6392,17
"GSE20685","MammaPrint",24,338,0.6182,11
"GSE20685","MammaPrint",24,339,0.6182,21
"GSE20685","MammaPrint",24,340,0.63,12
"GSE20685","MammaPrint",24,341,0.6369,17
"GSE20685","MammaPrint",24,342,0.6124,21
"GSE20685","MammaPrint",24,343,0.6242,12
"GSE20685","MammaPrint",24,344,0.6355,13
"GSE20685","MammaPrint",24,345,0.6256,14
"GSE20685","MammaPrint",24,346,0.6336,11
"GSE20685","MammaPrint",24,347,0.6555,11
"GSE20685","MammaPrint",24,348,0.6293,12
"GSE20685","MammaPrint",24,349,0.6119,10
"GSE20685","MammaPrint",24,350,0.6441,8
"GSE20685","MammaPrint",24,351,0.6422,13
"GSE20685","MammaPrint",24,352,0.6209,16
"GSE20685","MammaPrint",24,353,0.6154,15
"GSE20685","MammaPrint",24,354,0.6223,13
"GSE20685","MammaPrint",24,355,0.6371,10
"GSE20685","MammaPrint",24,356,0.6234,13
"GSE20685","MammaPrint",24,357,0.6424,14
"GSE20685","MammaPrint",24,358,0.6466,13
"GSE20685","MammaPrint",24,359,0.623,14
"GSE20685","MammaPrint",24,360,0.638,8
"GSE20685","MammaPrint",24,361,0.6419,13
"GSE20685","MammaPrint",24,362,0.6257,11
"GSE20685","MammaPrint",24,363,0.6368,14
"GSE20685","MammaPrint",24,364,0.6427,6
"GSE20685","MammaPrint",24,365,0.6393,12
"GSE20685","MammaPrint",24,366,0.6385,17
"GSE20685","MammaPrint",24,367,0.6232,11
"GSE20685","MammaPrint",24,368,0.6245,11
"GSE20685","MammaPrint",24,369,0.6256,11
"GSE20685","MammaPrint",24,370,0.635,18
"GSE20685","MammaPrint",24,371,0.6197,11
"GSE20685","MammaPrint",24,372,0.6373,10
"GSE20685","MammaPrint",24,373,0.6376,10
"GSE20685","MammaPrint",24,374,0.6467,11
"GSE20685","MammaPrint",24,375,0.6093,13
"GSE20685","MammaPrint",24,376,0.6057,11
"GSE20685","MammaPrint",24,377,0.6135,16
"GSE20685","MammaPrint",24,378,0.6345,14
"GSE20685","MammaPrint",24,379,0.6304,12
"GSE20685","MammaPrint",24,380,0.6306,15
"GSE20685","MammaPrint",24,381,0.6355,11
"GSE20685","MammaPrint",24,382,0.63,8
"GSE20685","MammaPrint",24,383,0.6242,12
"GSE20685","MammaPrint",24,384,0.6328,10
"GSE20685","MammaPrint",24,385,0.6191,8
"GSE20685","MammaPrint",24,386,0.618,10
"GSE20685","MammaPrint",24,387,0.6392,12
"GSE20685","MammaPrint",24,388,0.6397,9
"GSE20685","MammaPrint",24,389,0.6264,11
"GSE20685","MammaPrint",24,390,0.6274,11
"GSE20685","MammaPrint",24,391,0.6115,13
"GSE20685","MammaPrint",24,392,0.6078,18
"GSE20685","MammaPrint",24,393,0.6235,12
"GSE20685","MammaPrint",24,394,0.6139,11
"GSE20685","MammaPrint",24,395,0.6309,13
"GSE20685","MammaPrint",24,396,0.6274,12
"GSE20685","MammaPrint",24,397,0.634,10
"GSE20685","MammaPrint",24,398,0.6268,13
"GSE20685","MammaPrint",24,399,0.6256,12
"GSE20685","MammaPrint",24,400,0.6458,12
"GSE20685","MammaPrint",24,401,0.6122,16
"GSE20685","MammaPrint",24,402,0.6219,9
"GSE20685","MammaPrint",24,403,0.6333,8
"GSE20685","MammaPrint",24,404,0.6185,14
"GSE20685","MammaPrint",24,405,0.6387,10
"GSE20685","MammaPrint",24,406,0.6244,13
"GSE20685","MammaPrint",24,407,0.619,12
"GSE20685","MammaPrint",24,408,0.6229,15
"GSE20685","MammaPrint",24,409,0.6346,10
"GSE20685","MammaPrint",24,410,0.6088,16
"GSE20685","MammaPrint",24,411,0.6125,14
"GSE20685","MammaPrint",24,412,0.6488,13
"GSE20685","MammaPrint",24,413,0.6292,11
"GSE20685","MammaPrint",24,414,0.6255,10
"GSE20685","MammaPrint",24,415,0.6105,21
"GSE20685","MammaPrint",24,416,0.6397,10
"GSE20685","MammaPrint",24,417,0.6354,11
"GSE20685","MammaPrint",24,418,0.6274,11
"GSE20685","MammaPrint",24,419,0.62,15
"GSE20685","MammaPrint",24,420,0.6176,9
"GSE20685","MammaPrint",24,421,0.6209,16
"GSE20685","MammaPrint",24,422,0.6202,14
"GSE20685","MammaPrint",24,423,0.6333,10
"GSE20685","MammaPrint",24,424,0.6237,14
"GSE20685","MammaPrint",24,425,0.6406,15
"GSE20685","MammaPrint",24,426,0.6326,9
"GSE20685","MammaPrint",24,427,0.639,9
"GSE20685","MammaPrint",24,428,0.6514,11
"GSE20685","MammaPrint",24,429,0.6202,9
"GSE20685","MammaPrint",24,430,0.5929,20
"GSE20685","MammaPrint",24,431,0.6213,11
"GSE20685","MammaPrint",24,432,0.6103,15
"GSE20685","MammaPrint",24,433,0.6087,10
"GSE20685","MammaPrint",24,434,0.6276,8
"GSE20685","MammaPrint",24,435,0.6263,15
"GSE20685","MammaPrint",24,436,0.6379,12
"GSE20685","MammaPrint",24,437,0.6374,10
"GSE20685","MammaPrint",24,438,0.6134,10
"GSE20685","MammaPrint",24,439,0.6223,15
"GSE20685","MammaPrint",24,440,0.6365,11
"GSE20685","MammaPrint",24,441,0.6245,11
"GSE20685","MammaPrint",24,442,0.6307,11
"GSE20685","MammaPrint",24,443,0.6235,11
"GSE20685","MammaPrint",24,444,0.6281,10
"GSE20685","MammaPrint",24,445,0.6385,9
"GSE20685","MammaPrint",24,446,0.641,11
"GSE20685","MammaPrint",24,447,0.6255,12
"GSE20685","MammaPrint",24,448,0.638,16
"GSE20685","MammaPrint",24,449,0.6218,14
"GSE20685","MammaPrint",24,450,0.641,14
"GSE20685","MammaPrint",24,451,0.6307,10
"GSE20685","MammaPrint",24,452,0.6355,10
"GSE20685","MammaPrint",24,453,0.6133,13
"GSE20685","MammaPrint",24,454,0.6238,14
"GSE20685","MammaPrint",24,455,0.6144,18
"GSE20685","MammaPrint",24,456,0.6322,12
"GSE20685","MammaPrint",24,457,0.6183,11
"GSE20685","MammaPrint",24,458,0.6418,9
"GSE20685","MammaPrint",24,459,0.626,13
"GSE20685","MammaPrint",24,460,0.6246,11
"GSE20685","MammaPrint",24,461,0.6176,11
"GSE20685","MammaPrint",24,462,0.6339,9
"GSE20685","MammaPrint",24,463,0.6337,11
"GSE20685","MammaPrint",24,464,0.6181,12
"GSE20685","MammaPrint",24,465,0.6088,16
"GSE20685","MammaPrint",24,466,0.6243,15
"GSE20685","MammaPrint",24,467,0.6377,7
"GSE20685","MammaPrint",24,468,0.64,12
"GSE20685","MammaPrint",24,469,0.6197,16
"GSE20685","MammaPrint",24,470,0.6427,9
"GSE20685","MammaPrint",24,471,0.6242,12
"GSE20685","MammaPrint",24,472,0.5967,16
"GSE20685","MammaPrint",24,473,0.6265,14
"GSE20685","MammaPrint",24,474,0.6224,10
"GSE20685","MammaPrint",24,475,0.6215,9
"GSE20685","MammaPrint",24,476,0.6337,13
"GSE20685","MammaPrint",24,477,0.5991,19
"GSE20685","MammaPrint",24,478,0.6316,16
"GSE20685","MammaPrint",24,479,0.6437,14
"GSE20685","MammaPrint",24,480,0.6483,10
"GSE20685","MammaPrint",24,481,0.6153,14
"GSE20685","MammaPrint",24,482,0.6301,11
"GSE20685","MammaPrint",24,483,0.617,12
"GSE20685","MammaPrint",24,484,0.6311,11
"GSE20685","MammaPrint",24,485,0.6173,14
"GSE20685","MammaPrint",24,486,0.6371,10
"GSE20685","MammaPrint",24,487,0.6364,11
"GSE20685","MammaPrint",24,488,0.6316,11
"GSE20685","MammaPrint",24,489,0.6166,13
"GSE20685","MammaPrint",24,490,0.6306,14
"GSE20685","MammaPrint",24,491,0.6163,16
"GSE20685","MammaPrint",24,492,0.6221,11
"GSE20685","MammaPrint",24,493,0.6316,12
"GSE20685","MammaPrint",24,494,0.6033,11
"GSE20685","MammaPrint",24,495,0.6256,14
"GSE20685","MammaPrint",24,496,0.6369,8
"GSE20685","MammaPrint",24,497,0.6375,11
"GSE20685","MammaPrint",24,498,0.6176,11
"GSE20685","MammaPrint",24,499,0.6155,17
"GSE20685","MammaPrint",24,500,0.6161,13
"GSE20685","MammaPrint",24,501,0.6094,13
"GSE20685","MammaPrint",24,502,0.6315,13
"GSE20685","MammaPrint",24,503,0.6185,17
"GSE20685","MammaPrint",24,504,0.6083,16
"GSE20685","MammaPrint",24,505,0.6336,8
"GSE20685","MammaPrint",24,506,0.6391,15
"GSE20685","MammaPrint",24,507,0.6189,18
"GSE20685","MammaPrint",24,508,0.6277,16
"GSE20685","MammaPrint",24,509,0.6265,11
"GSE20685","MammaPrint",24,510,0.643,12
"GSE20685","MammaPrint",24,511,0.6208,10
"GSE20685","MammaPrint",24,512,0.6395,9
"GSE20685","MammaPrint",24,513,0.6324,9
"GSE20685","MammaPrint",24,514,0.6347,10
"GSE20685","MammaPrint",24,515,0.6309,12
"GSE20685","MammaPrint",24,516,0.6201,15
"GSE20685","MammaPrint",24,517,0.6297,9
"GSE20685","MammaPrint",24,518,0.6217,12
"GSE20685","MammaPrint",24,519,0.6153,8
"GSE20685","MammaPrint",24,520,0.6267,14
"GSE20685","MammaPrint",24,521,0.6205,11
"GSE20685","MammaPrint",24,522,0.6345,11
"GSE20685","MammaPrint",24,523,0.6275,10
"GSE20685","MammaPrint",24,524,0.6121,16
"GSE20685","MammaPrint",24,525,0.6339,11
"GSE20685","MammaPrint",24,526,0.6461,14
"GSE20685","MammaPrint",24,527,0.6212,10
"GSE20685","MammaPrint",24,528,0.6253,13
"GSE20685","MammaPrint",24,529,0.6419,10
"GSE20685","MammaPrint",24,530,0.6272,10
"GSE20685","MammaPrint",24,531,0.6443,15
"GSE20685","MammaPrint",24,532,0.6192,15
"GSE20685","MammaPrint",24,533,0.6348,13
"GSE20685","MammaPrint",24,534,0.6425,8
"GSE20685","MammaPrint",24,535,0.6339,11
"GSE20685","MammaPrint",24,536,0.635,8
"GSE20685","MammaPrint",24,537,0.6279,9
"GSE20685","MammaPrint",24,538,0.6239,11
"GSE20685","MammaPrint",24,539,0.6256,13
"GSE20685","MammaPrint",24,540,0.6313,13
"GSE20685","MammaPrint",24,541,0.6141,12
"GSE20685","MammaPrint",24,542,0.6365,10
"GSE20685","MammaPrint",24,543,0.6304,9
"GSE20685","MammaPrint",24,544,0.6071,21
"GSE20685","MammaPrint",24,545,0.6348,14
"GSE20685","MammaPrint",24,546,0.6256,9
"GSE20685","MammaPrint",24,547,0.631,13
"GSE20685","MammaPrint",24,548,0.6012,15
"GSE20685","MammaPrint",24,549,0.6334,12
"GSE20685","MammaPrint",24,550,0.6369,11
"GSE20685","MammaPrint",24,551,0.6388,8
"GSE20685","MammaPrint",24,552,0.6375,12
"GSE20685","MammaPrint",24,553,0.6385,13
"GSE20685","MammaPrint",24,554,0.6353,10
"GSE20685","MammaPrint",24,555,0.6124,13
"GSE20685","MammaPrint",24,556,0.6577,10
"GSE20685","MammaPrint",24,557,0.6354,9
"GSE20685","MammaPrint",24,558,0.6219,13
"GSE20685","MammaPrint",24,559,0.6215,14
"GSE20685","MammaPrint",24,560,0.616,10
"GSE20685","MammaPrint",24,561,0.6321,11
"GSE20685","MammaPrint",24,562,0.622,16
"GSE20685","MammaPrint",24,563,0.6312,7
"GSE20685","MammaPrint",24,564,0.6266,10
"GSE20685","MammaPrint",24,565,0.6242,16
"GSE20685","MammaPrint",24,566,0.6351,13
"GSE20685","MammaPrint",24,567,0.6234,14
"GSE20685","MammaPrint",24,568,0.6259,13
"GSE20685","MammaPrint",24,569,0.6174,11
"GSE20685","MammaPrint",24,570,0.6118,18
"GSE20685","MammaPrint",24,571,0.633,12
"GSE20685","MammaPrint",24,572,0.6165,13
"GSE20685","MammaPrint",24,573,0.6569,11
"GSE20685","MammaPrint",24,574,0.6274,10
"GSE20685","MammaPrint",24,575,0.6348,11
"GSE20685","MammaPrint",24,576,0.6501,11
"GSE20685","MammaPrint",24,577,0.6321,12
"GSE20685","MammaPrint",24,578,0.6103,15
"GSE20685","MammaPrint",24,579,0.6159,14
"GSE20685","MammaPrint",24,580,0.629,14
"GSE20685","MammaPrint",24,581,0.6339,15
"GSE20685","MammaPrint",24,582,0.5995,21
"GSE20685","MammaPrint",24,583,0.6329,18
"GSE20685","MammaPrint",24,584,0.6206,9
"GSE20685","MammaPrint",24,585,0.6264,14
"GSE20685","MammaPrint",24,586,0.6052,14
"GSE20685","MammaPrint",24,587,0.6375,8
"GSE20685","MammaPrint",24,588,0.6363,12
"GSE20685","MammaPrint",24,589,0.6512,10
"GSE20685","MammaPrint",24,590,0.6217,11
"GSE20685","MammaPrint",24,591,0.6278,11
"GSE20685","MammaPrint",24,592,0.6169,13
"GSE20685","MammaPrint",24,593,0.6209,13
"GSE20685","MammaPrint",24,594,0.6292,14
"GSE20685","MammaPrint",24,595,0.6328,12
"GSE20685","MammaPrint",24,596,0.6296,9
"GSE20685","MammaPrint",24,597,0.6231,17
"GSE20685","MammaPrint",24,598,0.6322,9
"GSE20685","MammaPrint",24,599,0.6405,13
"GSE20685","MammaPrint",24,600,0.6489,10
"GSE20685","MammaPrint",24,601,0.6228,12
"GSE20685","MammaPrint",24,602,0.6104,17
"GSE20685","MammaPrint",24,603,0.6191,12
"GSE20685","MammaPrint",24,604,0.6262,16
"GSE20685","MammaPrint",24,605,0.6272,11
"GSE20685","MammaPrint",24,606,0.655,10
"GSE20685","MammaPrint",24,607,0.6238,13
"GSE20685","MammaPrint",24,608,0.6504,10
"GSE20685","MammaPrint",24,609,0.6166,14
"GSE20685","MammaPrint",24,610,0.6216,10
"GSE20685","MammaPrint",24,611,0.6471,7
"GSE20685","MammaPrint",24,612,0.632,8
"GSE20685","MammaPrint",24,613,0.6182,15
"GSE20685","MammaPrint",24,614,0.6514,9
"GSE20685","MammaPrint",24,615,0.5965,21
"GSE20685","MammaPrint",24,616,0.6259,10
"GSE20685","MammaPrint",24,617,0.6329,11
"GSE20685","MammaPrint",24,618,0.6253,9
"GSE20685","MammaPrint",24,619,0.6092,9
"GSE20685","MammaPrint",24,620,0.6088,15
"GSE20685","MammaPrint",24,621,0.5924,19
"GSE20685","MammaPrint",24,622,0.6201,14
"GSE20685","MammaPrint",24,623,0.6299,10
"GSE20685","MammaPrint",24,624,0.6254,13
"GSE20685","MammaPrint",24,625,0.6354,10
"GSE20685","MammaPrint",24,626,0.6176,17
"GSE20685","MammaPrint",24,627,0.6387,10
"GSE20685","MammaPrint",24,628,0.621,10
"GSE20685","MammaPrint",24,629,0.619,10
"GSE20685","MammaPrint",24,630,0.6315,9
"GSE20685","MammaPrint",24,631,0.6356,9
"GSE20685","MammaPrint",24,632,0.6292,9
"GSE20685","MammaPrint",24,633,0.6122,14
"GSE20685","MammaPrint",24,634,0.6192,11
"GSE20685","MammaPrint",24,635,0.6145,21
"GSE20685","MammaPrint",24,636,0.6207,9
"GSE20685","MammaPrint",24,637,0.6394,11
"GSE20685","MammaPrint",24,638,0.6171,11
"GSE20685","MammaPrint",24,639,0.628,10
"GSE20685","MammaPrint",24,640,0.6264,11
"GSE20685","MammaPrint",24,641,0.6097,18
"GSE20685","MammaPrint",24,642,0.6219,13
"GSE20685","MammaPrint",24,643,0.6175,15
"GSE20685","MammaPrint",24,644,0.6211,12
"GSE20685","MammaPrint",24,645,0.6348,14
"GSE20685","MammaPrint",24,646,0.632,11
"GSE20685","MammaPrint",24,647,0.6219,13
"GSE20685","MammaPrint",24,648,0.6296,10
"GSE20685","MammaPrint",24,649,0.6189,14
"GSE20685","MammaPrint",24,650,0.6207,14
"GSE20685","MammaPrint",24,651,0.6225,14
"GSE20685","MammaPrint",24,652,0.6424,10
"GSE20685","MammaPrint",24,653,0.637,13
"GSE20685","MammaPrint",24,654,0.6327,9
"GSE20685","MammaPrint",24,655,0.6373,11
"GSE20685","MammaPrint",24,656,0.6246,12
"GSE20685","MammaPrint",24,657,0.6231,12
"GSE20685","MammaPrint",24,658,0.6483,9
"GSE20685","MammaPrint",24,659,0.6348,12
"GSE20685","MammaPrint",24,660,0.6267,11
"GSE20685","MammaPrint",24,661,0.643,11
"GSE20685","MammaPrint",24,662,0.6184,11
"GSE20685","MammaPrint",24,663,0.6287,14
"GSE20685","MammaPrint",24,664,0.6068,13
"GSE20685","MammaPrint",24,665,0.63,12
"GSE20685","MammaPrint",24,666,0.6273,11
"GSE20685","MammaPrint",24,667,0.6171,13
"GSE20685","MammaPrint",24,668,0.6208,12
"GSE20685","MammaPrint",24,669,0.6202,14
"GSE20685","MammaPrint",24,670,0.6382,10
"GSE20685","MammaPrint",24,671,0.6283,17
"GSE20685","MammaPrint",24,672,0.6186,10
"GSE20685","MammaPrint",24,673,0.6135,12
"GSE20685","MammaPrint",24,674,0.6239,6
"GSE20685","MammaPrint",24,675,0.6323,11
"GSE20685","MammaPrint",24,676,0.6261,12
"GSE20685","MammaPrint",24,677,0.6156,13
"GSE20685","MammaPrint",24,678,0.6246,10
"GSE20685","MammaPrint",24,679,0.6267,13
"GSE20685","MammaPrint",24,680,0.6466,11
"GSE20685","MammaPrint",24,681,0.6178,7
"GSE20685","MammaPrint",24,682,0.6085,11
"GSE20685","MammaPrint",24,683,0.629,14
"GSE20685","MammaPrint",24,684,0.6155,12
"GSE20685","MammaPrint",24,685,0.6139,14
"GSE20685","MammaPrint",24,686,0.632,11
"GSE20685","MammaPrint",24,687,0.6359,11
"GSE20685","MammaPrint",24,688,0.6229,16
"GSE20685","MammaPrint",24,689,0.6374,9
"GSE20685","MammaPrint",24,690,0.6328,11
"GSE20685","MammaPrint",24,691,0.5953,12
"GSE20685","MammaPrint",24,692,0.632,10
"GSE20685","MammaPrint",24,693,0.6401,9
"GSE20685","MammaPrint",24,694,0.6252,15
"GSE20685","MammaPrint",24,695,0.6248,10
"GSE20685","MammaPrint",24,696,0.6279,11
"GSE20685","MammaPrint",24,697,0.6208,10
"GSE20685","MammaPrint",24,698,0.6336,12
"GSE20685","MammaPrint",24,699,0.6148,11
"GSE20685","MammaPrint",24,700,0.602,21
"GSE20685","MammaPrint",24,701,0.6216,13
"GSE20685","MammaPrint",24,702,0.6244,13
"GSE20685","MammaPrint",24,703,0.6376,15
"GSE20685","MammaPrint",24,704,0.6324,8
"GSE20685","MammaPrint",24,705,0.6163,19
"GSE20685","MammaPrint",24,706,0.62,10
"GSE20685","MammaPrint",24,707,0.6145,9
"GSE20685","MammaPrint",24,708,0.6192,10
"GSE20685","MammaPrint",24,709,0.6316,10
"GSE20685","MammaPrint",24,710,0.6425,10
"GSE20685","MammaPrint",24,711,0.6431,11
"GSE20685","MammaPrint",24,712,0.6204,12
"GSE20685","MammaPrint",24,713,0.6322,11
"GSE20685","MammaPrint",24,714,0.6204,9
"GSE20685","MammaPrint",24,715,0.6319,7
"GSE20685","MammaPrint",24,716,0.6315,10
"GSE20685","MammaPrint",24,717,0.6182,11
"GSE20685","MammaPrint",24,718,0.6142,13
"GSE20685","MammaPrint",24,719,0.6385,12
"GSE20685","MammaPrint",24,720,0.6109,11
"GSE20685","MammaPrint",24,721,0.6176,12
"GSE20685","MammaPrint",24,722,0.6288,12
"GSE20685","MammaPrint",24,723,0.621,17
"GSE20685","MammaPrint",24,724,0.613,13
"GSE20685","MammaPrint",24,725,0.6209,16
"GSE20685","MammaPrint",24,726,0.6229,9
"GSE20685","MammaPrint",24,727,0.6246,7
"GSE20685","MammaPrint",24,728,0.6328,12
"GSE20685","MammaPrint",24,729,0.6247,10
"GSE20685","MammaPrint",24,730,0.6215,15
"GSE20685","MammaPrint",24,731,0.6285,8
"GSE20685","MammaPrint",24,732,0.6158,13
"GSE20685","MammaPrint",24,733,0.6379,13
"GSE20685","MammaPrint",24,734,0.6344,11
"GSE20685","MammaPrint",24,735,0.6403,13
"GSE20685","MammaPrint",24,736,0.624,12
"GSE20685","MammaPrint",24,737,0.6144,9
"GSE20685","MammaPrint",24,738,0.6209,15
"GSE20685","MammaPrint",24,739,0.6384,11
"GSE20685","MammaPrint",24,740,0.6332,12
"GSE20685","MammaPrint",24,741,0.6134,10
"GSE20685","MammaPrint",24,742,0.6337,10
"GSE20685","MammaPrint",24,743,0.6199,12
"GSE20685","MammaPrint",24,744,0.6138,17
"GSE20685","MammaPrint",24,745,0.6308,11
"GSE20685","MammaPrint",24,746,0.6321,13
"GSE20685","MammaPrint",24,747,0.6273,17
"GSE20685","MammaPrint",24,748,0.6491,12
"GSE20685","MammaPrint",24,749,0.6447,8
"GSE20685","MammaPrint",24,750,0.6407,12
"GSE20685","MammaPrint",24,751,0.6136,16
"GSE20685","MammaPrint",24,752,0.6243,10
"GSE20685","MammaPrint",24,753,0.6244,11
"GSE20685","MammaPrint",24,754,0.6446,16
"GSE20685","MammaPrint",24,755,0.6504,12
"GSE20685","MammaPrint",24,756,0.6453,9
"GSE20685","MammaPrint",24,757,0.6131,17
"GSE20685","MammaPrint",24,758,0.6139,13
"GSE20685","MammaPrint",24,759,0.6425,8
"GSE20685","MammaPrint",24,760,0.6236,10
"GSE20685","MammaPrint",24,761,0.6279,16
"GSE20685","MammaPrint",24,762,0.63,13
"GSE20685","MammaPrint",24,763,0.6282,13
"GSE20685","MammaPrint",24,764,0.6301,10
"GSE20685","MammaPrint",24,765,0.6329,11
"GSE20685","MammaPrint",24,766,0.597,11
"GSE20685","MammaPrint",24,767,0.6066,13
"GSE20685","MammaPrint",24,768,0.6337,11
"GSE20685","MammaPrint",24,769,0.6147,14
"GSE20685","MammaPrint",24,770,0.6194,10
"GSE20685","MammaPrint",24,771,0.6131,14
"GSE20685","MammaPrint",24,772,0.6461,10
"GSE20685","MammaPrint",24,773,0.6378,13
"GSE20685","MammaPrint",24,774,0.6225,18
"GSE20685","MammaPrint",24,775,0.6348,10
"GSE20685","MammaPrint",24,776,0.6184,14
"GSE20685","MammaPrint",24,777,0.6214,10
"GSE20685","MammaPrint",24,778,0.6285,11
"GSE20685","MammaPrint",24,779,0.6157,16
"GSE20685","MammaPrint",24,780,0.6333,8
"GSE20685","MammaPrint",24,781,0.6306,14
"GSE20685","MammaPrint",24,782,0.6539,12
"GSE20685","MammaPrint",24,783,0.6232,9
"GSE20685","MammaPrint",24,784,0.6328,12
"GSE20685","MammaPrint",24,785,0.6141,10
"GSE20685","MammaPrint",24,786,0.6211,9
"GSE20685","MammaPrint",24,787,0.6385,10
"GSE20685","MammaPrint",24,788,0.6197,10
"GSE20685","MammaPrint",24,789,0.6036,14
"GSE20685","MammaPrint",24,790,0.6302,13
"GSE20685","MammaPrint",24,791,0.6108,11
"GSE20685","MammaPrint",24,792,0.6156,17
"GSE20685","MammaPrint",24,793,0.6249,8
"GSE20685","MammaPrint",24,794,0.6163,11
"GSE20685","MammaPrint",24,795,0.6044,21
"GSE20685","MammaPrint",24,796,0.6305,14
"GSE20685","MammaPrint",24,797,0.6221,9
"GSE20685","MammaPrint",24,798,0.6446,12
"GSE20685","MammaPrint",24,799,0.6255,12
"GSE20685","MammaPrint",24,800,0.645,9
"GSE20685","MammaPrint",24,801,0.6472,10
"GSE20685","MammaPrint",24,802,0.6305,11
"GSE20685","MammaPrint",24,803,0.6248,11
"GSE20685","MammaPrint",24,804,0.6124,12
"GSE20685","MammaPrint",24,805,0.6288,14
"GSE20685","MammaPrint",24,806,0.6157,10
"GSE20685","MammaPrint",24,807,0.63,14
"GSE20685","MammaPrint",24,808,0.6128,11
"GSE20685","MammaPrint",24,809,0.6299,11
"GSE20685","MammaPrint",24,810,0.6301,9
"GSE20685","MammaPrint",24,811,0.6313,11
"GSE20685","MammaPrint",24,812,0.6398,16
"GSE20685","MammaPrint",24,813,0.6329,10
"GSE20685","MammaPrint",24,814,0.6256,16
"GSE20685","MammaPrint",24,815,0.6285,9
"GSE20685","MammaPrint",24,816,0.639,15
"GSE20685","MammaPrint",24,817,0.6125,10
"GSE20685","MammaPrint",24,818,0.6272,12
"GSE20685","MammaPrint",24,819,0.6187,15
"GSE20685","MammaPrint",24,820,0.6294,12
"GSE20685","MammaPrint",24,821,0.6276,15
"GSE20685","MammaPrint",24,822,0.6366,14
"GSE20685","MammaPrint",24,823,0.6433,16
"GSE20685","MammaPrint",24,824,0.6491,9
"GSE20685","MammaPrint",24,825,0.6272,9
"GSE20685","MammaPrint",24,826,0.635,10
"GSE20685","MammaPrint",24,827,0.6395,10
"GSE20685","MammaPrint",24,828,0.63,13
"GSE20685","MammaPrint",24,829,0.641,15
"GSE20685","MammaPrint",24,830,0.6097,15
"GSE20685","MammaPrint",24,831,0.6271,11
"GSE20685","MammaPrint",24,832,0.635,11
"GSE20685","MammaPrint",24,833,0.6529,11
"GSE20685","MammaPrint",24,834,0.6258,11
"GSE20685","MammaPrint",24,835,0.632,13
"GSE20685","MammaPrint",24,836,0.6275,16
"GSE20685","MammaPrint",24,837,0.6428,13
"GSE20685","MammaPrint",24,838,0.6218,12
"GSE20685","MammaPrint",24,839,0.6145,13
"GSE20685","MammaPrint",24,840,0.6301,11
"GSE20685","MammaPrint",24,841,0.6368,10
"GSE20685","MammaPrint",24,842,0.6403,18
"GSE20685","MammaPrint",24,843,0.6273,7
"GSE20685","MammaPrint",24,844,0.6261,9
"GSE20685","MammaPrint",24,845,0.6411,10
"GSE20685","MammaPrint",24,846,0.6178,13
"GSE20685","MammaPrint",24,847,0.6285,10
"GSE20685","MammaPrint",24,848,0.6359,10
"GSE20685","MammaPrint",24,849,0.6389,16
"GSE20685","MammaPrint",24,850,0.62,11
"GSE20685","MammaPrint",24,851,0.6211,11
"GSE20685","MammaPrint",24,852,0.6467,11
"GSE20685","MammaPrint",24,853,0.6292,16
"GSE20685","MammaPrint",24,854,0.6306,10
"GSE20685","MammaPrint",24,855,0.6299,12
"GSE20685","MammaPrint",24,856,0.624,9
"GSE20685","MammaPrint",24,857,0.6493,11
"GSE20685","MammaPrint",24,858,0.6182,15
"GSE20685","MammaPrint",24,859,0.6119,9
"GSE20685","MammaPrint",24,860,0.6431,7
"GSE20685","MammaPrint",24,861,0.6448,14
"GSE20685","MammaPrint",24,862,0.6236,10
"GSE20685","MammaPrint",24,863,0.6395,10
"GSE20685","MammaPrint",24,864,0.6256,10
"GSE20685","MammaPrint",24,865,0.6301,11
"GSE20685","MammaPrint",24,866,0.6338,11
"GSE20685","MammaPrint",24,867,0.6323,8
"GSE20685","MammaPrint",24,868,0.6203,9
"GSE20685","MammaPrint",24,869,0.6235,12
"GSE20685","MammaPrint",24,870,0.6129,11
"GSE20685","MammaPrint",24,871,0.6446,8
"GSE20685","MammaPrint",24,872,0.6366,10
"GSE20685","MammaPrint",24,873,0.6356,9
"GSE20685","MammaPrint",24,874,0.6326,7
"GSE20685","MammaPrint",24,875,0.6398,12
"GSE20685","MammaPrint",24,876,0.6259,11
"GSE20685","MammaPrint",24,877,0.6326,10
"GSE20685","MammaPrint",24,878,0.6311,8
"GSE20685","MammaPrint",24,879,0.6399,11
"GSE20685","MammaPrint",24,880,0.6234,12
"GSE20685","MammaPrint",24,881,0.6481,10
"GSE20685","MammaPrint",24,882,0.6403,12
"GSE20685","MammaPrint",24,883,0.6413,12
"GSE20685","MammaPrint",24,884,0.6387,10
"GSE20685","MammaPrint",24,885,0.6434,10
"GSE20685","MammaPrint",24,886,0.6256,9
"GSE20685","MammaPrint",24,887,0.6173,10
"GSE20685","MammaPrint",24,888,0.6276,14
"GSE20685","MammaPrint",24,889,0.6165,13
"GSE20685","MammaPrint",24,890,0.6197,14
"GSE20685","MammaPrint",24,891,0.6379,8
"GSE20685","MammaPrint",24,892,0.6621,11
"GSE20685","MammaPrint",24,893,0.6342,8
"GSE20685","MammaPrint",24,894,0.64,13
"GSE20685","MammaPrint",24,895,0.6126,12
"GSE20685","MammaPrint",24,896,0.6314,13
"GSE20685","MammaPrint",24,897,0.6351,12
"GSE20685","MammaPrint",24,898,0.6084,15
"GSE20685","MammaPrint",24,899,0.602,17
"GSE20685","MammaPrint",24,900,0.6302,11
"GSE20685","MammaPrint",24,901,0.6207,15
"GSE20685","MammaPrint",24,902,0.6274,9
"GSE20685","MammaPrint",24,903,0.6233,14
"GSE20685","MammaPrint",24,904,0.6192,9
"GSE20685","MammaPrint",24,905,0.6446,10
"GSE20685","MammaPrint",24,906,0.6123,19
"GSE20685","MammaPrint",24,907,0.6262,14
"GSE20685","MammaPrint",24,908,0.6194,15
"GSE20685","MammaPrint",24,909,0.6375,13
"GSE20685","MammaPrint",24,910,0.6406,8
"GSE20685","MammaPrint",24,911,0.6269,17
"GSE20685","MammaPrint",24,912,0.6092,10
"GSE20685","MammaPrint",24,913,0.6188,11
"GSE20685","MammaPrint",24,914,0.6341,10
"GSE20685","MammaPrint",24,915,0.6255,9
"GSE20685","MammaPrint",24,916,0.6196,12
"GSE20685","MammaPrint",24,917,0.6385,13
"GSE20685","MammaPrint",24,918,0.6197,10
"GSE20685","MammaPrint",24,919,0.6264,12
"GSE20685","MammaPrint",24,920,0.6164,13
"GSE20685","MammaPrint",24,921,0.6265,14
"GSE20685","MammaPrint",24,922,0.6353,11
"GSE20685","MammaPrint",24,923,0.626,9
"GSE20685","MammaPrint",24,924,0.6293,13
"GSE20685","MammaPrint",24,925,0.609,14
"GSE20685","MammaPrint",24,926,0.6122,10
"GSE20685","MammaPrint",24,927,0.6465,11
"GSE20685","MammaPrint",24,928,0.642,12
"GSE20685","MammaPrint",24,929,0.5994,16
"GSE20685","MammaPrint",24,930,0.6306,10
"GSE20685","MammaPrint",24,931,0.64,10
"GSE20685","MammaPrint",24,932,0.6258,10
"GSE20685","MammaPrint",24,933,0.6315,9
"GSE20685","MammaPrint",24,934,0.6446,13
"GSE20685","MammaPrint",24,935,0.612,10
"GSE20685","MammaPrint",24,936,0.6408,8
"GSE20685","MammaPrint",24,937,0.6108,10
"GSE20685","MammaPrint",24,938,0.6265,9
"GSE20685","MammaPrint",24,939,0.6312,10
"GSE20685","MammaPrint",24,940,0.6407,9
"GSE20685","MammaPrint",24,941,0.6294,7
"GSE20685","MammaPrint",24,942,0.6126,13
"GSE20685","MammaPrint",24,943,0.6313,12
"GSE20685","MammaPrint",24,944,0.6313,13
"GSE20685","MammaPrint",24,945,0.6141,16
"GSE20685","MammaPrint",24,946,0.6284,9
"GSE20685","MammaPrint",24,947,0.6259,11
"GSE20685","MammaPrint",24,948,0.6397,13
"GSE20685","MammaPrint",24,949,0.6356,12
"GSE20685","MammaPrint",24,950,0.6153,13
"GSE20685","MammaPrint",24,951,0.6372,11
"GSE20685","MammaPrint",24,952,0.6322,8
"GSE20685","MammaPrint",24,953,0.6342,12
"GSE20685","MammaPrint",24,954,0.6234,8
"GSE20685","MammaPrint",24,955,0.6109,13
"GSE20685","MammaPrint",24,956,0.627,11
"GSE20685","MammaPrint",24,957,0.6318,11
"GSE20685","MammaPrint",24,958,0.6317,13
"GSE20685","MammaPrint",24,959,0.6259,11
"GSE20685","MammaPrint",24,960,0.6411,11
"GSE20685","MammaPrint",24,961,0.6263,9
"GSE20685","MammaPrint",24,962,0.6336,12
"GSE20685","MammaPrint",24,963,0.62,16
"GSE20685","MammaPrint",24,964,0.6185,12
"GSE20685","MammaPrint",24,965,0.6289,9
"GSE20685","MammaPrint",24,966,0.6156,14
"GSE20685","MammaPrint",24,967,0.6414,9
"GSE20685","MammaPrint",24,968,0.6102,15
"GSE20685","MammaPrint",24,969,0.6292,8
"GSE20685","MammaPrint",24,970,0.6156,17
"GSE20685","MammaPrint",24,971,0.6214,12
"GSE20685","MammaPrint",24,972,0.6045,16
"GSE20685","MammaPrint",24,973,0.6247,13
"GSE20685","MammaPrint",24,974,0.6262,12
"GSE20685","MammaPrint",24,975,0.6323,18
"GSE20685","MammaPrint",24,976,0.6294,12
"GSE20685","MammaPrint",24,977,0.6143,11
"GSE20685","MammaPrint",24,978,0.6383,11
"GSE20685","MammaPrint",24,979,0.6025,18
"GSE20685","MammaPrint",24,980,0.6485,11
"GSE20685","MammaPrint",24,981,0.6262,14
"GSE20685","MammaPrint",24,982,0.6154,12
"GSE20685","MammaPrint",24,983,0.6273,11
"GSE20685","MammaPrint",24,984,0.6172,15
"GSE20685","MammaPrint",24,985,0.6198,10
"GSE20685","MammaPrint",24,986,0.6577,8
"GSE20685","MammaPrint",24,987,0.6184,13
"GSE20685","MammaPrint",24,988,0.6474,9
"GSE20685","MammaPrint",24,989,0.6197,13
"GSE20685","MammaPrint",24,990,0.6326,9
"GSE20685","MammaPrint",24,991,0.647,11
"GSE20685","MammaPrint",24,992,0.6237,10
"GSE20685","MammaPrint",24,993,0.6354,11
"GSE20685","MammaPrint",24,994,0.6114,12
"GSE20685","MammaPrint",24,995,0.6134,15
"GSE20685","MammaPrint",24,996,0.6355,14
"GSE20685","MammaPrint",24,997,0.6329,11
"GSE20685","MammaPrint",24,998,0.6279,9
"GSE20685","MammaPrint",24,999,0.6293,13
"GSE20685","MammaPrint",24,1000,0.6254,14
"GSE20685","MammaPrint",15,1,0.6367,6
"GSE20685","MammaPrint",15,2,0.604,9
"GSE20685","MammaPrint",15,3,0.6279,8
"GSE20685","MammaPrint",15,4,0.6142,5
"GSE20685","MammaPrint",15,5,0.6106,6
"GSE20685","MammaPrint",15,6,0.6048,8
"GSE20685","MammaPrint",15,7,0.6091,11
"GSE20685","MammaPrint",15,8,0.6558,5
"GSE20685","MammaPrint",15,9,0.6384,3
"GSE20685","MammaPrint",15,10,0.6378,7
"GSE20685","MammaPrint",15,11,0.6121,6
"GSE20685","MammaPrint",15,12,0.6258,5
"GSE20685","MammaPrint",15,13,0.6152,10
"GSE20685","MammaPrint",15,14,0.6329,6
"GSE20685","MammaPrint",15,15,0.6232,7
"GSE20685","MammaPrint",15,16,0.6007,7
"GSE20685","MammaPrint",15,17,0.6252,9
"GSE20685","MammaPrint",15,18,0.6234,9
"GSE20685","MammaPrint",15,19,0.6119,11
"GSE20685","MammaPrint",15,20,0.6165,7
"GSE20685","MammaPrint",15,21,0.5974,12
"GSE20685","MammaPrint",15,22,0.6302,7
"GSE20685","MammaPrint",15,23,0.6222,7
"GSE20685","MammaPrint",15,24,0.6093,8
"GSE20685","MammaPrint",15,25,0.6206,6
"GSE20685","MammaPrint",15,26,0.607,6
"GSE20685","MammaPrint",15,27,0.611,9
"GSE20685","MammaPrint",15,28,0.6416,4
"GSE20685","MammaPrint",15,29,0.6242,6
"GSE20685","MammaPrint",15,30,0.5863,3
"GSE20685","MammaPrint",15,31,0.6151,9
"GSE20685","MammaPrint",15,32,0.6134,8
"GSE20685","MammaPrint",15,33,0.585,12
"GSE20685","MammaPrint",15,34,0.6363,7
"GSE20685","MammaPrint",15,35,0.6319,9
"GSE20685","MammaPrint",15,36,0.6296,5
"GSE20685","MammaPrint",15,37,0.6402,8
"GSE20685","MammaPrint",15,38,0.61,5
"GSE20685","MammaPrint",15,39,0.6311,7
"GSE20685","MammaPrint",15,40,0.6182,7
"GSE20685","MammaPrint",15,41,0.6122,12
"GSE20685","MammaPrint",15,42,0.604,7
"GSE20685","MammaPrint",15,43,0.6086,12
"GSE20685","MammaPrint",15,44,0.6145,7
"GSE20685","MammaPrint",15,45,0.6142,7
"GSE20685","MammaPrint",15,46,0.5906,10
"GSE20685","MammaPrint",15,47,0.6188,8
"GSE20685","MammaPrint",15,48,0.6171,11
"GSE20685","MammaPrint",15,49,0.6329,8
"GSE20685","MammaPrint",15,50,0.6234,7
"GSE20685","MammaPrint",15,51,0.6036,6
"GSE20685","MammaPrint",15,52,0.6345,7
"GSE20685","MammaPrint",15,53,0.615,10
"GSE20685","MammaPrint",15,54,0.5968,5
"GSE20685","MammaPrint",15,55,0.6262,7
"GSE20685","MammaPrint",15,56,0.6121,5
"GSE20685","MammaPrint",15,57,0.5905,10
"GSE20685","MammaPrint",15,58,0.6155,9
"GSE20685","MammaPrint",15,59,0.6046,6
"GSE20685","MammaPrint",15,60,0.6333,6
"GSE20685","MammaPrint",15,61,0.6034,10
"GSE20685","MammaPrint",15,62,0.6245,6
"GSE20685","MammaPrint",15,63,0.6084,7
"GSE20685","MammaPrint",15,64,0.6262,6
"GSE20685","MammaPrint",15,65,0.6119,8
"GSE20685","MammaPrint",15,66,0.6408,6
"GSE20685","MammaPrint",15,67,0.6035,6
"GSE20685","MammaPrint",15,68,0.6061,5
"GSE20685","MammaPrint",15,69,0.6371,7
"GSE20685","MammaPrint",15,70,0.6402,6
"GSE20685","MammaPrint",15,71,0.6448,6
"GSE20685","MammaPrint",15,72,0.5976,12
"GSE20685","MammaPrint",15,73,0.6109,6
"GSE20685","MammaPrint",15,74,0.6245,8
"GSE20685","MammaPrint",15,75,0.5987,7
"GSE20685","MammaPrint",15,76,0.615,8
"GSE20685","MammaPrint",15,77,0.6086,7
"GSE20685","MammaPrint",15,78,0.6176,10
"GSE20685","MammaPrint",15,79,0.6237,11
"GSE20685","MammaPrint",15,80,0.6198,7
"GSE20685","MammaPrint",15,81,0.6312,8
"GSE20685","MammaPrint",15,82,0.6163,8
"GSE20685","MammaPrint",15,83,0.5892,12
"GSE20685","MammaPrint",15,84,0.6295,7
"GSE20685","MammaPrint",15,85,0.596,9
"GSE20685","MammaPrint",15,86,0.6095,4
"GSE20685","MammaPrint",15,87,0.6174,5
"GSE20685","MammaPrint",15,88,0.5998,8
"GSE20685","MammaPrint",15,89,0.6346,5
"GSE20685","MammaPrint",15,90,0.6207,4
"GSE20685","MammaPrint",15,91,0.6247,9
"GSE20685","MammaPrint",15,92,0.6043,10
"GSE20685","MammaPrint",15,93,0.6067,6
"GSE20685","MammaPrint",15,94,0.5977,6
"GSE20685","MammaPrint",15,95,0.605,12
"GSE20685","MammaPrint",15,96,0.6351,6
"GSE20685","MammaPrint",15,97,0.6124,6
"GSE20685","MammaPrint",15,98,0.607,9
"GSE20685","MammaPrint",15,99,0.5752,6
"GSE20685","MammaPrint",15,100,0.6011,11
"GSE20685","MammaPrint",15,101,0.6233,9
"GSE20685","MammaPrint",15,102,0.5891,12
"GSE20685","MammaPrint",15,103,0.6103,10
"GSE20685","MammaPrint",15,104,0.6232,8
"GSE20685","MammaPrint",15,105,0.6339,7
"GSE20685","MammaPrint",15,106,0.6269,11
"GSE20685","MammaPrint",15,107,0.6018,11
"GSE20685","MammaPrint",15,108,0.5647,12
"GSE20685","MammaPrint",15,109,0.6236,4
"GSE20685","MammaPrint",15,110,0.6262,7
"GSE20685","MammaPrint",15,111,0.6192,9
"GSE20685","MammaPrint",15,112,0.636,9
"GSE20685","MammaPrint",15,113,0.6139,7
"GSE20685","MammaPrint",15,114,0.647,5
"GSE20685","MammaPrint",15,115,0.6193,7
"GSE20685","MammaPrint",15,116,0.603,5
"GSE20685","MammaPrint",15,117,0.5902,12
"GSE20685","MammaPrint",15,118,0.5971,9
"GSE20685","MammaPrint",15,119,0.6253,4
"GSE20685","MammaPrint",15,120,0.6112,9
"GSE20685","MammaPrint",15,121,0.6264,8
"GSE20685","MammaPrint",15,122,0.6173,5
"GSE20685","MammaPrint",15,123,0.6298,11
"GSE20685","MammaPrint",15,124,0.6319,7
"GSE20685","MammaPrint",15,125,0.5895,12
"GSE20685","MammaPrint",15,126,0.6396,5
"GSE20685","MammaPrint",15,127,0.6493,6
"GSE20685","MammaPrint",15,128,0.6272,9
"GSE20685","MammaPrint",15,129,0.6081,6
"GSE20685","MammaPrint",15,130,0.6072,3
"GSE20685","MammaPrint",15,131,0.6269,6
"GSE20685","MammaPrint",15,132,0.6262,8
"GSE20685","MammaPrint",15,133,0.6294,9
"GSE20685","MammaPrint",15,134,0.5984,9
"GSE20685","MammaPrint",15,135,0.6073,5
"GSE20685","MammaPrint",15,136,0.6206,6
"GSE20685","MammaPrint",15,137,0.5991,10
"GSE20685","MammaPrint",15,138,0.6384,10
"GSE20685","MammaPrint",15,139,0.6191,7
"GSE20685","MammaPrint",15,140,0.6261,11
"GSE20685","MammaPrint",15,141,0.6167,11
"GSE20685","MammaPrint",15,142,0.6158,8
"GSE20685","MammaPrint",15,143,0.5976,8
"GSE20685","MammaPrint",15,144,0.622,9
"GSE20685","MammaPrint",15,145,0.6079,8
"GSE20685","MammaPrint",15,146,0.6403,7
"GSE20685","MammaPrint",15,147,0.6244,9
"GSE20685","MammaPrint",15,148,0.5923,6
"GSE20685","MammaPrint",15,149,0.636,8
"GSE20685","MammaPrint",15,150,0.6098,7
"GSE20685","MammaPrint",15,151,0.616,4
"GSE20685","MammaPrint",15,152,0.626,6
"GSE20685","MammaPrint",15,153,0.6228,6
"GSE20685","MammaPrint",15,154,0.6121,5
"GSE20685","MammaPrint",15,155,0.5942,12
"GSE20685","MammaPrint",15,156,0.6392,7
"GSE20685","MammaPrint",15,157,0.6263,7
"GSE20685","MammaPrint",15,158,0.6219,9
"GSE20685","MammaPrint",15,159,0.6163,8
"GSE20685","MammaPrint",15,160,0.612,9
"GSE20685","MammaPrint",15,161,0.62,5
"GSE20685","MammaPrint",15,162,0.635,6
"GSE20685","MammaPrint",15,163,0.6284,4
"GSE20685","MammaPrint",15,164,0.5854,11
"GSE20685","MammaPrint",15,165,0.6225,8
"GSE20685","MammaPrint",15,166,0.6022,12
"GSE20685","MammaPrint",15,167,0.5973,8
"GSE20685","MammaPrint",15,168,0.6101,5
"GSE20685","MammaPrint",15,169,0.5797,8
"GSE20685","MammaPrint",15,170,0.5932,7
"GSE20685","MammaPrint",15,171,0.6109,9
"GSE20685","MammaPrint",15,172,0.6104,7
"GSE20685","MammaPrint",15,173,0.6376,9
"GSE20685","MammaPrint",15,174,0.6072,4
"GSE20685","MammaPrint",15,175,0.617,5
"GSE20685","MammaPrint",15,176,0.6302,3
"GSE20685","MammaPrint",15,177,0.6607,5
"GSE20685","MammaPrint",15,178,0.6228,7
"GSE20685","MammaPrint",15,179,0.6074,3
"GSE20685","MammaPrint",15,180,0.6226,5
"GSE20685","MammaPrint",15,181,0.6161,12
"GSE20685","MammaPrint",15,182,0.5831,5
"GSE20685","MammaPrint",15,183,0.6027,8
"GSE20685","MammaPrint",15,184,0.6457,6
"GSE20685","MammaPrint",15,185,0.6408,7
"GSE20685","MammaPrint",15,186,0.6046,5
"GSE20685","MammaPrint",15,187,0.6157,10
"GSE20685","MammaPrint",15,188,0.6153,10
"GSE20685","MammaPrint",15,189,0.6065,8
"GSE20685","MammaPrint",15,190,0.6056,6
"GSE20685","MammaPrint",15,191,0.6098,10
"GSE20685","MammaPrint",15,192,0.6166,8
"GSE20685","MammaPrint",15,193,0.6254,7
"GSE20685","MammaPrint",15,194,0.649,5
"GSE20685","MammaPrint",15,195,0.6305,7
"GSE20685","MammaPrint",15,196,0.6259,8
"GSE20685","MammaPrint",15,197,0.6531,5
"GSE20685","MammaPrint",15,198,0.5918,8
"GSE20685","MammaPrint",15,199,0.6231,9
"GSE20685","MammaPrint",15,200,0.6529,5
"GSE20685","MammaPrint",15,201,0.6167,8
"GSE20685","MammaPrint",15,202,0.5972,7
"GSE20685","MammaPrint",15,203,0.5959,4
"GSE20685","MammaPrint",15,204,0.6093,12
"GSE20685","MammaPrint",15,205,0.6234,5
"GSE20685","MammaPrint",15,206,0.6308,8
"GSE20685","MammaPrint",15,207,0.6254,10
"GSE20685","MammaPrint",15,208,0.6193,7
"GSE20685","MammaPrint",15,209,0.6155,9
"GSE20685","MammaPrint",15,210,0.644,7
"GSE20685","MammaPrint",15,211,0.5836,8
"GSE20685","MammaPrint",15,212,0.6177,12
"GSE20685","MammaPrint",15,213,0.6233,7
"GSE20685","MammaPrint",15,214,0.6119,8
"GSE20685","MammaPrint",15,215,0.5942,4
"GSE20685","MammaPrint",15,216,0.6346,4
"GSE20685","MammaPrint",15,217,0.6146,12
"GSE20685","MammaPrint",15,218,0.6224,6
"GSE20685","MammaPrint",15,219,0.6268,6
"GSE20685","MammaPrint",15,220,0.6153,5
"GSE20685","MammaPrint",15,221,0.6148,6
"GSE20685","MammaPrint",15,222,0.6142,8
"GSE20685","MammaPrint",15,223,0.6085,12
"GSE20685","MammaPrint",15,224,0.6075,8
"GSE20685","MammaPrint",15,225,0.6176,6
"GSE20685","MammaPrint",15,226,0.5806,3
"GSE20685","MammaPrint",15,227,0.6148,6
"GSE20685","MammaPrint",15,228,0.6322,7
"GSE20685","MammaPrint",15,229,0.6288,8
"GSE20685","MammaPrint",15,230,0.6237,11
"GSE20685","MammaPrint",15,231,0.621,5
"GSE20685","MammaPrint",15,232,0.6281,9
"GSE20685","MammaPrint",15,233,0.5987,7
"GSE20685","MammaPrint",15,234,0.6118,8
"GSE20685","MammaPrint",15,235,0.6341,6
"GSE20685","MammaPrint",15,236,0.621,8
"GSE20685","MammaPrint",15,237,0.6365,9
"GSE20685","MammaPrint",15,238,0.6225,10
"GSE20685","MammaPrint",15,239,0.6271,4
"GSE20685","MammaPrint",15,240,0.6191,9
"GSE20685","MammaPrint",15,241,0.588,12
"GSE20685","MammaPrint",15,242,0.6268,10
"GSE20685","MammaPrint",15,243,0.6223,8
"GSE20685","MammaPrint",15,244,0.6344,4
"GSE20685","MammaPrint",15,245,0.6252,8
"GSE20685","MammaPrint",15,246,0.5895,8
"GSE20685","MammaPrint",15,247,0.6172,6
"GSE20685","MammaPrint",15,248,0.6383,6
"GSE20685","MammaPrint",15,249,0.6082,11
"GSE20685","MammaPrint",15,250,0.6056,4
"GSE20685","MammaPrint",15,251,0.6255,5
"GSE20685","MammaPrint",15,252,0.6186,5
"GSE20685","MammaPrint",15,253,0.5937,11
"GSE20685","MammaPrint",15,254,0.6238,5
"GSE20685","MammaPrint",15,255,0.5944,7
"GSE20685","MammaPrint",15,256,0.6283,5
"GSE20685","MammaPrint",15,257,0.6242,8
"GSE20685","MammaPrint",15,258,0.6126,9
"GSE20685","MammaPrint",15,259,0.6187,8
"GSE20685","MammaPrint",15,260,0.6105,10
"GSE20685","MammaPrint",15,261,0.6251,12
"GSE20685","MammaPrint",15,262,0.6071,8
"GSE20685","MammaPrint",15,263,0.641,6
"GSE20685","MammaPrint",15,264,0.6063,12
"GSE20685","MammaPrint",15,265,0.6041,12
"GSE20685","MammaPrint",15,266,0.6132,11
"GSE20685","MammaPrint",15,267,0.6021,10
"GSE20685","MammaPrint",15,268,0.621,6
"GSE20685","MammaPrint",15,269,0.6307,10
"GSE20685","MammaPrint",15,270,0.6074,11
"GSE20685","MammaPrint",15,271,0.6392,6
"GSE20685","MammaPrint",15,272,0.595,5
"GSE20685","MammaPrint",15,273,0.6041,12
"GSE20685","MammaPrint",15,274,0.6204,7
"GSE20685","MammaPrint",15,275,0.5982,12
"GSE20685","MammaPrint",15,276,0.6461,8
"GSE20685","MammaPrint",15,277,0.6118,6
"GSE20685","MammaPrint",15,278,0.6462,10
"GSE20685","MammaPrint",15,279,0.6191,4
"GSE20685","MammaPrint",15,280,0.6191,11
"GSE20685","MammaPrint",15,281,0.6346,4
"GSE20685","MammaPrint",15,282,0.6335,5
"GSE20685","MammaPrint",15,283,0.6206,8
"GSE20685","MammaPrint",15,284,0.5995,6
"GSE20685","MammaPrint",15,285,0.6516,7
"GSE20685","MammaPrint",15,286,0.6598,6
"GSE20685","MammaPrint",15,287,0.5962,6
"GSE20685","MammaPrint",15,288,0.6311,8
"GSE20685","MammaPrint",15,289,0.6282,8
"GSE20685","MammaPrint",15,290,0.6039,8
"GSE20685","MammaPrint",15,291,0.5915,7
"GSE20685","MammaPrint",15,292,0.6261,8
"GSE20685","MammaPrint",15,293,0.6259,7
"GSE20685","MammaPrint",15,294,0.6263,6
"GSE20685","MammaPrint",15,295,0.6004,4
"GSE20685","MammaPrint",15,296,0.5922,12
"GSE20685","MammaPrint",15,297,0.6425,7
"GSE20685","MammaPrint",15,298,0.6065,9
"GSE20685","MammaPrint",15,299,0.6352,6
"GSE20685","MammaPrint",15,300,0.6189,4
"GSE20685","MammaPrint",15,301,0.5712,12
"GSE20685","MammaPrint",15,302,0.6037,12
"GSE20685","MammaPrint",15,303,0.6108,9
"GSE20685","MammaPrint",15,304,0.6243,5
"GSE20685","MammaPrint",15,305,0.6342,6
"GSE20685","MammaPrint",15,306,0.6187,10
"GSE20685","MammaPrint",15,307,0.6163,8
"GSE20685","MammaPrint",15,308,0.6208,6
"GSE20685","MammaPrint",15,309,0.6391,7
"GSE20685","MammaPrint",15,310,0.5936,9
"GSE20685","MammaPrint",15,311,0.6365,7
"GSE20685","MammaPrint",15,312,0.6261,6
"GSE20685","MammaPrint",15,313,0.6196,11
"GSE20685","MammaPrint",15,314,0.6013,8
"GSE20685","MammaPrint",15,315,0.591,12
"GSE20685","MammaPrint",15,316,0.6236,5
"GSE20685","MammaPrint",15,317,0.6322,9
"GSE20685","MammaPrint",15,318,0.6284,4
"GSE20685","MammaPrint",15,319,0.6337,7
"GSE20685","MammaPrint",15,320,0.5909,4
"GSE20685","MammaPrint",15,321,0.6304,5
"GSE20685","MammaPrint",15,322,0.6383,7
"GSE20685","MammaPrint",15,323,0.6195,10
"GSE20685","MammaPrint",15,324,0.6118,7
"GSE20685","MammaPrint",15,325,0.6188,10
"GSE20685","MammaPrint",15,326,0.6148,9
"GSE20685","MammaPrint",15,327,0.6086,10
"GSE20685","MammaPrint",15,328,0.6173,12
"GSE20685","MammaPrint",15,329,0.6227,7
"GSE20685","MammaPrint",15,330,0.5953,12
"GSE20685","MammaPrint",15,331,0.6437,4
"GSE20685","MammaPrint",15,332,0.6319,6
"GSE20685","MammaPrint",15,333,0.6162,12
"GSE20685","MammaPrint",15,334,0.5725,12
"GSE20685","MammaPrint",15,335,0.5973,12
"GSE20685","MammaPrint",15,336,0.6206,8
"GSE20685","MammaPrint",15,337,0.6,12
"GSE20685","MammaPrint",15,338,0.6062,11
"GSE20685","MammaPrint",15,339,0.6488,7
"GSE20685","MammaPrint",15,340,0.5985,12
"GSE20685","MammaPrint",15,341,0.5931,12
"GSE20685","MammaPrint",15,342,0.6206,5
"GSE20685","MammaPrint",15,343,0.6437,7
"GSE20685","MammaPrint",15,344,0.638,5
"GSE20685","MammaPrint",15,345,0.6303,8
"GSE20685","MammaPrint",15,346,0.603,6
"GSE20685","MammaPrint",15,347,0.5917,7
"GSE20685","MammaPrint",15,348,0.6313,5
"GSE20685","MammaPrint",15,349,0.6281,8
"GSE20685","MammaPrint",15,350,0.6082,10
"GSE20685","MammaPrint",15,351,0.6154,3
"GSE20685","MammaPrint",15,352,0.6177,6
"GSE20685","MammaPrint",15,353,0.6292,10
"GSE20685","MammaPrint",15,354,0.6202,4
"GSE20685","MammaPrint",15,355,0.613,5
"GSE20685","MammaPrint",15,356,0.6191,4
"GSE20685","MammaPrint",15,357,0.6149,9
"GSE20685","MammaPrint",15,358,0.6096,5
"GSE20685","MammaPrint",15,359,0.6058,10
"GSE20685","MammaPrint",15,360,0.638,5
"GSE20685","MammaPrint",15,361,0.6215,6
"GSE20685","MammaPrint",15,362,0.623,6
"GSE20685","MammaPrint",15,363,0.5863,12
"GSE20685","MammaPrint",15,364,0.609,7
"GSE20685","MammaPrint",15,365,0.6136,6
"GSE20685","MammaPrint",15,366,0.6203,7
"GSE20685","MammaPrint",15,367,0.6296,6
"GSE20685","MammaPrint",15,368,0.635,7
"GSE20685","MammaPrint",15,369,0.6003,12
"GSE20685","MammaPrint",15,370,0.6047,11
"GSE20685","MammaPrint",15,371,0.6339,11
"GSE20685","MammaPrint",15,372,0.6376,7
"GSE20685","MammaPrint",15,373,0.6176,6
"GSE20685","MammaPrint",15,374,0.6167,11
"GSE20685","MammaPrint",15,375,0.5982,10
"GSE20685","MammaPrint",15,376,0.6277,5
"GSE20685","MammaPrint",15,377,0.6232,8
"GSE20685","MammaPrint",15,378,0.5943,11
"GSE20685","MammaPrint",15,379,0.6114,5
"GSE20685","MammaPrint",15,380,0.623,6
"GSE20685","MammaPrint",15,381,0.6191,8
"GSE20685","MammaPrint",15,382,0.6233,6
"GSE20685","MammaPrint",15,383,0.6337,6
"GSE20685","MammaPrint",15,384,0.6102,5
"GSE20685","MammaPrint",15,385,0.6151,9
"GSE20685","MammaPrint",15,386,0.6227,5
"GSE20685","MammaPrint",15,387,0.6044,6
"GSE20685","MammaPrint",15,388,0.5837,11
"GSE20685","MammaPrint",15,389,0.6232,5
"GSE20685","MammaPrint",15,390,0.5718,12
"GSE20685","MammaPrint",15,391,0.6294,8
"GSE20685","MammaPrint",15,392,0.6171,9
"GSE20685","MammaPrint",15,393,0.5949,9
"GSE20685","MammaPrint",15,394,0.6308,3
"GSE20685","MammaPrint",15,395,0.5985,6
"GSE20685","MammaPrint",15,396,0.6248,5
"GSE20685","MammaPrint",15,397,0.5886,12
"GSE20685","MammaPrint",15,398,0.6187,5
"GSE20685","MammaPrint",15,399,0.6197,7
"GSE20685","MammaPrint",15,400,0.6161,12
"GSE20685","MammaPrint",15,401,0.6116,9
"GSE20685","MammaPrint",15,402,0.6326,5
"GSE20685","MammaPrint",15,403,0.6299,6
"GSE20685","MammaPrint",15,404,0.6516,10
"GSE20685","MammaPrint",15,405,0.6306,8
"GSE20685","MammaPrint",15,406,0.643,7
"GSE20685","MammaPrint",15,407,0.575,12
"GSE20685","MammaPrint",15,408,0.6117,11
"GSE20685","MammaPrint",15,409,0.6131,4
"GSE20685","MammaPrint",15,410,0.5967,12
"GSE20685","MammaPrint",15,411,0.6368,5
"GSE20685","MammaPrint",15,412,0.6222,5
"GSE20685","MammaPrint",15,413,0.5897,5
"GSE20685","MammaPrint",15,414,0.6596,7
"GSE20685","MammaPrint",15,415,0.6201,6
"GSE20685","MammaPrint",15,416,0.6397,3
"GSE20685","MammaPrint",15,417,0.6099,6
"GSE20685","MammaPrint",15,418,0.6161,6
"GSE20685","MammaPrint",15,419,0.6153,4
"GSE20685","MammaPrint",15,420,0.6214,4
"GSE20685","MammaPrint",15,421,0.5976,12
"GSE20685","MammaPrint",15,422,0.5943,9
"GSE20685","MammaPrint",15,423,0.5864,2
"GSE20685","MammaPrint",15,424,0.6498,9
"GSE20685","MammaPrint",15,425,0.6123,7
"GSE20685","MammaPrint",15,426,0.6387,4
"GSE20685","MammaPrint",15,427,0.6159,9
"GSE20685","MammaPrint",15,428,0.6127,11
"GSE20685","MammaPrint",15,429,0.6364,4
"GSE20685","MammaPrint",15,430,0.6353,10
"GSE20685","MammaPrint",15,431,0.5965,6
"GSE20685","MammaPrint",15,432,0.6368,10
"GSE20685","MammaPrint",15,433,0.5968,8
"GSE20685","MammaPrint",15,434,0.6191,9
"GSE20685","MammaPrint",15,435,0.6067,8
"GSE20685","MammaPrint",15,436,0.6248,5
"GSE20685","MammaPrint",15,437,0.6329,7
"GSE20685","MammaPrint",15,438,0.6311,8
"GSE20685","MammaPrint",15,439,0.6063,9
"GSE20685","MammaPrint",15,440,0.6327,4
"GSE20685","MammaPrint",15,441,0.6382,5
"GSE20685","MammaPrint",15,442,0.6119,8
"GSE20685","MammaPrint",15,443,0.6422,3
"GSE20685","MammaPrint",15,444,0.6196,7
"GSE20685","MammaPrint",15,445,0.6473,8
"GSE20685","MammaPrint",15,446,0.601,10
"GSE20685","MammaPrint",15,447,0.6328,2
"GSE20685","MammaPrint",15,448,0.5837,12
"GSE20685","MammaPrint",15,449,0.598,6
"GSE20685","MammaPrint",15,450,0.6306,4
"GSE20685","MammaPrint",15,451,0.5983,9
"GSE20685","MammaPrint",15,452,0.6118,4
"GSE20685","MammaPrint",15,453,0.6121,9
"GSE20685","MammaPrint",15,454,0.6242,6
"GSE20685","MammaPrint",15,455,0.6409,6
"GSE20685","MammaPrint",15,456,0.6132,10
"GSE20685","MammaPrint",15,457,0.6208,8
"GSE20685","MammaPrint",15,458,0.6318,5
"GSE20685","MammaPrint",15,459,0.625,6
"GSE20685","MammaPrint",15,460,0.6123,9
"GSE20685","MammaPrint",15,461,0.615,7
"GSE20685","MammaPrint",15,462,0.6127,11
"GSE20685","MammaPrint",15,463,0.6199,4
"GSE20685","MammaPrint",15,464,0.6453,4
"GSE20685","MammaPrint",15,465,0.5958,12
"GSE20685","MammaPrint",15,466,0.627,9
"GSE20685","MammaPrint",15,467,0.6045,10
"GSE20685","MammaPrint",15,468,0.6376,10
"GSE20685","MammaPrint",15,469,0.6464,7
"GSE20685","MammaPrint",15,470,0.6429,5
"GSE20685","MammaPrint",15,471,0.6132,12
"GSE20685","MammaPrint",15,472,0.6369,7
"GSE20685","MammaPrint",15,473,0.6228,10
"GSE20685","MammaPrint",15,474,0.6196,6
"GSE20685","MammaPrint",15,475,0.5929,9
"GSE20685","MammaPrint",15,476,0.6017,5
"GSE20685","MammaPrint",15,477,0.606,5
"GSE20685","MammaPrint",15,478,0.5913,10
"GSE20685","MammaPrint",15,479,0.6191,6
"GSE20685","MammaPrint",15,480,0.6149,7
"GSE20685","MammaPrint",15,481,0.61,7
"GSE20685","MammaPrint",15,482,0.6325,6
"GSE20685","MammaPrint",15,483,0.6146,7
"GSE20685","MammaPrint",15,484,0.6159,7
"GSE20685","MammaPrint",15,485,0.5986,6
"GSE20685","MammaPrint",15,486,0.6231,9
"GSE20685","MammaPrint",15,487,0.6299,9
"GSE20685","MammaPrint",15,488,0.6193,7
"GSE20685","MammaPrint",15,489,0.6228,12
"GSE20685","MammaPrint",15,490,0.6136,12
"GSE20685","MammaPrint",15,491,0.6115,11
"GSE20685","MammaPrint",15,492,0.6205,7
"GSE20685","MammaPrint",15,493,0.636,6
"GSE20685","MammaPrint",15,494,0.6317,8
"GSE20685","MammaPrint",15,495,0.6152,11
"GSE20685","MammaPrint",15,496,0.6001,8
"GSE20685","MammaPrint",15,497,0.6263,10
"GSE20685","MammaPrint",15,498,0.5579,7
"GSE20685","MammaPrint",15,499,0.6366,7
"GSE20685","MammaPrint",15,500,0.6035,9
"GSE20685","MammaPrint",15,501,0.6341,7
"GSE20685","MammaPrint",15,502,0.604,3
"GSE20685","MammaPrint",15,503,0.6223,7
"GSE20685","MammaPrint",15,504,0.6425,7
"GSE20685","MammaPrint",15,505,0.6185,6
"GSE20685","MammaPrint",15,506,0.6358,5
"GSE20685","MammaPrint",15,507,0.6253,6
"GSE20685","MammaPrint",15,508,0.5671,7
"GSE20685","MammaPrint",15,509,0.627,7
"GSE20685","MammaPrint",15,510,0.6301,7
"GSE20685","MammaPrint",15,511,0.618,6
"GSE20685","MammaPrint",15,512,0.639,6
"GSE20685","MammaPrint",15,513,0.6071,4
"GSE20685","MammaPrint",15,514,0.6068,5
"GSE20685","MammaPrint",15,515,0.625,8
"GSE20685","MammaPrint",15,516,0.6113,2
"GSE20685","MammaPrint",15,517,0.6173,8
"GSE20685","MammaPrint",15,518,0.6392,8
"GSE20685","MammaPrint",15,519,0.6631,5
"GSE20685","MammaPrint",15,520,0.5542,12
"GSE20685","MammaPrint",15,521,0.6191,7
"GSE20685","MammaPrint",15,522,0.6026,7
"GSE20685","MammaPrint",15,523,0.6035,8
"GSE20685","MammaPrint",15,524,0.5972,10
"GSE20685","MammaPrint",15,525,0.5972,8
"GSE20685","MammaPrint",15,526,0.6411,7
"GSE20685","MammaPrint",15,527,0.6319,8
"GSE20685","MammaPrint",15,528,0.6151,8
"GSE20685","MammaPrint",15,529,0.6442,7
"GSE20685","MammaPrint",15,530,0.6145,11
"GSE20685","MammaPrint",15,531,0.5982,8
"GSE20685","MammaPrint",15,532,0.6089,4
"GSE20685","MammaPrint",15,533,0.6091,10
"GSE20685","MammaPrint",15,534,0.5825,12
"GSE20685","MammaPrint",15,535,0.609,11
"GSE20685","MammaPrint",15,536,0.6411,8
"GSE20685","MammaPrint",15,537,0.612,7
"GSE20685","MammaPrint",15,538,0.6004,4
"GSE20685","MammaPrint",15,539,0.6472,9
"GSE20685","MammaPrint",15,540,0.6099,8
"GSE20685","MammaPrint",15,541,0.6024,12
"GSE20685","MammaPrint",15,542,0.6088,6
"GSE20685","MammaPrint",15,543,0.6031,4
"GSE20685","MammaPrint",15,544,0.65,5
"GSE20685","MammaPrint",15,545,0.6188,6
"GSE20685","MammaPrint",15,546,0.6305,9
"GSE20685","MammaPrint",15,547,0.6118,12
"GSE20685","MammaPrint",15,548,0.6203,7
"GSE20685","MammaPrint",15,549,0.5935,11
"GSE20685","MammaPrint",15,550,0.6045,7
"GSE20685","MammaPrint",15,551,0.5994,7
"GSE20685","MammaPrint",15,552,0.583,8
"GSE20685","MammaPrint",15,553,0.6251,3
"GSE20685","MammaPrint",15,554,0.6201,7
"GSE20685","MammaPrint",15,555,0.6294,8
"GSE20685","MammaPrint",15,556,0.6009,9
"GSE20685","MammaPrint",15,557,0.6138,9
"GSE20685","MammaPrint",15,558,0.6119,7
"GSE20685","MammaPrint",15,559,0.6396,5
"GSE20685","MammaPrint",15,560,0.6307,9
"GSE20685","MammaPrint",15,561,0.6156,7
"GSE20685","MammaPrint",15,562,0.6456,10
"GSE20685","MammaPrint",15,563,0.6153,9
"GSE20685","MammaPrint",15,564,0.6121,12
"GSE20685","MammaPrint",15,565,0.5917,10
"GSE20685","MammaPrint",15,566,0.6453,6
"GSE20685","MammaPrint",15,567,0.6127,7
"GSE20685","MammaPrint",15,568,0.6385,8
"GSE20685","MammaPrint",15,569,0.6017,8
"GSE20685","MammaPrint",15,570,0.6312,5
"GSE20685","MammaPrint",15,571,0.6176,6
"GSE20685","MammaPrint",15,572,0.5991,6
"GSE20685","MammaPrint",15,573,0.6199,7
"GSE20685","MammaPrint",15,574,0.6032,8
"GSE20685","MammaPrint",15,575,0.6116,8
"GSE20685","MammaPrint",15,576,0.6449,7
"GSE20685","MammaPrint",15,577,0.6021,8
"GSE20685","MammaPrint",15,578,0.6164,4
"GSE20685","MammaPrint",15,579,0.6147,8
"GSE20685","MammaPrint",15,580,0.6002,12
"GSE20685","MammaPrint",15,581,0.6129,8
"GSE20685","MammaPrint",15,582,0.6107,8
"GSE20685","MammaPrint",15,583,0.6194,10
"GSE20685","MammaPrint",15,584,0.6276,8
"GSE20685","MammaPrint",15,585,0.6252,8
"GSE20685","MammaPrint",15,586,0.6324,6
"GSE20685","MammaPrint",15,587,0.6267,8
"GSE20685","MammaPrint",15,588,0.5896,12
"GSE20685","MammaPrint",15,589,0.6205,11
"GSE20685","MammaPrint",15,590,0.6075,5
"GSE20685","MammaPrint",15,591,0.6208,5
"GSE20685","MammaPrint",15,592,0.6304,6
"GSE20685","MammaPrint",15,593,0.6081,8
"GSE20685","MammaPrint",15,594,0.6371,5
"GSE20685","MammaPrint",15,595,0.6,8
"GSE20685","MammaPrint",15,596,0.6314,5
"GSE20685","MammaPrint",15,597,0.6072,12
"GSE20685","MammaPrint",15,598,0.6201,8
"GSE20685","MammaPrint",15,599,0.6004,9
"GSE20685","MammaPrint",15,600,0.6137,8
"GSE20685","MammaPrint",15,601,0.593,8
"GSE20685","MammaPrint",15,602,0.5983,8
"GSE20685","MammaPrint",15,603,0.6124,10
"GSE20685","MammaPrint",15,604,0.6355,3
"GSE20685","MammaPrint",15,605,0.5963,4
"GSE20685","MammaPrint",15,606,0.5741,12
"GSE20685","MammaPrint",15,607,0.6227,7
"GSE20685","MammaPrint",15,608,0.6512,7
"GSE20685","MammaPrint",15,609,0.6224,8
"GSE20685","MammaPrint",15,610,0.6429,6
"GSE20685","MammaPrint",15,611,0.6127,5
"GSE20685","MammaPrint",15,612,0.6283,9
"GSE20685","MammaPrint",15,613,0.6174,5
"GSE20685","MammaPrint",15,614,0.6163,9
"GSE20685","MammaPrint",15,615,0.6127,5
"GSE20685","MammaPrint",15,616,0.608,8
"GSE20685","MammaPrint",15,617,0.6275,6
"GSE20685","MammaPrint",15,618,0.6347,7
"GSE20685","MammaPrint",15,619,0.6128,5
"GSE20685","MammaPrint",15,620,0.6147,5
"GSE20685","MammaPrint",15,621,0.6018,7
"GSE20685","MammaPrint",15,622,0.5988,12
"GSE20685","MammaPrint",15,623,0.5736,8
"GSE20685","MammaPrint",15,624,0.618,10
"GSE20685","MammaPrint",15,625,0.603,12
"GSE20685","MammaPrint",15,626,0.6314,7
"GSE20685","MammaPrint",15,627,0.6519,5
"GSE20685","MammaPrint",15,628,0.6095,12
"GSE20685","MammaPrint",15,629,0.6009,5
"GSE20685","MammaPrint",15,630,0.6018,5
"GSE20685","MammaPrint",15,631,0.5816,8
"GSE20685","MammaPrint",15,632,0.615,8
"GSE20685","MammaPrint",15,633,0.6433,6
"GSE20685","MammaPrint",15,634,0.6258,11
"GSE20685","MammaPrint",15,635,0.6474,10
"GSE20685","MammaPrint",15,636,0.5922,12
"GSE20685","MammaPrint",15,637,0.6189,12
"GSE20685","MammaPrint",15,638,0.6296,4
"GSE20685","MammaPrint",15,639,0.6117,4
"GSE20685","MammaPrint",15,640,0.5996,10
"GSE20685","MammaPrint",15,641,0.6248,5
"GSE20685","MammaPrint",15,642,0.6381,5
"GSE20685","MammaPrint",15,643,0.6281,8
"GSE20685","MammaPrint",15,644,0.6221,8
"GSE20685","MammaPrint",15,645,0.6309,6
"GSE20685","MammaPrint",15,646,0.6012,9
"GSE20685","MammaPrint",15,647,0.6011,5
"GSE20685","MammaPrint",15,648,0.6223,6
"GSE20685","MammaPrint",15,649,0.6357,7
"GSE20685","MammaPrint",15,650,0.5865,9
"GSE20685","MammaPrint",15,651,0.6029,4
"GSE20685","MammaPrint",15,652,0.6148,12
"GSE20685","MammaPrint",15,653,0.6064,8
"GSE20685","MammaPrint",15,654,0.6218,7
"GSE20685","MammaPrint",15,655,0.6281,9
"GSE20685","MammaPrint",15,656,0.633,12
"GSE20685","MammaPrint",15,657,0.6048,9
"GSE20685","MammaPrint",15,658,0.6045,12
"GSE20685","MammaPrint",15,659,0.6027,11
"GSE20685","MammaPrint",15,660,0.6094,8
"GSE20685","MammaPrint",15,661,0.6105,6
"GSE20685","MammaPrint",15,662,0.608,12
"GSE20685","MammaPrint",15,663,0.6144,7
"GSE20685","MammaPrint",15,664,0.6141,6
"GSE20685","MammaPrint",15,665,0.6148,11
"GSE20685","MammaPrint",15,666,0.6267,8
"GSE20685","MammaPrint",15,667,0.6063,6
"GSE20685","MammaPrint",15,668,0.6376,6
"GSE20685","MammaPrint",15,669,0.6247,9
"GSE20685","MammaPrint",15,670,0.6183,7
"GSE20685","MammaPrint",15,671,0.6223,12
"GSE20685","MammaPrint",15,672,0.6072,11
"GSE20685","MammaPrint",15,673,0.6071,8
"GSE20685","MammaPrint",15,674,0.6478,5
"GSE20685","MammaPrint",15,675,0.6378,3
"GSE20685","MammaPrint",15,676,0.5921,8
"GSE20685","MammaPrint",15,677,0.6075,9
"GSE20685","MammaPrint",15,678,0.602,6
"GSE20685","MammaPrint",15,679,0.625,6
"GSE20685","MammaPrint",15,680,0.6215,8
"GSE20685","MammaPrint",15,681,0.611,3
"GSE20685","MammaPrint",15,682,0.6145,6
"GSE20685","MammaPrint",15,683,0.6208,6
"GSE20685","MammaPrint",15,684,0.6047,4
"GSE20685","MammaPrint",15,685,0.6397,8
"GSE20685","MammaPrint",15,686,0.5987,4
"GSE20685","MammaPrint",15,687,0.6113,9
"GSE20685","MammaPrint",15,688,0.6098,8
"GSE20685","MammaPrint",15,689,0.6152,12
"GSE20685","MammaPrint",15,690,0.6102,4
"GSE20685","MammaPrint",15,691,0.6411,7
"GSE20685","MammaPrint",15,692,0.5964,12
"GSE20685","MammaPrint",15,693,0.6383,7
"GSE20685","MammaPrint",15,694,0.6241,7
"GSE20685","MammaPrint",15,695,0.6261,6
"GSE20685","MammaPrint",15,696,0.6366,5
"GSE20685","MammaPrint",15,697,0.6288,9
"GSE20685","MammaPrint",15,698,0.602,5
"GSE20685","MammaPrint",15,699,0.6325,6
"GSE20685","MammaPrint",15,700,0.6188,6
"GSE20685","MammaPrint",15,701,0.6024,9
"GSE20685","MammaPrint",15,702,0.6223,6
"GSE20685","MammaPrint",15,703,0.6144,5
"GSE20685","MammaPrint",15,704,0.6568,6
"GSE20685","MammaPrint",15,705,0.6066,9
"GSE20685","MammaPrint",15,706,0.6138,6
"GSE20685","MammaPrint",15,707,0.5851,7
"GSE20685","MammaPrint",15,708,0.6138,6
"GSE20685","MammaPrint",15,709,0.6012,7
"GSE20685","MammaPrint",15,710,0.6308,6
"GSE20685","MammaPrint",15,711,0.6362,9
"GSE20685","MammaPrint",15,712,0.6348,7
"GSE20685","MammaPrint",15,713,0.6335,6
"GSE20685","MammaPrint",15,714,0.6382,5
"GSE20685","MammaPrint",15,715,0.6356,8
"GSE20685","MammaPrint",15,716,0.6405,6
"GSE20685","MammaPrint",15,717,0.6395,9
"GSE20685","MammaPrint",15,718,0.6131,7
"GSE20685","MammaPrint",15,719,0.6022,5
"GSE20685","MammaPrint",15,720,0.6234,8
"GSE20685","MammaPrint",15,721,0.6109,4
"GSE20685","MammaPrint",15,722,0.6048,9
"GSE20685","MammaPrint",15,723,0.5776,9
"GSE20685","MammaPrint",15,724,0.6089,4
"GSE20685","MammaPrint",15,725,0.6248,6
"GSE20685","MammaPrint",15,726,0.6225,3
"GSE20685","MammaPrint",15,727,0.6392,8
"GSE20685","MammaPrint",15,728,0.617,6
"GSE20685","MammaPrint",15,729,0.5893,12
"GSE20685","MammaPrint",15,730,0.6256,5
"GSE20685","MammaPrint",15,731,0.6191,3
"GSE20685","MammaPrint",15,732,0.6065,6
"GSE20685","MammaPrint",15,733,0.6093,11
"GSE20685","MammaPrint",15,734,0.6116,9
"GSE20685","MammaPrint",15,735,0.5991,9
"GSE20685","MammaPrint",15,736,0.6344,4
"GSE20685","MammaPrint",15,737,0.6205,7
"GSE20685","MammaPrint",15,738,0.5729,12
"GSE20685","MammaPrint",15,739,0.6226,11
"GSE20685","MammaPrint",15,740,0.6244,6
"GSE20685","MammaPrint",15,741,0.6041,9
"GSE20685","MammaPrint",15,742,0.6208,8
"GSE20685","MammaPrint",15,743,0.619,7
"GSE20685","MammaPrint",15,744,0.6055,8
"GSE20685","MammaPrint",15,745,0.6214,7
"GSE20685","MammaPrint",15,746,0.6071,11
"GSE20685","MammaPrint",15,747,0.5998,7
"GSE20685","MammaPrint",15,748,0.5941,12
"GSE20685","MammaPrint",15,749,0.603,6
"GSE20685","MammaPrint",15,750,0.6158,8
"GSE20685","MammaPrint",15,751,0.5958,12
"GSE20685","MammaPrint",15,752,0.6337,5
"GSE20685","MammaPrint",15,753,0.6182,7
"GSE20685","MammaPrint",15,754,0.6108,8
"GSE20685","MammaPrint",15,755,0.6371,7
"GSE20685","MammaPrint",15,756,0.6219,6
"GSE20685","MammaPrint",15,757,0.5845,4
"GSE20685","MammaPrint",15,758,0.6023,12
"GSE20685","MammaPrint",15,759,0.6228,10
"GSE20685","MammaPrint",15,760,0.6263,11
"GSE20685","MammaPrint",15,761,0.607,8
"GSE20685","MammaPrint",15,762,0.624,6
"GSE20685","MammaPrint",15,763,0.6027,3
"GSE20685","MammaPrint",15,764,0.6173,6
"GSE20685","MammaPrint",15,765,0.5999,10
"GSE20685","MammaPrint",15,766,0.6384,6
"GSE20685","MammaPrint",15,767,0.5826,12
"GSE20685","MammaPrint",15,768,0.5934,5
"GSE20685","MammaPrint",15,769,0.5845,6
"GSE20685","MammaPrint",15,770,0.5885,12
"GSE20685","MammaPrint",15,771,0.6398,4
"GSE20685","MammaPrint",15,772,0.6117,6
"GSE20685","MammaPrint",15,773,0.605,8
"GSE20685","MammaPrint",15,774,0.6081,6
"GSE20685","MammaPrint",15,775,0.6231,6
"GSE20685","MammaPrint",15,776,0.6467,10
"GSE20685","MammaPrint",15,777,0.6633,4
"GSE20685","MammaPrint",15,778,0.636,7
"GSE20685","MammaPrint",15,779,0.6033,10
"GSE20685","MammaPrint",15,780,0.6237,7
"GSE20685","MammaPrint",15,781,0.6102,9
"GSE20685","MammaPrint",15,782,0.6215,6
"GSE20685","MammaPrint",15,783,0.6025,11
"GSE20685","MammaPrint",15,784,0.6343,7
"GSE20685","MammaPrint",15,785,0.605,9
"GSE20685","MammaPrint",15,786,0.6301,10
"GSE20685","MammaPrint",15,787,0.6146,8
"GSE20685","MammaPrint",15,788,0.6204,9
"GSE20685","MammaPrint",15,789,0.6372,7
"GSE20685","MammaPrint",15,790,0.6107,3
"GSE20685","MammaPrint",15,791,0.6473,7
"GSE20685","MammaPrint",15,792,0.5856,12
"GSE20685","MammaPrint",15,793,0.5927,12
"GSE20685","MammaPrint",15,794,0.6338,5
"GSE20685","MammaPrint",15,795,0.6248,7
"GSE20685","MammaPrint",15,796,0.6264,10
"GSE20685","MammaPrint",15,797,0.5964,12
"GSE20685","MammaPrint",15,798,0.6369,2
"GSE20685","MammaPrint",15,799,0.5903,12
"GSE20685","MammaPrint",15,800,0.639,7
"GSE20685","MammaPrint",15,801,0.6151,3
"GSE20685","MammaPrint",15,802,0.6171,10
"GSE20685","MammaPrint",15,803,0.5859,8
"GSE20685","MammaPrint",15,804,0.5922,12
"GSE20685","MammaPrint",15,805,0.6319,5
"GSE20685","MammaPrint",15,806,0.5801,10
"GSE20685","MammaPrint",15,807,0.6265,9
"GSE20685","MammaPrint",15,808,0.6157,7
"GSE20685","MammaPrint",15,809,0.6151,9
"GSE20685","MammaPrint",15,810,0.6181,6
"GSE20685","MammaPrint",15,811,0.6055,4
"GSE20685","MammaPrint",15,812,0.6257,6
"GSE20685","MammaPrint",15,813,0.6435,7
"GSE20685","MammaPrint",15,814,0.6133,6
"GSE20685","MammaPrint",15,815,0.6179,11
"GSE20685","MammaPrint",15,816,0.6171,7
"GSE20685","MammaPrint",15,817,0.5927,12
"GSE20685","MammaPrint",15,818,0.6323,5
"GSE20685","MammaPrint",15,819,0.6421,7
"GSE20685","MammaPrint",15,820,0.6294,7
"GSE20685","MammaPrint",15,821,0.5851,9
"GSE20685","MammaPrint",15,822,0.6371,10
"GSE20685","MammaPrint",15,823,0.6461,7
"GSE20685","MammaPrint",15,824,0.5943,11
"GSE20685","MammaPrint",15,825,0.6153,5
"GSE20685","MammaPrint",15,826,0.6079,8
"GSE20685","MammaPrint",15,827,0.6084,8
"GSE20685","MammaPrint",15,828,0.642,7
"GSE20685","MammaPrint",15,829,0.6086,6
"GSE20685","MammaPrint",15,830,0.6155,10
"GSE20685","MammaPrint",15,831,0.6044,8
"GSE20685","MammaPrint",15,832,0.6147,6
"GSE20685","MammaPrint",15,833,0.6306,6
"GSE20685","MammaPrint",15,834,0.6207,8
"GSE20685","MammaPrint",15,835,0.6312,7
"GSE20685","MammaPrint",15,836,0.6299,9
"GSE20685","MammaPrint",15,837,0.6445,6
"GSE20685","MammaPrint",15,838,0.6237,4
"GSE20685","MammaPrint",15,839,0.6168,7
"GSE20685","MammaPrint",15,840,0.6313,5
"GSE20685","MammaPrint",15,841,0.6518,6
"GSE20685","MammaPrint",15,842,0.6188,6
"GSE20685","MammaPrint",15,843,0.6241,9
"GSE20685","MammaPrint",15,844,0.6169,9
"GSE20685","MammaPrint",15,845,0.6339,5
"GSE20685","MammaPrint",15,846,0.6268,9
"GSE20685","MammaPrint",15,847,0.6215,9
"GSE20685","MammaPrint",15,848,0.6028,9
"GSE20685","MammaPrint",15,849,0.5959,11
"GSE20685","MammaPrint",15,850,0.6123,7
"GSE20685","MammaPrint",15,851,0.605,5
"GSE20685","MammaPrint",15,852,0.6034,8
"GSE20685","MammaPrint",15,853,0.6313,8
"GSE20685","MammaPrint",15,854,0.6204,7
"GSE20685","MammaPrint",15,855,0.6276,7
"GSE20685","MammaPrint",15,856,0.6108,9
"GSE20685","MammaPrint",15,857,0.6097,12
"GSE20685","MammaPrint",15,858,0.6027,5
"GSE20685","MammaPrint",15,859,0.6366,4
"GSE20685","MammaPrint",15,860,0.6008,4
"GSE20685","MammaPrint",15,861,0.608,7
"GSE20685","MammaPrint",15,862,0.6034,8
"GSE20685","MammaPrint",15,863,0.6237,7
"GSE20685","MammaPrint",15,864,0.6172,7
"GSE20685","MammaPrint",15,865,0.6022,6
"GSE20685","MammaPrint",15,866,0.6069,6
"GSE20685","MammaPrint",15,867,0.6068,10
"GSE20685","MammaPrint",15,868,0.6251,7
"GSE20685","MammaPrint",15,869,0.6293,6
"GSE20685","MammaPrint",15,870,0.6124,12
"GSE20685","MammaPrint",15,871,0.5808,5
"GSE20685","MammaPrint",15,872,0.6253,9
"GSE20685","MammaPrint",15,873,0.6032,6
"GSE20685","MammaPrint",15,874,0.6116,12
"GSE20685","MammaPrint",15,875,0.6176,5
"GSE20685","MammaPrint",15,876,0.5836,10
"GSE20685","MammaPrint",15,877,0.5893,12
"GSE20685","MammaPrint",15,878,0.6016,8
"GSE20685","MammaPrint",15,879,0.5928,11
"GSE20685","MammaPrint",15,880,0.6246,7
"GSE20685","MammaPrint",15,881,0.6263,9
"GSE20685","MammaPrint",15,882,0.6344,7
"GSE20685","MammaPrint",15,883,0.6313,6
"GSE20685","MammaPrint",15,884,0.6223,9
"GSE20685","MammaPrint",15,885,0.6249,9
"GSE20685","MammaPrint",15,886,0.6106,8
"GSE20685","MammaPrint",15,887,0.622,7
"GSE20685","MammaPrint",15,888,0.6068,12
"GSE20685","MammaPrint",15,889,0.6519,3
"GSE20685","MammaPrint",15,890,0.6308,8
"GSE20685","MammaPrint",15,891,0.6215,3
"GSE20685","MammaPrint",15,892,0.617,7
"GSE20685","MammaPrint",15,893,0.6125,7
"GSE20685","MammaPrint",15,894,0.6053,12
"GSE20685","MammaPrint",15,895,0.6098,5
"GSE20685","MammaPrint",15,896,0.6173,5
"GSE20685","MammaPrint",15,897,0.6182,7
"GSE20685","MammaPrint",15,898,0.6432,5
"GSE20685","MammaPrint",15,899,0.6288,6
"GSE20685","MammaPrint",15,900,0.6223,3
"GSE20685","MammaPrint",15,901,0.6427,9
"GSE20685","MammaPrint",15,902,0.5889,9
"GSE20685","MammaPrint",15,903,0.6098,8
"GSE20685","MammaPrint",15,904,0.5915,5
"GSE20685","MammaPrint",15,905,0.614,7
"GSE20685","MammaPrint",15,906,0.6211,8
"GSE20685","MammaPrint",15,907,0.6079,9
"GSE20685","MammaPrint",15,908,0.6378,5
"GSE20685","MammaPrint",15,909,0.6043,3
"GSE20685","MammaPrint",15,910,0.604,9
"GSE20685","MammaPrint",15,911,0.6389,6
"GSE20685","MammaPrint",15,912,0.6456,8
"GSE20685","MammaPrint",15,913,0.6115,6
"GSE20685","MammaPrint",15,914,0.6345,7
"GSE20685","MammaPrint",15,915,0.6306,6
"GSE20685","MammaPrint",15,916,0.5957,8
"GSE20685","MammaPrint",15,917,0.6401,5
"GSE20685","MammaPrint",15,918,0.6061,8
"GSE20685","MammaPrint",15,919,0.621,6
"GSE20685","MammaPrint",15,920,0.6333,8
"GSE20685","MammaPrint",15,921,0.6384,6
"GSE20685","MammaPrint",15,922,0.624,10
"GSE20685","MammaPrint",15,923,0.621,11
"GSE20685","MammaPrint",15,924,0.6012,12
"GSE20685","MammaPrint",15,925,0.6322,5
"GSE20685","MammaPrint",15,926,0.6365,9
"GSE20685","MammaPrint",15,927,0.5938,10
"GSE20685","MammaPrint",15,928,0.5741,12
"GSE20685","MammaPrint",15,929,0.6131,8
"GSE20685","MammaPrint",15,930,0.6277,7
"GSE20685","MammaPrint",15,931,0.6141,8
"GSE20685","MammaPrint",15,932,0.6197,9
"GSE20685","MammaPrint",15,933,0.6117,5
"GSE20685","MammaPrint",15,934,0.6149,11
"GSE20685","MammaPrint",15,935,0.6219,9
"GSE20685","MammaPrint",15,936,0.6133,7
"GSE20685","MammaPrint",15,937,0.6085,5
"GSE20685","MammaPrint",15,938,0.6281,10
"GSE20685","MammaPrint",15,939,0.6097,7
"GSE20685","MammaPrint",15,940,0.5841,12
"GSE20685","MammaPrint",15,941,0.6251,9
"GSE20685","MammaPrint",15,942,0.6534,4
"GSE20685","MammaPrint",15,943,0.6274,9
"GSE20685","MammaPrint",15,944,0.6185,11
"GSE20685","MammaPrint",15,945,0.5949,12
"GSE20685","MammaPrint",15,946,0.613,7
"GSE20685","MammaPrint",15,947,0.6473,6
"GSE20685","MammaPrint",15,948,0.6415,7
"GSE20685","MammaPrint",15,949,0.623,5
"GSE20685","MammaPrint",15,950,0.5942,8
"GSE20685","MammaPrint",15,951,0.6134,4
"GSE20685","MammaPrint",15,952,0.6274,9
"GSE20685","MammaPrint",15,953,0.6074,10
"GSE20685","MammaPrint",15,954,0.613,7
"GSE20685","MammaPrint",15,955,0.6474,9
"GSE20685","MammaPrint",15,956,0.6205,5
"GSE20685","MammaPrint",15,957,0.6128,6
"GSE20685","MammaPrint",15,958,0.5948,7
"GSE20685","MammaPrint",15,959,0.6152,7
"GSE20685","MammaPrint",15,960,0.6106,10
"GSE20685","MammaPrint",15,961,0.6125,5
"GSE20685","MammaPrint",15,962,0.6174,5
"GSE20685","MammaPrint",15,963,0.6388,11
"GSE20685","MammaPrint",15,964,0.5902,11
"GSE20685","MammaPrint",15,965,0.6067,12
"GSE20685","MammaPrint",15,966,0.6211,12
"GSE20685","MammaPrint",15,967,0.6309,6
"GSE20685","MammaPrint",15,968,0.6495,3
"GSE20685","MammaPrint",15,969,0.6176,5
"GSE20685","MammaPrint",15,970,0.6655,4
"GSE20685","MammaPrint",15,971,0.6387,8
"GSE20685","MammaPrint",15,972,0.6215,8
"GSE20685","MammaPrint",15,973,0.6239,4
"GSE20685","MammaPrint",15,974,0.6284,12
"GSE20685","MammaPrint",15,975,0.6047,12
"GSE20685","MammaPrint",15,976,0.6252,7
"GSE20685","MammaPrint",15,977,0.5888,12
"GSE20685","MammaPrint",15,978,0.6287,7
"GSE20685","MammaPrint",15,979,0.6046,7
"GSE20685","MammaPrint",15,980,0.6097,7
"GSE20685","MammaPrint",15,981,0.6224,8
"GSE20685","MammaPrint",15,982,0.6336,6
"GSE20685","MammaPrint",15,983,0.5823,9
"GSE20685","MammaPrint",15,984,0.6292,10
"GSE20685","MammaPrint",15,985,0.6107,4
"GSE20685","MammaPrint",15,986,0.6474,6
"GSE20685","MammaPrint",15,987,0.6454,4
"GSE20685","MammaPrint",15,988,0.5973,9
"GSE20685","MammaPrint",15,989,0.6341,6
"GSE20685","MammaPrint",15,990,0.6348,6
"GSE20685","MammaPrint",15,991,0.6043,9
"GSE20685","MammaPrint",15,992,0.6439,4
"GSE20685","MammaPrint",15,993,0.6347,10
"GSE20685","MammaPrint",15,994,0.6065,12
"GSE20685","MammaPrint",15,995,0.6367,6
"GSE20685","MammaPrint",15,996,0.6256,9
"GSE20685","MammaPrint",15,997,0.6201,6
"GSE20685","MammaPrint",15,998,0.6166,8
"GSE20685","MammaPrint",15,999,0.637,8
"GSE20685","MammaPrint",15,1000,0.6174,6
"GSE20685","CorePAM",15,1,0.5295,0
"GSE20685","CorePAM",15,2,0.5915,3
"GSE20685","CorePAM",15,3,0.6048,1
"GSE20685","CorePAM",15,4,0.6452,0
"GSE20685","CorePAM",15,5,0.6357,0
"GSE20685","CorePAM",15,6,0.6056,1
"GSE20685","CorePAM",15,7,0.5794,3
"GSE20685","CorePAM",15,8,0.628,0
"GSE20685","CorePAM",15,9,0.5657,0
"GSE20685","CorePAM",15,10,0.5654,0
"GSE20685","CorePAM",15,11,0.627,0
"GSE20685","CorePAM",15,12,0.6256,1
"GSE20685","CorePAM",15,13,0.5791,0
"GSE20685","CorePAM",15,14,0.6091,0
"GSE20685","CorePAM",15,15,0.5138,7
"GSE20685","CorePAM",15,16,0.5754,0
"GSE20685","CorePAM",15,17,0.6296,1
"GSE20685","CorePAM",15,18,0.5558,0
"GSE20685","CorePAM",15,19,0.5835,2
"GSE20685","CorePAM",15,20,0.5601,0
"GSE20685","CorePAM",15,21,0.625,1
"GSE20685","CorePAM",15,22,0.5647,0
"GSE20685","CorePAM",15,23,0.6457,1
"GSE20685","CorePAM",15,24,0.5853,3
"GSE20685","CorePAM",15,25,0.6333,1
"GSE20685","CorePAM",15,26,0.6252,0
"GSE20685","CorePAM",15,27,0.6421,1
"GSE20685","CorePAM",15,28,0.5991,0
"GSE20685","CorePAM",15,29,0.5974,0
"GSE20685","CorePAM",15,30,0.5715,3
"GSE20685","CorePAM",15,31,0.5198,1
"GSE20685","CorePAM",15,32,0.6382,0
"GSE20685","CorePAM",15,33,0.6235,1
"GSE20685","CorePAM",15,34,0.5881,0
"GSE20685","CorePAM",15,35,0.54,2
"GSE20685","CorePAM",15,36,0.6139,0
"GSE20685","CorePAM",15,37,0.6071,0
"GSE20685","CorePAM",15,38,0.6061,1
"GSE20685","CorePAM",15,39,0.5888,3
"GSE20685","CorePAM",15,40,0.5801,0
"GSE20685","CorePAM",15,41,0.5905,0
"GSE20685","CorePAM",15,42,0.5953,4
"GSE20685","CorePAM",15,43,0.6313,1
"GSE20685","CorePAM",15,44,0.5816,3
"GSE20685","CorePAM",15,45,0.5744,0
"GSE20685","CorePAM",15,46,0.6263,1
"GSE20685","CorePAM",15,47,0.5785,0
"GSE20685","CorePAM",15,48,0.6232,0
"GSE20685","CorePAM",15,49,0.6289,1
"GSE20685","CorePAM",15,50,0.6423,0
"GSE20685","CorePAM",15,51,0.6389,1
"GSE20685","CorePAM",15,52,0.6283,0
"GSE20685","CorePAM",15,53,0.6061,3
"GSE20685","CorePAM",15,54,0.6422,1
"GSE20685","CorePAM",15,55,0.5688,0
"GSE20685","CorePAM",15,56,0.6282,1
"GSE20685","CorePAM",15,57,0.6208,0
"GSE20685","CorePAM",15,58,0.6225,1
"GSE20685","CorePAM",15,59,0.6245,0
"GSE20685","CorePAM",15,60,0.5575,0
"GSE20685","CorePAM",15,61,0.6325,0
"GSE20685","CorePAM",15,62,0.6376,1
"GSE20685","CorePAM",15,63,0.6346,1
"GSE20685","CorePAM",15,64,0.5879,0
"GSE20685","CorePAM",15,65,0.5014,2
"GSE20685","CorePAM",15,66,0.6482,0
"GSE20685","CorePAM",15,67,0.5965,0
"GSE20685","CorePAM",15,68,0.6101,1
"GSE20685","CorePAM",15,69,0.6142,0
"GSE20685","CorePAM",15,70,0.6337,1
"GSE20685","CorePAM",15,71,0.602,1
"GSE20685","CorePAM",15,72,0.6246,1
"GSE20685","CorePAM",15,73,0.5947,0
"GSE20685","CorePAM",15,74,0.6327,0
"GSE20685","CorePAM",15,75,0.6036,2
"GSE20685","CorePAM",15,76,0.6155,1
"GSE20685","CorePAM",15,77,0.5738,0
"GSE20685","CorePAM",15,78,0.5597,0
"GSE20685","CorePAM",15,79,0.594,0
"GSE20685","CorePAM",15,80,0.5743,0
"GSE20685","CorePAM",15,81,0.6342,1
"GSE20685","CorePAM",15,82,0.6233,0
"GSE20685","CorePAM",15,83,0.5714,0
"GSE20685","CorePAM",15,84,0.6147,0
"GSE20685","CorePAM",15,85,0.6438,1
"GSE20685","CorePAM",15,86,0.5626,0
"GSE20685","CorePAM",15,87,0.615,1
"GSE20685","CorePAM",15,88,0.5266,0
"GSE20685","CorePAM",15,89,0.5823,0
"GSE20685","CorePAM",15,90,0.5961,0
"GSE20685","CorePAM",15,91,0.5983,3
"GSE20685","CorePAM",15,92,0.5951,0
"GSE20685","CorePAM",15,93,0.5078,7
"GSE20685","CorePAM",15,94,0.5925,0
"GSE20685","CorePAM",15,95,0.633,0
"GSE20685","CorePAM",15,96,0.6269,1
"GSE20685","CorePAM",15,97,0.6233,1
"GSE20685","CorePAM",15,98,0.5344,0
"GSE20685","CorePAM",15,99,0.6201,0
"GSE20685","CorePAM",15,100,0.6345,1
"GSE20685","CorePAM",15,101,0.6232,1
"GSE20685","CorePAM",15,102,0.6367,1
"GSE20685","CorePAM",15,103,0.6409,1
"GSE20685","CorePAM",15,104,0.6099,1
"GSE20685","CorePAM",15,105,0.5831,0
"GSE20685","CorePAM",15,106,0.5295,12
"GSE20685","CorePAM",15,107,0.6318,1
"GSE20685","CorePAM",15,108,0.5653,0
"GSE20685","CorePAM",15,109,0.5303,0
"GSE20685","CorePAM",15,110,0.6202,0
"GSE20685","CorePAM",15,111,0.6164,0
"GSE20685","CorePAM",15,112,0.6318,1
"GSE20685","CorePAM",15,113,0.5758,0
"GSE20685","CorePAM",15,114,0.6137,0
"GSE20685","CorePAM",15,115,0.6419,0
"GSE20685","CorePAM",15,116,0.6147,1
"GSE20685","CorePAM",15,117,0.5989,0
"GSE20685","CorePAM",15,118,0.622,0
"GSE20685","CorePAM",15,119,0.5554,0
"GSE20685","CorePAM",15,120,0.5661,0
"GSE20685","CorePAM",15,121,0.5838,0
"GSE20685","CorePAM",15,122,0.6314,1
"GSE20685","CorePAM",15,123,0.5748,0
"GSE20685","CorePAM",15,124,0.5729,0
"GSE20685","CorePAM",15,125,0.5684,0
"GSE20685","CorePAM",15,126,0.5838,0
"GSE20685","CorePAM",15,127,0.6021,1
"GSE20685","CorePAM",15,128,0.5702,0
"GSE20685","CorePAM",15,129,0.5976,3
"GSE20685","CorePAM",15,130,0.5565,1
"GSE20685","CorePAM",15,131,0.6246,1
"GSE20685","CorePAM",15,132,0.5881,0
"GSE20685","CorePAM",15,133,0.6222,1
"GSE20685","CorePAM",15,134,0.6429,1
"GSE20685","CorePAM",15,135,0.6045,0
"GSE20685","CorePAM",15,136,0.6248,1
"GSE20685","CorePAM",15,137,0.6352,1
"GSE20685","CorePAM",15,138,0.5661,0
"GSE20685","CorePAM",15,139,0.5941,5
"GSE20685","CorePAM",15,140,0.6184,1
"GSE20685","CorePAM",15,141,0.5493,1
"GSE20685","CorePAM",15,142,0.6315,1
"GSE20685","CorePAM",15,143,0.631,0
"GSE20685","CorePAM",15,144,0.5774,1
"GSE20685","CorePAM",15,145,0.5914,2
"GSE20685","CorePAM",15,146,0.598,0
"GSE20685","CorePAM",15,147,0.6186,0
"GSE20685","CorePAM",15,148,0.5263,1
"GSE20685","CorePAM",15,149,0.627,0
"GSE20685","CorePAM",15,150,0.5558,0
"GSE20685","CorePAM",15,151,0.5835,3
"GSE20685","CorePAM",15,152,0.613,1
"GSE20685","CorePAM",15,153,0.6193,1
"GSE20685","CorePAM",15,154,0.5466,2
"GSE20685","CorePAM",15,155,0.6295,0
"GSE20685","CorePAM",15,156,0.5892,0
"GSE20685","CorePAM",15,157,0.6357,1
"GSE20685","CorePAM",15,158,0.5584,6
"GSE20685","CorePAM",15,159,0.6244,0
"GSE20685","CorePAM",15,160,0.5681,0
"GSE20685","CorePAM",15,161,0.6368,1
"GSE20685","CorePAM",15,162,0.6284,1
"GSE20685","CorePAM",15,163,0.5685,0
"GSE20685","CorePAM",15,164,0.6279,1
"GSE20685","CorePAM",15,165,0.5565,0
"GSE20685","CorePAM",15,166,0.5769,0
"GSE20685","CorePAM",15,167,0.6438,1
"GSE20685","CorePAM",15,168,0.5844,3
"GSE20685","CorePAM",15,169,0.6376,0
"GSE20685","CorePAM",15,170,0.6428,0
"GSE20685","CorePAM",15,171,0.6226,1
"GSE20685","CorePAM",15,172,0.6393,1
"GSE20685","CorePAM",15,173,0.6453,0
"GSE20685","CorePAM",15,174,0.6174,0
"GSE20685","CorePAM",15,175,0.5777,0
"GSE20685","CorePAM",15,176,0.5611,1
"GSE20685","CorePAM",15,177,0.5661,0
"GSE20685","CorePAM",15,178,0.6052,0
"GSE20685","CorePAM",15,179,0.626,1
"GSE20685","CorePAM",15,180,0.6193,1
"GSE20685","CorePAM",15,181,0.6303,1
"GSE20685","CorePAM",15,182,0.624,1
"GSE20685","CorePAM",15,183,0.5791,0
"GSE20685","CorePAM",15,184,0.6195,0
"GSE20685","CorePAM",15,185,0.5609,0
"GSE20685","CorePAM",15,186,0.624,0
"GSE20685","CorePAM",15,187,0.6129,2
"GSE20685","CorePAM",15,188,0.6274,1
"GSE20685","CorePAM",15,189,0.5746,0
"GSE20685","CorePAM",15,190,0.6001,3
"GSE20685","CorePAM",15,191,0.5935,2
"GSE20685","CorePAM",15,192,0.5894,3
"GSE20685","CorePAM",15,193,0.6455,0
"GSE20685","CorePAM",15,194,0.5693,0
"GSE20685","CorePAM",15,195,0.5775,0
"GSE20685","CorePAM",15,196,0.6381,1
"GSE20685","CorePAM",15,197,0.6215,1
"GSE20685","CorePAM",15,198,0.5968,0
"GSE20685","CorePAM",15,199,0.6375,1
"GSE20685","CorePAM",15,200,0.6303,0
"GSE20685","CorePAM",15,201,0.6093,0
"GSE20685","CorePAM",15,202,0.5538,0
"GSE20685","CorePAM",15,203,0.61,0
"GSE20685","CorePAM",15,204,0.6227,1
"GSE20685","CorePAM",15,205,0.6065,0
"GSE20685","CorePAM",15,206,0.6366,0
"GSE20685","CorePAM",15,207,0.6035,0
"GSE20685","CorePAM",15,208,0.6189,1
"GSE20685","CorePAM",15,209,0.6348,1
"GSE20685","CorePAM",15,210,0.6287,1
"GSE20685","CorePAM",15,211,0.5998,1
"GSE20685","CorePAM",15,212,0.638,1
"GSE20685","CorePAM",15,213,0.5879,0
"GSE20685","CorePAM",15,214,0.6375,1
"GSE20685","CorePAM",15,215,0.5804,0
"GSE20685","CorePAM",15,216,0.6324,1
"GSE20685","CorePAM",15,217,0.5729,3
"GSE20685","CorePAM",15,218,0.633,1
"GSE20685","CorePAM",15,219,0.6321,1
"GSE20685","CorePAM",15,220,0.6024,1
"GSE20685","CorePAM",15,221,0.5724,0
"GSE20685","CorePAM",15,222,0.5768,3
"GSE20685","CorePAM",15,223,0.585,0
"GSE20685","CorePAM",15,224,0.6401,1
"GSE20685","CorePAM",15,225,0.5405,1
"GSE20685","CorePAM",15,226,0.5217,0
"GSE20685","CorePAM",15,227,0.546,7
"GSE20685","CorePAM",15,228,0.5695,2
"GSE20685","CorePAM",15,229,0.5833,0
"GSE20685","CorePAM",15,230,0.6124,0
"GSE20685","CorePAM",15,231,0.6532,0
"GSE20685","CorePAM",15,232,0.6104,0
"GSE20685","CorePAM",15,233,0.6243,1
"GSE20685","CorePAM",15,234,0.5671,0
"GSE20685","CorePAM",15,235,0.6359,1
"GSE20685","CorePAM",15,236,0.5889,0
"GSE20685","CorePAM",15,237,0.6342,1
"GSE20685","CorePAM",15,238,0.6184,0
"GSE20685","CorePAM",15,239,0.5927,0
"GSE20685","CorePAM",15,240,0.625,1
"GSE20685","CorePAM",15,241,0.6076,1
"GSE20685","CorePAM",15,242,0.5559,0
"GSE20685","CorePAM",15,243,0.6062,1
"GSE20685","CorePAM",15,244,0.6363,1
"GSE20685","CorePAM",15,245,0.6259,0
"GSE20685","CorePAM",15,246,0.5966,0
"GSE20685","CorePAM",15,247,0.6363,1
"GSE20685","CorePAM",15,248,0.5606,1
"GSE20685","CorePAM",15,249,0.5922,2
"GSE20685","CorePAM",15,250,0.5229,12
"GSE20685","CorePAM",15,251,0.5317,6
"GSE20685","CorePAM",15,252,0.6295,1
"GSE20685","CorePAM",15,253,0.6278,0
"GSE20685","CorePAM",15,254,0.6274,0
"GSE20685","CorePAM",15,255,0.6283,1
"GSE20685","CorePAM",15,256,0.5765,3
"GSE20685","CorePAM",15,257,0.6401,1
"GSE20685","CorePAM",15,258,0.6438,0
"GSE20685","CorePAM",15,259,0.5503,0
"GSE20685","CorePAM",15,260,0.5793,0
"GSE20685","CorePAM",15,261,0.5993,1
"GSE20685","CorePAM",15,262,0.6305,1
"GSE20685","CorePAM",15,263,0.5872,0
"GSE20685","CorePAM",15,264,0.5963,0
"GSE20685","CorePAM",15,265,0.5905,0
"GSE20685","CorePAM",15,266,0.6326,1
"GSE20685","CorePAM",15,267,0.6259,1
"GSE20685","CorePAM",15,268,0.5964,0
"GSE20685","CorePAM",15,269,0.5377,1
"GSE20685","CorePAM",15,270,0.6224,0
"GSE20685","CorePAM",15,271,0.6255,0
"GSE20685","CorePAM",15,272,0.5348,11
"GSE20685","CorePAM",15,273,0.6101,1
"GSE20685","CorePAM",15,274,0.6292,1
"GSE20685","CorePAM",15,275,0.6226,1
"GSE20685","CorePAM",15,276,0.6277,1
"GSE20685","CorePAM",15,277,0.6504,0
"GSE20685","CorePAM",15,278,0.5874,0
"GSE20685","CorePAM",15,279,0.6174,0
"GSE20685","CorePAM",15,280,0.5659,1
"GSE20685","CorePAM",15,281,0.5956,2
"GSE20685","CorePAM",15,282,0.6199,1
"GSE20685","CorePAM",15,283,0.6475,1
"GSE20685","CorePAM",15,284,0.6417,1
"GSE20685","CorePAM",15,285,0.5616,3
"GSE20685","CorePAM",15,286,0.6308,0
"GSE20685","CorePAM",15,287,0.6071,0
"GSE20685","CorePAM",15,288,0.6217,0
"GSE20685","CorePAM",15,289,0.5903,3
"GSE20685","CorePAM",15,290,0.5511,0
"GSE20685","CorePAM",15,291,0.6268,1
"GSE20685","CorePAM",15,292,0.644,0
"GSE20685","CorePAM",15,293,0.6294,0
"GSE20685","CorePAM",15,294,0.5559,0
"GSE20685","CorePAM",15,295,0.603,4
"GSE20685","CorePAM",15,296,0.6069,5
"GSE20685","CorePAM",15,297,0.6181,0
"GSE20685","CorePAM",15,298,0.6297,1
"GSE20685","CorePAM",15,299,0.6461,2
"GSE20685","CorePAM",15,300,0.5667,6
"GSE20685","CorePAM",15,301,0.5809,0
"GSE20685","CorePAM",15,302,0.6099,0
"GSE20685","CorePAM",15,303,0.5907,3
"GSE20685","CorePAM",15,304,0.5613,0
"GSE20685","CorePAM",15,305,0.6263,1
"GSE20685","CorePAM",15,306,0.5611,4
"GSE20685","CorePAM",15,307,0.4799,6
"GSE20685","CorePAM",15,308,0.5984,0
"GSE20685","CorePAM",15,309,0.6066,0
"GSE20685","CorePAM",15,310,0.6157,0
"GSE20685","CorePAM",15,311,0.5606,1
"GSE20685","CorePAM",15,312,0.6193,0
"GSE20685","CorePAM",15,313,0.6234,1
"GSE20685","CorePAM",15,314,0.6203,0
"GSE20685","CorePAM",15,315,0.6057,0
"GSE20685","CorePAM",15,316,0.6246,1
"GSE20685","CorePAM",15,317,0.5832,0
"GSE20685","CorePAM",15,318,0.6477,0
"GSE20685","CorePAM",15,319,0.6448,1
"GSE20685","CorePAM",15,320,0.5508,10
"GSE20685","CorePAM",15,321,0.5201,2
"GSE20685","CorePAM",15,322,0.6145,1
"GSE20685","CorePAM",15,323,0.6375,1
"GSE20685","CorePAM",15,324,0.5799,0
"GSE20685","CorePAM",15,325,0.6323,0
"GSE20685","CorePAM",15,326,0.6193,0
"GSE20685","CorePAM",15,327,0.6257,1
"GSE20685","CorePAM",15,328,0.54,2
"GSE20685","CorePAM",15,329,0.5542,0
"GSE20685","CorePAM",15,330,0.6107,0
"GSE20685","CorePAM",15,331,0.5826,0
"GSE20685","CorePAM",15,332,0.5426,0
"GSE20685","CorePAM",15,333,0.5097,4
"GSE20685","CorePAM",15,334,0.6023,0
"GSE20685","CorePAM",15,335,0.6279,0
"GSE20685","CorePAM",15,336,0.5612,0
"GSE20685","CorePAM",15,337,0.6376,1
"GSE20685","CorePAM",15,338,0.5581,0
"GSE20685","CorePAM",15,339,0.6108,1
"GSE20685","CorePAM",15,340,0.6288,1
"GSE20685","CorePAM",15,341,0.617,1
"GSE20685","CorePAM",15,342,0.6241,0
"GSE20685","CorePAM",15,343,0.5991,0
"GSE20685","CorePAM",15,344,0.6174,1
"GSE20685","CorePAM",15,345,0.5466,7
"GSE20685","CorePAM",15,346,0.5952,0
"GSE20685","CorePAM",15,347,0.5695,0
"GSE20685","CorePAM",15,348,0.5787,0
"GSE20685","CorePAM",15,349,0.6278,1
"GSE20685","CorePAM",15,350,0.5341,3
"GSE20685","CorePAM",15,351,0.5922,0
"GSE20685","CorePAM",15,352,0.5373,0
"GSE20685","CorePAM",15,353,0.5649,0
"GSE20685","CorePAM",15,354,0.6376,0
"GSE20685","CorePAM",15,355,0.6296,1
"GSE20685","CorePAM",15,356,0.6122,1
"GSE20685","CorePAM",15,357,0.6267,0
"GSE20685","CorePAM",15,358,0.606,1
"GSE20685","CorePAM",15,359,0.5606,0
"GSE20685","CorePAM",15,360,0.6564,0
"GSE20685","CorePAM",15,361,0.5243,0
"GSE20685","CorePAM",15,362,0.5656,0
"GSE20685","CorePAM",15,363,0.5612,0
"GSE20685","CorePAM",15,364,0.6171,0
"GSE20685","CorePAM",15,365,0.6279,1
"GSE20685","CorePAM",15,366,0.6018,0
"GSE20685","CorePAM",15,367,0.6281,0
"GSE20685","CorePAM",15,368,0.5476,0
"GSE20685","CorePAM",15,369,0.6286,1
"GSE20685","CorePAM",15,370,0.5577,10
"GSE20685","CorePAM",15,371,0.5671,0
"GSE20685","CorePAM",15,372,0.566,0
"GSE20685","CorePAM",15,373,0.6148,1
"GSE20685","CorePAM",15,374,0.6213,0
"GSE20685","CorePAM",15,375,0.6228,0
"GSE20685","CorePAM",15,376,0.6178,1
"GSE20685","CorePAM",15,377,0.5951,0
"GSE20685","CorePAM",15,378,0.6275,1
"GSE20685","CorePAM",15,379,0.5899,0
"GSE20685","CorePAM",15,380,0.6253,1
"GSE20685","CorePAM",15,381,0.6011,0
"GSE20685","CorePAM",15,382,0.6333,1
"GSE20685","CorePAM",15,383,0.5576,8
"GSE20685","CorePAM",15,384,0.6266,1
"GSE20685","CorePAM",15,385,0.6315,1
"GSE20685","CorePAM",15,386,0.5649,0
"GSE20685","CorePAM",15,387,0.6323,1
"GSE20685","CorePAM",15,388,0.5953,4
"GSE20685","CorePAM",15,389,0.6188,1
"GSE20685","CorePAM",15,390,0.6095,1
"GSE20685","CorePAM",15,391,0.6432,0
"GSE20685","CorePAM",15,392,0.6345,1
"GSE20685","CorePAM",15,393,0.6121,0
"GSE20685","CorePAM",15,394,0.62,0
"GSE20685","CorePAM",15,395,0.6139,0
"GSE20685","CorePAM",15,396,0.6009,0
"GSE20685","CorePAM",15,397,0.5946,0
"GSE20685","CorePAM",15,398,0.5768,1
"GSE20685","CorePAM",15,399,0.5774,0
"GSE20685","CorePAM",15,400,0.5355,12
"GSE20685","CorePAM",15,401,0.5964,1
"GSE20685","CorePAM",15,402,0.5859,0
"GSE20685","CorePAM",15,403,0.6164,0
"GSE20685","CorePAM",15,404,0.6007,0
"GSE20685","CorePAM",15,405,0.6347,1
"GSE20685","CorePAM",15,406,0.6107,0
"GSE20685","CorePAM",15,407,0.6173,0
"GSE20685","CorePAM",15,408,0.6286,1
"GSE20685","CorePAM",15,409,0.5955,0
"GSE20685","CorePAM",15,410,0.6337,1
"GSE20685","CorePAM",15,411,0.5992,0
"GSE20685","CorePAM",15,412,0.6415,1
"GSE20685","CorePAM",15,413,0.6072,3
"GSE20685","CorePAM",15,414,0.5613,0
"GSE20685","CorePAM",15,415,0.5941,2
"GSE20685","CorePAM",15,416,0.5793,0
"GSE20685","CorePAM",15,417,0.6265,0
"GSE20685","CorePAM",15,418,0.6199,0
"GSE20685","CorePAM",15,419,0.6392,1
"GSE20685","CorePAM",15,420,0.5431,0
"GSE20685","CorePAM",15,421,0.6253,0
"GSE20685","CorePAM",15,422,0.6408,1
"GSE20685","CorePAM",15,423,0.5917,0
"GSE20685","CorePAM",15,424,0.583,3
"GSE20685","CorePAM",15,425,0.6216,0
"GSE20685","CorePAM",15,426,0.6283,0
"GSE20685","CorePAM",15,427,0.6004,0
"GSE20685","CorePAM",15,428,0.6303,0
"GSE20685","CorePAM",15,429,0.6,0
"GSE20685","CorePAM",15,430,0.5561,0
"GSE20685","CorePAM",15,431,0.6211,1
"GSE20685","CorePAM",15,432,0.5849,0
"GSE20685","CorePAM",15,433,0.6173,0
"GSE20685","CorePAM",15,434,0.6121,0
"GSE20685","CorePAM",15,435,0.6181,0
"GSE20685","CorePAM",15,436,0.6108,0
"GSE20685","CorePAM",15,437,0.6376,0
"GSE20685","CorePAM",15,438,0.6109,0
"GSE20685","CorePAM",15,439,0.4628,12
"GSE20685","CorePAM",15,440,0.6334,1
"GSE20685","CorePAM",15,441,0.6387,0
"GSE20685","CorePAM",15,442,0.62,1
"GSE20685","CorePAM",15,443,0.641,1
"GSE20685","CorePAM",15,444,0.589,0
"GSE20685","CorePAM",15,445,0.6095,0
"GSE20685","CorePAM",15,446,0.5731,0
"GSE20685","CorePAM",15,447,0.5969,0
"GSE20685","CorePAM",15,448,0.62,0
"GSE20685","CorePAM",15,449,0.6397,1
"GSE20685","CorePAM",15,450,0.6235,0
"GSE20685","CorePAM",15,451,0.5853,0
"GSE20685","CorePAM",15,452,0.5733,0
"GSE20685","CorePAM",15,453,0.608,0
"GSE20685","CorePAM",15,454,0.5583,0
"GSE20685","CorePAM",15,455,0.6051,2
"GSE20685","CorePAM",15,456,0.59,0
"GSE20685","CorePAM",15,457,0.5273,2
"GSE20685","CorePAM",15,458,0.6304,1
"GSE20685","CorePAM",15,459,0.6311,1
"GSE20685","CorePAM",15,460,0.6151,0
"GSE20685","CorePAM",15,461,0.6174,1
"GSE20685","CorePAM",15,462,0.6237,0
"GSE20685","CorePAM",15,463,0.5968,0
"GSE20685","CorePAM",15,464,0.6274,0
"GSE20685","CorePAM",15,465,0.5753,0
"GSE20685","CorePAM",15,466,0.5417,0
"GSE20685","CorePAM",15,467,0.5612,0
"GSE20685","CorePAM",15,468,0.628,0
"GSE20685","CorePAM",15,469,0.6387,1
"GSE20685","CorePAM",15,470,0.6154,1
"GSE20685","CorePAM",15,471,0.6098,0
"GSE20685","CorePAM",15,472,0.5862,1
"GSE20685","CorePAM",15,473,0.6161,0
"GSE20685","CorePAM",15,474,0.6051,1
"GSE20685","CorePAM",15,475,0.6018,1
"GSE20685","CorePAM",15,476,0.6386,1
"GSE20685","CorePAM",15,477,0.6056,1
"GSE20685","CorePAM",15,478,0.531,0
"GSE20685","CorePAM",15,479,0.5601,2
"GSE20685","CorePAM",15,480,0.633,1
"GSE20685","CorePAM",15,481,0.6116,0
"GSE20685","CorePAM",15,482,0.6155,1
"GSE20685","CorePAM",15,483,0.6342,0
"GSE20685","CorePAM",15,484,0.6217,1
"GSE20685","CorePAM",15,485,0.5885,0
"GSE20685","CorePAM",15,486,0.5929,0
"GSE20685","CorePAM",15,487,0.6133,1
"GSE20685","CorePAM",15,488,0.6016,8
"GSE20685","CorePAM",15,489,0.6355,1
"GSE20685","CorePAM",15,490,0.6222,0
"GSE20685","CorePAM",15,491,0.6371,0
"GSE20685","CorePAM",15,492,0.6179,1
"GSE20685","CorePAM",15,493,0.6143,0
"GSE20685","CorePAM",15,494,0.629,0
"GSE20685","CorePAM",15,495,0.5585,0
"GSE20685","CorePAM",15,496,0.6226,0
"GSE20685","CorePAM",15,497,0.5992,0
"GSE20685","CorePAM",15,498,0.602,0
"GSE20685","CorePAM",15,499,0.6237,1
"GSE20685","CorePAM",15,500,0.5723,0
"GSE20685","CorePAM",15,501,0.5466,0
"GSE20685","CorePAM",15,502,0.5805,3
"GSE20685","CorePAM",15,503,0.6363,0
"GSE20685","CorePAM",15,504,0.5405,11
"GSE20685","CorePAM",15,505,0.6277,0
"GSE20685","CorePAM",15,506,0.638,0
"GSE20685","CorePAM",15,507,0.6128,0
"GSE20685","CorePAM",15,508,0.6313,1
"GSE20685","CorePAM",15,509,0.6081,0
"GSE20685","CorePAM",15,510,0.5841,0
"GSE20685","CorePAM",15,511,0.5976,0
"GSE20685","CorePAM",15,512,0.6227,1
"GSE20685","CorePAM",15,513,0.629,1
"GSE20685","CorePAM",15,514,0.6216,1
"GSE20685","CorePAM",15,515,0.4985,6
"GSE20685","CorePAM",15,516,0.6099,1
"GSE20685","CorePAM",15,517,0.6143,0
"GSE20685","CorePAM",15,518,0.6288,0
"GSE20685","CorePAM",15,519,0.5784,0
"GSE20685","CorePAM",15,520,0.5063,2
"GSE20685","CorePAM",15,521,0.5965,0
"GSE20685","CorePAM",15,522,0.5816,3
"GSE20685","CorePAM",15,523,0.6358,1
"GSE20685","CorePAM",15,524,0.5612,0
"GSE20685","CorePAM",15,525,0.5604,0
"GSE20685","CorePAM",15,526,0.6131,1
"GSE20685","CorePAM",15,527,0.5699,0
"GSE20685","CorePAM",15,528,0.629,0
"GSE20685","CorePAM",15,529,0.6211,0
"GSE20685","CorePAM",15,530,0.5981,0
"GSE20685","CorePAM",15,531,0.632,1
"GSE20685","CorePAM",15,532,0.5094,6
"GSE20685","CorePAM",15,533,0.5977,4
"GSE20685","CorePAM",15,534,0.564,0
"GSE20685","CorePAM",15,535,0.529,2
"GSE20685","CorePAM",15,536,0.5712,0
"GSE20685","CorePAM",15,537,0.5387,0
"GSE20685","CorePAM",15,538,0.6158,0
"GSE20685","CorePAM",15,539,0.6369,1
"GSE20685","CorePAM",15,540,0.5906,0
"GSE20685","CorePAM",15,541,0.5792,0
"GSE20685","CorePAM",15,542,0.6032,0
"GSE20685","CorePAM",15,543,0.6255,0
"GSE20685","CorePAM",15,544,0.5428,0
"GSE20685","CorePAM",15,545,0.6015,2
"GSE20685","CorePAM",15,546,0.5893,0
"GSE20685","CorePAM",15,547,0.5759,0
"GSE20685","CorePAM",15,548,0.5775,0
"GSE20685","CorePAM",15,549,0.544,0
"GSE20685","CorePAM",15,550,0.5645,0
"GSE20685","CorePAM",15,551,0.626,0
"GSE20685","CorePAM",15,552,0.5685,1
"GSE20685","CorePAM",15,553,0.6527,0
"GSE20685","CorePAM",15,554,0.6075,0
"GSE20685","CorePAM",15,555,0.6347,0
"GSE20685","CorePAM",15,556,0.6102,4
"GSE20685","CorePAM",15,557,0.6026,0
"GSE20685","CorePAM",15,558,0.5964,4
"GSE20685","CorePAM",15,559,0.5519,0
"GSE20685","CorePAM",15,560,0.6424,1
"GSE20685","CorePAM",15,561,0.6375,1
"GSE20685","CorePAM",15,562,0.5457,7
"GSE20685","CorePAM",15,563,0.5718,0
"GSE20685","CorePAM",15,564,0.5728,11
"GSE20685","CorePAM",15,565,0.6157,1
"GSE20685","CorePAM",15,566,0.609,0
"GSE20685","CorePAM",15,567,0.6226,0
"GSE20685","CorePAM",15,568,0.566,0
"GSE20685","CorePAM",15,569,0.6103,1
"GSE20685","CorePAM",15,570,0.5069,12
"GSE20685","CorePAM",15,571,0.622,1
"GSE20685","CorePAM",15,572,0.5657,0
"GSE20685","CorePAM",15,573,0.596,3
"GSE20685","CorePAM",15,574,0.5897,2
"GSE20685","CorePAM",15,575,0.6104,0
"GSE20685","CorePAM",15,576,0.5964,0
"GSE20685","CorePAM",15,577,0.6384,1
"GSE20685","CorePAM",15,578,0.6419,1
"GSE20685","CorePAM",15,579,0.515,6
"GSE20685","CorePAM",15,580,0.5486,2
"GSE20685","CorePAM",15,581,0.5808,0
"GSE20685","CorePAM",15,582,0.6176,0
"GSE20685","CorePAM",15,583,0.5672,12
"GSE20685","CorePAM",15,584,0.6253,1
"GSE20685","CorePAM",15,585,0.5867,0
"GSE20685","CorePAM",15,586,0.5753,0
"GSE20685","CorePAM",15,587,0.5241,2
"GSE20685","CorePAM",15,588,0.6197,0
"GSE20685","CorePAM",15,589,0.6362,1
"GSE20685","CorePAM",15,590,0.631,0
"GSE20685","CorePAM",15,591,0.6335,1
"GSE20685","CorePAM",15,592,0.5869,0
"GSE20685","CorePAM",15,593,0.5973,0
"GSE20685","CorePAM",15,594,0.5954,0
"GSE20685","CorePAM",15,595,0.6264,0
"GSE20685","CorePAM",15,596,0.6125,1
"GSE20685","CorePAM",15,597,0.6008,0
"GSE20685","CorePAM",15,598,0.6449,1
"GSE20685","CorePAM",15,599,0.6026,3
"GSE20685","CorePAM",15,600,0.5494,0
"GSE20685","CorePAM",15,601,0.6321,1
"GSE20685","CorePAM",15,602,0.6228,0
"GSE20685","CorePAM",15,603,0.6276,1
"GSE20685","CorePAM",15,604,0.6122,0
"GSE20685","CorePAM",15,605,0.5844,0
"GSE20685","CorePAM",15,606,0.575,0
"GSE20685","CorePAM",15,607,0.6054,0
"GSE20685","CorePAM",15,608,0.6506,1
"GSE20685","CorePAM",15,609,0.6401,0
"GSE20685","CorePAM",15,610,0.6191,0
"GSE20685","CorePAM",15,611,0.5838,0
"GSE20685","CorePAM",15,612,0.6151,0
"GSE20685","CorePAM",15,613,0.5892,0
"GSE20685","CorePAM",15,614,0.5754,0
"GSE20685","CorePAM",15,615,0.5966,0
"GSE20685","CorePAM",15,616,0.6256,0
"GSE20685","CorePAM",15,617,0.6513,0
"GSE20685","CorePAM",15,618,0.5934,1
"GSE20685","CorePAM",15,619,0.5743,0
"GSE20685","CorePAM",15,620,0.6203,1
"GSE20685","CorePAM",15,621,0.6293,1
"GSE20685","CorePAM",15,622,0.6179,1
"GSE20685","CorePAM",15,623,0.5584,0
"GSE20685","CorePAM",15,624,0.6304,1
"GSE20685","CorePAM",15,625,0.5982,0
"GSE20685","CorePAM",15,626,0.5715,2
"GSE20685","CorePAM",15,627,0.5919,0
"GSE20685","CorePAM",15,628,0.5992,0
"GSE20685","CorePAM",15,629,0.6365,0
"GSE20685","CorePAM",15,630,0.6105,0
"GSE20685","CorePAM",15,631,0.6252,1
"GSE20685","CorePAM",15,632,0.568,0
"GSE20685","CorePAM",15,633,0.6278,1
"GSE20685","CorePAM",15,634,0.6364,1
"GSE20685","CorePAM",15,635,0.6207,0
"GSE20685","CorePAM",15,636,0.6208,0
"GSE20685","CorePAM",15,637,0.6412,1
"GSE20685","CorePAM",15,638,0.6319,1
"GSE20685","CorePAM",15,639,0.6193,1
"GSE20685","CorePAM",15,640,0.5723,3
"GSE20685","CorePAM",15,641,0.6007,0
"GSE20685","CorePAM",15,642,0.5759,3
"GSE20685","CorePAM",15,643,0.5226,2
"GSE20685","CorePAM",15,644,0.629,1
"GSE20685","CorePAM",15,645,0.523,0
"GSE20685","CorePAM",15,646,0.6097,0
"GSE20685","CorePAM",15,647,0.5333,2
"GSE20685","CorePAM",15,648,0.6057,0
"GSE20685","CorePAM",15,649,0.641,0
"GSE20685","CorePAM",15,650,0.5571,0
"GSE20685","CorePAM",15,651,0.631,1
"GSE20685","CorePAM",15,652,0.6302,0
"GSE20685","CorePAM",15,653,0.6259,1
"GSE20685","CorePAM",15,654,0.5901,2
"GSE20685","CorePAM",15,655,0.5805,0
"GSE20685","CorePAM",15,656,0.6029,0
"GSE20685","CorePAM",15,657,0.5986,0
"GSE20685","CorePAM",15,658,0.5956,0
"GSE20685","CorePAM",15,659,0.5829,3
"GSE20685","CorePAM",15,660,0.5557,0
"GSE20685","CorePAM",15,661,0.5375,0
"GSE20685","CorePAM",15,662,0.61,3
"GSE20685","CorePAM",15,663,0.6182,1
"GSE20685","CorePAM",15,664,0.5934,0
"GSE20685","CorePAM",15,665,0.6263,1
"GSE20685","CorePAM",15,666,0.5391,0
"GSE20685","CorePAM",15,667,0.6146,0
"GSE20685","CorePAM",15,668,0.5982,2
"GSE20685","CorePAM",15,669,0.5707,1
"GSE20685","CorePAM",15,670,0.5512,10
"GSE20685","CorePAM",15,671,0.6,0
"GSE20685","CorePAM",15,672,0.6218,1
"GSE20685","CorePAM",15,673,0.6322,1
"GSE20685","CorePAM",15,674,0.617,1
"GSE20685","CorePAM",15,675,0.5532,6
"GSE20685","CorePAM",15,676,0.563,0
"GSE20685","CorePAM",15,677,0.6431,1
"GSE20685","CorePAM",15,678,0.5806,1
"GSE20685","CorePAM",15,679,0.6339,1
"GSE20685","CorePAM",15,680,0.6201,1
"GSE20685","CorePAM",15,681,0.6033,4
"GSE20685","CorePAM",15,682,0.6355,1
"GSE20685","CorePAM",15,683,0.5917,1
"GSE20685","CorePAM",15,684,0.5955,0
"GSE20685","CorePAM",15,685,0.5506,0
"GSE20685","CorePAM",15,686,0.582,0
"GSE20685","CorePAM",15,687,0.618,1
"GSE20685","CorePAM",15,688,0.6221,1
"GSE20685","CorePAM",15,689,0.6354,0
"GSE20685","CorePAM",15,690,0.6233,0
"GSE20685","CorePAM",15,691,0.5815,0
"GSE20685","CorePAM",15,692,0.6156,1
"GSE20685","CorePAM",15,693,0.6092,3
"GSE20685","CorePAM",15,694,0.6074,1
"GSE20685","CorePAM",15,695,0.6433,0
"GSE20685","CorePAM",15,696,0.6264,1
"GSE20685","CorePAM",15,697,0.6511,0
"GSE20685","CorePAM",15,698,0.6186,0
"GSE20685","CorePAM",15,699,0.6186,0
"GSE20685","CorePAM",15,700,0.5718,0
"GSE20685","CorePAM",15,701,0.555,0
"GSE20685","CorePAM",15,702,0.6425,1
"GSE20685","CorePAM",15,703,0.575,0
"GSE20685","CorePAM",15,704,0.6216,1
"GSE20685","CorePAM",15,705,0.6381,0
"GSE20685","CorePAM",15,706,0.6323,0
"GSE20685","CorePAM",15,707,0.6448,1
"GSE20685","CorePAM",15,708,0.6081,1
"GSE20685","CorePAM",15,709,0.558,12
"GSE20685","CorePAM",15,710,0.6048,4
"GSE20685","CorePAM",15,711,0.6227,1
"GSE20685","CorePAM",15,712,0.6326,1
"GSE20685","CorePAM",15,713,0.5688,0
"GSE20685","CorePAM",15,714,0.6043,0
"GSE20685","CorePAM",15,715,0.6067,0
"GSE20685","CorePAM",15,716,0.6272,1
"GSE20685","CorePAM",15,717,0.5843,0
"GSE20685","CorePAM",15,718,0.6072,1
"GSE20685","CorePAM",15,719,0.6205,0
"GSE20685","CorePAM",15,720,0.6196,0
"GSE20685","CorePAM",15,721,0.6403,1
"GSE20685","CorePAM",15,722,0.6548,0
"GSE20685","CorePAM",15,723,0.6029,0
"GSE20685","CorePAM",15,724,0.5692,0
"GSE20685","CorePAM",15,725,0.5941,0
"GSE20685","CorePAM",15,726,0.6365,1
"GSE20685","CorePAM",15,727,0.6097,2
"GSE20685","CorePAM",15,728,0.614,0
"GSE20685","CorePAM",15,729,0.6337,1
"GSE20685","CorePAM",15,730,0.5696,0
"GSE20685","CorePAM",15,731,0.5446,1
"GSE20685","CorePAM",15,732,0.5697,10
"GSE20685","CorePAM",15,733,0.6302,0
"GSE20685","CorePAM",15,734,0.623,0
"GSE20685","CorePAM",15,735,0.634,1
"GSE20685","CorePAM",15,736,0.5667,0
"GSE20685","CorePAM",15,737,0.5942,4
"GSE20685","CorePAM",15,738,0.6141,0
"GSE20685","CorePAM",15,739,0.577,0
"GSE20685","CorePAM",15,740,0.6094,0
"GSE20685","CorePAM",15,741,0.609,4
"GSE20685","CorePAM",15,742,0.6109,0
"GSE20685","CorePAM",15,743,0.597,2
"GSE20685","CorePAM",15,744,0.6188,1
"GSE20685","CorePAM",15,745,0.6298,1
"GSE20685","CorePAM",15,746,0.6273,0
"GSE20685","CorePAM",15,747,0.6468,1
"GSE20685","CorePAM",15,748,0.6202,1
"GSE20685","CorePAM",15,749,0.5282,1
"GSE20685","CorePAM",15,750,0.6359,1
"GSE20685","CorePAM",15,751,0.5833,0
"GSE20685","CorePAM",15,752,0.6417,1
"GSE20685","CorePAM",15,753,0.5393,1
"GSE20685","CorePAM",15,754,0.604,1
"GSE20685","CorePAM",15,755,0.6144,0
"GSE20685","CorePAM",15,756,0.5704,0
"GSE20685","CorePAM",15,757,0.6143,0
"GSE20685","CorePAM",15,758,0.6354,1
"GSE20685","CorePAM",15,759,0.516,2
"GSE20685","CorePAM",15,760,0.6367,1
"GSE20685","CorePAM",15,761,0.6099,4
"GSE20685","CorePAM",15,762,0.4756,12
"GSE20685","CorePAM",15,763,0.6257,0
"GSE20685","CorePAM",15,764,0.6388,1
"GSE20685","CorePAM",15,765,0.6054,0
"GSE20685","CorePAM",15,766,0.6259,0
"GSE20685","CorePAM",15,767,0.606,3
"GSE20685","CorePAM",15,768,0.6235,0
"GSE20685","CorePAM",15,769,0.5473,0
"GSE20685","CorePAM",15,770,0.6336,1
"GSE20685","CorePAM",15,771,0.625,1
"GSE20685","CorePAM",15,772,0.6448,0
"GSE20685","CorePAM",15,773,0.6285,1
"GSE20685","CorePAM",15,774,0.5551,0
"GSE20685","CorePAM",15,775,0.5945,0
"GSE20685","CorePAM",15,776,0.6212,0
"GSE20685","CorePAM",15,777,0.6285,1
"GSE20685","CorePAM",15,778,0.5776,0
"GSE20685","CorePAM",15,779,0.5761,0
"GSE20685","CorePAM",15,780,0.5957,3
"GSE20685","CorePAM",15,781,0.5328,11
"GSE20685","CorePAM",15,782,0.5601,3
"GSE20685","CorePAM",15,783,0.6007,1
"GSE20685","CorePAM",15,784,0.5603,0
"GSE20685","CorePAM",15,785,0.6156,1
"GSE20685","CorePAM",15,786,0.5984,0
"GSE20685","CorePAM",15,787,0.611,3
"GSE20685","CorePAM",15,788,0.6188,1
"GSE20685","CorePAM",15,789,0.5978,4
"GSE20685","CorePAM",15,790,0.5934,4
"GSE20685","CorePAM",15,791,0.6286,1
"GSE20685","CorePAM",15,792,0.5952,0
"GSE20685","CorePAM",15,793,0.6226,0
"GSE20685","CorePAM",15,794,0.6217,1
"GSE20685","CorePAM",15,795,0.6286,1
"GSE20685","CorePAM",15,796,0.6195,0
"GSE20685","CorePAM",15,797,0.6329,0
"GSE20685","CorePAM",15,798,0.583,0
"GSE20685","CorePAM",15,799,0.6106,1
"GSE20685","CorePAM",15,800,0.6457,1
"GSE20685","CorePAM",15,801,0.5731,0
"GSE20685","CorePAM",15,802,0.6159,1
"GSE20685","CorePAM",15,803,0.5112,6
"GSE20685","CorePAM",15,804,0.611,1
"GSE20685","CorePAM",15,805,0.6003,0
"GSE20685","CorePAM",15,806,0.6245,1
"GSE20685","CorePAM",15,807,0.6277,1
"GSE20685","CorePAM",15,808,0.6277,1
"GSE20685","CorePAM",15,809,0.4793,6
"GSE20685","CorePAM",15,810,0.642,1
"GSE20685","CorePAM",15,811,0.5648,1
"GSE20685","CorePAM",15,812,0.6215,0
"GSE20685","CorePAM",15,813,0.5588,0
"GSE20685","CorePAM",15,814,0.5956,3
"GSE20685","CorePAM",15,815,0.6304,0
"GSE20685","CorePAM",15,816,0.6043,0
"GSE20685","CorePAM",15,817,0.5836,0
"GSE20685","CorePAM",15,818,0.5495,0
"GSE20685","CorePAM",15,819,0.6146,3
"GSE20685","CorePAM",15,820,0.5358,1
"GSE20685","CorePAM",15,821,0.5798,0
"GSE20685","CorePAM",15,822,0.5774,0
"GSE20685","CorePAM",15,823,0.6458,1
"GSE20685","CorePAM",15,824,0.5627,0
"GSE20685","CorePAM",15,825,0.6438,0
"GSE20685","CorePAM",15,826,0.5576,1
"GSE20685","CorePAM",15,827,0.6482,1
"GSE20685","CorePAM",15,828,0.599,1
"GSE20685","CorePAM",15,829,0.5881,0
"GSE20685","CorePAM",15,830,0.6368,1
"GSE20685","CorePAM",15,831,0.5685,0
"GSE20685","CorePAM",15,832,0.629,0
"GSE20685","CorePAM",15,833,0.6099,1
"GSE20685","CorePAM",15,834,0.6328,1
"GSE20685","CorePAM",15,835,0.6106,2
"GSE20685","CorePAM",15,836,0.6358,1
"GSE20685","CorePAM",15,837,0.5536,0
"GSE20685","CorePAM",15,838,0.6165,1
"GSE20685","CorePAM",15,839,0.6473,0
"GSE20685","CorePAM",15,840,0.6465,0
"GSE20685","CorePAM",15,841,0.6327,0
"GSE20685","CorePAM",15,842,0.6076,1
"GSE20685","CorePAM",15,843,0.5711,2
"GSE20685","CorePAM",15,844,0.6438,1
"GSE20685","CorePAM",15,845,0.6232,0
"GSE20685","CorePAM",15,846,0.624,0
"GSE20685","CorePAM",15,847,0.5942,0
"GSE20685","CorePAM",15,848,0.5767,0
"GSE20685","CorePAM",15,849,0.621,1
"GSE20685","CorePAM",15,850,0.5128,1
"GSE20685","CorePAM",15,851,0.6078,0
"GSE20685","CorePAM",15,852,0.6282,1
"GSE20685","CorePAM",15,853,0.6401,1
"GSE20685","CorePAM",15,854,0.6211,1
"GSE20685","CorePAM",15,855,0.5971,3
"GSE20685","CorePAM",15,856,0.5499,2
"GSE20685","CorePAM",15,857,0.6409,1
"GSE20685","CorePAM",15,858,0.5585,0
"GSE20685","CorePAM",15,859,0.6118,0
"GSE20685","CorePAM",15,860,0.6146,0
"GSE20685","CorePAM",15,861,0.6,0
"GSE20685","CorePAM",15,862,0.6302,1
"GSE20685","CorePAM",15,863,0.5544,0
"GSE20685","CorePAM",15,864,0.6173,0
"GSE20685","CorePAM",15,865,0.6408,1
"GSE20685","CorePAM",15,866,0.6348,1
"GSE20685","CorePAM",15,867,0.6202,0
"GSE20685","CorePAM",15,868,0.581,3
"GSE20685","CorePAM",15,869,0.6177,1
"GSE20685","CorePAM",15,870,0.6337,1
"GSE20685","CorePAM",15,871,0.6219,0
"GSE20685","CorePAM",15,872,0.6035,4
"GSE20685","CorePAM",15,873,0.5399,0
"GSE20685","CorePAM",15,874,0.5777,0
"GSE20685","CorePAM",15,875,0.5272,2
"GSE20685","CorePAM",15,876,0.5838,0
"GSE20685","CorePAM",15,877,0.6079,1
"GSE20685","CorePAM",15,878,0.6024,0
"GSE20685","CorePAM",15,879,0.559,0
"GSE20685","CorePAM",15,880,0.5838,0
"GSE20685","CorePAM",15,881,0.5281,0
"GSE20685","CorePAM",15,882,0.6146,0
"GSE20685","CorePAM",15,883,0.6281,1
"GSE20685","CorePAM",15,884,0.5886,3
"GSE20685","CorePAM",15,885,0.6026,0
"GSE20685","CorePAM",15,886,0.5897,0
"GSE20685","CorePAM",15,887,0.5853,0
"GSE20685","CorePAM",15,888,0.5564,12
"GSE20685","CorePAM",15,889,0.601,3
"GSE20685","CorePAM",15,890,0.6118,1
"GSE20685","CorePAM",15,891,0.5439,2
"GSE20685","CorePAM",15,892,0.6348,1
"GSE20685","CorePAM",15,893,0.5737,0
"GSE20685","CorePAM",15,894,0.633,0
"GSE20685","CorePAM",15,895,0.6075,1
"GSE20685","CorePAM",15,896,0.6145,0
"GSE20685","CorePAM",15,897,0.6481,0
"GSE20685","CorePAM",15,898,0.5852,1
"GSE20685","CorePAM",15,899,0.6029,0
"GSE20685","CorePAM",15,900,0.5711,0
"GSE20685","CorePAM",15,901,0.629,1
"GSE20685","CorePAM",15,902,0.6353,0
"GSE20685","CorePAM",15,903,0.6204,1
"GSE20685","CorePAM",15,904,0.6062,1
"GSE20685","CorePAM",15,905,0.523,12
"GSE20685","CorePAM",15,906,0.6069,0
"GSE20685","CorePAM",15,907,0.6289,0
"GSE20685","CorePAM",15,908,0.6241,0
"GSE20685","CorePAM",15,909,0.6173,0
"GSE20685","CorePAM",15,910,0.6285,0
"GSE20685","CorePAM",15,911,0.6145,1
"GSE20685","CorePAM",15,912,0.6279,0
"GSE20685","CorePAM",15,913,0.6187,0
"GSE20685","CorePAM",15,914,0.6075,0
"GSE20685","CorePAM",15,915,0.5686,0
"GSE20685","CorePAM",15,916,0.6062,0
"GSE20685","CorePAM",15,917,0.5538,1
"GSE20685","CorePAM",15,918,0.5402,5
"GSE20685","CorePAM",15,919,0.6253,0
"GSE20685","CorePAM",15,920,0.5711,0
"GSE20685","CorePAM",15,921,0.6606,0
"GSE20685","CorePAM",15,922,0.6231,0
"GSE20685","CorePAM",15,923,0.5237,0
"GSE20685","CorePAM",15,924,0.6242,1
"GSE20685","CorePAM",15,925,0.5562,1
"GSE20685","CorePAM",15,926,0.5727,0
"GSE20685","CorePAM",15,927,0.5945,0
"GSE20685","CorePAM",15,928,0.6206,0
"GSE20685","CorePAM",15,929,0.6207,0
"GSE20685","CorePAM",15,930,0.6181,1
"GSE20685","CorePAM",15,931,0.5789,0
"GSE20685","CorePAM",15,932,0.6217,0
"GSE20685","CorePAM",15,933,0.5884,0
"GSE20685","CorePAM",15,934,0.5884,0
"GSE20685","CorePAM",15,935,0.5734,0
"GSE20685","CorePAM",15,936,0.5665,0
"GSE20685","CorePAM",15,937,0.6302,0
"GSE20685","CorePAM",15,938,0.6195,0
"GSE20685","CorePAM",15,939,0.6536,0
"GSE20685","CorePAM",15,940,0.6208,0
"GSE20685","CorePAM",15,941,0.6201,1
"GSE20685","CorePAM",15,942,0.6319,1
"GSE20685","CorePAM",15,943,0.593,0
"GSE20685","CorePAM",15,944,0.6149,0
"GSE20685","CorePAM",15,945,0.5938,0
"GSE20685","CorePAM",15,946,0.5082,12
"GSE20685","CorePAM",15,947,0.641,1
"GSE20685","CorePAM",15,948,0.6319,1
"GSE20685","CorePAM",15,949,0.6093,0
"GSE20685","CorePAM",15,950,0.4964,0
"GSE20685","CorePAM",15,951,0.5752,6
"GSE20685","CorePAM",15,952,0.5637,0
"GSE20685","CorePAM",15,953,0.6059,0
"GSE20685","CorePAM",15,954,0.6103,3
"GSE20685","CorePAM",15,955,0.5755,0
"GSE20685","CorePAM",15,956,0.6412,0
"GSE20685","CorePAM",15,957,0.5999,0
"GSE20685","CorePAM",15,958,0.6188,0
"GSE20685","CorePAM",15,959,0.6382,0
"GSE20685","CorePAM",15,960,0.565,0
"GSE20685","CorePAM",15,961,0.6066,0
"GSE20685","CorePAM",15,962,0.6237,1
"GSE20685","CorePAM",15,963,0.5851,0
"GSE20685","CorePAM",15,964,0.631,0
"GSE20685","CorePAM",15,965,0.5937,0
"GSE20685","CorePAM",15,966,0.6314,1
"GSE20685","CorePAM",15,967,0.5992,0
"GSE20685","CorePAM",15,968,0.5521,1
"GSE20685","CorePAM",15,969,0.6157,1
"GSE20685","CorePAM",15,970,0.6436,1
"GSE20685","CorePAM",15,971,0.6192,1
"GSE20685","CorePAM",15,972,0.6373,1
"GSE20685","CorePAM",15,973,0.6325,1
"GSE20685","CorePAM",15,974,0.5722,4
"GSE20685","CorePAM",15,975,0.6147,0
"GSE20685","CorePAM",15,976,0.5602,10
"GSE20685","CorePAM",15,977,0.6338,1
"GSE20685","CorePAM",15,978,0.6406,0
"GSE20685","CorePAM",15,979,0.6382,1
"GSE20685","CorePAM",15,980,0.6039,0
"GSE20685","CorePAM",15,981,0.4831,6
"GSE20685","CorePAM",15,982,0.5216,2
"GSE20685","CorePAM",15,983,0.5874,0
"GSE20685","CorePAM",15,984,0.5895,0
"GSE20685","CorePAM",15,985,0.6112,0
"GSE20685","CorePAM",15,986,0.6292,1
"GSE20685","CorePAM",15,987,0.51,1
"GSE20685","CorePAM",15,988,0.5968,0
"GSE20685","CorePAM",15,989,0.595,0
"GSE20685","CorePAM",15,990,0.6026,0
"GSE20685","CorePAM",15,991,0.5888,2
"GSE20685","CorePAM",15,992,0.6398,1
"GSE20685","CorePAM",15,993,0.6305,1
"GSE20685","CorePAM",15,994,0.6038,0
"GSE20685","CorePAM",15,995,0.6244,0
"GSE20685","CorePAM",15,996,0.5904,0
"GSE20685","CorePAM",15,997,0.5824,0
"GSE20685","CorePAM",15,998,0.5325,0
"GSE20685","CorePAM",15,999,0.5731,0
"GSE20685","CorePAM",15,1000,0.6262,0
"GSE1456","GGI",24,1,0.6621,21
"GSE1456","GGI",24,2,0.666,16
"GSE1456","GGI",24,3,0.6818,13
"GSE1456","GGI",24,4,0.6768,21
"GSE1456","GGI",24,5,0.6706,20
"GSE1456","GGI",24,6,0.6697,21
"GSE1456","GGI",24,7,0.6632,17
"GSE1456","GGI",24,8,0.6677,21
"GSE1456","GGI",24,9,0.6753,21
"GSE1456","GGI",24,10,0.6625,21
"GSE1456","GGI",24,11,0.6671,20
"GSE1456","GGI",24,12,0.6612,20
"GSE1456","GGI",24,13,0.6775,21
"GSE1456","GGI",24,14,0.6656,21
"GSE1456","GGI",24,15,0.6781,21
"GSE1456","GGI",24,16,0.6688,21
"GSE1456","GGI",24,17,0.6595,21
"GSE1456","GGI",24,18,0.6762,20
"GSE1456","GGI",24,19,0.6658,21
"GSE1456","GGI",24,20,0.6691,19
"GSE1456","GGI",24,21,0.6587,21
"GSE1456","GGI",24,22,0.671,21
"GSE1456","GGI",24,23,0.6654,7
"GSE1456","GGI",24,24,0.6695,13
"GSE1456","GGI",24,25,0.6623,16
"GSE1456","GGI",24,26,0.6734,20
"GSE1456","GGI",24,27,0.6706,20
"GSE1456","GGI",24,28,0.6638,19
"GSE1456","GGI",24,29,0.666,21
"GSE1456","GGI",24,30,0.6626,21
"GSE1456","GGI",24,31,0.6727,15
"GSE1456","GGI",24,32,0.6732,16
"GSE1456","GGI",24,33,0.6755,20
"GSE1456","GGI",24,34,0.6738,20
"GSE1456","GGI",24,35,0.6593,19
"GSE1456","GGI",24,36,0.6632,21
"GSE1456","GGI",24,37,0.6688,17
"GSE1456","GGI",24,38,0.6786,21
"GSE1456","GGI",24,39,0.6612,21
"GSE1456","GGI",24,40,0.671,10
"GSE1456","GGI",24,41,0.6712,21
"GSE1456","GGI",24,42,0.6677,21
"GSE1456","GGI",24,43,0.6771,21
"GSE1456","GGI",24,44,0.6608,15
"GSE1456","GGI",24,45,0.6729,15
"GSE1456","GGI",24,46,0.6775,21
"GSE1456","GGI",24,47,0.6717,11
"GSE1456","GGI",24,48,0.6691,18
"GSE1456","GGI",24,49,0.6736,20
"GSE1456","GGI",24,50,0.6725,21
"GSE1456","GGI",24,51,0.6658,21
"GSE1456","GGI",24,52,0.6665,18
"GSE1456","GGI",24,53,0.6753,21
"GSE1456","GGI",24,54,0.6552,13
"GSE1456","GGI",24,55,0.6695,21
"GSE1456","GGI",24,56,0.6797,20
"GSE1456","GGI",24,57,0.6745,18
"GSE1456","GGI",24,58,0.673,18
"GSE1456","GGI",24,59,0.6799,15
"GSE1456","GGI",24,60,0.6662,18
"GSE1456","GGI",24,61,0.6775,18
"GSE1456","GGI",24,62,0.6671,12
"GSE1456","GGI",24,63,0.6667,10
"GSE1456","GGI",24,64,0.6675,17
"GSE1456","GGI",24,65,0.6662,21
"GSE1456","GGI",24,66,0.681,16
"GSE1456","GGI",24,67,0.6755,21
"GSE1456","GGI",24,68,0.6697,19
"GSE1456","GGI",24,69,0.671,21
"GSE1456","GGI",24,70,0.6729,15
"GSE1456","GGI",24,71,0.6704,21
"GSE1456","GGI",24,72,0.682,20
"GSE1456","GGI",24,73,0.6716,21
"GSE1456","GGI",24,74,0.6732,21
"GSE1456","GGI",24,75,0.6788,20
"GSE1456","GGI",24,76,0.6734,21
"GSE1456","GGI",24,77,0.6688,21
"GSE1456","GGI",24,78,0.6751,21
"GSE1456","GGI",24,79,0.6727,19
"GSE1456","GGI",24,80,0.6632,20
"GSE1456","GGI",24,81,0.6656,21
"GSE1456","GGI",24,82,0.6654,21
"GSE1456","GGI",24,83,0.6783,21
"GSE1456","GGI",24,84,0.6599,21
"GSE1456","GGI",24,85,0.6677,21
"GSE1456","GGI",24,86,0.6671,21
"GSE1456","GGI",24,87,0.6706,15
"GSE1456","GGI",24,88,0.6652,21
"GSE1456","GGI",24,89,0.6656,12
"GSE1456","GGI",24,90,0.668,21
"GSE1456","GGI",24,91,0.6797,17
"GSE1456","GGI",24,92,0.6641,8
"GSE1456","GGI",24,93,0.6649,21
"GSE1456","GGI",24,94,0.6643,11
"GSE1456","GGI",24,95,0.6704,18
"GSE1456","GGI",24,96,0.6617,16
"GSE1456","GGI",24,97,0.6727,21
"GSE1456","GGI",24,98,0.6758,21
"GSE1456","GGI",24,99,0.6766,21
"GSE1456","GGI",24,100,0.6693,21
"GSE1456","GGI",24,101,0.6723,21
"GSE1456","GGI",24,102,0.6591,21
"GSE1456","GGI",24,103,0.676,21
"GSE1456","GGI",24,104,0.6706,19
"GSE1456","GGI",24,105,0.6777,19
"GSE1456","GGI",24,106,0.6641,20
"GSE1456","GGI",24,107,0.6725,17
"GSE1456","GGI",24,108,0.6652,21
"GSE1456","GGI",24,109,0.6625,14
"GSE1456","GGI",24,110,0.6701,21
"GSE1456","GGI",24,111,0.6766,18
"GSE1456","GGI",24,112,0.6729,13
"GSE1456","GGI",24,113,0.6732,21
"GSE1456","GGI",24,114,0.6677,21
"GSE1456","GGI",24,115,0.6766,8
"GSE1456","GGI",24,116,0.6697,16
"GSE1456","GGI",24,117,0.6717,21
"GSE1456","GGI",24,118,0.6677,21
"GSE1456","GGI",24,119,0.6729,19
"GSE1456","GGI",24,120,0.6586,16
"GSE1456","GGI",24,121,0.6651,21
"GSE1456","GGI",24,122,0.6578,21
"GSE1456","GGI",24,123,0.6625,17
"GSE1456","GGI",24,124,0.6693,21
"GSE1456","GGI",24,125,0.6757,20
"GSE1456","GGI",24,126,0.6703,18
"GSE1456","GGI",24,127,0.6732,21
"GSE1456","GGI",24,128,0.6745,21
"GSE1456","GGI",24,129,0.6665,20
"GSE1456","GGI",24,130,0.6641,19
"GSE1456","GGI",24,131,0.6732,20
"GSE1456","GGI",24,132,0.6621,14
"GSE1456","GGI",24,133,0.666,21
"GSE1456","GGI",24,134,0.6589,13
"GSE1456","GGI",24,135,0.6751,21
"GSE1456","GGI",24,136,0.6558,18
"GSE1456","GGI",24,137,0.6773,18
"GSE1456","GGI",24,138,0.6654,20
"GSE1456","GGI",24,139,0.6717,21
"GSE1456","GGI",24,140,0.6777,21
"GSE1456","GGI",24,141,0.6812,21
"GSE1456","GGI",24,142,0.6649,17
"GSE1456","GGI",24,143,0.6647,17
"GSE1456","GGI",24,144,0.6729,21
"GSE1456","GGI",24,145,0.6775,21
"GSE1456","GGI",24,146,0.6684,21
"GSE1456","GGI",24,147,0.6671,21
"GSE1456","GGI",24,148,0.6755,21
"GSE1456","GGI",24,149,0.6738,21
"GSE1456","GGI",24,150,0.6638,15
"GSE1456","GGI",24,151,0.6792,14
"GSE1456","GGI",24,152,0.6667,21
"GSE1456","GGI",24,153,0.6723,18
"GSE1456","GGI",24,154,0.661,19
"GSE1456","GGI",24,155,0.6628,19
"GSE1456","GGI",24,156,0.6723,14
"GSE1456","GGI",24,157,0.6727,15
"GSE1456","GGI",24,158,0.6673,21
"GSE1456","GGI",24,159,0.6749,21
"GSE1456","GGI",24,160,0.6803,20
"GSE1456","GGI",24,161,0.6651,17
"GSE1456","GGI",24,162,0.6682,18
"GSE1456","GGI",24,163,0.6617,20
"GSE1456","GGI",24,164,0.6783,21
"GSE1456","GGI",24,165,0.6757,21
"GSE1456","GGI",24,166,0.671,19
"GSE1456","GGI",24,167,0.673,21
"GSE1456","GGI",24,168,0.6732,18
"GSE1456","GGI",24,169,0.6725,21
"GSE1456","GGI",24,170,0.6708,19
"GSE1456","GGI",24,171,0.6546,21
"GSE1456","GGI",24,172,0.671,19
"GSE1456","GGI",24,173,0.6758,18
"GSE1456","GGI",24,174,0.6561,20
"GSE1456","GGI",24,175,0.668,21
"GSE1456","GGI",24,176,0.6738,17
"GSE1456","GGI",24,177,0.6608,17
"GSE1456","GGI",24,178,0.6723,17
"GSE1456","GGI",24,179,0.6639,17
"GSE1456","GGI",24,180,0.6673,21
"GSE1456","GGI",24,181,0.6565,11
"GSE1456","GGI",24,182,0.6766,19
"GSE1456","GGI",24,183,0.6736,21
"GSE1456","GGI",24,184,0.6725,20
"GSE1456","GGI",24,185,0.6625,21
"GSE1456","GGI",24,186,0.6745,19
"GSE1456","GGI",24,187,0.6691,21
"GSE1456","GGI",24,188,0.6563,21
"GSE1456","GGI",24,189,0.682,19
"GSE1456","GGI",24,190,0.6721,18
"GSE1456","GGI",24,191,0.6699,20
"GSE1456","GGI",24,192,0.6764,21
"GSE1456","GGI",24,193,0.6749,18
"GSE1456","GGI",24,194,0.6773,20
"GSE1456","GGI",24,195,0.6719,21
"GSE1456","GGI",24,196,0.6626,21
"GSE1456","GGI",24,197,0.6773,21
"GSE1456","GGI",24,198,0.6677,21
"GSE1456","GGI",24,199,0.6691,21
"GSE1456","GGI",24,200,0.6717,17
"GSE1456","GGI",24,201,0.6639,14
"GSE1456","GGI",24,202,0.6682,19
"GSE1456","GGI",24,203,0.6664,21
"GSE1456","GGI",24,204,0.6717,20
"GSE1456","GGI",24,205,0.6734,12
"GSE1456","GGI",24,206,0.6545,18
"GSE1456","GGI",24,207,0.6658,14
"GSE1456","GGI",24,208,0.6736,20
"GSE1456","GGI",24,209,0.6693,17
"GSE1456","GGI",24,210,0.6626,14
"GSE1456","GGI",24,211,0.6651,21
"GSE1456","GGI",24,212,0.6732,21
"GSE1456","GGI",24,213,0.6717,21
"GSE1456","GGI",24,214,0.6706,21
"GSE1456","GGI",24,215,0.6721,20
"GSE1456","GGI",24,216,0.6684,16
"GSE1456","GGI",24,217,0.6662,12
"GSE1456","GGI",24,218,0.6704,21
"GSE1456","GGI",24,219,0.6675,15
"GSE1456","GGI",24,220,0.668,21
"GSE1456","GGI",24,221,0.6786,11
"GSE1456","GGI",24,222,0.6742,15
"GSE1456","GGI",24,223,0.6766,21
"GSE1456","GGI",24,224,0.6727,20
"GSE1456","GGI",24,225,0.6623,16
"GSE1456","GGI",24,226,0.663,21
"GSE1456","GGI",24,227,0.6632,21
"GSE1456","GGI",24,228,0.661,21
"GSE1456","GGI",24,229,0.6732,21
"GSE1456","GGI",24,230,0.6697,20
"GSE1456","GGI",24,231,0.6721,21
"GSE1456","GGI",24,232,0.674,19
"GSE1456","GGI",24,233,0.6784,18
"GSE1456","GGI",24,234,0.6706,15
"GSE1456","GGI",24,235,0.677,21
"GSE1456","GGI",24,236,0.6719,19
"GSE1456","GGI",24,237,0.6582,19
"GSE1456","GGI",24,238,0.6781,18
"GSE1456","GGI",24,239,0.6816,21
"GSE1456","GGI",24,240,0.679,15
"GSE1456","GGI",24,241,0.6688,21
"GSE1456","GGI",24,242,0.6725,18
"GSE1456","GGI",24,243,0.679,21
"GSE1456","GGI",24,244,0.6703,13
"GSE1456","GGI",24,245,0.6649,21
"GSE1456","GGI",24,246,0.6571,11
"GSE1456","GGI",24,247,0.6625,16
"GSE1456","GGI",24,248,0.6682,11
"GSE1456","GGI",24,249,0.6712,18
"GSE1456","GGI",24,250,0.6757,19
"GSE1456","GGI",24,251,0.6649,21
"GSE1456","GGI",24,252,0.673,13
"GSE1456","GGI",24,253,0.6773,20
"GSE1456","GGI",24,254,0.66,18
"GSE1456","GGI",24,255,0.6582,21
"GSE1456","GGI",24,256,0.666,21
"GSE1456","GGI",24,257,0.6762,12
"GSE1456","GGI",24,258,0.6723,21
"GSE1456","GGI",24,259,0.6729,20
"GSE1456","GGI",24,260,0.6649,16
"GSE1456","GGI",24,261,0.6738,15
"GSE1456","GGI",24,262,0.6626,13
"GSE1456","GGI",24,263,0.6738,15
"GSE1456","GGI",24,264,0.6857,21
"GSE1456","GGI",24,265,0.6714,20
"GSE1456","GGI",24,266,0.6725,21
"GSE1456","GGI",24,267,0.6678,20
"GSE1456","GGI",24,268,0.6632,18
"GSE1456","GGI",24,269,0.6723,21
"GSE1456","GGI",24,270,0.6734,16
"GSE1456","GGI",24,271,0.6801,21
"GSE1456","GGI",24,272,0.6684,19
"GSE1456","GGI",24,273,0.666,20
"GSE1456","GGI",24,274,0.6597,21
"GSE1456","GGI",24,275,0.6725,20
"GSE1456","GGI",24,276,0.6658,12
"GSE1456","GGI",24,277,0.671,19
"GSE1456","GGI",24,278,0.6632,21
"GSE1456","GGI",24,279,0.6628,7
"GSE1456","GGI",24,280,0.6539,13
"GSE1456","GGI",24,281,0.674,21
"GSE1456","GGI",24,282,0.6623,14
"GSE1456","GGI",24,283,0.6743,21
"GSE1456","GGI",24,284,0.673,19
"GSE1456","GGI",24,285,0.6571,12
"GSE1456","GGI",24,286,0.6764,17
"GSE1456","GGI",24,287,0.6701,19
"GSE1456","GGI",24,288,0.6758,20
"GSE1456","GGI",24,289,0.6654,21
"GSE1456","GGI",24,290,0.6758,16
"GSE1456","GGI",24,291,0.6686,19
"GSE1456","GGI",24,292,0.6693,20
"GSE1456","GGI",24,293,0.6678,21
"GSE1456","GGI",24,294,0.6796,19
"GSE1456","GGI",24,295,0.676,21
"GSE1456","GGI",24,296,0.6704,21
"GSE1456","GGI",24,297,0.6667,21
"GSE1456","GGI",24,298,0.6745,14
"GSE1456","GGI",24,299,0.668,11
"GSE1456","GGI",24,300,0.6688,18
"GSE1456","GGI",24,301,0.6602,21
"GSE1456","GGI",24,302,0.6528,20
"GSE1456","GGI",24,303,0.6734,17
"GSE1456","GGI",24,304,0.6638,21
"GSE1456","GGI",24,305,0.6723,19
"GSE1456","GGI",24,306,0.663,21
"GSE1456","GGI",24,307,0.6745,20
"GSE1456","GGI",24,308,0.6781,21
"GSE1456","GGI",24,309,0.6766,15
"GSE1456","GGI",24,310,0.6608,21
"GSE1456","GGI",24,311,0.6636,21
"GSE1456","GGI",24,312,0.6684,17
"GSE1456","GGI",24,313,0.6717,19
"GSE1456","GGI",24,314,0.6745,18
"GSE1456","GGI",24,315,0.6649,18
"GSE1456","GGI",24,316,0.6677,16
"GSE1456","GGI",24,317,0.6753,19
"GSE1456","GGI",24,318,0.6665,18
"GSE1456","GGI",24,319,0.6803,21
"GSE1456","GGI",24,320,0.6717,21
"GSE1456","GGI",24,321,0.6753,19
"GSE1456","GGI",24,322,0.6658,21
"GSE1456","GGI",24,323,0.6719,21
"GSE1456","GGI",24,324,0.6693,15
"GSE1456","GGI",24,325,0.6693,21
"GSE1456","GGI",24,326,0.6612,12
"GSE1456","GGI",24,327,0.6636,17
"GSE1456","GGI",24,328,0.666,17
"GSE1456","GGI",24,329,0.6716,15
"GSE1456","GGI",24,330,0.677,21
"GSE1456","GGI",24,331,0.6688,19
"GSE1456","GGI",24,332,0.668,15
"GSE1456","GGI",24,333,0.6753,21
"GSE1456","GGI",24,334,0.666,15
"GSE1456","GGI",24,335,0.6634,20
"GSE1456","GGI",24,336,0.6621,19
"GSE1456","GGI",24,337,0.6738,21
"GSE1456","GGI",24,338,0.6695,16
"GSE1456","GGI",24,339,0.6699,17
"GSE1456","GGI",24,340,0.6721,15
"GSE1456","GGI",24,341,0.6766,15
"GSE1456","GGI",24,342,0.6693,12
"GSE1456","GGI",24,343,0.663,19
"GSE1456","GGI",24,344,0.6686,21
"GSE1456","GGI",24,345,0.6742,21
"GSE1456","GGI",24,346,0.671,21
"GSE1456","GGI",24,347,0.6695,13
"GSE1456","GGI",24,348,0.6688,20
"GSE1456","GGI",24,349,0.6755,16
"GSE1456","GGI",24,350,0.6717,18
"GSE1456","GGI",24,351,0.6725,17
"GSE1456","GGI",24,352,0.6794,21
"GSE1456","GGI",24,353,0.6572,21
"GSE1456","GGI",24,354,0.679,17
"GSE1456","GGI",24,355,0.6658,18
"GSE1456","GGI",24,356,0.6688,19
"GSE1456","GGI",24,357,0.6677,21
"GSE1456","GGI",24,358,0.6708,18
"GSE1456","GGI",24,359,0.6749,21
"GSE1456","GGI",24,360,0.6725,21
"GSE1456","GGI",24,361,0.6643,20
"GSE1456","GGI",24,362,0.668,18
"GSE1456","GGI",24,363,0.676,20
"GSE1456","GGI",24,364,0.6721,19
"GSE1456","GGI",24,365,0.6582,12
"GSE1456","GGI",24,366,0.6638,19
"GSE1456","GGI",24,367,0.6664,21
"GSE1456","GGI",24,368,0.674,21
"GSE1456","GGI",24,369,0.6565,19
"GSE1456","GGI",24,370,0.6641,21
"GSE1456","GGI",24,371,0.6604,21
"GSE1456","GGI",24,372,0.666,17
"GSE1456","GGI",24,373,0.6608,21
"GSE1456","GGI",24,374,0.6643,9
"GSE1456","GGI",24,375,0.6604,21
"GSE1456","GGI",24,376,0.6645,20
"GSE1456","GGI",24,377,0.6771,17
"GSE1456","GGI",24,378,0.6621,21
"GSE1456","GGI",24,379,0.6613,20
"GSE1456","GGI",24,380,0.6723,19
"GSE1456","GGI",24,381,0.6704,21
"GSE1456","GGI",24,382,0.6645,21
"GSE1456","GGI",24,383,0.6686,21
"GSE1456","GGI",24,384,0.6658,17
"GSE1456","GGI",24,385,0.6617,17
"GSE1456","GGI",24,386,0.66,14
"GSE1456","GGI",24,387,0.6606,11
"GSE1456","GGI",24,388,0.6641,17
"GSE1456","GGI",24,389,0.6719,21
"GSE1456","GGI",24,390,0.6582,21
"GSE1456","GGI",24,391,0.6686,21
"GSE1456","GGI",24,392,0.6593,15
"GSE1456","GGI",24,393,0.6777,21
"GSE1456","GGI",24,394,0.6788,21
"GSE1456","GGI",24,395,0.6667,17
"GSE1456","GGI",24,396,0.6703,20
"GSE1456","GGI",24,397,0.6719,21
"GSE1456","GGI",24,398,0.6688,20
"GSE1456","GGI",24,399,0.6641,18
"GSE1456","GGI",24,400,0.6751,19
"GSE1456","GGI",24,401,0.6656,19
"GSE1456","GGI",24,402,0.6572,15
"GSE1456","GGI",24,403,0.658,21
"GSE1456","GGI",24,404,0.6771,21
"GSE1456","GGI",24,405,0.6725,21
"GSE1456","GGI",24,406,0.6675,20
"GSE1456","GGI",24,407,0.6701,14
"GSE1456","GGI",24,408,0.6727,21
"GSE1456","GGI",24,409,0.6576,18
"GSE1456","GGI",24,410,0.6688,17
"GSE1456","GGI",24,411,0.6725,18
"GSE1456","GGI",24,412,0.6755,21
"GSE1456","GGI",24,413,0.6664,21
"GSE1456","GGI",24,414,0.668,20
"GSE1456","GGI",24,415,0.6678,21
"GSE1456","GGI",24,416,0.6738,21
"GSE1456","GGI",24,417,0.6749,21
"GSE1456","GGI",24,418,0.6654,12
"GSE1456","GGI",24,419,0.6654,17
"GSE1456","GGI",24,420,0.6647,21
"GSE1456","GGI",24,421,0.6697,14
"GSE1456","GGI",24,422,0.6749,16
"GSE1456","GGI",24,423,0.6757,21
"GSE1456","GGI",24,424,0.658,18
"GSE1456","GGI",24,425,0.6708,16
"GSE1456","GGI",24,426,0.6742,9
"GSE1456","GGI",24,427,0.668,21
"GSE1456","GGI",24,428,0.6675,18
"GSE1456","GGI",24,429,0.6764,19
"GSE1456","GGI",24,430,0.6743,20
"GSE1456","GGI",24,431,0.6717,20
"GSE1456","GGI",24,432,0.6758,18
"GSE1456","GGI",24,433,0.6652,21
"GSE1456","GGI",24,434,0.6621,12
"GSE1456","GGI",24,435,0.6755,14
"GSE1456","GGI",24,436,0.673,15
"GSE1456","GGI",24,437,0.6714,15
"GSE1456","GGI",24,438,0.6766,21
"GSE1456","GGI",24,439,0.6771,17
"GSE1456","GGI",24,440,0.6816,21
"GSE1456","GGI",24,441,0.679,16
"GSE1456","GGI",24,442,0.6645,18
"GSE1456","GGI",24,443,0.6647,20
"GSE1456","GGI",24,444,0.6688,21
"GSE1456","GGI",24,445,0.6626,21
"GSE1456","GGI",24,446,0.6604,19
"GSE1456","GGI",24,447,0.6652,15
"GSE1456","GGI",24,448,0.6691,15
"GSE1456","GGI",24,449,0.6742,21
"GSE1456","GGI",24,450,0.6704,21
"GSE1456","GGI",24,451,0.6743,19
"GSE1456","GGI",24,452,0.6796,21
"GSE1456","GGI",24,453,0.6745,21
"GSE1456","GGI",24,454,0.6695,20
"GSE1456","GGI",24,455,0.6729,21
"GSE1456","GGI",24,456,0.6697,14
"GSE1456","GGI",24,457,0.6729,21
"GSE1456","GGI",24,458,0.6639,21
"GSE1456","GGI",24,459,0.6526,17
"GSE1456","GGI",24,460,0.6639,21
"GSE1456","GGI",24,461,0.6701,21
"GSE1456","GGI",24,462,0.6621,21
"GSE1456","GGI",24,463,0.6684,8
"GSE1456","GGI",24,464,0.6796,10
"GSE1456","GGI",24,465,0.6695,21
"GSE1456","GGI",24,466,0.6654,20
"GSE1456","GGI",24,467,0.6719,19
"GSE1456","GGI",24,468,0.6721,16
"GSE1456","GGI",24,469,0.6727,17
"GSE1456","GGI",24,470,0.6753,17
"GSE1456","GGI",24,471,0.6719,18
"GSE1456","GGI",24,472,0.6721,21
"GSE1456","GGI",24,473,0.655,21
"GSE1456","GGI",24,474,0.6617,21
"GSE1456","GGI",24,475,0.6704,14
"GSE1456","GGI",24,476,0.6797,20
"GSE1456","GGI",24,477,0.6651,19
"GSE1456","GGI",24,478,0.6775,21
"GSE1456","GGI",24,479,0.6712,13
"GSE1456","GGI",24,480,0.6626,19
"GSE1456","GGI",24,481,0.6517,13
"GSE1456","GGI",24,482,0.6658,17
"GSE1456","GGI",24,483,0.6704,16
"GSE1456","GGI",24,484,0.6699,19
"GSE1456","GGI",24,485,0.671,20
"GSE1456","GGI",24,486,0.6799,17
"GSE1456","GGI",24,487,0.6745,21
"GSE1456","GGI",24,488,0.6652,21
"GSE1456","GGI",24,489,0.6703,17
"GSE1456","GGI",24,490,0.6563,20
"GSE1456","GGI",24,491,0.6704,19
"GSE1456","GGI",24,492,0.6697,21
"GSE1456","GGI",24,493,0.6712,19
"GSE1456","GGI",24,494,0.6675,21
"GSE1456","GGI",24,495,0.676,21
"GSE1456","GGI",24,496,0.6656,21
"GSE1456","GGI",24,497,0.6755,21
"GSE1456","GGI",24,498,0.6623,19
"GSE1456","GGI",24,499,0.6738,20
"GSE1456","GGI",24,500,0.6519,16
"GSE1456","GGI",24,501,0.6695,17
"GSE1456","GGI",24,502,0.6723,21
"GSE1456","GGI",24,503,0.6628,14
"GSE1456","GGI",24,504,0.6617,12
"GSE1456","GGI",24,505,0.6712,18
"GSE1456","GGI",24,506,0.6716,11
"GSE1456","GGI",24,507,0.673,21
"GSE1456","GGI",24,508,0.6589,18
"GSE1456","GGI",24,509,0.6662,15
"GSE1456","GGI",24,510,0.6701,16
"GSE1456","GGI",24,511,0.6745,21
"GSE1456","GGI",24,512,0.6621,21
"GSE1456","GGI",24,513,0.6719,15
"GSE1456","GGI",24,514,0.681,20
"GSE1456","GGI",24,515,0.6548,16
"GSE1456","GGI",24,516,0.6636,21
"GSE1456","GGI",24,517,0.6712,21
"GSE1456","GGI",24,518,0.6684,16
"GSE1456","GGI",24,519,0.6768,16
"GSE1456","GGI",24,520,0.6612,20
"GSE1456","GGI",24,521,0.6708,20
"GSE1456","GGI",24,522,0.6716,20
"GSE1456","GGI",24,523,0.6697,21
"GSE1456","GGI",24,524,0.6695,14
"GSE1456","GGI",24,525,0.6719,21
"GSE1456","GGI",24,526,0.6697,15
"GSE1456","GGI",24,527,0.6712,21
"GSE1456","GGI",24,528,0.674,21
"GSE1456","GGI",24,529,0.6794,21
"GSE1456","GGI",24,530,0.6664,21
"GSE1456","GGI",24,531,0.6638,21
"GSE1456","GGI",24,532,0.6682,21
"GSE1456","GGI",24,533,0.6582,18
"GSE1456","GGI",24,534,0.6695,20
"GSE1456","GGI",24,535,0.6664,21
"GSE1456","GGI",24,536,0.6738,21
"GSE1456","GGI",24,537,0.6654,11
"GSE1456","GGI",24,538,0.669,20
"GSE1456","GGI",24,539,0.6745,16
"GSE1456","GGI",24,540,0.6706,15
"GSE1456","GGI",24,541,0.6797,21
"GSE1456","GGI",24,542,0.6697,21
"GSE1456","GGI",24,543,0.6738,20
"GSE1456","GGI",24,544,0.673,21
"GSE1456","GGI",24,545,0.6691,18
"GSE1456","GGI",24,546,0.6762,16
"GSE1456","GGI",24,547,0.6654,21
"GSE1456","GGI",24,548,0.6686,13
"GSE1456","GGI",24,549,0.6742,14
"GSE1456","GGI",24,550,0.6717,21
"GSE1456","GGI",24,551,0.6732,18
"GSE1456","GGI",24,552,0.6654,15
"GSE1456","GGI",24,553,0.6574,21
"GSE1456","GGI",24,554,0.6866,18
"GSE1456","GGI",24,555,0.6809,21
"GSE1456","GGI",24,556,0.6721,18
"GSE1456","GGI",24,557,0.6742,21
"GSE1456","GGI",24,558,0.6781,20
"GSE1456","GGI",24,559,0.6695,21
"GSE1456","GGI",24,560,0.6736,15
"GSE1456","GGI",24,561,0.6734,21
"GSE1456","GGI",24,562,0.6729,12
"GSE1456","GGI",24,563,0.6647,17
"GSE1456","GGI",24,564,0.6678,10
"GSE1456","GGI",24,565,0.6632,21
"GSE1456","GGI",24,566,0.6714,21
"GSE1456","GGI",24,567,0.6723,16
"GSE1456","GGI",24,568,0.671,15
"GSE1456","GGI",24,569,0.6753,12
"GSE1456","GGI",24,570,0.6721,20
"GSE1456","GGI",24,571,0.6684,18
"GSE1456","GGI",24,572,0.6654,15
"GSE1456","GGI",24,573,0.6678,20
"GSE1456","GGI",24,574,0.6757,17
"GSE1456","GGI",24,575,0.6664,20
"GSE1456","GGI",24,576,0.668,21
"GSE1456","GGI",24,577,0.6656,15
"GSE1456","GGI",24,578,0.6699,17
"GSE1456","GGI",24,579,0.6729,21
"GSE1456","GGI",24,580,0.66,7
"GSE1456","GGI",24,581,0.6717,21
"GSE1456","GGI",24,582,0.6766,20
"GSE1456","GGI",24,583,0.6678,16
"GSE1456","GGI",24,584,0.6584,20
"GSE1456","GGI",24,585,0.6727,13
"GSE1456","GGI",24,586,0.6792,18
"GSE1456","GGI",24,587,0.6662,20
"GSE1456","GGI",24,588,0.6688,21
"GSE1456","GGI",24,589,0.6651,21
"GSE1456","GGI",24,590,0.6812,21
"GSE1456","GGI",24,591,0.6762,21
"GSE1456","GGI",24,592,0.6738,20
"GSE1456","GGI",24,593,0.6699,15
"GSE1456","GGI",24,594,0.6693,18
"GSE1456","GGI",24,595,0.6686,14
"GSE1456","GGI",24,596,0.6699,19
"GSE1456","GGI",24,597,0.6706,18
"GSE1456","GGI",24,598,0.6703,10
"GSE1456","GGI",24,599,0.6747,19
"GSE1456","GGI",24,600,0.6623,14
"GSE1456","GGI",24,601,0.6807,17
"GSE1456","GGI",24,602,0.6641,17
"GSE1456","GGI",24,603,0.6662,20
"GSE1456","GGI",24,604,0.6738,16
"GSE1456","GGI",24,605,0.6716,18
"GSE1456","GGI",24,606,0.6652,16
"GSE1456","GGI",24,607,0.6823,21
"GSE1456","GGI",24,608,0.6704,17
"GSE1456","GGI",24,609,0.6613,19
"GSE1456","GGI",24,610,0.6652,21
"GSE1456","GGI",24,611,0.6686,16
"GSE1456","GGI",24,612,0.661,21
"GSE1456","GGI",24,613,0.6736,21
"GSE1456","GGI",24,614,0.6699,21
"GSE1456","GGI",24,615,0.6647,21
"GSE1456","GGI",24,616,0.6738,20
"GSE1456","GGI",24,617,0.6619,16
"GSE1456","GGI",24,618,0.6675,20
"GSE1456","GGI",24,619,0.6677,20
"GSE1456","GGI",24,620,0.6658,19
"GSE1456","GGI",24,621,0.6695,21
"GSE1456","GGI",24,622,0.66,18
"GSE1456","GGI",24,623,0.6796,21
"GSE1456","GGI",24,624,0.6684,19
"GSE1456","GGI",24,625,0.6589,14
"GSE1456","GGI",24,626,0.6686,21
"GSE1456","GGI",24,627,0.6818,21
"GSE1456","GGI",24,628,0.6691,21
"GSE1456","GGI",24,629,0.6716,11
"GSE1456","GGI",24,630,0.6682,21
"GSE1456","GGI",24,631,0.6851,16
"GSE1456","GGI",24,632,0.6716,21
"GSE1456","GGI",24,633,0.6723,21
"GSE1456","GGI",24,634,0.6693,21
"GSE1456","GGI",24,635,0.666,16
"GSE1456","GGI",24,636,0.6777,21
"GSE1456","GGI",24,637,0.6649,18
"GSE1456","GGI",24,638,0.6639,21
"GSE1456","GGI",24,639,0.6667,13
"GSE1456","GGI",24,640,0.6682,16
"GSE1456","GGI",24,641,0.6695,18
"GSE1456","GGI",24,642,0.669,20
"GSE1456","GGI",24,643,0.6671,21
"GSE1456","GGI",24,644,0.6675,14
"GSE1456","GGI",24,645,0.6669,17
"GSE1456","GGI",24,646,0.673,21
"GSE1456","GGI",24,647,0.6717,21
"GSE1456","GGI",24,648,0.6753,18
"GSE1456","GGI",24,649,0.669,18
"GSE1456","GGI",24,650,0.6669,15
"GSE1456","GGI",24,651,0.669,21
"GSE1456","GGI",24,652,0.677,21
"GSE1456","GGI",24,653,0.6688,21
"GSE1456","GGI",24,654,0.6626,18
"GSE1456","GGI",24,655,0.6695,21
"GSE1456","GGI",24,656,0.6708,16
"GSE1456","GGI",24,657,0.6797,19
"GSE1456","GGI",24,658,0.6589,19
"GSE1456","GGI",24,659,0.6725,21
"GSE1456","GGI",24,660,0.6582,17
"GSE1456","GGI",24,661,0.6716,21
"GSE1456","GGI",24,662,0.6749,19
"GSE1456","GGI",24,663,0.6779,17
"GSE1456","GGI",24,664,0.6612,21
"GSE1456","GGI",24,665,0.6745,17
"GSE1456","GGI",24,666,0.6721,21
"GSE1456","GGI",24,667,0.6604,20
"GSE1456","GGI",24,668,0.6695,21
"GSE1456","GGI",24,669,0.6717,17
"GSE1456","GGI",24,670,0.6704,21
"GSE1456","GGI",24,671,0.6671,19
"GSE1456","GGI",24,672,0.6662,21
"GSE1456","GGI",24,673,0.6734,21
"GSE1456","GGI",24,674,0.6678,21
"GSE1456","GGI",24,675,0.6693,20
"GSE1456","GGI",24,676,0.6675,19
"GSE1456","GGI",24,677,0.6695,21
"GSE1456","GGI",24,678,0.661,21
"GSE1456","GGI",24,679,0.6671,17
"GSE1456","GGI",24,680,0.666,15
"GSE1456","GGI",24,681,0.6673,19
"GSE1456","GGI",24,682,0.6639,20
"GSE1456","GGI",24,683,0.6619,13
"GSE1456","GGI",24,684,0.6673,19
"GSE1456","GGI",24,685,0.6617,11
"GSE1456","GGI",24,686,0.6768,21
"GSE1456","GGI",24,687,0.6576,14
"GSE1456","GGI",24,688,0.6654,21
"GSE1456","GGI",24,689,0.6664,20
"GSE1456","GGI",24,690,0.677,20
"GSE1456","GGI",24,691,0.6686,13
"GSE1456","GGI",24,692,0.6656,21
"GSE1456","GGI",24,693,0.6688,21
"GSE1456","GGI",24,694,0.6794,21
"GSE1456","GGI",24,695,0.6651,21
"GSE1456","GGI",24,696,0.6751,21
"GSE1456","GGI",24,697,0.655,17
"GSE1456","GGI",24,698,0.6647,16
"GSE1456","GGI",24,699,0.673,17
"GSE1456","GGI",24,700,0.6725,21
"GSE1456","GGI",24,701,0.6727,21
"GSE1456","GGI",24,702,0.6716,20
"GSE1456","GGI",24,703,0.6636,21
"GSE1456","GGI",24,704,0.6703,21
"GSE1456","GGI",24,705,0.6688,21
"GSE1456","GGI",24,706,0.6734,21
"GSE1456","GGI",24,707,0.6619,16
"GSE1456","GGI",24,708,0.6717,16
"GSE1456","GGI",24,709,0.6734,20
"GSE1456","GGI",24,710,0.6747,21
"GSE1456","GGI",24,711,0.673,18
"GSE1456","GGI",24,712,0.6734,14
"GSE1456","GGI",24,713,0.6723,20
"GSE1456","GGI",24,714,0.6628,16
"GSE1456","GGI",24,715,0.676,21
"GSE1456","GGI",24,716,0.6712,21
"GSE1456","GGI",24,717,0.6816,19
"GSE1456","GGI",24,718,0.674,21
"GSE1456","GGI",24,719,0.6716,13
"GSE1456","GGI",24,720,0.6768,21
"GSE1456","GGI",24,721,0.6736,21
"GSE1456","GGI",24,722,0.6612,13
"GSE1456","GGI",24,723,0.6753,15
"GSE1456","GGI",24,724,0.6736,15
"GSE1456","GGI",24,725,0.6723,20
"GSE1456","GGI",24,726,0.6675,21
"GSE1456","GGI",24,727,0.674,21
"GSE1456","GGI",24,728,0.6623,16
"GSE1456","GGI",24,729,0.6677,21
"GSE1456","GGI",24,730,0.6818,20
"GSE1456","GGI",24,731,0.6753,21
"GSE1456","GGI",24,732,0.6686,21
"GSE1456","GGI",24,733,0.6742,20
"GSE1456","GGI",24,734,0.6693,20
"GSE1456","GGI",24,735,0.6704,21
"GSE1456","GGI",24,736,0.6708,21
"GSE1456","GGI",24,737,0.6701,19
"GSE1456","GGI",24,738,0.661,21
"GSE1456","GGI",24,739,0.6716,21
"GSE1456","GGI",24,740,0.6781,21
"GSE1456","GGI",24,741,0.6727,21
"GSE1456","GGI",24,742,0.6704,21
"GSE1456","GGI",24,743,0.6671,21
"GSE1456","GGI",24,744,0.653,19
"GSE1456","GGI",24,745,0.6617,18
"GSE1456","GGI",24,746,0.6743,21
"GSE1456","GGI",24,747,0.682,20
"GSE1456","GGI",24,748,0.6784,21
"GSE1456","GGI",24,749,0.6652,13
"GSE1456","GGI",24,750,0.6647,17
"GSE1456","GGI",24,751,0.6723,21
"GSE1456","GGI",24,752,0.6656,21
"GSE1456","GGI",24,753,0.6729,20
"GSE1456","GGI",24,754,0.668,21
"GSE1456","GGI",24,755,0.6779,18
"GSE1456","GGI",24,756,0.6684,21
"GSE1456","GGI",24,757,0.6706,21
"GSE1456","GGI",24,758,0.6639,19
"GSE1456","GGI",24,759,0.6758,21
"GSE1456","GGI",24,760,0.6716,21
"GSE1456","GGI",24,761,0.6719,17
"GSE1456","GGI",24,762,0.6814,21
"GSE1456","GGI",24,763,0.6634,21
"GSE1456","GGI",24,764,0.6779,21
"GSE1456","GGI",24,765,0.6717,21
"GSE1456","GGI",24,766,0.661,12
"GSE1456","GGI",24,767,0.6628,15
"GSE1456","GGI",24,768,0.6578,19
"GSE1456","GGI",24,769,0.6699,21
"GSE1456","GGI",24,770,0.6658,21
"GSE1456","GGI",24,771,0.6656,19
"GSE1456","GGI",24,772,0.6719,21
"GSE1456","GGI",24,773,0.6675,20
"GSE1456","GGI",24,774,0.6716,18
"GSE1456","GGI",24,775,0.6825,19
"GSE1456","GGI",24,776,0.6699,17
"GSE1456","GGI",24,777,0.6716,21
"GSE1456","GGI",24,778,0.6645,15
"GSE1456","GGI",24,779,0.6701,21
"GSE1456","GGI",24,780,0.669,20
"GSE1456","GGI",24,781,0.6783,21
"GSE1456","GGI",24,782,0.6612,21
"GSE1456","GGI",24,783,0.673,21
"GSE1456","GGI",24,784,0.6729,20
"GSE1456","GGI",24,785,0.666,21
"GSE1456","GGI",24,786,0.6645,16
"GSE1456","GGI",24,787,0.669,19
"GSE1456","GGI",24,788,0.6628,21
"GSE1456","GGI",24,789,0.6677,18
"GSE1456","GGI",24,790,0.6658,18
"GSE1456","GGI",24,791,0.663,21
"GSE1456","GGI",24,792,0.6652,16
"GSE1456","GGI",24,793,0.6762,20
"GSE1456","GGI",24,794,0.6708,20
"GSE1456","GGI",24,795,0.6729,21
"GSE1456","GGI",24,796,0.6619,18
"GSE1456","GGI",24,797,0.669,21
"GSE1456","GGI",24,798,0.6652,11
"GSE1456","GGI",24,799,0.6695,19
"GSE1456","GGI",24,800,0.6695,21
"GSE1456","GGI",24,801,0.6656,17
"GSE1456","GGI",24,802,0.6732,21
"GSE1456","GGI",24,803,0.6632,19
"GSE1456","GGI",24,804,0.6682,19
"GSE1456","GGI",24,805,0.6701,21
"GSE1456","GGI",24,806,0.6645,20
"GSE1456","GGI",24,807,0.6673,19
"GSE1456","GGI",24,808,0.6745,18
"GSE1456","GGI",24,809,0.6727,21
"GSE1456","GGI",24,810,0.661,21
"GSE1456","GGI",24,811,0.6665,17
"GSE1456","GGI",24,812,0.684,21
"GSE1456","GGI",24,813,0.661,14
"GSE1456","GGI",24,814,0.6691,21
"GSE1456","GGI",24,815,0.6695,21
"GSE1456","GGI",24,816,0.6682,21
"GSE1456","GGI",24,817,0.6775,21
"GSE1456","GGI",24,818,0.6634,9
"GSE1456","GGI",24,819,0.669,21
"GSE1456","GGI",24,820,0.6734,19
"GSE1456","GGI",24,821,0.6587,15
"GSE1456","GGI",24,822,0.6784,21
"GSE1456","GGI",24,823,0.6766,15
"GSE1456","GGI",24,824,0.6643,21
"GSE1456","GGI",24,825,0.6643,21
"GSE1456","GGI",24,826,0.666,21
"GSE1456","GGI",24,827,0.6688,16
"GSE1456","GGI",24,828,0.6703,21
"GSE1456","GGI",24,829,0.6827,20
"GSE1456","GGI",24,830,0.6652,21
"GSE1456","GGI",24,831,0.6665,20
"GSE1456","GGI",24,832,0.6725,21
"GSE1456","GGI",24,833,0.6649,18
"GSE1456","GGI",24,834,0.6743,19
"GSE1456","GGI",24,835,0.6669,21
"GSE1456","GGI",24,836,0.6714,21
"GSE1456","GGI",24,837,0.6768,14
"GSE1456","GGI",24,838,0.6647,16
"GSE1456","GGI",24,839,0.6714,20
"GSE1456","GGI",24,840,0.6712,21
"GSE1456","GGI",24,841,0.669,21
"GSE1456","GGI",24,842,0.6682,20
"GSE1456","GGI",24,843,0.6638,18
"GSE1456","GGI",24,844,0.6691,18
"GSE1456","GGI",24,845,0.6669,20
"GSE1456","GGI",24,846,0.6617,21
"GSE1456","GGI",24,847,0.6717,21
"GSE1456","GGI",24,848,0.6745,18
"GSE1456","GGI",24,849,0.6732,19
"GSE1456","GGI",24,850,0.671,21
"GSE1456","GGI",24,851,0.6719,21
"GSE1456","GGI",24,852,0.671,21
"GSE1456","GGI",24,853,0.6742,21
"GSE1456","GGI",24,854,0.6606,15
"GSE1456","GGI",24,855,0.6796,19
"GSE1456","GGI",24,856,0.6658,19
"GSE1456","GGI",24,857,0.6654,14
"GSE1456","GGI",24,858,0.6773,20
"GSE1456","GGI",24,859,0.6673,18
"GSE1456","GGI",24,860,0.6757,21
"GSE1456","GGI",24,861,0.6617,21
"GSE1456","GGI",24,862,0.669,18
"GSE1456","GGI",24,863,0.6729,17
"GSE1456","GGI",24,864,0.6677,21
"GSE1456","GGI",24,865,0.6578,20
"GSE1456","GGI",24,866,0.671,19
"GSE1456","GGI",24,867,0.6645,19
"GSE1456","GGI",24,868,0.674,18
"GSE1456","GGI",24,869,0.6688,21
"GSE1456","GGI",24,870,0.6606,21
"GSE1456","GGI",24,871,0.6647,17
"GSE1456","GGI",24,872,0.6686,19
"GSE1456","GGI",24,873,0.6721,21
"GSE1456","GGI",24,874,0.6693,16
"GSE1456","GGI",24,875,0.6699,21
"GSE1456","GGI",24,876,0.6621,21
"GSE1456","GGI",24,877,0.6654,17
"GSE1456","GGI",24,878,0.6625,21
"GSE1456","GGI",24,879,0.6697,21
"GSE1456","GGI",24,880,0.6749,21
"GSE1456","GGI",24,881,0.6664,13
"GSE1456","GGI",24,882,0.6671,17
"GSE1456","GGI",24,883,0.674,15
"GSE1456","GGI",24,884,0.6639,20
"GSE1456","GGI",24,885,0.6755,21
"GSE1456","GGI",24,886,0.6747,17
"GSE1456","GGI",24,887,0.6777,20
"GSE1456","GGI",24,888,0.6714,20
"GSE1456","GGI",24,889,0.6595,20
"GSE1456","GGI",24,890,0.6747,21
"GSE1456","GGI",24,891,0.6667,20
"GSE1456","GGI",24,892,0.6587,14
"GSE1456","GGI",24,893,0.6703,18
"GSE1456","GGI",24,894,0.6632,21
"GSE1456","GGI",24,895,0.6677,18
"GSE1456","GGI",24,896,0.6651,9
"GSE1456","GGI",24,897,0.6617,21
"GSE1456","GGI",24,898,0.6781,17
"GSE1456","GGI",24,899,0.6669,21
"GSE1456","GGI",24,900,0.673,14
"GSE1456","GGI",24,901,0.6651,17
"GSE1456","GGI",24,902,0.6561,19
"GSE1456","GGI",24,903,0.6654,21
"GSE1456","GGI",24,904,0.6678,21
"GSE1456","GGI",24,905,0.6506,12
"GSE1456","GGI",24,906,0.6699,17
"GSE1456","GGI",24,907,0.6708,21
"GSE1456","GGI",24,908,0.6723,20
"GSE1456","GGI",24,909,0.6658,21
"GSE1456","GGI",24,910,0.6714,21
"GSE1456","GGI",24,911,0.6677,16
"GSE1456","GGI",24,912,0.6736,21
"GSE1456","GGI",24,913,0.6623,13
"GSE1456","GGI",24,914,0.6574,21
"GSE1456","GGI",24,915,0.6704,21
"GSE1456","GGI",24,916,0.6613,21
"GSE1456","GGI",24,917,0.6665,16
"GSE1456","GGI",24,918,0.6747,20
"GSE1456","GGI",24,919,0.6699,21
"GSE1456","GGI",24,920,0.6678,21
"GSE1456","GGI",24,921,0.6736,15
"GSE1456","GGI",24,922,0.6732,19
"GSE1456","GGI",24,923,0.673,18
"GSE1456","GGI",24,924,0.6625,14
"GSE1456","GGI",24,925,0.6595,21
"GSE1456","GGI",24,926,0.6682,19
"GSE1456","GGI",24,927,0.6678,21
"GSE1456","GGI",24,928,0.6743,15
"GSE1456","GGI",24,929,0.673,21
"GSE1456","GGI",24,930,0.6734,21
"GSE1456","GGI",24,931,0.6721,16
"GSE1456","GGI",24,932,0.6638,18
"GSE1456","GGI",24,933,0.6639,21
"GSE1456","GGI",24,934,0.6632,21
"GSE1456","GGI",24,935,0.6619,21
"GSE1456","GGI",24,936,0.6699,18
"GSE1456","GGI",24,937,0.6649,21
"GSE1456","GGI",24,938,0.6783,21
"GSE1456","GGI",24,939,0.6691,21
"GSE1456","GGI",24,940,0.6773,18
"GSE1456","GGI",24,941,0.6749,21
"GSE1456","GGI",24,942,0.6693,21
"GSE1456","GGI",24,943,0.6734,21
"GSE1456","GGI",24,944,0.6649,17
"GSE1456","GGI",24,945,0.6807,18
"GSE1456","GGI",24,946,0.6762,21
"GSE1456","GGI",24,947,0.671,17
"GSE1456","GGI",24,948,0.6625,21
"GSE1456","GGI",24,949,0.6673,21
"GSE1456","GGI",24,950,0.6781,16
"GSE1456","GGI",24,951,0.66,15
"GSE1456","GGI",24,952,0.6623,21
"GSE1456","GGI",24,953,0.652,20
"GSE1456","GGI",24,954,0.6664,21
"GSE1456","GGI",24,955,0.6634,20
"GSE1456","GGI",24,956,0.6792,21
"GSE1456","GGI",24,957,0.6714,21
"GSE1456","GGI",24,958,0.668,21
"GSE1456","GGI",24,959,0.6671,21
"GSE1456","GGI",24,960,0.6673,21
"GSE1456","GGI",24,961,0.6654,13
"GSE1456","GGI",24,962,0.6589,16
"GSE1456","GGI",24,963,0.6719,21
"GSE1456","GGI",24,964,0.6753,21
"GSE1456","GGI",24,965,0.6677,14
"GSE1456","GGI",24,966,0.6708,21
"GSE1456","GGI",24,967,0.6621,17
"GSE1456","GGI",24,968,0.6721,15
"GSE1456","GGI",24,969,0.6704,21
"GSE1456","GGI",24,970,0.6693,11
"GSE1456","GGI",24,971,0.6783,18
"GSE1456","GGI",24,972,0.6639,21
"GSE1456","GGI",24,973,0.6688,21
"GSE1456","GGI",24,974,0.66,15
"GSE1456","GGI",24,975,0.6621,21
"GSE1456","GGI",24,976,0.6691,20
"GSE1456","GGI",24,977,0.6755,21
"GSE1456","GGI",24,978,0.6599,21
"GSE1456","GGI",24,979,0.6608,21
"GSE1456","GGI",24,980,0.6688,21
"GSE1456","GGI",24,981,0.6626,21
"GSE1456","GGI",24,982,0.6747,21
"GSE1456","GGI",24,983,0.6612,21
"GSE1456","GGI",24,984,0.6727,21
"GSE1456","GGI",24,985,0.668,20
"GSE1456","GGI",24,986,0.673,18
"GSE1456","GGI",24,987,0.6777,21
"GSE1456","GGI",24,988,0.6766,21
"GSE1456","GGI",24,989,0.6758,18
"GSE1456","GGI",24,990,0.6658,16
"GSE1456","GGI",24,991,0.6691,18
"GSE1456","GGI",24,992,0.6704,21
"GSE1456","GGI",24,993,0.6574,21
"GSE1456","GGI",24,994,0.6626,18
"GSE1456","GGI",24,995,0.6684,21
"GSE1456","GGI",24,996,0.6747,20
"GSE1456","GGI",24,997,0.6662,21
"GSE1456","GGI",24,998,0.6699,21
"GSE1456","GGI",24,999,0.6758,20
"GSE1456","GGI",24,1000,0.669,21
"GSE1456","GGI",15,1,0.6636,12
"GSE1456","GGI",15,2,0.6652,12
"GSE1456","GGI",15,3,0.6771,11
"GSE1456","GGI",15,4,0.6597,12
"GSE1456","GGI",15,5,0.6688,12
"GSE1456","GGI",15,6,0.6675,11
"GSE1456","GGI",15,7,0.6584,8
"GSE1456","GGI",15,8,0.6582,12
"GSE1456","GGI",15,9,0.6558,5
"GSE1456","GGI",15,10,0.6723,12
"GSE1456","GGI",15,11,0.6615,11
"GSE1456","GGI",15,12,0.6509,12
"GSE1456","GGI",15,13,0.6669,7
"GSE1456","GGI",15,14,0.6638,8
"GSE1456","GGI",15,15,0.6697,6
"GSE1456","GGI",15,16,0.6749,12
"GSE1456","GGI",15,17,0.668,12
"GSE1456","GGI",15,18,0.6645,6
"GSE1456","GGI",15,19,0.6678,12
"GSE1456","GGI",15,20,0.6703,11
"GSE1456","GGI",15,21,0.6658,5
"GSE1456","GGI",15,22,0.6554,12
"GSE1456","GGI",15,23,0.6548,12
"GSE1456","GGI",15,24,0.6584,11
"GSE1456","GGI",15,25,0.6671,10
"GSE1456","GGI",15,26,0.6582,10
"GSE1456","GGI",15,27,0.6691,12
"GSE1456","GGI",15,28,0.671,12
"GSE1456","GGI",15,29,0.6645,11
"GSE1456","GGI",15,30,0.6688,10
"GSE1456","GGI",15,31,0.65,11
"GSE1456","GGI",15,32,0.6612,12
"GSE1456","GGI",15,33,0.6636,10
"GSE1456","GGI",15,34,0.6554,12
"GSE1456","GGI",15,35,0.6801,12
"GSE1456","GGI",15,36,0.6652,12
"GSE1456","GGI",15,37,0.6747,12
"GSE1456","GGI",15,38,0.6753,12
"GSE1456","GGI",15,39,0.6558,8
"GSE1456","GGI",15,40,0.6721,12
"GSE1456","GGI",15,41,0.6734,12
"GSE1456","GGI",15,42,0.6649,11
"GSE1456","GGI",15,43,0.6708,10
"GSE1456","GGI",15,44,0.6613,8
"GSE1456","GGI",15,45,0.6783,9
"GSE1456","GGI",15,46,0.6691,5
"GSE1456","GGI",15,47,0.684,12
"GSE1456","GGI",15,48,0.6792,11
"GSE1456","GGI",15,49,0.6755,11
"GSE1456","GGI",15,50,0.6719,9
"GSE1456","GGI",15,51,0.6636,11
"GSE1456","GGI",15,52,0.6736,9
"GSE1456","GGI",15,53,0.6727,9
"GSE1456","GGI",15,54,0.6717,12
"GSE1456","GGI",15,55,0.6814,12
"GSE1456","GGI",15,56,0.6615,12
"GSE1456","GGI",15,57,0.6584,12
"GSE1456","GGI",15,58,0.669,11
"GSE1456","GGI",15,59,0.6743,12
"GSE1456","GGI",15,60,0.6541,6
"GSE1456","GGI",15,61,0.669,5
"GSE1456","GGI",15,62,0.655,12
"GSE1456","GGI",15,63,0.6673,11
"GSE1456","GGI",15,64,0.6615,9
"GSE1456","GGI",15,65,0.6552,11
"GSE1456","GGI",15,66,0.6691,12
"GSE1456","GGI",15,67,0.6734,10
"GSE1456","GGI",15,68,0.6619,12
"GSE1456","GGI",15,69,0.6639,12
"GSE1456","GGI",15,70,0.6626,11
"GSE1456","GGI",15,71,0.6664,5
"GSE1456","GGI",15,72,0.6662,6
"GSE1456","GGI",15,73,0.6673,11
"GSE1456","GGI",15,74,0.6651,12
"GSE1456","GGI",15,75,0.6669,10
"GSE1456","GGI",15,76,0.6638,12
"GSE1456","GGI",15,77,0.661,12
"GSE1456","GGI",15,78,0.6781,9
"GSE1456","GGI",15,79,0.66,12
"GSE1456","GGI",15,80,0.6814,12
"GSE1456","GGI",15,81,0.6844,12
"GSE1456","GGI",15,82,0.6673,12
"GSE1456","GGI",15,83,0.681,12
"GSE1456","GGI",15,84,0.6703,12
"GSE1456","GGI",15,85,0.663,8
"GSE1456","GGI",15,86,0.6589,9
"GSE1456","GGI",15,87,0.6755,9
"GSE1456","GGI",15,88,0.6719,12
"GSE1456","GGI",15,89,0.6673,12
"GSE1456","GGI",15,90,0.6823,8
"GSE1456","GGI",15,91,0.6606,8
"GSE1456","GGI",15,92,0.6729,8
"GSE1456","GGI",15,93,0.6775,12
"GSE1456","GGI",15,94,0.6783,12
"GSE1456","GGI",15,95,0.6634,12
"GSE1456","GGI",15,96,0.6639,12
"GSE1456","GGI",15,97,0.6584,8
"GSE1456","GGI",15,98,0.6654,12
"GSE1456","GGI",15,99,0.6691,12
"GSE1456","GGI",15,100,0.6565,8
"GSE1456","GGI",15,101,0.6723,11
"GSE1456","GGI",15,102,0.6658,11
"GSE1456","GGI",15,103,0.6597,11
"GSE1456","GGI",15,104,0.6664,12
"GSE1456","GGI",15,105,0.6589,6
"GSE1456","GGI",15,106,0.6691,10
"GSE1456","GGI",15,107,0.6716,12
"GSE1456","GGI",15,108,0.6673,12
"GSE1456","GGI",15,109,0.655,11
"GSE1456","GGI",15,110,0.6706,10
"GSE1456","GGI",15,111,0.6645,11
"GSE1456","GGI",15,112,0.6721,6
"GSE1456","GGI",15,113,0.6766,12
"GSE1456","GGI",15,114,0.6509,12
"GSE1456","GGI",15,115,0.671,11
"GSE1456","GGI",15,116,0.6751,12
"GSE1456","GGI",15,117,0.6708,12
"GSE1456","GGI",15,118,0.6712,12
"GSE1456","GGI",15,119,0.6593,8
"GSE1456","GGI",15,120,0.669,7
"GSE1456","GGI",15,121,0.6721,11
"GSE1456","GGI",15,122,0.6656,12
"GSE1456","GGI",15,123,0.6599,11
"GSE1456","GGI",15,124,0.6829,8
"GSE1456","GGI",15,125,0.6626,11
"GSE1456","GGI",15,126,0.6675,12
"GSE1456","GGI",15,127,0.6673,12
"GSE1456","GGI",15,128,0.6723,12
"GSE1456","GGI",15,129,0.6623,12
"GSE1456","GGI",15,130,0.6665,12
"GSE1456","GGI",15,131,0.6586,10
"GSE1456","GGI",15,132,0.677,7
"GSE1456","GGI",15,133,0.6684,12
"GSE1456","GGI",15,134,0.6838,12
"GSE1456","GGI",15,135,0.6558,9
"GSE1456","GGI",15,136,0.6591,12
"GSE1456","GGI",15,137,0.6695,7
"GSE1456","GGI",15,138,0.677,12
"GSE1456","GGI",15,139,0.6714,7
"GSE1456","GGI",15,140,0.6695,11
"GSE1456","GGI",15,141,0.6725,7
"GSE1456","GGI",15,142,0.6784,12
"GSE1456","GGI",15,143,0.6559,11
"GSE1456","GGI",15,144,0.6608,9
"GSE1456","GGI",15,145,0.6742,8
"GSE1456","GGI",15,146,0.6673,12
"GSE1456","GGI",15,147,0.6496,11
"GSE1456","GGI",15,148,0.673,12
"GSE1456","GGI",15,149,0.6617,11
"GSE1456","GGI",15,150,0.676,12
"GSE1456","GGI",15,151,0.6546,12
"GSE1456","GGI",15,152,0.6896,12
"GSE1456","GGI",15,153,0.6725,12
"GSE1456","GGI",15,154,0.6442,12
"GSE1456","GGI",15,155,0.6533,12
"GSE1456","GGI",15,156,0.679,5
"GSE1456","GGI",15,157,0.6797,11
"GSE1456","GGI",15,158,0.6682,11
"GSE1456","GGI",15,159,0.6647,12
"GSE1456","GGI",15,160,0.6723,9
"GSE1456","GGI",15,161,0.6822,7
"GSE1456","GGI",15,162,0.6818,12
"GSE1456","GGI",15,163,0.6695,6
"GSE1456","GGI",15,164,0.6701,12
"GSE1456","GGI",15,165,0.6794,6
"GSE1456","GGI",15,166,0.6597,8
"GSE1456","GGI",15,167,0.6546,12
"GSE1456","GGI",15,168,0.674,12
"GSE1456","GGI",15,169,0.6645,12
"GSE1456","GGI",15,170,0.6664,12
"GSE1456","GGI",15,171,0.671,12
"GSE1456","GGI",15,172,0.6677,9
"GSE1456","GGI",15,173,0.6649,12
"GSE1456","GGI",15,174,0.6848,12
"GSE1456","GGI",15,175,0.6684,10
"GSE1456","GGI",15,176,0.6675,9
"GSE1456","GGI",15,177,0.6658,12
"GSE1456","GGI",15,178,0.6591,12
"GSE1456","GGI",15,179,0.6651,10
"GSE1456","GGI",15,180,0.6714,12
"GSE1456","GGI",15,181,0.6654,9
"GSE1456","GGI",15,182,0.6714,12
"GSE1456","GGI",15,183,0.6658,12
"GSE1456","GGI",15,184,0.6533,11
"GSE1456","GGI",15,185,0.6682,10
"GSE1456","GGI",15,186,0.6595,12
"GSE1456","GGI",15,187,0.6491,12
"GSE1456","GGI",15,188,0.668,12
"GSE1456","GGI",15,189,0.6699,12
"GSE1456","GGI",15,190,0.6684,8
"GSE1456","GGI",15,191,0.6781,12
"GSE1456","GGI",15,192,0.668,12
"GSE1456","GGI",15,193,0.66,10
"GSE1456","GGI",15,194,0.6738,12
"GSE1456","GGI",15,195,0.6513,11
"GSE1456","GGI",15,196,0.6697,7
"GSE1456","GGI",15,197,0.6699,4
"GSE1456","GGI",15,198,0.6704,12
"GSE1456","GGI",15,199,0.6792,12
"GSE1456","GGI",15,200,0.6777,6
"GSE1456","GGI",15,201,0.652,10
"GSE1456","GGI",15,202,0.6664,8
"GSE1456","GGI",15,203,0.6636,8
"GSE1456","GGI",15,204,0.6686,9
"GSE1456","GGI",15,205,0.6742,10
"GSE1456","GGI",15,206,0.6665,11
"GSE1456","GGI",15,207,0.6796,10
"GSE1456","GGI",15,208,0.6643,12
"GSE1456","GGI",15,209,0.6747,12
"GSE1456","GGI",15,210,0.6771,12
"GSE1456","GGI",15,211,0.668,12
"GSE1456","GGI",15,212,0.6595,12
"GSE1456","GGI",15,213,0.6638,11
"GSE1456","GGI",15,214,0.6617,12
"GSE1456","GGI",15,215,0.6651,11
"GSE1456","GGI",15,216,0.673,12
"GSE1456","GGI",15,217,0.6662,12
"GSE1456","GGI",15,218,0.6669,9
"GSE1456","GGI",15,219,0.6645,8
"GSE1456","GGI",15,220,0.6697,9
"GSE1456","GGI",15,221,0.6693,6
"GSE1456","GGI",15,222,0.673,12
"GSE1456","GGI",15,223,0.6606,12
"GSE1456","GGI",15,224,0.6643,8
"GSE1456","GGI",15,225,0.6632,10
"GSE1456","GGI",15,226,0.6729,12
"GSE1456","GGI",15,227,0.6762,12
"GSE1456","GGI",15,228,0.6652,9
"GSE1456","GGI",15,229,0.6773,12
"GSE1456","GGI",15,230,0.6727,12
"GSE1456","GGI",15,231,0.6615,11
"GSE1456","GGI",15,232,0.6682,12
"GSE1456","GGI",15,233,0.684,12
"GSE1456","GGI",15,234,0.6719,12
"GSE1456","GGI",15,235,0.6617,10
"GSE1456","GGI",15,236,0.6729,12
"GSE1456","GGI",15,237,0.6647,12
"GSE1456","GGI",15,238,0.6677,8
"GSE1456","GGI",15,239,0.6494,12
"GSE1456","GGI",15,240,0.6493,12
"GSE1456","GGI",15,241,0.6651,10
"GSE1456","GGI",15,242,0.6613,12
"GSE1456","GGI",15,243,0.6537,12
"GSE1456","GGI",15,244,0.6621,12
"GSE1456","GGI",15,245,0.6602,8
"GSE1456","GGI",15,246,0.6671,12
"GSE1456","GGI",15,247,0.6556,12
"GSE1456","GGI",15,248,0.6708,12
"GSE1456","GGI",15,249,0.6654,12
"GSE1456","GGI",15,250,0.6799,12
"GSE1456","GGI",15,251,0.6701,12
"GSE1456","GGI",15,252,0.6613,11
"GSE1456","GGI",15,253,0.6827,12
"GSE1456","GGI",15,254,0.6814,8
"GSE1456","GGI",15,255,0.6783,12
"GSE1456","GGI",15,256,0.6608,10
"GSE1456","GGI",15,257,0.6697,12
"GSE1456","GGI",15,258,0.6617,12
"GSE1456","GGI",15,259,0.66,7
"GSE1456","GGI",15,260,0.6704,7
"GSE1456","GGI",15,261,0.6833,12
"GSE1456","GGI",15,262,0.6714,5
"GSE1456","GGI",15,263,0.671,12
"GSE1456","GGI",15,264,0.6723,8
"GSE1456","GGI",15,265,0.6626,11
"GSE1456","GGI",15,266,0.6602,12
"GSE1456","GGI",15,267,0.6703,12
"GSE1456","GGI",15,268,0.6619,8
"GSE1456","GGI",15,269,0.676,6
"GSE1456","GGI",15,270,0.6662,11
"GSE1456","GGI",15,271,0.6604,12
"GSE1456","GGI",15,272,0.6792,9
"GSE1456","GGI",15,273,0.6589,11
"GSE1456","GGI",15,274,0.6758,12
"GSE1456","GGI",15,275,0.6753,12
"GSE1456","GGI",15,276,0.6721,12
"GSE1456","GGI",15,277,0.6623,12
"GSE1456","GGI",15,278,0.6587,11
"GSE1456","GGI",15,279,0.6615,12
"GSE1456","GGI",15,280,0.6719,12
"GSE1456","GGI",15,281,0.6777,12
"GSE1456","GGI",15,282,0.6639,12
"GSE1456","GGI",15,283,0.676,11
"GSE1456","GGI",15,284,0.6638,11
"GSE1456","GGI",15,285,0.6762,12
"GSE1456","GGI",15,286,0.6749,12
"GSE1456","GGI",15,287,0.6732,12
"GSE1456","GGI",15,288,0.6719,9
"GSE1456","GGI",15,289,0.6704,12
"GSE1456","GGI",15,290,0.6667,8
"GSE1456","GGI",15,291,0.6645,8
"GSE1456","GGI",15,292,0.6667,12
"GSE1456","GGI",15,293,0.648,5
"GSE1456","GGI",15,294,0.6574,12
"GSE1456","GGI",15,295,0.6758,11
"GSE1456","GGI",15,296,0.6552,9
"GSE1456","GGI",15,297,0.6719,12
"GSE1456","GGI",15,298,0.6777,12
"GSE1456","GGI",15,299,0.6792,12
"GSE1456","GGI",15,300,0.6842,10
"GSE1456","GGI",15,301,0.668,11
"GSE1456","GGI",15,302,0.6448,3
"GSE1456","GGI",15,303,0.6612,11
"GSE1456","GGI",15,304,0.6654,6
"GSE1456","GGI",15,305,0.6706,12
"GSE1456","GGI",15,306,0.6478,12
"GSE1456","GGI",15,307,0.6649,10
"GSE1456","GGI",15,308,0.6835,12
"GSE1456","GGI",15,309,0.673,12
"GSE1456","GGI",15,310,0.6671,8
"GSE1456","GGI",15,311,0.6725,12
"GSE1456","GGI",15,312,0.6784,12
"GSE1456","GGI",15,313,0.6654,8
"GSE1456","GGI",15,314,0.6561,7
"GSE1456","GGI",15,315,0.6574,9
"GSE1456","GGI",15,316,0.6792,8
"GSE1456","GGI",15,317,0.6517,7
"GSE1456","GGI",15,318,0.6574,6
"GSE1456","GGI",15,319,0.6723,12
"GSE1456","GGI",15,320,0.6671,12
"GSE1456","GGI",15,321,0.6652,10
"GSE1456","GGI",15,322,0.6667,12
"GSE1456","GGI",15,323,0.6613,12
"GSE1456","GGI",15,324,0.655,12
"GSE1456","GGI",15,325,0.671,12
"GSE1456","GGI",15,326,0.6634,12
"GSE1456","GGI",15,327,0.6725,12
"GSE1456","GGI",15,328,0.6703,12
"GSE1456","GGI",15,329,0.6704,11
"GSE1456","GGI",15,330,0.6667,12
"GSE1456","GGI",15,331,0.6719,6
"GSE1456","GGI",15,332,0.6706,12
"GSE1456","GGI",15,333,0.6645,9
"GSE1456","GGI",15,334,0.6658,9
"GSE1456","GGI",15,335,0.676,12
"GSE1456","GGI",15,336,0.6604,7
"GSE1456","GGI",15,337,0.6766,12
"GSE1456","GGI",15,338,0.6623,12
"GSE1456","GGI",15,339,0.6688,12
"GSE1456","GGI",15,340,0.66,11
"GSE1456","GGI",15,341,0.6552,10
"GSE1456","GGI",15,342,0.6617,10
"GSE1456","GGI",15,343,0.668,12
"GSE1456","GGI",15,344,0.6794,12
"GSE1456","GGI",15,345,0.6797,11
"GSE1456","GGI",15,346,0.6615,12
"GSE1456","GGI",15,347,0.6664,12
"GSE1456","GGI",15,348,0.6574,7
"GSE1456","GGI",15,349,0.6634,9
"GSE1456","GGI",15,350,0.6597,12
"GSE1456","GGI",15,351,0.6612,10
"GSE1456","GGI",15,352,0.6665,9
"GSE1456","GGI",15,353,0.6599,12
"GSE1456","GGI",15,354,0.6571,12
"GSE1456","GGI",15,355,0.6498,12
"GSE1456","GGI",15,356,0.6807,12
"GSE1456","GGI",15,357,0.6576,10
"GSE1456","GGI",15,358,0.6626,9
"GSE1456","GGI",15,359,0.679,9
"GSE1456","GGI",15,360,0.6638,8
"GSE1456","GGI",15,361,0.6669,6
"GSE1456","GGI",15,362,0.679,12
"GSE1456","GGI",15,363,0.6753,7
"GSE1456","GGI",15,364,0.676,12
"GSE1456","GGI",15,365,0.6543,12
"GSE1456","GGI",15,366,0.669,12
"GSE1456","GGI",15,367,0.6751,12
"GSE1456","GGI",15,368,0.6732,12
"GSE1456","GGI",15,369,0.6595,12
"GSE1456","GGI",15,370,0.6651,6
"GSE1456","GGI",15,371,0.6651,12
"GSE1456","GGI",15,372,0.6591,8
"GSE1456","GGI",15,373,0.6502,11
"GSE1456","GGI",15,374,0.674,12
"GSE1456","GGI",15,375,0.6619,12
"GSE1456","GGI",15,376,0.6768,8
"GSE1456","GGI",15,377,0.6699,11
"GSE1456","GGI",15,378,0.6792,5
"GSE1456","GGI",15,379,0.6621,7
"GSE1456","GGI",15,380,0.6591,12
"GSE1456","GGI",15,381,0.6682,12
"GSE1456","GGI",15,382,0.6459,12
"GSE1456","GGI",15,383,0.6647,12
"GSE1456","GGI",15,384,0.6725,11
"GSE1456","GGI",15,385,0.6717,11
"GSE1456","GGI",15,386,0.6613,11
"GSE1456","GGI",15,387,0.6688,12
"GSE1456","GGI",15,388,0.6587,12
"GSE1456","GGI",15,389,0.6699,9
"GSE1456","GGI",15,390,0.6796,12
"GSE1456","GGI",15,391,0.6619,11
"GSE1456","GGI",15,392,0.6682,7
"GSE1456","GGI",15,393,0.6593,12
"GSE1456","GGI",15,394,0.6686,12
"GSE1456","GGI",15,395,0.6595,12
"GSE1456","GGI",15,396,0.6606,12
"GSE1456","GGI",15,397,0.6615,12
"GSE1456","GGI",15,398,0.676,10
"GSE1456","GGI",15,399,0.663,10
"GSE1456","GGI",15,400,0.6652,8
"GSE1456","GGI",15,401,0.6589,12
"GSE1456","GGI",15,402,0.6725,12
"GSE1456","GGI",15,403,0.6708,12
"GSE1456","GGI",15,404,0.6697,12
"GSE1456","GGI",15,405,0.6788,12
"GSE1456","GGI",15,406,0.6664,11
"GSE1456","GGI",15,407,0.6781,11
"GSE1456","GGI",15,408,0.6716,11
"GSE1456","GGI",15,409,0.6704,8
"GSE1456","GGI",15,410,0.6647,11
"GSE1456","GGI",15,411,0.6814,9
"GSE1456","GGI",15,412,0.6725,10
"GSE1456","GGI",15,413,0.6775,9
"GSE1456","GGI",15,414,0.6684,12
"GSE1456","GGI",15,415,0.677,12
"GSE1456","GGI",15,416,0.6664,7
"GSE1456","GGI",15,417,0.6697,10
"GSE1456","GGI",15,418,0.6638,10
"GSE1456","GGI",15,419,0.6738,12
"GSE1456","GGI",15,420,0.6615,9
"GSE1456","GGI",15,421,0.6688,12
"GSE1456","GGI",15,422,0.6732,12
"GSE1456","GGI",15,423,0.6511,12
"GSE1456","GGI",15,424,0.6597,12
"GSE1456","GGI",15,425,0.6546,12
"GSE1456","GGI",15,426,0.6716,12
"GSE1456","GGI",15,427,0.6682,11
"GSE1456","GGI",15,428,0.6693,11
"GSE1456","GGI",15,429,0.6757,12
"GSE1456","GGI",15,430,0.6714,9
"GSE1456","GGI",15,431,0.6723,12
"GSE1456","GGI",15,432,0.6734,12
"GSE1456","GGI",15,433,0.681,10
"GSE1456","GGI",15,434,0.6664,12
"GSE1456","GGI",15,435,0.6645,8
"GSE1456","GGI",15,436,0.6639,12
"GSE1456","GGI",15,437,0.6567,12
"GSE1456","GGI",15,438,0.6606,6
"GSE1456","GGI",15,439,0.6591,11
"GSE1456","GGI",15,440,0.6706,12
"GSE1456","GGI",15,441,0.6719,10
"GSE1456","GGI",15,442,0.6649,12
"GSE1456","GGI",15,443,0.6522,7
"GSE1456","GGI",15,444,0.6526,5
"GSE1456","GGI",15,445,0.6645,10
"GSE1456","GGI",15,446,0.6403,10
"GSE1456","GGI",15,447,0.6771,10
"GSE1456","GGI",15,448,0.671,12
"GSE1456","GGI",15,449,0.6777,12
"GSE1456","GGI",15,450,0.6688,12
"GSE1456","GGI",15,451,0.6684,12
"GSE1456","GGI",15,452,0.663,12
"GSE1456","GGI",15,453,0.6664,12
"GSE1456","GGI",15,454,0.6634,10
"GSE1456","GGI",15,455,0.6701,12
"GSE1456","GGI",15,456,0.6701,12
"GSE1456","GGI",15,457,0.677,10
"GSE1456","GGI",15,458,0.653,8
"GSE1456","GGI",15,459,0.6639,10
"GSE1456","GGI",15,460,0.6625,8
"GSE1456","GGI",15,461,0.6673,11
"GSE1456","GGI",15,462,0.6805,9
"GSE1456","GGI",15,463,0.6656,7
"GSE1456","GGI",15,464,0.6738,10
"GSE1456","GGI",15,465,0.6703,12
"GSE1456","GGI",15,466,0.668,11
"GSE1456","GGI",15,467,0.6684,12
"GSE1456","GGI",15,468,0.666,11
"GSE1456","GGI",15,469,0.679,12
"GSE1456","GGI",15,470,0.6381,7
"GSE1456","GGI",15,471,0.6777,11
"GSE1456","GGI",15,472,0.6732,12
"GSE1456","GGI",15,473,0.6697,12
"GSE1456","GGI",15,474,0.673,12
"GSE1456","GGI",15,475,0.6755,10
"GSE1456","GGI",15,476,0.6509,12
"GSE1456","GGI",15,477,0.6678,12
"GSE1456","GGI",15,478,0.6807,12
"GSE1456","GGI",15,479,0.6797,7
"GSE1456","GGI",15,480,0.6758,12
"GSE1456","GGI",15,481,0.6753,10
"GSE1456","GGI",15,482,0.6703,11
"GSE1456","GGI",15,483,0.6691,12
"GSE1456","GGI",15,484,0.6727,11
"GSE1456","GGI",15,485,0.6474,6
"GSE1456","GGI",15,486,0.6757,12
"GSE1456","GGI",15,487,0.6783,10
"GSE1456","GGI",15,488,0.6589,11
"GSE1456","GGI",15,489,0.6725,12
"GSE1456","GGI",15,490,0.6714,11
"GSE1456","GGI",15,491,0.6612,12
"GSE1456","GGI",15,492,0.6543,12
"GSE1456","GGI",15,493,0.6725,6
"GSE1456","GGI",15,494,0.6742,10
"GSE1456","GGI",15,495,0.6645,12
"GSE1456","GGI",15,496,0.6719,9
"GSE1456","GGI",15,497,0.6822,12
"GSE1456","GGI",15,498,0.6654,11
"GSE1456","GGI",15,499,0.6701,9
"GSE1456","GGI",15,500,0.6729,10
"GSE1456","GGI",15,501,0.6584,6
"GSE1456","GGI",15,502,0.6678,12
"GSE1456","GGI",15,503,0.6768,9
"GSE1456","GGI",15,504,0.6662,12
"GSE1456","GGI",15,505,0.6667,10
"GSE1456","GGI",15,506,0.6678,12
"GSE1456","GGI",15,507,0.6665,12
"GSE1456","GGI",15,508,0.6561,11
"GSE1456","GGI",15,509,0.6697,11
"GSE1456","GGI",15,510,0.6651,10
"GSE1456","GGI",15,511,0.6649,10
"GSE1456","GGI",15,512,0.6725,12
"GSE1456","GGI",15,513,0.666,12
"GSE1456","GGI",15,514,0.6708,8
"GSE1456","GGI",15,515,0.6721,10
"GSE1456","GGI",15,516,0.6647,10
"GSE1456","GGI",15,517,0.6506,10
"GSE1456","GGI",15,518,0.6747,12
"GSE1456","GGI",15,519,0.6649,12
"GSE1456","GGI",15,520,0.6697,7
"GSE1456","GGI",15,521,0.6634,12
"GSE1456","GGI",15,522,0.6807,12
"GSE1456","GGI",15,523,0.663,12
"GSE1456","GGI",15,524,0.6734,12
"GSE1456","GGI",15,525,0.6651,9
"GSE1456","GGI",15,526,0.6701,12
"GSE1456","GGI",15,527,0.6654,12
"GSE1456","GGI",15,528,0.6623,11
"GSE1456","GGI",15,529,0.6703,9
"GSE1456","GGI",15,530,0.6682,8
"GSE1456","GGI",15,531,0.6745,6
"GSE1456","GGI",15,532,0.6742,12
"GSE1456","GGI",15,533,0.6595,12
"GSE1456","GGI",15,534,0.6604,12
"GSE1456","GGI",15,535,0.6639,10
"GSE1456","GGI",15,536,0.6673,10
"GSE1456","GGI",15,537,0.6576,12
"GSE1456","GGI",15,538,0.6606,11
"GSE1456","GGI",15,539,0.6545,12
"GSE1456","GGI",15,540,0.6723,12
"GSE1456","GGI",15,541,0.6745,9
"GSE1456","GGI",15,542,0.6704,12
"GSE1456","GGI",15,543,0.6786,11
"GSE1456","GGI",15,544,0.6628,12
"GSE1456","GGI",15,545,0.6652,9
"GSE1456","GGI",15,546,0.6697,11
"GSE1456","GGI",15,547,0.6552,9
"GSE1456","GGI",15,548,0.6717,11
"GSE1456","GGI",15,549,0.6641,8
"GSE1456","GGI",15,550,0.6463,12
"GSE1456","GGI",15,551,0.6686,11
"GSE1456","GGI",15,552,0.6807,7
"GSE1456","GGI",15,553,0.6625,5
"GSE1456","GGI",15,554,0.6612,12
"GSE1456","GGI",15,555,0.6762,12
"GSE1456","GGI",15,556,0.6708,12
"GSE1456","GGI",15,557,0.6729,12
"GSE1456","GGI",15,558,0.6662,12
"GSE1456","GGI",15,559,0.65,12
"GSE1456","GGI",15,560,0.682,10
"GSE1456","GGI",15,561,0.6517,7
"GSE1456","GGI",15,562,0.6548,12
"GSE1456","GGI",15,563,0.6734,9
"GSE1456","GGI",15,564,0.6716,9
"GSE1456","GGI",15,565,0.6651,12
"GSE1456","GGI",15,566,0.6612,12
"GSE1456","GGI",15,567,0.6721,12
"GSE1456","GGI",15,568,0.6613,12
"GSE1456","GGI",15,569,0.6784,12
"GSE1456","GGI",15,570,0.666,12
"GSE1456","GGI",15,571,0.6708,12
"GSE1456","GGI",15,572,0.6775,10
"GSE1456","GGI",15,573,0.6662,6
"GSE1456","GGI",15,574,0.6649,12
"GSE1456","GGI",15,575,0.6868,12
"GSE1456","GGI",15,576,0.6578,12
"GSE1456","GGI",15,577,0.6771,12
"GSE1456","GGI",15,578,0.6608,12
"GSE1456","GGI",15,579,0.658,9
"GSE1456","GGI",15,580,0.6725,12
"GSE1456","GGI",15,581,0.6571,10
"GSE1456","GGI",15,582,0.6647,12
"GSE1456","GGI",15,583,0.6671,12
"GSE1456","GGI",15,584,0.6781,12
"GSE1456","GGI",15,585,0.6788,12
"GSE1456","GGI",15,586,0.661,8
"GSE1456","GGI",15,587,0.6664,8
"GSE1456","GGI",15,588,0.6822,10
"GSE1456","GGI",15,589,0.6413,7
"GSE1456","GGI",15,590,0.661,10
"GSE1456","GGI",15,591,0.6846,11
"GSE1456","GGI",15,592,0.6638,12
"GSE1456","GGI",15,593,0.669,11
"GSE1456","GGI",15,594,0.6701,12
"GSE1456","GGI",15,595,0.6784,12
"GSE1456","GGI",15,596,0.666,7
"GSE1456","GGI",15,597,0.6753,7
"GSE1456","GGI",15,598,0.6734,9
"GSE1456","GGI",15,599,0.6775,12
"GSE1456","GGI",15,600,0.6829,11
"GSE1456","GGI",15,601,0.671,8
"GSE1456","GGI",15,602,0.6732,9
"GSE1456","GGI",15,603,0.6617,11
"GSE1456","GGI",15,604,0.6686,12
"GSE1456","GGI",15,605,0.6695,12
"GSE1456","GGI",15,606,0.6743,12
"GSE1456","GGI",15,607,0.6651,12
"GSE1456","GGI",15,608,0.6647,12
"GSE1456","GGI",15,609,0.6704,7
"GSE1456","GGI",15,610,0.668,9
"GSE1456","GGI",15,611,0.6857,10
"GSE1456","GGI",15,612,0.6513,7
"GSE1456","GGI",15,613,0.6545,12
"GSE1456","GGI",15,614,0.6656,11
"GSE1456","GGI",15,615,0.6673,12
"GSE1456","GGI",15,616,0.6697,12
"GSE1456","GGI",15,617,0.6546,8
"GSE1456","GGI",15,618,0.6457,12
"GSE1456","GGI",15,619,0.6721,12
"GSE1456","GGI",15,620,0.6686,12
"GSE1456","GGI",15,621,0.6678,7
"GSE1456","GGI",15,622,0.6667,10
"GSE1456","GGI",15,623,0.673,10
"GSE1456","GGI",15,624,0.6647,12
"GSE1456","GGI",15,625,0.6693,12
"GSE1456","GGI",15,626,0.669,12
"GSE1456","GGI",15,627,0.6645,6
"GSE1456","GGI",15,628,0.6719,12
"GSE1456","GGI",15,629,0.6751,4
"GSE1456","GGI",15,630,0.6548,12
"GSE1456","GGI",15,631,0.6766,12
"GSE1456","GGI",15,632,0.6602,7
"GSE1456","GGI",15,633,0.6751,12
"GSE1456","GGI",15,634,0.6682,7
"GSE1456","GGI",15,635,0.6699,9
"GSE1456","GGI",15,636,0.6608,12
"GSE1456","GGI",15,637,0.6625,12
"GSE1456","GGI",15,638,0.6684,12
"GSE1456","GGI",15,639,0.6732,12
"GSE1456","GGI",15,640,0.6725,12
"GSE1456","GGI",15,641,0.6699,12
"GSE1456","GGI",15,642,0.6628,9
"GSE1456","GGI",15,643,0.6656,5
"GSE1456","GGI",15,644,0.648,2
"GSE1456","GGI",15,645,0.6587,4
"GSE1456","GGI",15,646,0.6738,11
"GSE1456","GGI",15,647,0.6712,12
"GSE1456","GGI",15,648,0.6704,10
"GSE1456","GGI",15,649,0.658,7
"GSE1456","GGI",15,650,0.6682,11
"GSE1456","GGI",15,651,0.6738,11
"GSE1456","GGI",15,652,0.6807,12
"GSE1456","GGI",15,653,0.6665,6
"GSE1456","GGI",15,654,0.6762,12
"GSE1456","GGI",15,655,0.6669,12
"GSE1456","GGI",15,656,0.6626,12
"GSE1456","GGI",15,657,0.6721,12
"GSE1456","GGI",15,658,0.668,12
"GSE1456","GGI",15,659,0.6628,6
"GSE1456","GGI",15,660,0.6686,12
"GSE1456","GGI",15,661,0.6658,12
"GSE1456","GGI",15,662,0.6576,12
"GSE1456","GGI",15,663,0.6823,10
"GSE1456","GGI",15,664,0.6807,8
"GSE1456","GGI",15,665,0.6593,12
"GSE1456","GGI",15,666,0.668,12
"GSE1456","GGI",15,667,0.6634,12
"GSE1456","GGI",15,668,0.6543,12
"GSE1456","GGI",15,669,0.6641,12
"GSE1456","GGI",15,670,0.6684,9
"GSE1456","GGI",15,671,0.6673,12
"GSE1456","GGI",15,672,0.6757,12
"GSE1456","GGI",15,673,0.6641,9
"GSE1456","GGI",15,674,0.6799,12
"GSE1456","GGI",15,675,0.6738,11
"GSE1456","GGI",15,676,0.6749,9
"GSE1456","GGI",15,677,0.6626,12
"GSE1456","GGI",15,678,0.6652,10
"GSE1456","GGI",15,679,0.6602,11
"GSE1456","GGI",15,680,0.6595,9
"GSE1456","GGI",15,681,0.6708,11
"GSE1456","GGI",15,682,0.6868,12
"GSE1456","GGI",15,683,0.6732,12
"GSE1456","GGI",15,684,0.6829,12
"GSE1456","GGI",15,685,0.6664,5
"GSE1456","GGI",15,686,0.6669,12
"GSE1456","GGI",15,687,0.6833,12
"GSE1456","GGI",15,688,0.6719,12
"GSE1456","GGI",15,689,0.6703,12
"GSE1456","GGI",15,690,0.6755,12
"GSE1456","GGI",15,691,0.6548,12
"GSE1456","GGI",15,692,0.6502,7
"GSE1456","GGI",15,693,0.6721,12
"GSE1456","GGI",15,694,0.6684,8
"GSE1456","GGI",15,695,0.671,9
"GSE1456","GGI",15,696,0.668,12
"GSE1456","GGI",15,697,0.6658,7
"GSE1456","GGI",15,698,0.6528,6
"GSE1456","GGI",15,699,0.6732,8
"GSE1456","GGI",15,700,0.6712,6
"GSE1456","GGI",15,701,0.6786,7
"GSE1456","GGI",15,702,0.6719,12
"GSE1456","GGI",15,703,0.6654,12
"GSE1456","GGI",15,704,0.6621,12
"GSE1456","GGI",15,705,0.6729,8
"GSE1456","GGI",15,706,0.6775,12
"GSE1456","GGI",15,707,0.66,12
"GSE1456","GGI",15,708,0.6818,12
"GSE1456","GGI",15,709,0.6569,9
"GSE1456","GGI",15,710,0.6586,8
"GSE1456","GGI",15,711,0.6548,10
"GSE1456","GGI",15,712,0.682,5
"GSE1456","GGI",15,713,0.676,12
"GSE1456","GGI",15,714,0.6638,12
"GSE1456","GGI",15,715,0.6586,9
"GSE1456","GGI",15,716,0.658,11
"GSE1456","GGI",15,717,0.6734,12
"GSE1456","GGI",15,718,0.6664,12
"GSE1456","GGI",15,719,0.6595,12
"GSE1456","GGI",15,720,0.6409,5
"GSE1456","GGI",15,721,0.6742,12
"GSE1456","GGI",15,722,0.6682,12
"GSE1456","GGI",15,723,0.6612,11
"GSE1456","GGI",15,724,0.6742,10
"GSE1456","GGI",15,725,0.6522,12
"GSE1456","GGI",15,726,0.6857,11
"GSE1456","GGI",15,727,0.674,12
"GSE1456","GGI",15,728,0.6755,11
"GSE1456","GGI",15,729,0.6751,12
"GSE1456","GGI",15,730,0.6662,8
"GSE1456","GGI",15,731,0.6805,8
"GSE1456","GGI",15,732,0.6667,12
"GSE1456","GGI",15,733,0.6727,12
"GSE1456","GGI",15,734,0.6638,10
"GSE1456","GGI",15,735,0.6734,12
"GSE1456","GGI",15,736,0.6783,12
"GSE1456","GGI",15,737,0.6606,12
"GSE1456","GGI",15,738,0.6619,12
"GSE1456","GGI",15,739,0.6712,10
"GSE1456","GGI",15,740,0.6695,12
"GSE1456","GGI",15,741,0.6537,12
"GSE1456","GGI",15,742,0.6757,11
"GSE1456","GGI",15,743,0.666,9
"GSE1456","GGI",15,744,0.6678,12
"GSE1456","GGI",15,745,0.6682,9
"GSE1456","GGI",15,746,0.6688,12
"GSE1456","GGI",15,747,0.6699,4
"GSE1456","GGI",15,748,0.6792,8
"GSE1456","GGI",15,749,0.6593,12
"GSE1456","GGI",15,750,0.6673,11
"GSE1456","GGI",15,751,0.6641,8
"GSE1456","GGI",15,752,0.6638,11
"GSE1456","GGI",15,753,0.6736,12
"GSE1456","GGI",15,754,0.6643,12
"GSE1456","GGI",15,755,0.6658,7
"GSE1456","GGI",15,756,0.6699,12
"GSE1456","GGI",15,757,0.668,12
"GSE1456","GGI",15,758,0.6768,12
"GSE1456","GGI",15,759,0.6619,12
"GSE1456","GGI",15,760,0.6576,11
"GSE1456","GGI",15,761,0.6717,8
"GSE1456","GGI",15,762,0.6725,6
"GSE1456","GGI",15,763,0.66,6
"GSE1456","GGI",15,764,0.6587,12
"GSE1456","GGI",15,765,0.6734,12
"GSE1456","GGI",15,766,0.6946,6
"GSE1456","GGI",15,767,0.6849,12
"GSE1456","GGI",15,768,0.671,9
"GSE1456","GGI",15,769,0.6442,11
"GSE1456","GGI",15,770,0.6738,11
"GSE1456","GGI",15,771,0.6649,12
"GSE1456","GGI",15,772,0.6578,12
"GSE1456","GGI",15,773,0.6632,10
"GSE1456","GGI",15,774,0.6743,7
"GSE1456","GGI",15,775,0.6691,10
"GSE1456","GGI",15,776,0.658,9
"GSE1456","GGI",15,777,0.6571,12
"GSE1456","GGI",15,778,0.6669,8
"GSE1456","GGI",15,779,0.6478,12
"GSE1456","GGI",15,780,0.6686,12
"GSE1456","GGI",15,781,0.6654,12
"GSE1456","GGI",15,782,0.668,11
"GSE1456","GGI",15,783,0.668,12
"GSE1456","GGI",15,784,0.6491,12
"GSE1456","GGI",15,785,0.6738,12
"GSE1456","GGI",15,786,0.6662,8
"GSE1456","GGI",15,787,0.6751,12
"GSE1456","GGI",15,788,0.6612,9
"GSE1456","GGI",15,789,0.6617,12
"GSE1456","GGI",15,790,0.6727,12
"GSE1456","GGI",15,791,0.6649,11
"GSE1456","GGI",15,792,0.6671,12
"GSE1456","GGI",15,793,0.6682,12
"GSE1456","GGI",15,794,0.6664,9
"GSE1456","GGI",15,795,0.6677,12
"GSE1456","GGI",15,796,0.6654,12
"GSE1456","GGI",15,797,0.6727,5
"GSE1456","GGI",15,798,0.6678,12
"GSE1456","GGI",15,799,0.6764,10
"GSE1456","GGI",15,800,0.6712,12
"GSE1456","GGI",15,801,0.6491,9
"GSE1456","GGI",15,802,0.6703,12
"GSE1456","GGI",15,803,0.6545,11
"GSE1456","GGI",15,804,0.6743,10
"GSE1456","GGI",15,805,0.6667,8
"GSE1456","GGI",15,806,0.6634,9
"GSE1456","GGI",15,807,0.673,7
"GSE1456","GGI",15,808,0.6803,12
"GSE1456","GGI",15,809,0.6647,12
"GSE1456","GGI",15,810,0.6539,9
"GSE1456","GGI",15,811,0.679,12
"GSE1456","GGI",15,812,0.6641,12
"GSE1456","GGI",15,813,0.6745,12
"GSE1456","GGI",15,814,0.6658,12
"GSE1456","GGI",15,815,0.6758,12
"GSE1456","GGI",15,816,0.6658,12
"GSE1456","GGI",15,817,0.6684,12
"GSE1456","GGI",15,818,0.6636,9
"GSE1456","GGI",15,819,0.6788,12
"GSE1456","GGI",15,820,0.6641,12
"GSE1456","GGI",15,821,0.6701,9
"GSE1456","GGI",15,822,0.6749,12
"GSE1456","GGI",15,823,0.6762,12
"GSE1456","GGI",15,824,0.6673,12
"GSE1456","GGI",15,825,0.6472,12
"GSE1456","GGI",15,826,0.6781,12
"GSE1456","GGI",15,827,0.6762,8
"GSE1456","GGI",15,828,0.6572,12
"GSE1456","GGI",15,829,0.6783,12
"GSE1456","GGI",15,830,0.6632,12
"GSE1456","GGI",15,831,0.6814,8
"GSE1456","GGI",15,832,0.6714,9
"GSE1456","GGI",15,833,0.6766,12
"GSE1456","GGI",15,834,0.6727,12
"GSE1456","GGI",15,835,0.6593,6
"GSE1456","GGI",15,836,0.673,7
"GSE1456","GGI",15,837,0.6812,12
"GSE1456","GGI",15,838,0.6775,8
"GSE1456","GGI",15,839,0.6558,12
"GSE1456","GGI",15,840,0.669,12
"GSE1456","GGI",15,841,0.6729,12
"GSE1456","GGI",15,842,0.6716,12
"GSE1456","GGI",15,843,0.676,12
"GSE1456","GGI",15,844,0.655,8
"GSE1456","GGI",15,845,0.673,11
"GSE1456","GGI",15,846,0.6745,12
"GSE1456","GGI",15,847,0.6643,10
"GSE1456","GGI",15,848,0.6699,11
"GSE1456","GGI",15,849,0.6697,7
"GSE1456","GGI",15,850,0.6697,7
"GSE1456","GGI",15,851,0.6877,10
"GSE1456","GGI",15,852,0.6708,12
"GSE1456","GGI",15,853,0.6771,7
"GSE1456","GGI",15,854,0.6649,7
"GSE1456","GGI",15,855,0.6758,10
"GSE1456","GGI",15,856,0.6582,12
"GSE1456","GGI",15,857,0.6576,12
"GSE1456","GGI",15,858,0.6626,6
"GSE1456","GGI",15,859,0.6818,12
"GSE1456","GGI",15,860,0.6704,7
"GSE1456","GGI",15,861,0.6615,12
"GSE1456","GGI",15,862,0.6537,5
"GSE1456","GGI",15,863,0.6632,7
"GSE1456","GGI",15,864,0.6766,12
"GSE1456","GGI",15,865,0.6697,12
"GSE1456","GGI",15,866,0.6602,10
"GSE1456","GGI",15,867,0.6652,12
"GSE1456","GGI",15,868,0.674,12
"GSE1456","GGI",15,869,0.6587,12
"GSE1456","GGI",15,870,0.6688,11
"GSE1456","GGI",15,871,0.6701,12
"GSE1456","GGI",15,872,0.6584,6
"GSE1456","GGI",15,873,0.671,12
"GSE1456","GGI",15,874,0.6665,9
"GSE1456","GGI",15,875,0.676,10
"GSE1456","GGI",15,876,0.655,12
"GSE1456","GGI",15,877,0.6595,9
"GSE1456","GGI",15,878,0.6805,12
"GSE1456","GGI",15,879,0.6704,12
"GSE1456","GGI",15,880,0.6716,12
"GSE1456","GGI",15,881,0.676,9
"GSE1456","GGI",15,882,0.6764,7
"GSE1456","GGI",15,883,0.668,12
"GSE1456","GGI",15,884,0.6654,11
"GSE1456","GGI",15,885,0.6677,12
"GSE1456","GGI",15,886,0.6647,6
"GSE1456","GGI",15,887,0.6773,10
"GSE1456","GGI",15,888,0.6643,12
"GSE1456","GGI",15,889,0.6678,11
"GSE1456","GGI",15,890,0.658,8
"GSE1456","GGI",15,891,0.6623,10
"GSE1456","GGI",15,892,0.6565,12
"GSE1456","GGI",15,893,0.6496,12
"GSE1456","GGI",15,894,0.681,12
"GSE1456","GGI",15,895,0.6875,12
"GSE1456","GGI",15,896,0.6593,4
"GSE1456","GGI",15,897,0.6729,12
"GSE1456","GGI",15,898,0.6632,10
"GSE1456","GGI",15,899,0.6803,10
"GSE1456","GGI",15,900,0.6729,10
"GSE1456","GGI",15,901,0.668,8
"GSE1456","GGI",15,902,0.6586,9
"GSE1456","GGI",15,903,0.6641,11
"GSE1456","GGI",15,904,0.6511,6
"GSE1456","GGI",15,905,0.6736,11
"GSE1456","GGI",15,906,0.6597,12
"GSE1456","GGI",15,907,0.6717,12
"GSE1456","GGI",15,908,0.6708,10
"GSE1456","GGI",15,909,0.6591,9
"GSE1456","GGI",15,910,0.6742,9
"GSE1456","GGI",15,911,0.6645,12
"GSE1456","GGI",15,912,0.6766,9
"GSE1456","GGI",15,913,0.6664,12
"GSE1456","GGI",15,914,0.6669,12
"GSE1456","GGI",15,915,0.6572,8
"GSE1456","GGI",15,916,0.666,12
"GSE1456","GGI",15,917,0.6729,12
"GSE1456","GGI",15,918,0.6489,12
"GSE1456","GGI",15,919,0.6688,6
"GSE1456","GGI",15,920,0.6697,12
"GSE1456","GGI",15,921,0.6742,6
"GSE1456","GGI",15,922,0.6519,7
"GSE1456","GGI",15,923,0.6673,9
"GSE1456","GGI",15,924,0.6866,12
"GSE1456","GGI",15,925,0.6703,10
"GSE1456","GGI",15,926,0.6691,12
"GSE1456","GGI",15,927,0.6606,11
"GSE1456","GGI",15,928,0.661,12
"GSE1456","GGI",15,929,0.6541,10
"GSE1456","GGI",15,930,0.6649,12
"GSE1456","GGI",15,931,0.6916,7
"GSE1456","GGI",15,932,0.6723,12
"GSE1456","GGI",15,933,0.6446,12
"GSE1456","GGI",15,934,0.6704,10
"GSE1456","GGI",15,935,0.6697,12
"GSE1456","GGI",15,936,0.6738,12
"GSE1456","GGI",15,937,0.666,8
"GSE1456","GGI",15,938,0.6682,12
"GSE1456","GGI",15,939,0.6567,12
"GSE1456","GGI",15,940,0.6584,5
"GSE1456","GGI",15,941,0.6556,12
"GSE1456","GGI",15,942,0.676,12
"GSE1456","GGI",15,943,0.6599,12
"GSE1456","GGI",15,944,0.6556,4
"GSE1456","GGI",15,945,0.6784,12
"GSE1456","GGI",15,946,0.6723,5
"GSE1456","GGI",15,947,0.6677,12
"GSE1456","GGI",15,948,0.6753,10
"GSE1456","GGI",15,949,0.6632,11
"GSE1456","GGI",15,950,0.673,11
"GSE1456","GGI",15,951,0.6608,11
"GSE1456","GGI",15,952,0.6749,11
"GSE1456","GGI",15,953,0.6606,8
"GSE1456","GGI",15,954,0.6533,10
"GSE1456","GGI",15,955,0.6794,9
"GSE1456","GGI",15,956,0.6736,12
"GSE1456","GGI",15,957,0.6734,12
"GSE1456","GGI",15,958,0.6623,12
"GSE1456","GGI",15,959,0.6714,12
"GSE1456","GGI",15,960,0.663,12
"GSE1456","GGI",15,961,0.6636,10
"GSE1456","GGI",15,962,0.6757,9
"GSE1456","GGI",15,963,0.6788,10
"GSE1456","GGI",15,964,0.6649,12
"GSE1456","GGI",15,965,0.6743,11
"GSE1456","GGI",15,966,0.6714,10
"GSE1456","GGI",15,967,0.6576,11
"GSE1456","GGI",15,968,0.6743,10
"GSE1456","GGI",15,969,0.6708,8
"GSE1456","GGI",15,970,0.6732,11
"GSE1456","GGI",15,971,0.6507,10
"GSE1456","GGI",15,972,0.6729,12
"GSE1456","GGI",15,973,0.666,12
"GSE1456","GGI",15,974,0.6794,9
"GSE1456","GGI",15,975,0.6615,9
"GSE1456","GGI",15,976,0.6606,5
"GSE1456","GGI",15,977,0.6604,12
"GSE1456","GGI",15,978,0.6364,7
"GSE1456","GGI",15,979,0.668,12
"GSE1456","GGI",15,980,0.6604,12
"GSE1456","GGI",15,981,0.6768,12
"GSE1456","GGI",15,982,0.6673,10
"GSE1456","GGI",15,983,0.6522,9
"GSE1456","GGI",15,984,0.6591,11
"GSE1456","GGI",15,985,0.6507,9
"GSE1456","GGI",15,986,0.6524,10
"GSE1456","GGI",15,987,0.6783,11
"GSE1456","GGI",15,988,0.6699,12
"GSE1456","GGI",15,989,0.6559,12
"GSE1456","GGI",15,990,0.6699,12
"GSE1456","GGI",15,991,0.6695,6
"GSE1456","GGI",15,992,0.6673,12
"GSE1456","GGI",15,993,0.6799,12
"GSE1456","GGI",15,994,0.6626,11
"GSE1456","GGI",15,995,0.6697,9
"GSE1456","GGI",15,996,0.6851,12
"GSE1456","GGI",15,997,0.6775,12
"GSE1456","GGI",15,998,0.6803,10
"GSE1456","GGI",15,999,0.6734,12
"GSE1456","GGI",15,1000,0.6632,12
"GSE1456","MammaPrint",24,1,0.6428,21
"GSE1456","MammaPrint",24,2,0.6593,21
"GSE1456","MammaPrint",24,3,0.6467,21
"GSE1456","MammaPrint",24,4,0.6606,21
"GSE1456","MammaPrint",24,5,0.666,21
"GSE1456","MammaPrint",24,6,0.6814,12
"GSE1456","MammaPrint",24,7,0.6779,21
"GSE1456","MammaPrint",24,8,0.6597,15
"GSE1456","MammaPrint",24,9,0.6617,21
"GSE1456","MammaPrint",24,10,0.6838,15
"GSE1456","MammaPrint",24,11,0.6584,21
"GSE1456","MammaPrint",24,12,0.6546,21
"GSE1456","MammaPrint",24,13,0.666,21
"GSE1456","MammaPrint",24,14,0.6805,21
"GSE1456","MammaPrint",24,15,0.6623,21
"GSE1456","MammaPrint",24,16,0.6786,15
"GSE1456","MammaPrint",24,17,0.6686,21
"GSE1456","MammaPrint",24,18,0.64,21
"GSE1456","MammaPrint",24,19,0.674,21
"GSE1456","MammaPrint",24,20,0.6381,15
"GSE1456","MammaPrint",24,21,0.6853,21
"GSE1456","MammaPrint",24,22,0.6764,21
"GSE1456","MammaPrint",24,23,0.6636,21
"GSE1456","MammaPrint",24,24,0.6498,21
"GSE1456","MammaPrint",24,25,0.6485,21
"GSE1456","MammaPrint",24,26,0.6561,21
"GSE1456","MammaPrint",24,27,0.6822,21
"GSE1456","MammaPrint",24,28,0.6894,21
"GSE1456","MammaPrint",24,29,0.6727,21
"GSE1456","MammaPrint",24,30,0.6606,21
"GSE1456","MammaPrint",24,31,0.6361,21
"GSE1456","MammaPrint",24,32,0.6714,21
"GSE1456","MammaPrint",24,33,0.6946,20
"GSE1456","MammaPrint",24,34,0.677,21
"GSE1456","MammaPrint",24,35,0.6506,16
"GSE1456","MammaPrint",24,36,0.6773,21
"GSE1456","MammaPrint",24,37,0.6563,21
"GSE1456","MammaPrint",24,38,0.6645,15
"GSE1456","MammaPrint",24,39,0.6651,21
"GSE1456","MammaPrint",24,40,0.6651,21
"GSE1456","MammaPrint",24,41,0.6589,21
"GSE1456","MammaPrint",24,42,0.6587,21
"GSE1456","MammaPrint",24,43,0.6608,16
"GSE1456","MammaPrint",24,44,0.6796,21
"GSE1456","MammaPrint",24,45,0.6738,21
"GSE1456","MammaPrint",24,46,0.6593,21
"GSE1456","MammaPrint",24,47,0.6797,21
"GSE1456","MammaPrint",24,48,0.6792,21
"GSE1456","MammaPrint",24,49,0.6745,21
"GSE1456","MammaPrint",24,50,0.6461,21
"GSE1456","MammaPrint",24,51,0.6751,21
"GSE1456","MammaPrint",24,52,0.681,21
"GSE1456","MammaPrint",24,53,0.671,21
"GSE1456","MammaPrint",24,54,0.6652,21
"GSE1456","MammaPrint",24,55,0.6734,21
"GSE1456","MammaPrint",24,56,0.652,21
"GSE1456","MammaPrint",24,57,0.6807,21
"GSE1456","MammaPrint",24,58,0.6823,21
"GSE1456","MammaPrint",24,59,0.6595,21
"GSE1456","MammaPrint",24,60,0.6708,21
"GSE1456","MammaPrint",24,61,0.6533,21
"GSE1456","MammaPrint",24,62,0.679,21
"GSE1456","MammaPrint",24,63,0.6758,21
"GSE1456","MammaPrint",24,64,0.6697,21
"GSE1456","MammaPrint",24,65,0.6652,21
"GSE1456","MammaPrint",24,66,0.6762,21
"GSE1456","MammaPrint",24,67,0.6554,21
"GSE1456","MammaPrint",24,68,0.6688,21
"GSE1456","MammaPrint",24,69,0.6781,11
"GSE1456","MammaPrint",24,70,0.6894,21
"GSE1456","MammaPrint",24,71,0.6398,21
"GSE1456","MammaPrint",24,72,0.6606,21
"GSE1456","MammaPrint",24,73,0.6699,21
"GSE1456","MammaPrint",24,74,0.6454,21
"GSE1456","MammaPrint",24,75,0.663,21
"GSE1456","MammaPrint",24,76,0.6636,21
"GSE1456","MammaPrint",24,77,0.6454,21
"GSE1456","MammaPrint",24,78,0.6801,12
"GSE1456","MammaPrint",24,79,0.6844,21
"GSE1456","MammaPrint",24,80,0.6757,21
"GSE1456","MammaPrint",24,81,0.6558,21
"GSE1456","MammaPrint",24,82,0.6602,21
"GSE1456","MammaPrint",24,83,0.674,14
"GSE1456","MammaPrint",24,84,0.6686,21
"GSE1456","MammaPrint",24,85,0.6831,13
"GSE1456","MammaPrint",24,86,0.669,21
"GSE1456","MammaPrint",24,87,0.6621,14
"GSE1456","MammaPrint",24,88,0.6595,21
"GSE1456","MammaPrint",24,89,0.6716,21
"GSE1456","MammaPrint",24,90,0.6909,21
"GSE1456","MammaPrint",24,91,0.6651,21
"GSE1456","MammaPrint",24,92,0.6623,21
"GSE1456","MammaPrint",24,93,0.6472,21
"GSE1456","MammaPrint",24,94,0.6632,21
"GSE1456","MammaPrint",24,95,0.6429,21
"GSE1456","MammaPrint",24,96,0.666,21
"GSE1456","MammaPrint",24,97,0.6742,21
"GSE1456","MammaPrint",24,98,0.6716,21
"GSE1456","MammaPrint",24,99,0.6628,21
"GSE1456","MammaPrint",24,100,0.6814,21
"GSE1456","MammaPrint",24,101,0.6613,21
"GSE1456","MammaPrint",24,102,0.6803,21
"GSE1456","MammaPrint",24,103,0.6604,21
"GSE1456","MammaPrint",24,104,0.6649,21
"GSE1456","MammaPrint",24,105,0.6651,21
"GSE1456","MammaPrint",24,106,0.6587,21
"GSE1456","MammaPrint",24,107,0.6755,20
"GSE1456","MammaPrint",24,108,0.679,21
"GSE1456","MammaPrint",24,109,0.6615,14
"GSE1456","MammaPrint",24,110,0.6654,21
"GSE1456","MammaPrint",24,111,0.682,21
"GSE1456","MammaPrint",24,112,0.6688,21
"GSE1456","MammaPrint",24,113,0.6758,21
"GSE1456","MammaPrint",24,114,0.6548,21
"GSE1456","MammaPrint",24,115,0.671,20
"GSE1456","MammaPrint",24,116,0.6654,17
"GSE1456","MammaPrint",24,117,0.6589,21
"GSE1456","MammaPrint",24,118,0.6587,21
"GSE1456","MammaPrint",24,119,0.6649,21
"GSE1456","MammaPrint",24,120,0.6394,21
"GSE1456","MammaPrint",24,121,0.6732,21
"GSE1456","MammaPrint",24,122,0.6742,21
"GSE1456","MammaPrint",24,123,0.6758,21
"GSE1456","MammaPrint",24,124,0.6584,21
"GSE1456","MammaPrint",24,125,0.6732,21
"GSE1456","MammaPrint",24,126,0.6736,21
"GSE1456","MammaPrint",24,127,0.6491,17
"GSE1456","MammaPrint",24,128,0.6403,21
"GSE1456","MammaPrint",24,129,0.661,21
"GSE1456","MammaPrint",24,130,0.6599,21
"GSE1456","MammaPrint",24,131,0.6467,21
"GSE1456","MammaPrint",24,132,0.6608,14
"GSE1456","MammaPrint",24,133,0.6673,21
"GSE1456","MammaPrint",24,134,0.6619,21
"GSE1456","MammaPrint",24,135,0.6766,21
"GSE1456","MammaPrint",24,136,0.6805,21
"GSE1456","MammaPrint",24,137,0.6565,21
"GSE1456","MammaPrint",24,138,0.6758,21
"GSE1456","MammaPrint",24,139,0.6444,21
"GSE1456","MammaPrint",24,140,0.6688,21
"GSE1456","MammaPrint",24,141,0.6625,21
"GSE1456","MammaPrint",24,142,0.6859,21
"GSE1456","MammaPrint",24,143,0.6524,16
"GSE1456","MammaPrint",24,144,0.6621,21
"GSE1456","MammaPrint",24,145,0.6494,21
"GSE1456","MammaPrint",24,146,0.6732,21
"GSE1456","MammaPrint",24,147,0.6697,21
"GSE1456","MammaPrint",24,148,0.6652,21
"GSE1456","MammaPrint",24,149,0.6589,21
"GSE1456","MammaPrint",24,150,0.648,21
"GSE1456","MammaPrint",24,151,0.6639,21
"GSE1456","MammaPrint",24,152,0.6777,21
"GSE1456","MammaPrint",24,153,0.6643,21
"GSE1456","MammaPrint",24,154,0.6669,21
"GSE1456","MammaPrint",24,155,0.6524,21
"GSE1456","MammaPrint",24,156,0.6742,21
"GSE1456","MammaPrint",24,157,0.6762,21
"GSE1456","MammaPrint",24,158,0.6799,15
"GSE1456","MammaPrint",24,159,0.6677,21
"GSE1456","MammaPrint",24,160,0.6615,21
"GSE1456","MammaPrint",24,161,0.6924,19
"GSE1456","MammaPrint",24,162,0.6814,21
"GSE1456","MammaPrint",24,163,0.6559,21
"GSE1456","MammaPrint",24,164,0.676,21
"GSE1456","MammaPrint",24,165,0.6582,21
"GSE1456","MammaPrint",24,166,0.6738,21
"GSE1456","MammaPrint",24,167,0.6688,21
"GSE1456","MammaPrint",24,168,0.692,21
"GSE1456","MammaPrint",24,169,0.6599,21
"GSE1456","MammaPrint",24,170,0.6452,21
"GSE1456","MammaPrint",24,171,0.6695,21
"GSE1456","MammaPrint",24,172,0.6578,21
"GSE1456","MammaPrint",24,173,0.6695,21
"GSE1456","MammaPrint",24,174,0.6563,21
"GSE1456","MammaPrint",24,175,0.6649,21
"GSE1456","MammaPrint",24,176,0.6805,21
"GSE1456","MammaPrint",24,177,0.6602,21
"GSE1456","MammaPrint",24,178,0.6154,21
"GSE1456","MammaPrint",24,179,0.6875,21
"GSE1456","MammaPrint",24,180,0.6777,21
"GSE1456","MammaPrint",24,181,0.6775,21
"GSE1456","MammaPrint",24,182,0.6665,13
"GSE1456","MammaPrint",24,183,0.6743,21
"GSE1456","MammaPrint",24,184,0.6961,20
"GSE1456","MammaPrint",24,185,0.673,21
"GSE1456","MammaPrint",24,186,0.6699,21
"GSE1456","MammaPrint",24,187,0.666,21
"GSE1456","MammaPrint",24,188,0.6615,21
"GSE1456","MammaPrint",24,189,0.6587,21
"GSE1456","MammaPrint",24,190,0.6678,21
"GSE1456","MammaPrint",24,191,0.6716,14
"GSE1456","MammaPrint",24,192,0.6678,21
"GSE1456","MammaPrint",24,193,0.6546,12
"GSE1456","MammaPrint",24,194,0.6742,14
"GSE1456","MammaPrint",24,195,0.6712,21
"GSE1456","MammaPrint",24,196,0.6667,21
"GSE1456","MammaPrint",24,197,0.6649,21
"GSE1456","MammaPrint",24,198,0.6768,21
"GSE1456","MammaPrint",24,199,0.6727,21
"GSE1456","MammaPrint",24,200,0.6803,21
"GSE1456","MammaPrint",24,201,0.6472,21
"GSE1456","MammaPrint",24,202,0.677,21
"GSE1456","MammaPrint",24,203,0.6719,21
"GSE1456","MammaPrint",24,204,0.6662,21
"GSE1456","MammaPrint",24,205,0.6773,21
"GSE1456","MammaPrint",24,206,0.6757,21
"GSE1456","MammaPrint",24,207,0.6831,21
"GSE1456","MammaPrint",24,208,0.6721,21
"GSE1456","MammaPrint",24,209,0.6545,21
"GSE1456","MammaPrint",24,210,0.6736,21
"GSE1456","MammaPrint",24,211,0.6651,21
"GSE1456","MammaPrint",24,212,0.6669,17
"GSE1456","MammaPrint",24,213,0.6612,21
"GSE1456","MammaPrint",24,214,0.681,21
"GSE1456","MammaPrint",24,215,0.653,21
"GSE1456","MammaPrint",24,216,0.6684,21
"GSE1456","MammaPrint",24,217,0.6619,21
"GSE1456","MammaPrint",24,218,0.6695,21
"GSE1456","MammaPrint",24,219,0.677,21
"GSE1456","MammaPrint",24,220,0.6667,21
"GSE1456","MammaPrint",24,221,0.6498,21
"GSE1456","MammaPrint",24,222,0.6608,21
"GSE1456","MammaPrint",24,223,0.663,21
"GSE1456","MammaPrint",24,224,0.6457,20
"GSE1456","MammaPrint",24,225,0.6632,21
"GSE1456","MammaPrint",24,226,0.673,21
"GSE1456","MammaPrint",24,227,0.6511,21
"GSE1456","MammaPrint",24,228,0.6416,21
"GSE1456","MammaPrint",24,229,0.6665,21
"GSE1456","MammaPrint",24,230,0.6712,21
"GSE1456","MammaPrint",24,231,0.6704,21
"GSE1456","MammaPrint",24,232,0.6649,21
"GSE1456","MammaPrint",24,233,0.6664,21
"GSE1456","MammaPrint",24,234,0.6721,21
"GSE1456","MammaPrint",24,235,0.6383,21
"GSE1456","MammaPrint",24,236,0.6708,21
"GSE1456","MammaPrint",24,237,0.682,21
"GSE1456","MammaPrint",24,238,0.6346,21
"GSE1456","MammaPrint",24,239,0.6498,21
"GSE1456","MammaPrint",24,240,0.663,21
"GSE1456","MammaPrint",24,241,0.6604,21
"GSE1456","MammaPrint",24,242,0.6677,21
"GSE1456","MammaPrint",24,243,0.6734,21
"GSE1456","MammaPrint",24,244,0.6766,21
"GSE1456","MammaPrint",24,245,0.6532,21
"GSE1456","MammaPrint",24,246,0.6455,21
"GSE1456","MammaPrint",24,247,0.6621,21
"GSE1456","MammaPrint",24,248,0.663,21
"GSE1456","MammaPrint",24,249,0.6589,21
"GSE1456","MammaPrint",24,250,0.6667,21
"GSE1456","MammaPrint",24,251,0.6768,21
"GSE1456","MammaPrint",24,252,0.6582,21
"GSE1456","MammaPrint",24,253,0.6887,21
"GSE1456","MammaPrint",24,254,0.669,21
"GSE1456","MammaPrint",24,255,0.6822,21
"GSE1456","MammaPrint",24,256,0.6578,15
"GSE1456","MammaPrint",24,257,0.6671,21
"GSE1456","MammaPrint",24,258,0.6753,21
"GSE1456","MammaPrint",24,259,0.6439,21
"GSE1456","MammaPrint",24,260,0.6717,21
"GSE1456","MammaPrint",24,261,0.6887,21
"GSE1456","MammaPrint",24,262,0.6742,21
"GSE1456","MammaPrint",24,263,0.6595,21
"GSE1456","MammaPrint",24,264,0.6561,21
"GSE1456","MammaPrint",24,265,0.674,21
"GSE1456","MammaPrint",24,266,0.6704,21
"GSE1456","MammaPrint",24,267,0.6859,21
"GSE1456","MammaPrint",24,268,0.6647,21
"GSE1456","MammaPrint",24,269,0.6604,12
"GSE1456","MammaPrint",24,270,0.6602,21
"GSE1456","MammaPrint",24,271,0.6736,21
"GSE1456","MammaPrint",24,272,0.6455,21
"GSE1456","MammaPrint",24,273,0.6388,21
"GSE1456","MammaPrint",24,274,0.668,21
"GSE1456","MammaPrint",24,275,0.6652,21
"GSE1456","MammaPrint",24,276,0.6552,3
"GSE1456","MammaPrint",24,277,0.6758,21
"GSE1456","MammaPrint",24,278,0.6255,21
"GSE1456","MammaPrint",24,279,0.6541,21
"GSE1456","MammaPrint",24,280,0.682,21
"GSE1456","MammaPrint",24,281,0.6621,21
"GSE1456","MammaPrint",24,282,0.6783,21
"GSE1456","MammaPrint",24,283,0.65,21
"GSE1456","MammaPrint",24,284,0.6773,21
"GSE1456","MammaPrint",24,285,0.6532,21
"GSE1456","MammaPrint",24,286,0.6567,21
"GSE1456","MammaPrint",24,287,0.6693,21
"GSE1456","MammaPrint",24,288,0.6701,21
"GSE1456","MammaPrint",24,289,0.6781,21
"GSE1456","MammaPrint",24,290,0.6805,21
"GSE1456","MammaPrint",24,291,0.6682,21
"GSE1456","MammaPrint",24,292,0.6872,19
"GSE1456","MammaPrint",24,293,0.673,21
"GSE1456","MammaPrint",24,294,0.6794,21
"GSE1456","MammaPrint",24,295,0.6641,21
"GSE1456","MammaPrint",24,296,0.6818,21
"GSE1456","MammaPrint",24,297,0.652,21
"GSE1456","MammaPrint",24,298,0.6671,14
"GSE1456","MammaPrint",24,299,0.6429,21
"GSE1456","MammaPrint",24,300,0.6649,21
"GSE1456","MammaPrint",24,301,0.6625,21
"GSE1456","MammaPrint",24,302,0.655,21
"GSE1456","MammaPrint",24,303,0.6771,21
"GSE1456","MammaPrint",24,304,0.6706,13
"GSE1456","MammaPrint",24,305,0.6645,21
"GSE1456","MammaPrint",24,306,0.6797,21
"GSE1456","MammaPrint",24,307,0.6868,21
"GSE1456","MammaPrint",24,308,0.6591,21
"GSE1456","MammaPrint",24,309,0.6654,21
"GSE1456","MammaPrint",24,310,0.6757,21
"GSE1456","MammaPrint",24,311,0.6656,21
"GSE1456","MammaPrint",24,312,0.6617,15
"GSE1456","MammaPrint",24,313,0.6541,21
"GSE1456","MammaPrint",24,314,0.6558,21
"GSE1456","MammaPrint",24,315,0.661,21
"GSE1456","MammaPrint",24,316,0.6697,21
"GSE1456","MammaPrint",24,317,0.6606,21
"GSE1456","MammaPrint",24,318,0.6716,11
"GSE1456","MammaPrint",24,319,0.6872,21
"GSE1456","MammaPrint",24,320,0.6619,21
"GSE1456","MammaPrint",24,321,0.6537,21
"GSE1456","MammaPrint",24,322,0.6535,21
"GSE1456","MammaPrint",24,323,0.6758,21
"GSE1456","MammaPrint",24,324,0.6654,21
"GSE1456","MammaPrint",24,325,0.6498,21
"GSE1456","MammaPrint",24,326,0.6669,21
"GSE1456","MammaPrint",24,327,0.6567,21
"GSE1456","MammaPrint",24,328,0.6662,21
"GSE1456","MammaPrint",24,329,0.6888,21
"GSE1456","MammaPrint",24,330,0.6812,21
"GSE1456","MammaPrint",24,331,0.6623,21
"GSE1456","MammaPrint",24,332,0.653,21
"GSE1456","MammaPrint",24,333,0.6567,21
"GSE1456","MammaPrint",24,334,0.6831,21
"GSE1456","MammaPrint",24,335,0.6455,21
"GSE1456","MammaPrint",24,336,0.679,21
"GSE1456","MammaPrint",24,337,0.6922,21
"GSE1456","MammaPrint",24,338,0.655,21
"GSE1456","MammaPrint",24,339,0.6723,21
"GSE1456","MammaPrint",24,340,0.6684,14
"GSE1456","MammaPrint",24,341,0.6658,21
"GSE1456","MammaPrint",24,342,0.6481,14
"GSE1456","MammaPrint",24,343,0.689,21
"GSE1456","MammaPrint",24,344,0.6734,21
"GSE1456","MammaPrint",24,345,0.681,20
"GSE1456","MammaPrint",24,346,0.6528,21
"GSE1456","MammaPrint",24,347,0.6584,21
"GSE1456","MammaPrint",24,348,0.6669,21
"GSE1456","MammaPrint",24,349,0.6591,21
"GSE1456","MammaPrint",24,350,0.6671,21
"GSE1456","MammaPrint",24,351,0.658,21
"GSE1456","MammaPrint",24,352,0.6671,21
"GSE1456","MammaPrint",24,353,0.6632,15
"GSE1456","MammaPrint",24,354,0.6699,21
"GSE1456","MammaPrint",24,355,0.6658,21
"GSE1456","MammaPrint",24,356,0.6398,21
"GSE1456","MammaPrint",24,357,0.679,21
"GSE1456","MammaPrint",24,358,0.6682,21
"GSE1456","MammaPrint",24,359,0.6809,21
"GSE1456","MammaPrint",24,360,0.668,21
"GSE1456","MammaPrint",24,361,0.6519,21
"GSE1456","MammaPrint",24,362,0.6662,21
"GSE1456","MammaPrint",24,363,0.6727,11
"GSE1456","MammaPrint",24,364,0.6892,21
"GSE1456","MammaPrint",24,365,0.6706,21
"GSE1456","MammaPrint",24,366,0.6612,15
"GSE1456","MammaPrint",24,367,0.6645,21
"GSE1456","MammaPrint",24,368,0.6816,21
"GSE1456","MammaPrint",24,369,0.6571,21
"GSE1456","MammaPrint",24,370,0.6693,21
"GSE1456","MammaPrint",24,371,0.6753,12
"GSE1456","MammaPrint",24,372,0.6784,15
"GSE1456","MammaPrint",24,373,0.6597,21
"GSE1456","MammaPrint",24,374,0.6535,21
"GSE1456","MammaPrint",24,375,0.6612,21
"GSE1456","MammaPrint",24,376,0.6792,21
"GSE1456","MammaPrint",24,377,0.6483,21
"GSE1456","MammaPrint",24,378,0.6719,21
"GSE1456","MammaPrint",24,379,0.6533,21
"GSE1456","MammaPrint",24,380,0.6662,21
"GSE1456","MammaPrint",24,381,0.681,21
"GSE1456","MammaPrint",24,382,0.6682,21
"GSE1456","MammaPrint",24,383,0.6664,21
"GSE1456","MammaPrint",24,384,0.6591,12
"GSE1456","MammaPrint",24,385,0.6558,21
"GSE1456","MammaPrint",24,386,0.6623,21
"GSE1456","MammaPrint",24,387,0.6829,21
"GSE1456","MammaPrint",24,388,0.6695,21
"GSE1456","MammaPrint",24,389,0.6926,19
"GSE1456","MammaPrint",24,390,0.6468,15
"GSE1456","MammaPrint",24,391,0.6414,20
"GSE1456","MammaPrint",24,392,0.6688,21
"GSE1456","MammaPrint",24,393,0.6561,21
"GSE1456","MammaPrint",24,394,0.6743,15
"GSE1456","MammaPrint",24,395,0.6537,21
"GSE1456","MammaPrint",24,396,0.6799,21
"GSE1456","MammaPrint",24,397,0.6481,21
"GSE1456","MammaPrint",24,398,0.6924,21
"GSE1456","MammaPrint",24,399,0.6931,21
"GSE1456","MammaPrint",24,400,0.6517,15
"GSE1456","MammaPrint",24,401,0.6643,21
"GSE1456","MammaPrint",24,402,0.6556,21
"GSE1456","MammaPrint",24,403,0.6775,21
"GSE1456","MammaPrint",24,404,0.6651,21
"GSE1456","MammaPrint",24,405,0.6517,21
"GSE1456","MammaPrint",24,406,0.679,21
"GSE1456","MammaPrint",24,407,0.6771,21
"GSE1456","MammaPrint",24,408,0.6732,15
"GSE1456","MammaPrint",24,409,0.6827,15
"GSE1456","MammaPrint",24,410,0.6509,21
"GSE1456","MammaPrint",24,411,0.655,21
"GSE1456","MammaPrint",24,412,0.6818,21
"GSE1456","MammaPrint",24,413,0.6807,20
"GSE1456","MammaPrint",24,414,0.6704,13
"GSE1456","MammaPrint",24,415,0.66,21
"GSE1456","MammaPrint",24,416,0.6502,21
"GSE1456","MammaPrint",24,417,0.6807,13
"GSE1456","MammaPrint",24,418,0.6708,21
"GSE1456","MammaPrint",24,419,0.6563,15
"GSE1456","MammaPrint",24,420,0.6758,21
"GSE1456","MammaPrint",24,421,0.6567,21
"GSE1456","MammaPrint",24,422,0.673,21
"GSE1456","MammaPrint",24,423,0.6656,21
"GSE1456","MammaPrint",24,424,0.6762,21
"GSE1456","MammaPrint",24,425,0.681,20
"GSE1456","MammaPrint",24,426,0.6888,21
"GSE1456","MammaPrint",24,427,0.6435,21
"GSE1456","MammaPrint",24,428,0.6716,21
"GSE1456","MammaPrint",24,429,0.666,21
"GSE1456","MammaPrint",24,430,0.6513,21
"GSE1456","MammaPrint",24,431,0.668,21
"GSE1456","MammaPrint",24,432,0.6602,21
"GSE1456","MammaPrint",24,433,0.6645,21
"GSE1456","MammaPrint",24,434,0.6888,16
"GSE1456","MammaPrint",24,435,0.6569,21
"GSE1456","MammaPrint",24,436,0.6695,21
"GSE1456","MammaPrint",24,437,0.661,21
"GSE1456","MammaPrint",24,438,0.6816,21
"GSE1456","MammaPrint",24,439,0.6784,21
"GSE1456","MammaPrint",24,440,0.6721,21
"GSE1456","MammaPrint",24,441,0.6903,20
"GSE1456","MammaPrint",24,442,0.6545,21
"GSE1456","MammaPrint",24,443,0.6797,21
"GSE1456","MammaPrint",24,444,0.6677,21
"GSE1456","MammaPrint",24,445,0.6636,21
"GSE1456","MammaPrint",24,446,0.6599,21
"GSE1456","MammaPrint",24,447,0.6526,21
"GSE1456","MammaPrint",24,448,0.6474,21
"GSE1456","MammaPrint",24,449,0.6764,21
"GSE1456","MammaPrint",24,450,0.6361,21
"GSE1456","MammaPrint",24,451,0.6599,21
"GSE1456","MammaPrint",24,452,0.669,21
"GSE1456","MammaPrint",24,453,0.6812,21
"GSE1456","MammaPrint",24,454,0.6552,21
"GSE1456","MammaPrint",24,455,0.679,21
"GSE1456","MammaPrint",24,456,0.684,21
"GSE1456","MammaPrint",24,457,0.652,21
"GSE1456","MammaPrint",24,458,0.6736,21
"GSE1456","MammaPrint",24,459,0.669,21
"GSE1456","MammaPrint",24,460,0.6823,21
"GSE1456","MammaPrint",24,461,0.6409,21
"GSE1456","MammaPrint",24,462,0.6548,21
"GSE1456","MammaPrint",24,463,0.6489,21
"GSE1456","MammaPrint",24,464,0.6643,21
"GSE1456","MammaPrint",24,465,0.6704,21
"GSE1456","MammaPrint",24,466,0.6613,21
"GSE1456","MammaPrint",24,467,0.6528,21
"GSE1456","MammaPrint",24,468,0.6736,21
"GSE1456","MammaPrint",24,469,0.6716,21
"GSE1456","MammaPrint",24,470,0.6729,21
"GSE1456","MammaPrint",24,471,0.676,21
"GSE1456","MammaPrint",24,472,0.6699,21
"GSE1456","MammaPrint",24,473,0.6608,14
"GSE1456","MammaPrint",24,474,0.6615,21
"GSE1456","MammaPrint",24,475,0.6699,21
"GSE1456","MammaPrint",24,476,0.6695,21
"GSE1456","MammaPrint",24,477,0.6595,3
"GSE1456","MammaPrint",24,478,0.6591,21
"GSE1456","MammaPrint",24,479,0.6777,21
"GSE1456","MammaPrint",24,480,0.6716,21
"GSE1456","MammaPrint",24,481,0.6546,21
"GSE1456","MammaPrint",24,482,0.6768,21
"GSE1456","MammaPrint",24,483,0.6413,21
"GSE1456","MammaPrint",24,484,0.6714,21
"GSE1456","MammaPrint",24,485,0.6721,15
"GSE1456","MammaPrint",24,486,0.6444,21
"GSE1456","MammaPrint",24,487,0.6807,21
"GSE1456","MammaPrint",24,488,0.6866,21
"GSE1456","MammaPrint",24,489,0.6333,21
"GSE1456","MammaPrint",24,490,0.6898,21
"GSE1456","MammaPrint",24,491,0.6576,21
"GSE1456","MammaPrint",24,492,0.6548,21
"GSE1456","MammaPrint",24,493,0.6719,21
"GSE1456","MammaPrint",24,494,0.6844,21
"GSE1456","MammaPrint",24,495,0.6805,21
"GSE1456","MammaPrint",24,496,0.639,18
"GSE1456","MammaPrint",24,497,0.6491,21
"GSE1456","MammaPrint",24,498,0.6558,21
"GSE1456","MammaPrint",24,499,0.6667,21
"GSE1456","MammaPrint",24,500,0.6753,21
"GSE1456","MammaPrint",24,501,0.6883,21
"GSE1456","MammaPrint",24,502,0.6528,21
"GSE1456","MammaPrint",24,503,0.6786,14
"GSE1456","MammaPrint",24,504,0.6519,21
"GSE1456","MammaPrint",24,505,0.6677,21
"GSE1456","MammaPrint",24,506,0.6693,21
"GSE1456","MammaPrint",24,507,0.6749,21
"GSE1456","MammaPrint",24,508,0.6723,21
"GSE1456","MammaPrint",24,509,0.6625,21
"GSE1456","MammaPrint",24,510,0.6591,21
"GSE1456","MammaPrint",24,511,0.6599,21
"GSE1456","MammaPrint",24,512,0.6853,15
"GSE1456","MammaPrint",24,513,0.6429,21
"GSE1456","MammaPrint",24,514,0.6647,21
"GSE1456","MammaPrint",24,515,0.6584,21
"GSE1456","MammaPrint",24,516,0.6649,12
"GSE1456","MammaPrint",24,517,0.6569,21
"GSE1456","MammaPrint",24,518,0.6589,21
"GSE1456","MammaPrint",24,519,0.6645,21
"GSE1456","MammaPrint",24,520,0.6777,21
"GSE1456","MammaPrint",24,521,0.6437,15
"GSE1456","MammaPrint",24,522,0.6559,21
"GSE1456","MammaPrint",24,523,0.6563,21
"GSE1456","MammaPrint",24,524,0.671,15
"GSE1456","MammaPrint",24,525,0.6818,21
"GSE1456","MammaPrint",24,526,0.6504,21
"GSE1456","MammaPrint",24,527,0.6511,21
"GSE1456","MammaPrint",24,528,0.6669,21
"GSE1456","MammaPrint",24,529,0.661,21
"GSE1456","MammaPrint",24,530,0.6552,21
"GSE1456","MammaPrint",24,531,0.6677,21
"GSE1456","MammaPrint",24,532,0.673,21
"GSE1456","MammaPrint",24,533,0.663,21
"GSE1456","MammaPrint",24,534,0.6688,21
"GSE1456","MammaPrint",24,535,0.6535,21
"GSE1456","MammaPrint",24,536,0.6526,21
"GSE1456","MammaPrint",24,537,0.6587,21
"GSE1456","MammaPrint",24,538,0.6673,21
"GSE1456","MammaPrint",24,539,0.6615,21
"GSE1456","MammaPrint",24,540,0.6561,21
"GSE1456","MammaPrint",24,541,0.661,21
"GSE1456","MammaPrint",24,542,0.7009,4
"GSE1456","MammaPrint",24,543,0.6738,21
"GSE1456","MammaPrint",24,544,0.6866,21
"GSE1456","MammaPrint",24,545,0.6742,21
"GSE1456","MammaPrint",24,546,0.6667,21
"GSE1456","MammaPrint",24,547,0.6727,21
"GSE1456","MammaPrint",24,548,0.6775,21
"GSE1456","MammaPrint",24,549,0.6481,21
"GSE1456","MammaPrint",24,550,0.6537,21
"GSE1456","MammaPrint",24,551,0.6524,21
"GSE1456","MammaPrint",24,552,0.65,21
"GSE1456","MammaPrint",24,553,0.6725,21
"GSE1456","MammaPrint",24,554,0.6498,21
"GSE1456","MammaPrint",24,555,0.6745,13
"GSE1456","MammaPrint",24,556,0.6656,21
"GSE1456","MammaPrint",24,557,0.6716,21
"GSE1456","MammaPrint",24,558,0.6654,21
"GSE1456","MammaPrint",24,559,0.6669,21
"GSE1456","MammaPrint",24,560,0.6864,20
"GSE1456","MammaPrint",24,561,0.6799,21
"GSE1456","MammaPrint",24,562,0.6574,21
"GSE1456","MammaPrint",24,563,0.6669,16
"GSE1456","MammaPrint",24,564,0.6563,21
"GSE1456","MammaPrint",24,565,0.6758,21
"GSE1456","MammaPrint",24,566,0.668,21
"GSE1456","MammaPrint",24,567,0.671,21
"GSE1456","MammaPrint",24,568,0.6665,21
"GSE1456","MammaPrint",24,569,0.6738,21
"GSE1456","MammaPrint",24,570,0.6513,16
"GSE1456","MammaPrint",24,571,0.6704,21
"GSE1456","MammaPrint",24,572,0.6729,21
"GSE1456","MammaPrint",24,573,0.6723,13
"GSE1456","MammaPrint",24,574,0.6686,14
"GSE1456","MammaPrint",24,575,0.6749,21
"GSE1456","MammaPrint",24,576,0.6502,21
"GSE1456","MammaPrint",24,577,0.6851,21
"GSE1456","MammaPrint",24,578,0.6651,21
"GSE1456","MammaPrint",24,579,0.6699,21
"GSE1456","MammaPrint",24,580,0.669,21
"GSE1456","MammaPrint",24,581,0.6862,21
"GSE1456","MammaPrint",24,582,0.674,21
"GSE1456","MammaPrint",24,583,0.6816,13
"GSE1456","MammaPrint",24,584,0.6717,21
"GSE1456","MammaPrint",24,585,0.6569,21
"GSE1456","MammaPrint",24,586,0.6407,21
"GSE1456","MammaPrint",24,587,0.6701,21
"GSE1456","MammaPrint",24,588,0.6619,21
"GSE1456","MammaPrint",24,589,0.6667,21
"GSE1456","MammaPrint",24,590,0.6716,21
"GSE1456","MammaPrint",24,591,0.6714,21
"GSE1456","MammaPrint",24,592,0.6632,21
"GSE1456","MammaPrint",24,593,0.6768,21
"GSE1456","MammaPrint",24,594,0.6478,21
"GSE1456","MammaPrint",24,595,0.6835,21
"GSE1456","MammaPrint",24,596,0.6784,21
"GSE1456","MammaPrint",24,597,0.6753,16
"GSE1456","MammaPrint",24,598,0.6517,17
"GSE1456","MammaPrint",24,599,0.6526,21
"GSE1456","MammaPrint",24,600,0.6827,21
"GSE1456","MammaPrint",24,601,0.6509,21
"GSE1456","MammaPrint",24,602,0.6574,21
"GSE1456","MammaPrint",24,603,0.6599,21
"GSE1456","MammaPrint",24,604,0.6632,21
"GSE1456","MammaPrint",24,605,0.6604,21
"GSE1456","MammaPrint",24,606,0.6758,21
"GSE1456","MammaPrint",24,607,0.6836,21
"GSE1456","MammaPrint",24,608,0.6855,20
"GSE1456","MammaPrint",24,609,0.6682,21
"GSE1456","MammaPrint",24,610,0.6612,21
"GSE1456","MammaPrint",24,611,0.6398,21
"GSE1456","MammaPrint",24,612,0.652,21
"GSE1456","MammaPrint",24,613,0.682,21
"GSE1456","MammaPrint",24,614,0.6779,21
"GSE1456","MammaPrint",24,615,0.6359,21
"GSE1456","MammaPrint",24,616,0.6625,21
"GSE1456","MammaPrint",24,617,0.6803,21
"GSE1456","MammaPrint",24,618,0.6941,21
"GSE1456","MammaPrint",24,619,0.6723,21
"GSE1456","MammaPrint",24,620,0.6658,21
"GSE1456","MammaPrint",24,621,0.6812,21
"GSE1456","MammaPrint",24,622,0.6558,21
"GSE1456","MammaPrint",24,623,0.6584,21
"GSE1456","MammaPrint",24,624,0.6695,21
"GSE1456","MammaPrint",24,625,0.6844,21
"GSE1456","MammaPrint",24,626,0.652,21
"GSE1456","MammaPrint",24,627,0.6608,21
"GSE1456","MammaPrint",24,628,0.6636,21
"GSE1456","MammaPrint",24,629,0.6652,21
"GSE1456","MammaPrint",24,630,0.6652,21
"GSE1456","MammaPrint",24,631,0.6805,21
"GSE1456","MammaPrint",24,632,0.6753,21
"GSE1456","MammaPrint",24,633,0.6537,21
"GSE1456","MammaPrint",24,634,0.6875,21
"GSE1456","MammaPrint",24,635,0.6612,21
"GSE1456","MammaPrint",24,636,0.6771,21
"GSE1456","MammaPrint",24,637,0.6708,21
"GSE1456","MammaPrint",24,638,0.6586,21
"GSE1456","MammaPrint",24,639,0.6667,21
"GSE1456","MammaPrint",24,640,0.6671,21
"GSE1456","MammaPrint",24,641,0.6665,21
"GSE1456","MammaPrint",24,642,0.6758,21
"GSE1456","MammaPrint",24,643,0.6677,21
"GSE1456","MammaPrint",24,644,0.6561,21
"GSE1456","MammaPrint",24,645,0.6606,14
"GSE1456","MammaPrint",24,646,0.6805,21
"GSE1456","MammaPrint",24,647,0.669,21
"GSE1456","MammaPrint",24,648,0.6593,21
"GSE1456","MammaPrint",24,649,0.6565,21
"GSE1456","MammaPrint",24,650,0.6797,21
"GSE1456","MammaPrint",24,651,0.6403,21
"GSE1456","MammaPrint",24,652,0.6764,21
"GSE1456","MammaPrint",24,653,0.6779,21
"GSE1456","MammaPrint",24,654,0.6684,21
"GSE1456","MammaPrint",24,655,0.6396,21
"GSE1456","MammaPrint",24,656,0.6567,21
"GSE1456","MammaPrint",24,657,0.666,21
"GSE1456","MammaPrint",24,658,0.6639,21
"GSE1456","MammaPrint",24,659,0.6833,21
"GSE1456","MammaPrint",24,660,0.6779,21
"GSE1456","MammaPrint",24,661,0.6626,21
"GSE1456","MammaPrint",24,662,0.6595,21
"GSE1456","MammaPrint",24,663,0.6716,21
"GSE1456","MammaPrint",24,664,0.6781,21
"GSE1456","MammaPrint",24,665,0.669,21
"GSE1456","MammaPrint",24,666,0.6773,21
"GSE1456","MammaPrint",24,667,0.6468,21
"GSE1456","MammaPrint",24,668,0.6736,21
"GSE1456","MammaPrint",24,669,0.6797,21
"GSE1456","MammaPrint",24,670,0.6448,21
"GSE1456","MammaPrint",24,671,0.6513,14
"GSE1456","MammaPrint",24,672,0.6532,21
"GSE1456","MammaPrint",24,673,0.6591,21
"GSE1456","MammaPrint",24,674,0.6513,21
"GSE1456","MammaPrint",24,675,0.6533,21
"GSE1456","MammaPrint",24,676,0.6656,21
"GSE1456","MammaPrint",24,677,0.64,21
"GSE1456","MammaPrint",24,678,0.6712,21
"GSE1456","MammaPrint",24,679,0.66,21
"GSE1456","MammaPrint",24,680,0.669,21
"GSE1456","MammaPrint",24,681,0.6796,11
"GSE1456","MammaPrint",24,682,0.6742,21
"GSE1456","MammaPrint",24,683,0.6818,21
"GSE1456","MammaPrint",24,684,0.6671,21
"GSE1456","MammaPrint",24,685,0.6794,21
"GSE1456","MammaPrint",24,686,0.6546,21
"GSE1456","MammaPrint",24,687,0.6636,21
"GSE1456","MammaPrint",24,688,0.6907,21
"GSE1456","MammaPrint",24,689,0.6481,21
"GSE1456","MammaPrint",24,690,0.6561,21
"GSE1456","MammaPrint",24,691,0.6442,21
"GSE1456","MammaPrint",24,692,0.6491,21
"GSE1456","MammaPrint",24,693,0.6734,21
"GSE1456","MammaPrint",24,694,0.64,21
"GSE1456","MammaPrint",24,695,0.673,21
"GSE1456","MammaPrint",24,696,0.6561,21
"GSE1456","MammaPrint",24,697,0.6591,21
"GSE1456","MammaPrint",24,698,0.674,21
"GSE1456","MammaPrint",24,699,0.66,21
"GSE1456","MammaPrint",24,700,0.6582,21
"GSE1456","MammaPrint",24,701,0.6881,21
"GSE1456","MammaPrint",24,702,0.6747,21
"GSE1456","MammaPrint",24,703,0.6855,21
"GSE1456","MammaPrint",24,704,0.6582,21
"GSE1456","MammaPrint",24,705,0.6818,21
"GSE1456","MammaPrint",24,706,0.6634,21
"GSE1456","MammaPrint",24,707,0.6517,15
"GSE1456","MammaPrint",24,708,0.6578,21
"GSE1456","MammaPrint",24,709,0.6493,16
"GSE1456","MammaPrint",24,710,0.6796,21
"GSE1456","MammaPrint",24,711,0.6779,10
"GSE1456","MammaPrint",24,712,0.6665,15
"GSE1456","MammaPrint",24,713,0.6563,21
"GSE1456","MammaPrint",24,714,0.6736,21
"GSE1456","MammaPrint",24,715,0.692,20
"GSE1456","MammaPrint",24,716,0.6684,21
"GSE1456","MammaPrint",24,717,0.6861,20
"GSE1456","MammaPrint",24,718,0.6781,21
"GSE1456","MammaPrint",24,719,0.6664,21
"GSE1456","MammaPrint",24,720,0.6751,21
"GSE1456","MammaPrint",24,721,0.6745,21
"GSE1456","MammaPrint",24,722,0.682,21
"GSE1456","MammaPrint",24,723,0.6762,21
"GSE1456","MammaPrint",24,724,0.6753,21
"GSE1456","MammaPrint",24,725,0.6513,21
"GSE1456","MammaPrint",24,726,0.6775,21
"GSE1456","MammaPrint",24,727,0.6608,21
"GSE1456","MammaPrint",24,728,0.6454,21
"GSE1456","MammaPrint",24,729,0.6721,21
"GSE1456","MammaPrint",24,730,0.6758,21
"GSE1456","MammaPrint",24,731,0.6455,21
"GSE1456","MammaPrint",24,732,0.6558,21
"GSE1456","MammaPrint",24,733,0.6673,21
"GSE1456","MammaPrint",24,734,0.6764,21
"GSE1456","MammaPrint",24,735,0.6487,21
"GSE1456","MammaPrint",24,736,0.6533,21
"GSE1456","MammaPrint",24,737,0.6807,21
"GSE1456","MammaPrint",24,738,0.6634,21
"GSE1456","MammaPrint",24,739,0.6688,21
"GSE1456","MammaPrint",24,740,0.6625,21
"GSE1456","MammaPrint",24,741,0.6582,21
"GSE1456","MammaPrint",24,742,0.6541,21
"GSE1456","MammaPrint",24,743,0.6794,13
"GSE1456","MammaPrint",24,744,0.681,21
"GSE1456","MammaPrint",24,745,0.682,21
"GSE1456","MammaPrint",24,746,0.6758,21
"GSE1456","MammaPrint",24,747,0.6507,21
"GSE1456","MammaPrint",24,748,0.6625,21
"GSE1456","MammaPrint",24,749,0.6586,21
"GSE1456","MammaPrint",24,750,0.6667,21
"GSE1456","MammaPrint",24,751,0.6803,21
"GSE1456","MammaPrint",24,752,0.6699,21
"GSE1456","MammaPrint",24,753,0.6651,21
"GSE1456","MammaPrint",24,754,0.6673,21
"GSE1456","MammaPrint",24,755,0.6697,21
"GSE1456","MammaPrint",24,756,0.6866,13
"GSE1456","MammaPrint",24,757,0.6903,21
"GSE1456","MammaPrint",24,758,0.6742,21
"GSE1456","MammaPrint",24,759,0.6673,21
"GSE1456","MammaPrint",24,760,0.6673,21
"GSE1456","MammaPrint",24,761,0.6664,21
"GSE1456","MammaPrint",24,762,0.6654,21
"GSE1456","MammaPrint",24,763,0.6749,21
"GSE1456","MammaPrint",24,764,0.6684,21
"GSE1456","MammaPrint",24,765,0.6502,21
"GSE1456","MammaPrint",24,766,0.6669,21
"GSE1456","MammaPrint",24,767,0.6693,21
"GSE1456","MammaPrint",24,768,0.6608,21
"GSE1456","MammaPrint",24,769,0.666,21
"GSE1456","MammaPrint",24,770,0.6691,21
"GSE1456","MammaPrint",24,771,0.6494,21
"GSE1456","MammaPrint",24,772,0.6717,21
"GSE1456","MammaPrint",24,773,0.676,20
"GSE1456","MammaPrint",24,774,0.6548,21
"GSE1456","MammaPrint",24,775,0.6658,21
"GSE1456","MammaPrint",24,776,0.6796,13
"GSE1456","MammaPrint",24,777,0.6597,21
"GSE1456","MammaPrint",24,778,0.6796,21
"GSE1456","MammaPrint",24,779,0.6675,21
"GSE1456","MammaPrint",24,780,0.6885,21
"GSE1456","MammaPrint",24,781,0.6539,21
"GSE1456","MammaPrint",24,782,0.6392,21
"GSE1456","MammaPrint",24,783,0.6727,21
"GSE1456","MammaPrint",24,784,0.6753,21
"GSE1456","MammaPrint",24,785,0.6489,21
"GSE1456","MammaPrint",24,786,0.6467,21
"GSE1456","MammaPrint",24,787,0.6732,21
"GSE1456","MammaPrint",24,788,0.6877,20
"GSE1456","MammaPrint",24,789,0.6496,21
"GSE1456","MammaPrint",24,790,0.6552,21
"GSE1456","MammaPrint",24,791,0.6716,21
"GSE1456","MammaPrint",24,792,0.6792,14
"GSE1456","MammaPrint",24,793,0.6513,21
"GSE1456","MammaPrint",24,794,0.6662,21
"GSE1456","MammaPrint",24,795,0.6602,21
"GSE1456","MammaPrint",24,796,0.6643,21
"GSE1456","MammaPrint",24,797,0.6613,21
"GSE1456","MammaPrint",24,798,0.6825,21
"GSE1456","MammaPrint",24,799,0.6612,21
"GSE1456","MammaPrint",24,800,0.6675,21
"GSE1456","MammaPrint",24,801,0.6613,21
"GSE1456","MammaPrint",24,802,0.6701,21
"GSE1456","MammaPrint",24,803,0.6375,21
"GSE1456","MammaPrint",24,804,0.6796,21
"GSE1456","MammaPrint",24,805,0.6753,21
"GSE1456","MammaPrint",24,806,0.6755,21
"GSE1456","MammaPrint",24,807,0.6561,21
"GSE1456","MammaPrint",24,808,0.6613,21
"GSE1456","MammaPrint",24,809,0.6784,21
"GSE1456","MammaPrint",24,810,0.6524,21
"GSE1456","MammaPrint",24,811,0.6725,21
"GSE1456","MammaPrint",24,812,0.6771,21
"GSE1456","MammaPrint",24,813,0.6946,20
"GSE1456","MammaPrint",24,814,0.6619,21
"GSE1456","MammaPrint",24,815,0.6428,21
"GSE1456","MammaPrint",24,816,0.6764,21
"GSE1456","MammaPrint",24,817,0.669,13
"GSE1456","MammaPrint",24,818,0.6383,21
"GSE1456","MammaPrint",24,819,0.6736,15
"GSE1456","MammaPrint",24,820,0.6374,21
"GSE1456","MammaPrint",24,821,0.6545,21
"GSE1456","MammaPrint",24,822,0.679,20
"GSE1456","MammaPrint",24,823,0.653,21
"GSE1456","MammaPrint",24,824,0.6706,21
"GSE1456","MammaPrint",24,825,0.6556,21
"GSE1456","MammaPrint",24,826,0.6483,11
"GSE1456","MammaPrint",24,827,0.6617,21
"GSE1456","MammaPrint",24,828,0.674,21
"GSE1456","MammaPrint",24,829,0.6584,21
"GSE1456","MammaPrint",24,830,0.6723,21
"GSE1456","MammaPrint",24,831,0.6699,21
"GSE1456","MammaPrint",24,832,0.6684,21
"GSE1456","MammaPrint",24,833,0.676,21
"GSE1456","MammaPrint",24,834,0.6654,13
"GSE1456","MammaPrint",24,835,0.661,21
"GSE1456","MammaPrint",24,836,0.6656,21
"GSE1456","MammaPrint",24,837,0.6507,21
"GSE1456","MammaPrint",24,838,0.6675,21
"GSE1456","MammaPrint",24,839,0.6572,21
"GSE1456","MammaPrint",24,840,0.6874,21
"GSE1456","MammaPrint",24,841,0.6559,15
"GSE1456","MammaPrint",24,842,0.6706,21
"GSE1456","MammaPrint",24,843,0.6836,21
"GSE1456","MammaPrint",24,844,0.6654,21
"GSE1456","MammaPrint",24,845,0.6634,21
"GSE1456","MammaPrint",24,846,0.6442,21
"GSE1456","MammaPrint",24,847,0.6714,21
"GSE1456","MammaPrint",24,848,0.6649,21
"GSE1456","MammaPrint",24,849,0.6749,21
"GSE1456","MammaPrint",24,850,0.6519,21
"GSE1456","MammaPrint",24,851,0.6612,21
"GSE1456","MammaPrint",24,852,0.6686,21
"GSE1456","MammaPrint",24,853,0.6502,21
"GSE1456","MammaPrint",24,854,0.6632,21
"GSE1456","MammaPrint",24,855,0.6582,21
"GSE1456","MammaPrint",24,856,0.6463,21
"GSE1456","MammaPrint",24,857,0.6537,21
"GSE1456","MammaPrint",24,858,0.6736,21
"GSE1456","MammaPrint",24,859,0.65,21
"GSE1456","MammaPrint",24,860,0.6743,21
"GSE1456","MammaPrint",24,861,0.6745,21
"GSE1456","MammaPrint",24,862,0.6875,20
"GSE1456","MammaPrint",24,863,0.6649,21
"GSE1456","MammaPrint",24,864,0.6626,21
"GSE1456","MammaPrint",24,865,0.6762,13
"GSE1456","MammaPrint",24,866,0.6747,21
"GSE1456","MammaPrint",24,867,0.6441,21
"GSE1456","MammaPrint",24,868,0.6768,21
"GSE1456","MammaPrint",24,869,0.6664,21
"GSE1456","MammaPrint",24,870,0.6691,21
"GSE1456","MammaPrint",24,871,0.6539,21
"GSE1456","MammaPrint",24,872,0.6721,21
"GSE1456","MammaPrint",24,873,0.6543,21
"GSE1456","MammaPrint",24,874,0.6742,14
"GSE1456","MammaPrint",24,875,0.6619,21
"GSE1456","MammaPrint",24,876,0.6682,21
"GSE1456","MammaPrint",24,877,0.6717,21
"GSE1456","MammaPrint",24,878,0.6626,21
"GSE1456","MammaPrint",24,879,0.6704,21
"GSE1456","MammaPrint",24,880,0.6623,21
"GSE1456","MammaPrint",24,881,0.6717,21
"GSE1456","MammaPrint",24,882,0.6409,21
"GSE1456","MammaPrint",24,883,0.6567,21
"GSE1456","MammaPrint",24,884,0.6641,21
"GSE1456","MammaPrint",24,885,0.6604,21
"GSE1456","MammaPrint",24,886,0.6623,21
"GSE1456","MammaPrint",24,887,0.6703,21
"GSE1456","MammaPrint",24,888,0.6628,21
"GSE1456","MammaPrint",24,889,0.6823,21
"GSE1456","MammaPrint",24,890,0.6835,21
"GSE1456","MammaPrint",24,891,0.6664,21
"GSE1456","MammaPrint",24,892,0.6892,21
"GSE1456","MammaPrint",24,893,0.6688,21
"GSE1456","MammaPrint",24,894,0.682,21
"GSE1456","MammaPrint",24,895,0.6515,21
"GSE1456","MammaPrint",24,896,0.6695,21
"GSE1456","MammaPrint",24,897,0.6814,21
"GSE1456","MammaPrint",24,898,0.6578,21
"GSE1456","MammaPrint",24,899,0.6602,21
"GSE1456","MammaPrint",24,900,0.6747,21
"GSE1456","MammaPrint",24,901,0.6693,21
"GSE1456","MammaPrint",24,902,0.6946,20
"GSE1456","MammaPrint",24,903,0.6561,21
"GSE1456","MammaPrint",24,904,0.6875,21
"GSE1456","MammaPrint",24,905,0.673,21
"GSE1456","MammaPrint",24,906,0.6857,21
"GSE1456","MammaPrint",24,907,0.6801,21
"GSE1456","MammaPrint",24,908,0.6612,21
"GSE1456","MammaPrint",24,909,0.6586,21
"GSE1456","MammaPrint",24,910,0.6617,15
"GSE1456","MammaPrint",24,911,0.6582,21
"GSE1456","MammaPrint",24,912,0.6775,21
"GSE1456","MammaPrint",24,913,0.6574,21
"GSE1456","MammaPrint",24,914,0.6879,21
"GSE1456","MammaPrint",24,915,0.6613,21
"GSE1456","MammaPrint",24,916,0.65,21
"GSE1456","MammaPrint",24,917,0.6545,21
"GSE1456","MammaPrint",24,918,0.6796,21
"GSE1456","MammaPrint",24,919,0.6498,21
"GSE1456","MammaPrint",24,920,0.6634,21
"GSE1456","MammaPrint",24,921,0.6615,21
"GSE1456","MammaPrint",24,922,0.6888,21
"GSE1456","MammaPrint",24,923,0.6732,21
"GSE1456","MammaPrint",24,924,0.6697,21
"GSE1456","MammaPrint",24,925,0.6586,21
"GSE1456","MammaPrint",24,926,0.6829,21
"GSE1456","MammaPrint",24,927,0.6786,21
"GSE1456","MammaPrint",24,928,0.6651,21
"GSE1456","MammaPrint",24,929,0.6732,21
"GSE1456","MammaPrint",24,930,0.6857,21
"GSE1456","MammaPrint",24,931,0.6654,21
"GSE1456","MammaPrint",24,932,0.6901,21
"GSE1456","MammaPrint",24,933,0.663,21
"GSE1456","MammaPrint",24,934,0.6522,21
"GSE1456","MammaPrint",24,935,0.6773,21
"GSE1456","MammaPrint",24,936,0.6892,19
"GSE1456","MammaPrint",24,937,0.6563,21
"GSE1456","MammaPrint",24,938,0.6595,21
"GSE1456","MammaPrint",24,939,0.6552,21
"GSE1456","MammaPrint",24,940,0.6639,21
"GSE1456","MammaPrint",24,941,0.6783,21
"GSE1456","MammaPrint",24,942,0.6623,21
"GSE1456","MammaPrint",24,943,0.6654,21
"GSE1456","MammaPrint",24,944,0.6678,21
"GSE1456","MammaPrint",24,945,0.6758,21
"GSE1456","MammaPrint",24,946,0.6506,21
"GSE1456","MammaPrint",24,947,0.6678,21
"GSE1456","MammaPrint",24,948,0.6494,21
"GSE1456","MammaPrint",24,949,0.6664,21
"GSE1456","MammaPrint",24,950,0.6656,14
"GSE1456","MammaPrint",24,951,0.6665,21
"GSE1456","MammaPrint",24,952,0.6725,21
"GSE1456","MammaPrint",24,953,0.6433,21
"GSE1456","MammaPrint",24,954,0.6862,21
"GSE1456","MammaPrint",24,955,0.673,21
"GSE1456","MammaPrint",24,956,0.6732,21
"GSE1456","MammaPrint",24,957,0.6669,14
"GSE1456","MammaPrint",24,958,0.6764,21
"GSE1456","MammaPrint",24,959,0.663,21
"GSE1456","MammaPrint",24,960,0.6589,21
"GSE1456","MammaPrint",24,961,0.6751,14
"GSE1456","MammaPrint",24,962,0.6606,21
"GSE1456","MammaPrint",24,963,0.6827,21
"GSE1456","MammaPrint",24,964,0.6671,21
"GSE1456","MammaPrint",24,965,0.6732,21
"GSE1456","MammaPrint",24,966,0.7072,11
"GSE1456","MammaPrint",24,967,0.6435,21
"GSE1456","MammaPrint",24,968,0.6809,21
"GSE1456","MammaPrint",24,969,0.6569,21
"GSE1456","MammaPrint",24,970,0.6604,21
"GSE1456","MammaPrint",24,971,0.6836,21
"GSE1456","MammaPrint",24,972,0.6725,21
"GSE1456","MammaPrint",24,973,0.6697,21
"GSE1456","MammaPrint",24,974,0.655,21
"GSE1456","MammaPrint",24,975,0.6678,21
"GSE1456","MammaPrint",24,976,0.6766,21
"GSE1456","MammaPrint",24,977,0.6855,14
"GSE1456","MammaPrint",24,978,0.6695,21
"GSE1456","MammaPrint",24,979,0.6712,21
"GSE1456","MammaPrint",24,980,0.6576,21
"GSE1456","MammaPrint",24,981,0.6859,21
"GSE1456","MammaPrint",24,982,0.6465,21
"GSE1456","MammaPrint",24,983,0.6896,21
"GSE1456","MammaPrint",24,984,0.6548,21
"GSE1456","MammaPrint",24,985,0.6589,21
"GSE1456","MammaPrint",24,986,0.6697,21
"GSE1456","MammaPrint",24,987,0.6665,21
"GSE1456","MammaPrint",24,988,0.6803,21
"GSE1456","MammaPrint",24,989,0.6578,21
"GSE1456","MammaPrint",24,990,0.663,21
"GSE1456","MammaPrint",24,991,0.6729,13
"GSE1456","MammaPrint",24,992,0.669,21
"GSE1456","MammaPrint",24,993,0.6757,21
"GSE1456","MammaPrint",24,994,0.6814,13
"GSE1456","MammaPrint",24,995,0.702,20
"GSE1456","MammaPrint",24,996,0.6634,21
"GSE1456","MammaPrint",24,997,0.6833,21
"GSE1456","MammaPrint",24,998,0.6638,21
"GSE1456","MammaPrint",24,999,0.6493,21
"GSE1456","MammaPrint",24,1000,0.6593,21
"GSE1456","MammaPrint",15,1,0.6732,12
"GSE1456","MammaPrint",15,2,0.6476,12
"GSE1456","MammaPrint",15,3,0.6394,12
"GSE1456","MammaPrint",15,4,0.6848,12
"GSE1456","MammaPrint",15,5,0.6318,11
"GSE1456","MammaPrint",15,6,0.6654,6
"GSE1456","MammaPrint",15,7,0.6428,12
"GSE1456","MammaPrint",15,8,0.6467,12
"GSE1456","MammaPrint",15,9,0.6086,12
"GSE1456","MammaPrint",15,10,0.6561,7
"GSE1456","MammaPrint",15,11,0.6558,9
"GSE1456","MammaPrint",15,12,0.658,12
"GSE1456","MammaPrint",15,13,0.658,12
"GSE1456","MammaPrint",15,14,0.6751,11
"GSE1456","MammaPrint",15,15,0.6842,12
"GSE1456","MammaPrint",15,16,0.6437,12
"GSE1456","MammaPrint",15,17,0.669,2
"GSE1456","MammaPrint",15,18,0.6662,8
"GSE1456","MammaPrint",15,19,0.6108,10
"GSE1456","MammaPrint",15,20,0.6288,12
"GSE1456","MammaPrint",15,21,0.6892,10
"GSE1456","MammaPrint",15,22,0.6708,12
"GSE1456","MammaPrint",15,23,0.6444,12
"GSE1456","MammaPrint",15,24,0.6742,11
"GSE1456","MammaPrint",15,25,0.6411,0
"GSE1456","MammaPrint",15,26,0.6775,12
"GSE1456","MammaPrint",15,27,0.6522,9
"GSE1456","MammaPrint",15,28,0.6284,12
"GSE1456","MammaPrint",15,29,0.6753,9
"GSE1456","MammaPrint",15,30,0.6554,12
"GSE1456","MammaPrint",15,31,0.6634,7
"GSE1456","MammaPrint",15,32,0.6634,12
"GSE1456","MammaPrint",15,33,0.6678,12
"GSE1456","MammaPrint",15,34,0.6874,12
"GSE1456","MammaPrint",15,35,0.6597,12
"GSE1456","MammaPrint",15,36,0.698,12
"GSE1456","MammaPrint",15,37,0.6481,5
"GSE1456","MammaPrint",15,38,0.6602,12
"GSE1456","MammaPrint",15,39,0.6515,12
"GSE1456","MammaPrint",15,40,0.6333,9
"GSE1456","MammaPrint",15,41,0.6481,12
"GSE1456","MammaPrint",15,42,0.6565,12
"GSE1456","MammaPrint",15,43,0.6452,12
"GSE1456","MammaPrint",15,44,0.6589,12
"GSE1456","MammaPrint",15,45,0.6803,11
"GSE1456","MammaPrint",15,46,0.6515,12
"GSE1456","MammaPrint",15,47,0.6273,12
"GSE1456","MammaPrint",15,48,0.65,8
"GSE1456","MammaPrint",15,49,0.6368,12
"GSE1456","MammaPrint",15,50,0.6664,12
"GSE1456","MammaPrint",15,51,0.6379,12
"GSE1456","MammaPrint",15,52,0.6736,5
"GSE1456","MammaPrint",15,53,0.6749,8
"GSE1456","MammaPrint",15,54,0.6214,12
"GSE1456","MammaPrint",15,55,0.6485,12
"GSE1456","MammaPrint",15,56,0.6184,9
"GSE1456","MammaPrint",15,57,0.6545,12
"GSE1456","MammaPrint",15,58,0.6411,12
"GSE1456","MammaPrint",15,59,0.6734,12
"GSE1456","MammaPrint",15,60,0.6283,12
"GSE1456","MammaPrint",15,61,0.6548,12
"GSE1456","MammaPrint",15,62,0.6409,7
"GSE1456","MammaPrint",15,63,0.6342,12
"GSE1456","MammaPrint",15,64,0.6442,12
"GSE1456","MammaPrint",15,65,0.6935,7
"GSE1456","MammaPrint",15,66,0.6428,12
"GSE1456","MammaPrint",15,67,0.6727,12
"GSE1456","MammaPrint",15,68,0.6238,12
"GSE1456","MammaPrint",15,69,0.652,12
"GSE1456","MammaPrint",15,70,0.6483,12
"GSE1456","MammaPrint",15,71,0.6636,12
"GSE1456","MammaPrint",15,72,0.6658,12
"GSE1456","MammaPrint",15,73,0.6768,12
"GSE1456","MammaPrint",15,74,0.6835,12
"GSE1456","MammaPrint",15,75,0.6582,12
"GSE1456","MammaPrint",15,76,0.6572,12
"GSE1456","MammaPrint",15,77,0.6747,12
"GSE1456","MammaPrint",15,78,0.6284,12
"GSE1456","MammaPrint",15,79,0.6203,12
"GSE1456","MammaPrint",15,80,0.6383,12
"GSE1456","MammaPrint",15,81,0.5987,12
"GSE1456","MammaPrint",15,82,0.6409,12
"GSE1456","MammaPrint",15,83,0.6316,12
"GSE1456","MammaPrint",15,84,0.6803,9
"GSE1456","MammaPrint",15,85,0.6639,11
"GSE1456","MammaPrint",15,86,0.6392,12
"GSE1456","MammaPrint",15,87,0.6409,12
"GSE1456","MammaPrint",15,88,0.6665,12
"GSE1456","MammaPrint",15,89,0.65,6
"GSE1456","MammaPrint",15,90,0.6717,12
"GSE1456","MammaPrint",15,91,0.6606,12
"GSE1456","MammaPrint",15,92,0.6745,7
"GSE1456","MammaPrint",15,93,0.6301,9
"GSE1456","MammaPrint",15,94,0.6139,11
"GSE1456","MammaPrint",15,95,0.6734,6
"GSE1456","MammaPrint",15,96,0.6571,12
"GSE1456","MammaPrint",15,97,0.6773,12
"GSE1456","MammaPrint",15,98,0.6656,12
"GSE1456","MammaPrint",15,99,0.6628,12
"GSE1456","MammaPrint",15,100,0.652,12
"GSE1456","MammaPrint",15,101,0.6723,7
"GSE1456","MammaPrint",15,102,0.6485,12
"GSE1456","MammaPrint",15,103,0.6716,7
"GSE1456","MammaPrint",15,104,0.5998,9
"GSE1456","MammaPrint",15,105,0.6822,12
"GSE1456","MammaPrint",15,106,0.6258,12
"GSE1456","MammaPrint",15,107,0.6682,12
"GSE1456","MammaPrint",15,108,0.6401,12
"GSE1456","MammaPrint",15,109,0.6783,12
"GSE1456","MammaPrint",15,110,0.6875,11
"GSE1456","MammaPrint",15,111,0.6539,12
"GSE1456","MammaPrint",15,112,0.631,2
"GSE1456","MammaPrint",15,113,0.6677,12
"GSE1456","MammaPrint",15,114,0.6281,1
"GSE1456","MammaPrint",15,115,0.6965,12
"GSE1456","MammaPrint",15,116,0.6773,7
"GSE1456","MammaPrint",15,117,0.6874,4
"GSE1456","MammaPrint",15,118,0.6569,12
"GSE1456","MammaPrint",15,119,0.6481,12
"GSE1456","MammaPrint",15,120,0.64,12
"GSE1456","MammaPrint",15,121,0.6743,12
"GSE1456","MammaPrint",15,122,0.6199,12
"GSE1456","MammaPrint",15,123,0.6671,12
"GSE1456","MammaPrint",15,124,0.6539,12
"GSE1456","MammaPrint",15,125,0.6647,12
"GSE1456","MammaPrint",15,126,0.6361,12
"GSE1456","MammaPrint",15,127,0.6561,12
"GSE1456","MammaPrint",15,128,0.663,12
"GSE1456","MammaPrint",15,129,0.669,12
"GSE1456","MammaPrint",15,130,0.6678,12
"GSE1456","MammaPrint",15,131,0.6526,12
"GSE1456","MammaPrint",15,132,0.6442,12
"GSE1456","MammaPrint",15,133,0.6809,12
"GSE1456","MammaPrint",15,134,0.6955,11
"GSE1456","MammaPrint",15,135,0.6357,12
"GSE1456","MammaPrint",15,136,0.663,12
"GSE1456","MammaPrint",15,137,0.677,12
"GSE1456","MammaPrint",15,138,0.6658,12
"GSE1456","MammaPrint",15,139,0.642,12
"GSE1456","MammaPrint",15,140,0.6342,12
"GSE1456","MammaPrint",15,141,0.6476,12
"GSE1456","MammaPrint",15,142,0.6279,5
"GSE1456","MammaPrint",15,143,0.6645,12
"GSE1456","MammaPrint",15,144,0.6348,12
"GSE1456","MammaPrint",15,145,0.6675,12
"GSE1456","MammaPrint",15,146,0.6654,9
"GSE1456","MammaPrint",15,147,0.6926,12
"GSE1456","MammaPrint",15,148,0.6747,12
"GSE1456","MammaPrint",15,149,0.6448,12
"GSE1456","MammaPrint",15,150,0.6688,12
"GSE1456","MammaPrint",15,151,0.6636,10
"GSE1456","MammaPrint",15,152,0.6474,8
"GSE1456","MammaPrint",15,153,0.6727,12
"GSE1456","MammaPrint",15,154,0.6245,12
"GSE1456","MammaPrint",15,155,0.6125,12
"GSE1456","MammaPrint",15,156,0.6524,11
"GSE1456","MammaPrint",15,157,0.619,12
"GSE1456","MammaPrint",15,158,0.6701,8
"GSE1456","MammaPrint",15,159,0.6688,12
"GSE1456","MammaPrint",15,160,0.6916,9
"GSE1456","MammaPrint",15,161,0.6606,12
"GSE1456","MammaPrint",15,162,0.6717,12
"GSE1456","MammaPrint",15,163,0.6342,12
"GSE1456","MammaPrint",15,164,0.6719,10
"GSE1456","MammaPrint",15,165,0.6502,12
"GSE1456","MammaPrint",15,166,0.6706,12
"GSE1456","MammaPrint",15,167,0.6141,12
"GSE1456","MammaPrint",15,168,0.6816,12
"GSE1456","MammaPrint",15,169,0.6301,12
"GSE1456","MammaPrint",15,170,0.6706,12
"GSE1456","MammaPrint",15,171,0.6747,12
"GSE1456","MammaPrint",15,172,0.6697,12
"GSE1456","MammaPrint",15,173,0.6677,12
"GSE1456","MammaPrint",15,174,0.6877,12
"GSE1456","MammaPrint",15,175,0.6695,12
"GSE1456","MammaPrint",15,176,0.655,12
"GSE1456","MammaPrint",15,177,0.6441,12
"GSE1456","MammaPrint",15,178,0.6428,5
"GSE1456","MammaPrint",15,179,0.677,12
"GSE1456","MammaPrint",15,180,0.6314,11
"GSE1456","MammaPrint",15,181,0.6582,12
"GSE1456","MammaPrint",15,182,0.6595,12
"GSE1456","MammaPrint",15,183,0.629,12
"GSE1456","MammaPrint",15,184,0.5974,12
"GSE1456","MammaPrint",15,185,0.6708,12
"GSE1456","MammaPrint",15,186,0.6716,12
"GSE1456","MammaPrint",15,187,0.6504,12
"GSE1456","MammaPrint",15,188,0.6494,12
"GSE1456","MammaPrint",15,189,0.642,12
"GSE1456","MammaPrint",15,190,0.6619,12
"GSE1456","MammaPrint",15,191,0.6275,10
"GSE1456","MammaPrint",15,192,0.677,12
"GSE1456","MammaPrint",15,193,0.655,12
"GSE1456","MammaPrint",15,194,0.6186,12
"GSE1456","MammaPrint",15,195,0.623,12
"GSE1456","MammaPrint",15,196,0.6461,9
"GSE1456","MammaPrint",15,197,0.6403,12
"GSE1456","MammaPrint",15,198,0.7022,12
"GSE1456","MammaPrint",15,199,0.6441,12
"GSE1456","MammaPrint",15,200,0.6571,12
"GSE1456","MammaPrint",15,201,0.642,12
"GSE1456","MammaPrint",15,202,0.6483,12
"GSE1456","MammaPrint",15,203,0.6379,12
"GSE1456","MammaPrint",15,204,0.6846,12
"GSE1456","MammaPrint",15,205,0.6809,12
"GSE1456","MammaPrint",15,206,0.6494,11
"GSE1456","MammaPrint",15,207,0.6612,12
"GSE1456","MammaPrint",15,208,0.6626,12
"GSE1456","MammaPrint",15,209,0.6478,12
"GSE1456","MammaPrint",15,210,0.658,12
"GSE1456","MammaPrint",15,211,0.6494,12
"GSE1456","MammaPrint",15,212,0.6526,12
"GSE1456","MammaPrint",15,213,0.6599,9
"GSE1456","MammaPrint",15,214,0.6684,12
"GSE1456","MammaPrint",15,215,0.6545,12
"GSE1456","MammaPrint",15,216,0.6775,11
"GSE1456","MammaPrint",15,217,0.6738,12
"GSE1456","MammaPrint",15,218,0.6379,12
"GSE1456","MammaPrint",15,219,0.6738,7
"GSE1456","MammaPrint",15,220,0.6463,12
"GSE1456","MammaPrint",15,221,0.6682,12
"GSE1456","MammaPrint",15,222,0.6587,11
"GSE1456","MammaPrint",15,223,0.6773,12
"GSE1456","MammaPrint",15,224,0.695,7
"GSE1456","MammaPrint",15,225,0.674,12
"GSE1456","MammaPrint",15,226,0.6571,12
"GSE1456","MammaPrint",15,227,0.627,12
"GSE1456","MammaPrint",15,228,0.6896,10
"GSE1456","MammaPrint",15,229,0.6541,12
"GSE1456","MammaPrint",15,230,0.6907,11
"GSE1456","MammaPrint",15,231,0.6608,12
"GSE1456","MammaPrint",15,232,0.6552,12
"GSE1456","MammaPrint",15,233,0.6675,12
"GSE1456","MammaPrint",15,234,0.6639,12
"GSE1456","MammaPrint",15,235,0.6125,12
"GSE1456","MammaPrint",15,236,0.6704,7
"GSE1456","MammaPrint",15,237,0.6628,12
"GSE1456","MammaPrint",15,238,0.6638,12
"GSE1456","MammaPrint",15,239,0.6686,12
"GSE1456","MammaPrint",15,240,0.6366,12
"GSE1456","MammaPrint",15,241,0.6818,12
"GSE1456","MammaPrint",15,242,0.673,12
"GSE1456","MammaPrint",15,243,0.6669,12
"GSE1456","MammaPrint",15,244,0.6664,12
"GSE1456","MammaPrint",15,245,0.66,12
"GSE1456","MammaPrint",15,246,0.6738,10
"GSE1456","MammaPrint",15,247,0.6602,9
"GSE1456","MammaPrint",15,248,0.6649,3
"GSE1456","MammaPrint",15,249,0.6335,8
"GSE1456","MammaPrint",15,250,0.6494,12
"GSE1456","MammaPrint",15,251,0.6883,12
"GSE1456","MammaPrint",15,252,0.632,12
"GSE1456","MammaPrint",15,253,0.6507,8
"GSE1456","MammaPrint",15,254,0.6535,12
"GSE1456","MammaPrint",15,255,0.6602,12
"GSE1456","MammaPrint",15,256,0.6552,12
"GSE1456","MammaPrint",15,257,0.6764,4
"GSE1456","MammaPrint",15,258,0.7048,8
"GSE1456","MammaPrint",15,259,0.6437,12
"GSE1456","MammaPrint",15,260,0.6474,12
"GSE1456","MammaPrint",15,261,0.6468,9
"GSE1456","MammaPrint",15,262,0.6695,12
"GSE1456","MammaPrint",15,263,0.6312,12
"GSE1456","MammaPrint",15,264,0.677,12
"GSE1456","MammaPrint",15,265,0.6656,12
"GSE1456","MammaPrint",15,266,0.6716,12
"GSE1456","MammaPrint",15,267,0.6251,12
"GSE1456","MammaPrint",15,268,0.6654,12
"GSE1456","MammaPrint",15,269,0.6407,12
"GSE1456","MammaPrint",15,270,0.7041,12
"GSE1456","MammaPrint",15,271,0.6327,12
"GSE1456","MammaPrint",15,272,0.6379,9
"GSE1456","MammaPrint",15,273,0.6403,9
"GSE1456","MammaPrint",15,274,0.6377,7
"GSE1456","MammaPrint",15,275,0.668,9
"GSE1456","MammaPrint",15,276,0.6757,12
"GSE1456","MammaPrint",15,277,0.6457,9
"GSE1456","MammaPrint",15,278,0.6437,12
"GSE1456","MammaPrint",15,279,0.6546,12
"GSE1456","MammaPrint",15,280,0.666,12
"GSE1456","MammaPrint",15,281,0.6264,12
"GSE1456","MammaPrint",15,282,0.6725,12
"GSE1456","MammaPrint",15,283,0.6565,12
"GSE1456","MammaPrint",15,284,0.6478,12
"GSE1456","MammaPrint",15,285,0.6814,12
"GSE1456","MammaPrint",15,286,0.6792,3
"GSE1456","MammaPrint",15,287,0.6487,6
"GSE1456","MammaPrint",15,288,0.65,12
"GSE1456","MammaPrint",15,289,0.6336,4
"GSE1456","MammaPrint",15,290,0.6599,10
"GSE1456","MammaPrint",15,291,0.6554,12
"GSE1456","MammaPrint",15,292,0.6446,9
"GSE1456","MammaPrint",15,293,0.6628,12
"GSE1456","MammaPrint",15,294,0.6645,12
"GSE1456","MammaPrint",15,295,0.6864,11
"GSE1456","MammaPrint",15,296,0.6374,12
"GSE1456","MammaPrint",15,297,0.6576,12
"GSE1456","MammaPrint",15,298,0.6626,12
"GSE1456","MammaPrint",15,299,0.6251,1
"GSE1456","MammaPrint",15,300,0.6468,12
"GSE1456","MammaPrint",15,301,0.6522,12
"GSE1456","MammaPrint",15,302,0.6433,12
"GSE1456","MammaPrint",15,303,0.6723,12
"GSE1456","MammaPrint",15,304,0.6284,12
"GSE1456","MammaPrint",15,305,0.6792,12
"GSE1456","MammaPrint",15,306,0.7015,11
"GSE1456","MammaPrint",15,307,0.6593,12
"GSE1456","MammaPrint",15,308,0.6273,8
"GSE1456","MammaPrint",15,309,0.6149,12
"GSE1456","MammaPrint",15,310,0.6504,12
"GSE1456","MammaPrint",15,311,0.6823,7
"GSE1456","MammaPrint",15,312,0.6571,12
"GSE1456","MammaPrint",15,313,0.6533,12
"GSE1456","MammaPrint",15,314,0.6558,9
"GSE1456","MammaPrint",15,315,0.6454,12
"GSE1456","MammaPrint",15,316,0.6478,6
"GSE1456","MammaPrint",15,317,0.6372,12
"GSE1456","MammaPrint",15,318,0.6639,8
"GSE1456","MammaPrint",15,319,0.6812,12
"GSE1456","MammaPrint",15,320,0.6312,12
"GSE1456","MammaPrint",15,321,0.645,12
"GSE1456","MammaPrint",15,322,0.6509,12
"GSE1456","MammaPrint",15,323,0.6779,12
"GSE1456","MammaPrint",15,324,0.669,12
"GSE1456","MammaPrint",15,325,0.6688,12
"GSE1456","MammaPrint",15,326,0.639,9
"GSE1456","MammaPrint",15,327,0.6976,12
"GSE1456","MammaPrint",15,328,0.6862,12
"GSE1456","MammaPrint",15,329,0.6201,12
"GSE1456","MammaPrint",15,330,0.663,12
"GSE1456","MammaPrint",15,331,0.6812,11
"GSE1456","MammaPrint",15,332,0.6524,12
"GSE1456","MammaPrint",15,333,0.6392,12
"GSE1456","MammaPrint",15,334,0.6526,12
"GSE1456","MammaPrint",15,335,0.6732,12
"GSE1456","MammaPrint",15,336,0.6476,12
"GSE1456","MammaPrint",15,337,0.6638,12
"GSE1456","MammaPrint",15,338,0.6139,9
"GSE1456","MammaPrint",15,339,0.668,12
"GSE1456","MammaPrint",15,340,0.6721,9
"GSE1456","MammaPrint",15,341,0.6084,12
"GSE1456","MammaPrint",15,342,0.695,12
"GSE1456","MammaPrint",15,343,0.6539,12
"GSE1456","MammaPrint",15,344,0.6582,12
"GSE1456","MammaPrint",15,345,0.6379,12
"GSE1456","MammaPrint",15,346,0.6563,12
"GSE1456","MammaPrint",15,347,0.6454,12
"GSE1456","MammaPrint",15,348,0.6742,9
"GSE1456","MammaPrint",15,349,0.6307,12
"GSE1456","MammaPrint",15,350,0.6708,12
"GSE1456","MammaPrint",15,351,0.673,11
"GSE1456","MammaPrint",15,352,0.6474,9
"GSE1456","MammaPrint",15,353,0.6349,12
"GSE1456","MammaPrint",15,354,0.6496,10
"GSE1456","MammaPrint",15,355,0.6783,12
"GSE1456","MammaPrint",15,356,0.648,9
"GSE1456","MammaPrint",15,357,0.6227,12
"GSE1456","MammaPrint",15,358,0.6338,12
"GSE1456","MammaPrint",15,359,0.6654,12
"GSE1456","MammaPrint",15,360,0.6468,9
"GSE1456","MammaPrint",15,361,0.6613,11
"GSE1456","MammaPrint",15,362,0.6615,7
"GSE1456","MammaPrint",15,363,0.6563,12
"GSE1456","MammaPrint",15,364,0.6572,12
"GSE1456","MammaPrint",15,365,0.6362,12
"GSE1456","MammaPrint",15,366,0.618,12
"GSE1456","MammaPrint",15,367,0.6444,12
"GSE1456","MammaPrint",15,368,0.6483,12
"GSE1456","MammaPrint",15,369,0.6565,12
"GSE1456","MammaPrint",15,370,0.6364,12
"GSE1456","MammaPrint",15,371,0.6455,12
"GSE1456","MammaPrint",15,372,0.677,12
"GSE1456","MammaPrint",15,373,0.6396,12
"GSE1456","MammaPrint",15,374,0.6591,11
"GSE1456","MammaPrint",15,375,0.6405,12
"GSE1456","MammaPrint",15,376,0.6253,12
"GSE1456","MammaPrint",15,377,0.6388,12
"GSE1456","MammaPrint",15,378,0.6753,12
"GSE1456","MammaPrint",15,379,0.653,12
"GSE1456","MammaPrint",15,380,0.6764,12
"GSE1456","MammaPrint",15,381,0.6559,12
"GSE1456","MammaPrint",15,382,0.6546,8
"GSE1456","MammaPrint",15,383,0.6035,12
"GSE1456","MammaPrint",15,384,0.6457,12
"GSE1456","MammaPrint",15,385,0.6401,12
"GSE1456","MammaPrint",15,386,0.6773,12
"GSE1456","MammaPrint",15,387,0.6459,12
"GSE1456","MammaPrint",15,388,0.6801,5
"GSE1456","MammaPrint",15,389,0.6494,12
"GSE1456","MammaPrint",15,390,0.6145,12
"GSE1456","MammaPrint",15,391,0.6348,12
"GSE1456","MammaPrint",15,392,0.6572,12
"GSE1456","MammaPrint",15,393,0.668,10
"GSE1456","MammaPrint",15,394,0.6459,12
"GSE1456","MammaPrint",15,395,0.6695,12
"GSE1456","MammaPrint",15,396,0.6703,12
"GSE1456","MammaPrint",15,397,0.6165,12
"GSE1456","MammaPrint",15,398,0.6197,12
"GSE1456","MammaPrint",15,399,0.6498,12
"GSE1456","MammaPrint",15,400,0.6675,12
"GSE1456","MammaPrint",15,401,0.6286,12
"GSE1456","MammaPrint",15,402,0.6626,12
"GSE1456","MammaPrint",15,403,0.6498,12
"GSE1456","MammaPrint",15,404,0.6498,12
"GSE1456","MammaPrint",15,405,0.6613,12
"GSE1456","MammaPrint",15,406,0.6768,12
"GSE1456","MammaPrint",15,407,0.6809,12
"GSE1456","MammaPrint",15,408,0.6351,12
"GSE1456","MammaPrint",15,409,0.6394,6
"GSE1456","MammaPrint",15,410,0.6535,12
"GSE1456","MammaPrint",15,411,0.6727,12
"GSE1456","MammaPrint",15,412,0.6444,12
"GSE1456","MammaPrint",15,413,0.6823,12
"GSE1456","MammaPrint",15,414,0.6152,12
"GSE1456","MammaPrint",15,415,0.6283,12
"GSE1456","MammaPrint",15,416,0.577,12
"GSE1456","MammaPrint",15,417,0.6498,12
"GSE1456","MammaPrint",15,418,0.6704,9
"GSE1456","MammaPrint",15,419,0.6684,12
"GSE1456","MammaPrint",15,420,0.6755,12
"GSE1456","MammaPrint",15,421,0.6738,8
"GSE1456","MammaPrint",15,422,0.6314,9
"GSE1456","MammaPrint",15,423,0.632,12
"GSE1456","MammaPrint",15,424,0.6922,4
"GSE1456","MammaPrint",15,425,0.6914,12
"GSE1456","MammaPrint",15,426,0.6338,7
"GSE1456","MammaPrint",15,427,0.5738,12
"GSE1456","MammaPrint",15,428,0.598,12
"GSE1456","MammaPrint",15,429,0.6548,12
"GSE1456","MammaPrint",15,430,0.6918,11
"GSE1456","MammaPrint",15,431,0.6322,12
"GSE1456","MammaPrint",15,432,0.663,12
"GSE1456","MammaPrint",15,433,0.6561,8
"GSE1456","MammaPrint",15,434,0.6559,12
"GSE1456","MammaPrint",15,435,0.6546,12
"GSE1456","MammaPrint",15,436,0.6312,12
"GSE1456","MammaPrint",15,437,0.6346,1
"GSE1456","MammaPrint",15,438,0.6589,12
"GSE1456","MammaPrint",15,439,0.6381,12
"GSE1456","MammaPrint",15,440,0.6554,12
"GSE1456","MammaPrint",15,441,0.6742,12
"GSE1456","MammaPrint",15,442,0.6539,9
"GSE1456","MammaPrint",15,443,0.6684,12
"GSE1456","MammaPrint",15,444,0.631,12
"GSE1456","MammaPrint",15,445,0.6599,12
"GSE1456","MammaPrint",15,446,0.6357,10
"GSE1456","MammaPrint",15,447,0.6952,11
"GSE1456","MammaPrint",15,448,0.6428,12
"GSE1456","MammaPrint",15,449,0.6407,8
"GSE1456","MammaPrint",15,450,0.6251,12
"GSE1456","MammaPrint",15,451,0.6708,12
"GSE1456","MammaPrint",15,452,0.6143,0
"GSE1456","MammaPrint",15,453,0.6608,12
"GSE1456","MammaPrint",15,454,0.6799,12
"GSE1456","MammaPrint",15,455,0.6569,9
"GSE1456","MammaPrint",15,456,0.684,12
"GSE1456","MammaPrint",15,457,0.6338,1
"GSE1456","MammaPrint",15,458,0.6323,12
"GSE1456","MammaPrint",15,459,0.6232,12
"GSE1456","MammaPrint",15,460,0.6559,12
"GSE1456","MammaPrint",15,461,0.6398,12
"GSE1456","MammaPrint",15,462,0.642,12
"GSE1456","MammaPrint",15,463,0.6606,12
"GSE1456","MammaPrint",15,464,0.6909,9
"GSE1456","MammaPrint",15,465,0.6359,12
"GSE1456","MammaPrint",15,466,0.661,12
"GSE1456","MammaPrint",15,467,0.6838,12
"GSE1456","MammaPrint",15,468,0.6535,12
"GSE1456","MammaPrint",15,469,0.6803,12
"GSE1456","MammaPrint",15,470,0.673,12
"GSE1456","MammaPrint",15,471,0.6232,12
"GSE1456","MammaPrint",15,472,0.6197,12
"GSE1456","MammaPrint",15,473,0.6429,8
"GSE1456","MammaPrint",15,474,0.6747,5
"GSE1456","MammaPrint",15,475,0.6669,12
"GSE1456","MammaPrint",15,476,0.6546,12
"GSE1456","MammaPrint",15,477,0.6781,8
"GSE1456","MammaPrint",15,478,0.6472,12
"GSE1456","MammaPrint",15,479,0.6613,12
"GSE1456","MammaPrint",15,480,0.6638,12
"GSE1456","MammaPrint",15,481,0.6587,12
"GSE1456","MammaPrint",15,482,0.6753,12
"GSE1456","MammaPrint",15,483,0.6258,12
"GSE1456","MammaPrint",15,484,0.671,12
"GSE1456","MammaPrint",15,485,0.6139,9
"GSE1456","MammaPrint",15,486,0.6691,12
"GSE1456","MammaPrint",15,487,0.6426,12
"GSE1456","MammaPrint",15,488,0.6216,12
"GSE1456","MammaPrint",15,489,0.6686,12
"GSE1456","MammaPrint",15,490,0.6957,12
"GSE1456","MammaPrint",15,491,0.671,12
"GSE1456","MammaPrint",15,492,0.6405,2
"GSE1456","MammaPrint",15,493,0.6182,4
"GSE1456","MammaPrint",15,494,0.6697,4
"GSE1456","MammaPrint",15,495,0.6695,12
"GSE1456","MammaPrint",15,496,0.647,7
"GSE1456","MammaPrint",15,497,0.6513,12
"GSE1456","MammaPrint",15,498,0.6374,10
"GSE1456","MammaPrint",15,499,0.6117,12
"GSE1456","MammaPrint",15,500,0.655,8
"GSE1456","MammaPrint",15,501,0.6407,8
"GSE1456","MammaPrint",15,502,0.673,12
"GSE1456","MammaPrint",15,503,0.6312,12
"GSE1456","MammaPrint",15,504,0.6533,12
"GSE1456","MammaPrint",15,505,0.6823,12
"GSE1456","MammaPrint",15,506,0.6636,12
"GSE1456","MammaPrint",15,507,0.6565,12
"GSE1456","MammaPrint",15,508,0.6357,12
"GSE1456","MammaPrint",15,509,0.6612,12
"GSE1456","MammaPrint",15,510,0.6708,12
"GSE1456","MammaPrint",15,511,0.6548,1
"GSE1456","MammaPrint",15,512,0.6712,10
"GSE1456","MammaPrint",15,513,0.6593,12
"GSE1456","MammaPrint",15,514,0.6206,12
"GSE1456","MammaPrint",15,515,0.6323,12
"GSE1456","MammaPrint",15,516,0.6454,12
"GSE1456","MammaPrint",15,517,0.6723,12
"GSE1456","MammaPrint",15,518,0.6621,12
"GSE1456","MammaPrint",15,519,0.6413,10
"GSE1456","MammaPrint",15,520,0.6223,12
"GSE1456","MammaPrint",15,521,0.6507,12
"GSE1456","MammaPrint",15,522,0.634,8
"GSE1456","MammaPrint",15,523,0.6375,1
"GSE1456","MammaPrint",15,524,0.6296,12
"GSE1456","MammaPrint",15,525,0.6364,12
"GSE1456","MammaPrint",15,526,0.6567,12
"GSE1456","MammaPrint",15,527,0.6563,12
"GSE1456","MammaPrint",15,528,0.6487,12
"GSE1456","MammaPrint",15,529,0.6312,12
"GSE1456","MammaPrint",15,530,0.6437,12
"GSE1456","MammaPrint",15,531,0.6504,10
"GSE1456","MammaPrint",15,532,0.697,11
"GSE1456","MammaPrint",15,533,0.5939,12
"GSE1456","MammaPrint",15,534,0.6636,7
"GSE1456","MammaPrint",15,535,0.6846,12
"GSE1456","MammaPrint",15,536,0.6608,9
"GSE1456","MammaPrint",15,537,0.6506,12
"GSE1456","MammaPrint",15,538,0.6771,12
"GSE1456","MammaPrint",15,539,0.6193,12
"GSE1456","MammaPrint",15,540,0.6481,12
"GSE1456","MammaPrint",15,541,0.5939,12
"GSE1456","MammaPrint",15,542,0.6638,12
"GSE1456","MammaPrint",15,543,0.6379,12
"GSE1456","MammaPrint",15,544,0.618,12
"GSE1456","MammaPrint",15,545,0.6322,12
"GSE1456","MammaPrint",15,546,0.6591,12
"GSE1456","MammaPrint",15,547,0.6054,12
"GSE1456","MammaPrint",15,548,0.6283,12
"GSE1456","MammaPrint",15,549,0.6714,12
"GSE1456","MammaPrint",15,550,0.64,12
"GSE1456","MammaPrint",15,551,0.6762,12
"GSE1456","MammaPrint",15,552,0.6533,12
"GSE1456","MammaPrint",15,553,0.6472,11
"GSE1456","MammaPrint",15,554,0.698,12
"GSE1456","MammaPrint",15,555,0.6922,6
"GSE1456","MammaPrint",15,556,0.6636,12
"GSE1456","MammaPrint",15,557,0.6532,12
"GSE1456","MammaPrint",15,558,0.6606,12
"GSE1456","MammaPrint",15,559,0.6411,12
"GSE1456","MammaPrint",15,560,0.6868,12
"GSE1456","MammaPrint",15,561,0.6296,12
"GSE1456","MammaPrint",15,562,0.6602,10
"GSE1456","MammaPrint",15,563,0.6712,12
"GSE1456","MammaPrint",15,564,0.6409,10
"GSE1456","MammaPrint",15,565,0.7119,8
"GSE1456","MammaPrint",15,566,0.6753,9
"GSE1456","MammaPrint",15,567,0.6965,6
"GSE1456","MammaPrint",15,568,0.6658,12
"GSE1456","MammaPrint",15,569,0.6606,12
"GSE1456","MammaPrint",15,570,0.6242,12
"GSE1456","MammaPrint",15,571,0.6543,12
"GSE1456","MammaPrint",15,572,0.6788,12
"GSE1456","MammaPrint",15,573,0.6046,12
"GSE1456","MammaPrint",15,574,0.6115,12
"GSE1456","MammaPrint",15,575,0.6303,12
"GSE1456","MammaPrint",15,576,0.6929,11
"GSE1456","MammaPrint",15,577,0.6838,12
"GSE1456","MammaPrint",15,578,0.6338,12
"GSE1456","MammaPrint",15,579,0.6245,12
"GSE1456","MammaPrint",15,580,0.6669,8
"GSE1456","MammaPrint",15,581,0.6764,12
"GSE1456","MammaPrint",15,582,0.6582,12
"GSE1456","MammaPrint",15,583,0.6615,12
"GSE1456","MammaPrint",15,584,0.6359,12
"GSE1456","MammaPrint",15,585,0.655,12
"GSE1456","MammaPrint",15,586,0.6255,12
"GSE1456","MammaPrint",15,587,0.6139,12
"GSE1456","MammaPrint",15,588,0.6442,6
"GSE1456","MammaPrint",15,589,0.6208,12
"GSE1456","MammaPrint",15,590,0.6076,0
"GSE1456","MammaPrint",15,591,0.6316,12
"GSE1456","MammaPrint",15,592,0.6407,12
"GSE1456","MammaPrint",15,593,0.6608,12
"GSE1456","MammaPrint",15,594,0.6935,12
"GSE1456","MammaPrint",15,595,0.6593,12
"GSE1456","MammaPrint",15,596,0.6167,12
"GSE1456","MammaPrint",15,597,0.6216,2
"GSE1456","MammaPrint",15,598,0.6554,12
"GSE1456","MammaPrint",15,599,0.6757,12
"GSE1456","MammaPrint",15,600,0.629,12
"GSE1456","MammaPrint",15,601,0.6526,12
"GSE1456","MammaPrint",15,602,0.6883,12
"GSE1456","MammaPrint",15,603,0.6914,12
"GSE1456","MammaPrint",15,604,0.6686,12
"GSE1456","MammaPrint",15,605,0.6593,12
"GSE1456","MammaPrint",15,606,0.6385,12
"GSE1456","MammaPrint",15,607,0.6682,12
"GSE1456","MammaPrint",15,608,0.6651,9
"GSE1456","MammaPrint",15,609,0.6364,12
"GSE1456","MammaPrint",15,610,0.674,12
"GSE1456","MammaPrint",15,611,0.6368,12
"GSE1456","MammaPrint",15,612,0.6229,10
"GSE1456","MammaPrint",15,613,0.671,12
"GSE1456","MammaPrint",15,614,0.6727,12
"GSE1456","MammaPrint",15,615,0.6758,12
"GSE1456","MammaPrint",15,616,0.6257,7
"GSE1456","MammaPrint",15,617,0.6491,10
"GSE1456","MammaPrint",15,618,0.647,12
"GSE1456","MammaPrint",15,619,0.655,12
"GSE1456","MammaPrint",15,620,0.6394,12
"GSE1456","MammaPrint",15,621,0.6591,12
"GSE1456","MammaPrint",15,622,0.695,11
"GSE1456","MammaPrint",15,623,0.6405,12
"GSE1456","MammaPrint",15,624,0.6539,8
"GSE1456","MammaPrint",15,625,0.6595,12
"GSE1456","MammaPrint",15,626,0.6751,4
"GSE1456","MammaPrint",15,627,0.6743,12
"GSE1456","MammaPrint",15,628,0.6545,9
"GSE1456","MammaPrint",15,629,0.668,12
"GSE1456","MammaPrint",15,630,0.6779,12
"GSE1456","MammaPrint",15,631,0.6734,8
"GSE1456","MammaPrint",15,632,0.6939,10
"GSE1456","MammaPrint",15,633,0.6301,12
"GSE1456","MammaPrint",15,634,0.6249,12
"GSE1456","MammaPrint",15,635,0.6786,12
"GSE1456","MammaPrint",15,636,0.6651,12
"GSE1456","MammaPrint",15,637,0.6647,7
"GSE1456","MammaPrint",15,638,0.6442,12
"GSE1456","MammaPrint",15,639,0.6656,8
"GSE1456","MammaPrint",15,640,0.6545,12
"GSE1456","MammaPrint",15,641,0.6535,12
"GSE1456","MammaPrint",15,642,0.6065,11
"GSE1456","MammaPrint",15,643,0.6191,12
"GSE1456","MammaPrint",15,644,0.6636,12
"GSE1456","MammaPrint",15,645,0.6489,12
"GSE1456","MammaPrint",15,646,0.6117,12
"GSE1456","MammaPrint",15,647,0.6543,11
"GSE1456","MammaPrint",15,648,0.6697,12
"GSE1456","MammaPrint",15,649,0.6162,12
"GSE1456","MammaPrint",15,650,0.6719,12
"GSE1456","MammaPrint",15,651,0.6576,1
"GSE1456","MammaPrint",15,652,0.6684,12
"GSE1456","MammaPrint",15,653,0.6626,12
"GSE1456","MammaPrint",15,654,0.6485,12
"GSE1456","MammaPrint",15,655,0.6366,8
"GSE1456","MammaPrint",15,656,0.6781,5
"GSE1456","MammaPrint",15,657,0.6654,12
"GSE1456","MammaPrint",15,658,0.6582,12
"GSE1456","MammaPrint",15,659,0.6299,12
"GSE1456","MammaPrint",15,660,0.6204,12
"GSE1456","MammaPrint",15,661,0.6556,12
"GSE1456","MammaPrint",15,662,0.6825,2
"GSE1456","MammaPrint",15,663,0.6773,12
"GSE1456","MammaPrint",15,664,0.6559,12
"GSE1456","MammaPrint",15,665,0.6632,12
"GSE1456","MammaPrint",15,666,0.6528,1
"GSE1456","MammaPrint",15,667,0.6546,12
"GSE1456","MammaPrint",15,668,0.671,12
"GSE1456","MammaPrint",15,669,0.6465,12
"GSE1456","MammaPrint",15,670,0.6552,12
"GSE1456","MammaPrint",15,671,0.6684,12
"GSE1456","MammaPrint",15,672,0.6454,9
"GSE1456","MammaPrint",15,673,0.6526,9
"GSE1456","MammaPrint",15,674,0.6273,12
"GSE1456","MammaPrint",15,675,0.6801,12
"GSE1456","MammaPrint",15,676,0.6413,12
"GSE1456","MammaPrint",15,677,0.6569,7
"GSE1456","MammaPrint",15,678,0.6673,12
"GSE1456","MammaPrint",15,679,0.6401,12
"GSE1456","MammaPrint",15,680,0.6894,10
"GSE1456","MammaPrint",15,681,0.6511,10
"GSE1456","MammaPrint",15,682,0.5885,12
"GSE1456","MammaPrint",15,683,0.6388,12
"GSE1456","MammaPrint",15,684,0.6361,12
"GSE1456","MammaPrint",15,685,0.6885,11
"GSE1456","MammaPrint",15,686,0.6342,12
"GSE1456","MammaPrint",15,687,0.7013,12
"GSE1456","MammaPrint",15,688,0.6188,11
"GSE1456","MammaPrint",15,689,0.645,12
"GSE1456","MammaPrint",15,690,0.6561,12
"GSE1456","MammaPrint",15,691,0.6743,2
"GSE1456","MammaPrint",15,692,0.6952,7
"GSE1456","MammaPrint",15,693,0.6331,12
"GSE1456","MammaPrint",15,694,0.652,7
"GSE1456","MammaPrint",15,695,0.6836,12
"GSE1456","MammaPrint",15,696,0.6788,9
"GSE1456","MammaPrint",15,697,0.6836,9
"GSE1456","MammaPrint",15,698,0.6612,12
"GSE1456","MammaPrint",15,699,0.6558,12
"GSE1456","MammaPrint",15,700,0.6738,12
"GSE1456","MammaPrint",15,701,0.6582,12
"GSE1456","MammaPrint",15,702,0.6257,10
"GSE1456","MammaPrint",15,703,0.6528,12
"GSE1456","MammaPrint",15,704,0.65,12
"GSE1456","MammaPrint",15,705,0.6671,12
"GSE1456","MammaPrint",15,706,0.6481,12
"GSE1456","MammaPrint",15,707,0.6316,10
"GSE1456","MammaPrint",15,708,0.6494,12
"GSE1456","MammaPrint",15,709,0.6719,5
"GSE1456","MammaPrint",15,710,0.6035,0
"GSE1456","MammaPrint",15,711,0.6608,12
"GSE1456","MammaPrint",15,712,0.6753,12
"GSE1456","MammaPrint",15,713,0.6617,7
"GSE1456","MammaPrint",15,714,0.6712,12
"GSE1456","MammaPrint",15,715,0.655,10
"GSE1456","MammaPrint",15,716,0.6617,10
"GSE1456","MammaPrint",15,717,0.6519,12
"GSE1456","MammaPrint",15,718,0.6182,11
"GSE1456","MammaPrint",15,719,0.6156,12
"GSE1456","MammaPrint",15,720,0.6846,12
"GSE1456","MammaPrint",15,721,0.6612,9
"GSE1456","MammaPrint",15,722,0.6591,12
"GSE1456","MammaPrint",15,723,0.6747,7
"GSE1456","MammaPrint",15,724,0.6071,12
"GSE1456","MammaPrint",15,725,0.6807,12
"GSE1456","MammaPrint",15,726,0.6706,10
"GSE1456","MammaPrint",15,727,0.6474,12
"GSE1456","MammaPrint",15,728,0.6483,12
"GSE1456","MammaPrint",15,729,0.6206,12
"GSE1456","MammaPrint",15,730,0.61,12
"GSE1456","MammaPrint",15,731,0.6723,12
"GSE1456","MammaPrint",15,732,0.6647,12
"GSE1456","MammaPrint",15,733,0.6377,12
"GSE1456","MammaPrint",15,734,0.6695,11
"GSE1456","MammaPrint",15,735,0.6411,12
"GSE1456","MammaPrint",15,736,0.6719,12
"GSE1456","MammaPrint",15,737,0.6504,12
"GSE1456","MammaPrint",15,738,0.6331,12
"GSE1456","MammaPrint",15,739,0.6307,12
"GSE1456","MammaPrint",15,740,0.6457,12
"GSE1456","MammaPrint",15,741,0.6448,12
"GSE1456","MammaPrint",15,742,0.634,12
"GSE1456","MammaPrint",15,743,0.6329,12
"GSE1456","MammaPrint",15,744,0.6039,12
"GSE1456","MammaPrint",15,745,0.6346,12
"GSE1456","MammaPrint",15,746,0.6565,12
"GSE1456","MammaPrint",15,747,0.642,12
"GSE1456","MammaPrint",15,748,0.6162,1
"GSE1456","MammaPrint",15,749,0.6842,12
"GSE1456","MammaPrint",15,750,0.6641,6
"GSE1456","MammaPrint",15,751,0.6388,12
"GSE1456","MammaPrint",15,752,0.6688,12
"GSE1456","MammaPrint",15,753,0.6543,12
"GSE1456","MammaPrint",15,754,0.6418,12
"GSE1456","MammaPrint",15,755,0.6628,12
"GSE1456","MammaPrint",15,756,0.6751,12
"GSE1456","MammaPrint",15,757,0.6597,12
"GSE1456","MammaPrint",15,758,0.6483,12
"GSE1456","MammaPrint",15,759,0.6639,12
"GSE1456","MammaPrint",15,760,0.6625,12
"GSE1456","MammaPrint",15,761,0.6342,12
"GSE1456","MammaPrint",15,762,0.6535,12
"GSE1456","MammaPrint",15,763,0.6301,11
"GSE1456","MammaPrint",15,764,0.6712,7
"GSE1456","MammaPrint",15,765,0.6749,12
"GSE1456","MammaPrint",15,766,0.6836,8
"GSE1456","MammaPrint",15,767,0.6491,8
"GSE1456","MammaPrint",15,768,0.6775,12
"GSE1456","MammaPrint",15,769,0.6777,12
"GSE1456","MammaPrint",15,770,0.6513,9
"GSE1456","MammaPrint",15,771,0.6835,7
"GSE1456","MammaPrint",15,772,0.6662,12
"GSE1456","MammaPrint",15,773,0.6755,12
"GSE1456","MammaPrint",15,774,0.6913,5
"GSE1456","MammaPrint",15,775,0.6929,12
"GSE1456","MammaPrint",15,776,0.6322,12
"GSE1456","MammaPrint",15,777,0.6582,12
"GSE1456","MammaPrint",15,778,0.6591,12
"GSE1456","MammaPrint",15,779,0.6533,12
"GSE1456","MammaPrint",15,780,0.6621,12
"GSE1456","MammaPrint",15,781,0.6587,12
"GSE1456","MammaPrint",15,782,0.6874,12
"GSE1456","MammaPrint",15,783,0.6723,12
"GSE1456","MammaPrint",15,784,0.6507,4
"GSE1456","MammaPrint",15,785,0.6714,8
"GSE1456","MammaPrint",15,786,0.6727,8
"GSE1456","MammaPrint",15,787,0.6595,12
"GSE1456","MammaPrint",15,788,0.6561,6
"GSE1456","MammaPrint",15,789,0.6783,12
"GSE1456","MammaPrint",15,790,0.6639,12
"GSE1456","MammaPrint",15,791,0.6773,9
"GSE1456","MammaPrint",15,792,0.6414,12
"GSE1456","MammaPrint",15,793,0.6526,12
"GSE1456","MammaPrint",15,794,0.637,12
"GSE1456","MammaPrint",15,795,0.6565,12
"GSE1456","MammaPrint",15,796,0.6394,1
"GSE1456","MammaPrint",15,797,0.6691,8
"GSE1456","MammaPrint",15,798,0.6281,12
"GSE1456","MammaPrint",15,799,0.627,12
"GSE1456","MammaPrint",15,800,0.6496,12
"GSE1456","MammaPrint",15,801,0.6558,12
"GSE1456","MammaPrint",15,802,0.6444,12
"GSE1456","MammaPrint",15,803,0.6336,12
"GSE1456","MammaPrint",15,804,0.6398,12
"GSE1456","MammaPrint",15,805,0.6485,12
"GSE1456","MammaPrint",15,806,0.7019,5
"GSE1456","MammaPrint",15,807,0.6814,9
"GSE1456","MammaPrint",15,808,0.6615,12
"GSE1456","MammaPrint",15,809,0.6623,12
"GSE1456","MammaPrint",15,810,0.6461,12
"GSE1456","MammaPrint",15,811,0.6509,12
"GSE1456","MammaPrint",15,812,0.6717,12
"GSE1456","MammaPrint",15,813,0.6236,12
"GSE1456","MammaPrint",15,814,0.6446,12
"GSE1456","MammaPrint",15,815,0.7011,12
"GSE1456","MammaPrint",15,816,0.602,12
"GSE1456","MammaPrint",15,817,0.6507,12
"GSE1456","MammaPrint",15,818,0.6442,12
"GSE1456","MammaPrint",15,819,0.6935,4
"GSE1456","MammaPrint",15,820,0.6846,5
"GSE1456","MammaPrint",15,821,0.6305,12
"GSE1456","MammaPrint",15,822,0.6323,12
"GSE1456","MammaPrint",15,823,0.6753,12
"GSE1456","MammaPrint",15,824,0.6675,12
"GSE1456","MammaPrint",15,825,0.6362,12
"GSE1456","MammaPrint",15,826,0.6346,12
"GSE1456","MammaPrint",15,827,0.6593,12
"GSE1456","MammaPrint",15,828,0.6638,8
"GSE1456","MammaPrint",15,829,0.6255,12
"GSE1456","MammaPrint",15,830,0.6301,12
"GSE1456","MammaPrint",15,831,0.6632,6
"GSE1456","MammaPrint",15,832,0.6271,12
"GSE1456","MammaPrint",15,833,0.648,12
"GSE1456","MammaPrint",15,834,0.6595,12
"GSE1456","MammaPrint",15,835,0.6465,3
"GSE1456","MammaPrint",15,836,0.6444,9
"GSE1456","MammaPrint",15,837,0.6862,12
"GSE1456","MammaPrint",15,838,0.6729,12
"GSE1456","MammaPrint",15,839,0.6323,12
"GSE1456","MammaPrint",15,840,0.6786,12
"GSE1456","MammaPrint",15,841,0.674,12
"GSE1456","MammaPrint",15,842,0.6671,7
"GSE1456","MammaPrint",15,843,0.6249,12
"GSE1456","MammaPrint",15,844,0.6383,12
"GSE1456","MammaPrint",15,845,0.652,12
"GSE1456","MammaPrint",15,846,0.6892,7
"GSE1456","MammaPrint",15,847,0.6602,12
"GSE1456","MammaPrint",15,848,0.6452,12
"GSE1456","MammaPrint",15,849,0.6877,11
"GSE1456","MammaPrint",15,850,0.6478,12
"GSE1456","MammaPrint",15,851,0.6708,12
"GSE1456","MammaPrint",15,852,0.6571,12
"GSE1456","MammaPrint",15,853,0.6379,9
"GSE1456","MammaPrint",15,854,0.6719,12
"GSE1456","MammaPrint",15,855,0.6481,12
"GSE1456","MammaPrint",15,856,0.6584,12
"GSE1456","MammaPrint",15,857,0.6669,8
"GSE1456","MammaPrint",15,858,0.6939,7
"GSE1456","MammaPrint",15,859,0.6442,8
"GSE1456","MammaPrint",15,860,0.6652,12
"GSE1456","MammaPrint",15,861,0.6853,12
"GSE1456","MammaPrint",15,862,0.66,12
"GSE1456","MammaPrint",15,863,0.6942,9
"GSE1456","MammaPrint",15,864,0.6593,12
"GSE1456","MammaPrint",15,865,0.6846,12
"GSE1456","MammaPrint",15,866,0.6361,7
"GSE1456","MammaPrint",15,867,0.6431,12
"GSE1456","MammaPrint",15,868,0.689,12
"GSE1456","MammaPrint",15,869,0.6487,12
"GSE1456","MammaPrint",15,870,0.6773,12
"GSE1456","MammaPrint",15,871,0.673,12
"GSE1456","MammaPrint",15,872,0.6535,12
"GSE1456","MammaPrint",15,873,0.6567,12
"GSE1456","MammaPrint",15,874,0.6755,12
"GSE1456","MammaPrint",15,875,0.6552,9
"GSE1456","MammaPrint",15,876,0.6435,12
"GSE1456","MammaPrint",15,877,0.6418,12
"GSE1456","MammaPrint",15,878,0.6006,12
"GSE1456","MammaPrint",15,879,0.6569,9
"GSE1456","MammaPrint",15,880,0.6755,12
"GSE1456","MammaPrint",15,881,0.6669,12
"GSE1456","MammaPrint",15,882,0.6446,12
"GSE1456","MammaPrint",15,883,0.6742,12
"GSE1456","MammaPrint",15,884,0.6498,12
"GSE1456","MammaPrint",15,885,0.7006,12
"GSE1456","MammaPrint",15,886,0.6822,12
"GSE1456","MammaPrint",15,887,0.6606,4
"GSE1456","MammaPrint",15,888,0.6468,12
"GSE1456","MammaPrint",15,889,0.6543,12
"GSE1456","MammaPrint",15,890,0.6647,9
"GSE1456","MammaPrint",15,891,0.6816,9
"GSE1456","MammaPrint",15,892,0.6465,12
"GSE1456","MammaPrint",15,893,0.647,12
"GSE1456","MammaPrint",15,894,0.6742,12
"GSE1456","MammaPrint",15,895,0.6457,12
"GSE1456","MammaPrint",15,896,0.6563,12
"GSE1456","MammaPrint",15,897,0.6515,12
"GSE1456","MammaPrint",15,898,0.6599,8
"GSE1456","MammaPrint",15,899,0.6874,12
"GSE1456","MammaPrint",15,900,0.6418,12
"GSE1456","MammaPrint",15,901,0.6331,12
"GSE1456","MammaPrint",15,902,0.6623,12
"GSE1456","MammaPrint",15,903,0.6084,12
"GSE1456","MammaPrint",15,904,0.6418,10
"GSE1456","MammaPrint",15,905,0.6697,9
"GSE1456","MammaPrint",15,906,0.65,12
"GSE1456","MammaPrint",15,907,0.6435,12
"GSE1456","MammaPrint",15,908,0.6831,12
"GSE1456","MammaPrint",15,909,0.6078,12
"GSE1456","MammaPrint",15,910,0.621,6
"GSE1456","MammaPrint",15,911,0.6669,12
"GSE1456","MammaPrint",15,912,0.6504,12
"GSE1456","MammaPrint",15,913,0.6881,12
"GSE1456","MammaPrint",15,914,0.6338,7
"GSE1456","MammaPrint",15,915,0.6714,7
"GSE1456","MammaPrint",15,916,0.6688,12
"GSE1456","MammaPrint",15,917,0.6686,12
"GSE1456","MammaPrint",15,918,0.6422,12
"GSE1456","MammaPrint",15,919,0.6589,12
"GSE1456","MammaPrint",15,920,0.668,12
"GSE1456","MammaPrint",15,921,0.6528,12
"GSE1456","MammaPrint",15,922,0.639,12
"GSE1456","MammaPrint",15,923,0.6606,12
"GSE1456","MammaPrint",15,924,0.6786,8
"GSE1456","MammaPrint",15,925,0.6087,12
"GSE1456","MammaPrint",15,926,0.677,6
"GSE1456","MammaPrint",15,927,0.6591,12
"GSE1456","MammaPrint",15,928,0.6612,5
"GSE1456","MammaPrint",15,929,0.6362,9
"GSE1456","MammaPrint",15,930,0.6515,12
"GSE1456","MammaPrint",15,931,0.589,1
"GSE1456","MammaPrint",15,932,0.666,12
"GSE1456","MammaPrint",15,933,0.6723,12
"GSE1456","MammaPrint",15,934,0.6019,12
"GSE1456","MammaPrint",15,935,0.6381,10
"GSE1456","MammaPrint",15,936,0.6381,12
"GSE1456","MammaPrint",15,937,0.6574,12
"GSE1456","MammaPrint",15,938,0.6396,12
"GSE1456","MammaPrint",15,939,0.6483,6
"GSE1456","MammaPrint",15,940,0.6835,12
"GSE1456","MammaPrint",15,941,0.6275,12
"GSE1456","MammaPrint",15,942,0.6691,12
"GSE1456","MammaPrint",15,943,0.6723,11
"GSE1456","MammaPrint",15,944,0.6602,12
"GSE1456","MammaPrint",15,945,0.6563,7
"GSE1456","MammaPrint",15,946,0.663,12
"GSE1456","MammaPrint",15,947,0.6454,12
"GSE1456","MammaPrint",15,948,0.6493,8
"GSE1456","MammaPrint",15,949,0.6922,12
"GSE1456","MammaPrint",15,950,0.6524,12
"GSE1456","MammaPrint",15,951,0.6429,12
"GSE1456","MammaPrint",15,952,0.6188,12
"GSE1456","MammaPrint",15,953,0.6626,11
"GSE1456","MammaPrint",15,954,0.6344,12
"GSE1456","MammaPrint",15,955,0.6901,4
"GSE1456","MammaPrint",15,956,0.6584,12
"GSE1456","MammaPrint",15,957,0.6571,12
"GSE1456","MammaPrint",15,958,0.6742,12
"GSE1456","MammaPrint",15,959,0.6429,12
"GSE1456","MammaPrint",15,960,0.6805,6
"GSE1456","MammaPrint",15,961,0.6533,1
"GSE1456","MammaPrint",15,962,0.663,12
"GSE1456","MammaPrint",15,963,0.6593,12
"GSE1456","MammaPrint",15,964,0.5872,12
"GSE1456","MammaPrint",15,965,0.6799,12
"GSE1456","MammaPrint",15,966,0.6262,12
"GSE1456","MammaPrint",15,967,0.6409,12
"GSE1456","MammaPrint",15,968,0.655,12
"GSE1456","MammaPrint",15,969,0.6677,10
"GSE1456","MammaPrint",15,970,0.6366,12
"GSE1456","MammaPrint",15,971,0.6403,11
"GSE1456","MammaPrint",15,972,0.6623,12
"GSE1456","MammaPrint",15,973,0.6654,12
"GSE1456","MammaPrint",15,974,0.679,12
"GSE1456","MammaPrint",15,975,0.6284,0
"GSE1456","MammaPrint",15,976,0.6751,12
"GSE1456","MammaPrint",15,977,0.6388,12
"GSE1456","MammaPrint",15,978,0.6853,12
"GSE1456","MammaPrint",15,979,0.6511,5
"GSE1456","MammaPrint",15,980,0.6625,12
"GSE1456","MammaPrint",15,981,0.6478,12
"GSE1456","MammaPrint",15,982,0.623,12
"GSE1456","MammaPrint",15,983,0.6504,12
"GSE1456","MammaPrint",15,984,0.6626,12
"GSE1456","MammaPrint",15,985,0.6604,12
"GSE1456","MammaPrint",15,986,0.6446,9
"GSE1456","MammaPrint",15,987,0.6398,12
"GSE1456","MammaPrint",15,988,0.6727,12
"GSE1456","MammaPrint",15,989,0.6898,10
"GSE1456","MammaPrint",15,990,0.6695,12
"GSE1456","MammaPrint",15,991,0.6327,12
"GSE1456","MammaPrint",15,992,0.6426,12
"GSE1456","MammaPrint",15,993,0.6442,12
"GSE1456","MammaPrint",15,994,0.6515,12
"GSE1456","MammaPrint",15,995,0.6875,10
"GSE1456","MammaPrint",15,996,0.676,12
"GSE1456","MammaPrint",15,997,0.676,12
"GSE1456","MammaPrint",15,998,0.6571,12
"GSE1456","MammaPrint",15,999,0.6643,12
"GSE1456","MammaPrint",15,1000,0.6669,12
"GSE1456","CorePAM",15,1,0.6757,0
"GSE1456","CorePAM",15,2,0.6725,0
"GSE1456","CorePAM",15,3,0.6223,0
"GSE1456","CorePAM",15,4,0.6335,0
"GSE1456","CorePAM",15,5,0.6093,0
"GSE1456","CorePAM",15,6,0.6599,0
"GSE1456","CorePAM",15,7,0.6344,0
"GSE1456","CorePAM",15,8,0.6597,0
"GSE1456","CorePAM",15,9,0.6498,0
"GSE1456","CorePAM",15,10,0.5539,0
"GSE1456","CorePAM",15,11,0.652,0
"GSE1456","CorePAM",15,12,0.6336,0
"GSE1456","CorePAM",15,13,0.6502,0
"GSE1456","CorePAM",15,14,0.5829,0
"GSE1456","CorePAM",15,15,0.6587,0
"GSE1456","CorePAM",15,16,0.6472,0
"GSE1456","CorePAM",15,17,0.6151,2
"GSE1456","CorePAM",15,18,0.652,0
"GSE1456","CorePAM",15,19,0.6188,0
"GSE1456","CorePAM",15,20,0.6204,0
"GSE1456","CorePAM",15,21,0.6264,0
"GSE1456","CorePAM",15,22,0.626,0
"GSE1456","CorePAM",15,23,0.5182,6
"GSE1456","CorePAM",15,24,0.6671,0
"GSE1456","CorePAM",15,25,0.6457,0
"GSE1456","CorePAM",15,26,0.6058,0
"GSE1456","CorePAM",15,27,0.6039,0
"GSE1456","CorePAM",15,28,0.6695,0
"GSE1456","CorePAM",15,29,0.6217,0
"GSE1456","CorePAM",15,30,0.6048,0
"GSE1456","CorePAM",15,31,0.6006,0
"GSE1456","CorePAM",15,32,0.6822,1
"GSE1456","CorePAM",15,33,0.6656,0
"GSE1456","CorePAM",15,34,0.6377,0
"GSE1456","CorePAM",15,35,0.5708,0
"GSE1456","CorePAM",15,36,0.6303,0
"GSE1456","CorePAM",15,37,0.6446,0
"GSE1456","CorePAM",15,38,0.6472,0
"GSE1456","CorePAM",15,39,0.5602,6
"GSE1456","CorePAM",15,40,0.5675,6
"GSE1456","CorePAM",15,41,0.6595,0
"GSE1456","CorePAM",15,42,0.6338,0
"GSE1456","CorePAM",15,43,0.6388,0
"GSE1456","CorePAM",15,44,0.6641,0
"GSE1456","CorePAM",15,45,0.5983,0
"GSE1456","CorePAM",15,46,0.6193,0
"GSE1456","CorePAM",15,47,0.6141,0
"GSE1456","CorePAM",15,48,0.6039,0
"GSE1456","CorePAM",15,49,0.5797,0
"GSE1456","CorePAM",15,50,0.5392,6
"GSE1456","CorePAM",15,51,0.6626,0
"GSE1456","CorePAM",15,52,0.5396,8
"GSE1456","CorePAM",15,53,0.5809,0
"GSE1456","CorePAM",15,54,0.6565,0
"GSE1456","CorePAM",15,55,0.6024,0
"GSE1456","CorePAM",15,56,0.6615,0
"GSE1456","CorePAM",15,57,0.584,0
"GSE1456","CorePAM",15,58,0.6701,0
"GSE1456","CorePAM",15,59,0.5292,10
"GSE1456","CorePAM",15,60,0.6582,0
"GSE1456","CorePAM",15,61,0.6372,0
"GSE1456","CorePAM",15,62,0.5946,0
"GSE1456","CorePAM",15,63,0.6143,0
"GSE1456","CorePAM",15,64,0.6175,0
"GSE1456","CorePAM",15,65,0.6221,0
"GSE1456","CorePAM",15,66,0.589,0
"GSE1456","CorePAM",15,67,0.6613,1
"GSE1456","CorePAM",15,68,0.5463,6
"GSE1456","CorePAM",15,69,0.6632,0
"GSE1456","CorePAM",15,70,0.6372,0
"GSE1456","CorePAM",15,71,0.5379,5
"GSE1456","CorePAM",15,72,0.6701,1
"GSE1456","CorePAM",15,73,0.66,0
"GSE1456","CorePAM",15,74,0.6625,0
"GSE1456","CorePAM",15,75,0.647,0
"GSE1456","CorePAM",15,76,0.5364,7
"GSE1456","CorePAM",15,77,0.6571,0
"GSE1456","CorePAM",15,78,0.66,0
"GSE1456","CorePAM",15,79,0.6546,0
"GSE1456","CorePAM",15,80,0.6112,0
"GSE1456","CorePAM",15,81,0.6426,0
"GSE1456","CorePAM",15,82,0.6747,1
"GSE1456","CorePAM",15,83,0.627,0
"GSE1456","CorePAM",15,84,0.6405,0
"GSE1456","CorePAM",15,85,0.5093,2
"GSE1456","CorePAM",15,86,0.6061,0
"GSE1456","CorePAM",15,87,0.6673,1
"GSE1456","CorePAM",15,88,0.5686,0
"GSE1456","CorePAM",15,89,0.6325,0
"GSE1456","CorePAM",15,90,0.6513,0
"GSE1456","CorePAM",15,91,0.624,0
"GSE1456","CorePAM",15,92,0.6113,0
"GSE1456","CorePAM",15,93,0.6504,0
"GSE1456","CorePAM",15,94,0.6628,0
"GSE1456","CorePAM",15,95,0.5872,0
"GSE1456","CorePAM",15,96,0.6032,0
"GSE1456","CorePAM",15,97,0.6041,0
"GSE1456","CorePAM",15,98,0.589,0
"GSE1456","CorePAM",15,99,0.6779,1
"GSE1456","CorePAM",15,100,0.6708,0
"GSE1456","CorePAM",15,101,0.6599,0
"GSE1456","CorePAM",15,102,0.6091,0
"GSE1456","CorePAM",15,103,0.6576,0
"GSE1456","CorePAM",15,104,0.6299,0
"GSE1456","CorePAM",15,105,0.6322,0
"GSE1456","CorePAM",15,106,0.6349,0
"GSE1456","CorePAM",15,107,0.6255,0
"GSE1456","CorePAM",15,108,0.6552,0
"GSE1456","CorePAM",15,109,0.648,0
"GSE1456","CorePAM",15,110,0.6452,0
"GSE1456","CorePAM",15,111,0.6481,0
"GSE1456","CorePAM",15,112,0.652,0
"GSE1456","CorePAM",15,113,0.6489,0
"GSE1456","CorePAM",15,114,0.6355,0
"GSE1456","CorePAM",15,115,0.5771,0
"GSE1456","CorePAM",15,116,0.661,0
"GSE1456","CorePAM",15,117,0.6388,0
"GSE1456","CorePAM",15,118,0.5857,0
"GSE1456","CorePAM",15,119,0.65,0
"GSE1456","CorePAM",15,120,0.6576,0
"GSE1456","CorePAM",15,121,0.6173,0
"GSE1456","CorePAM",15,122,0.6387,0
"GSE1456","CorePAM",15,123,0.6372,0
"GSE1456","CorePAM",15,124,0.6342,0
"GSE1456","CorePAM",15,125,0.6257,0
"GSE1456","CorePAM",15,126,0.6595,0
"GSE1456","CorePAM",15,127,0.655,0
"GSE1456","CorePAM",15,128,0.61,0
"GSE1456","CorePAM",15,129,0.645,0
"GSE1456","CorePAM",15,130,0.6454,0
"GSE1456","CorePAM",15,131,0.627,0
"GSE1456","CorePAM",15,132,0.5948,0
"GSE1456","CorePAM",15,133,0.5636,0
"GSE1456","CorePAM",15,134,0.6178,0
"GSE1456","CorePAM",15,135,0.6082,0
"GSE1456","CorePAM",15,136,0.6177,0
"GSE1456","CorePAM",15,137,0.6076,0
"GSE1456","CorePAM",15,138,0.5327,7
"GSE1456","CorePAM",15,139,0.6474,0
"GSE1456","CorePAM",15,140,0.6532,0
"GSE1456","CorePAM",15,141,0.6446,0
"GSE1456","CorePAM",15,142,0.6033,0
"GSE1456","CorePAM",15,143,0.6491,0
"GSE1456","CorePAM",15,144,0.6667,1
"GSE1456","CorePAM",15,145,0.663,0
"GSE1456","CorePAM",15,146,0.6729,0
"GSE1456","CorePAM",15,147,0.6498,0
"GSE1456","CorePAM",15,148,0.6197,0
"GSE1456","CorePAM",15,149,0.6284,0
"GSE1456","CorePAM",15,150,0.6054,0
"GSE1456","CorePAM",15,151,0.6546,0
"GSE1456","CorePAM",15,152,0.6416,0
"GSE1456","CorePAM",15,153,0.6316,0
"GSE1456","CorePAM",15,154,0.6671,1
"GSE1456","CorePAM",15,155,0.629,0
"GSE1456","CorePAM",15,156,0.6747,0
"GSE1456","CorePAM",15,157,0.6656,1
"GSE1456","CorePAM",15,158,0.663,0
"GSE1456","CorePAM",15,159,0.6626,0
"GSE1456","CorePAM",15,160,0.5989,0
"GSE1456","CorePAM",15,161,0.6452,0
"GSE1456","CorePAM",15,162,0.6392,0
"GSE1456","CorePAM",15,163,0.6565,0
"GSE1456","CorePAM",15,164,0.6545,0
"GSE1456","CorePAM",15,165,0.6322,0
"GSE1456","CorePAM",15,166,0.6247,0
"GSE1456","CorePAM",15,167,0.623,0
"GSE1456","CorePAM",15,168,0.6452,0
"GSE1456","CorePAM",15,169,0.6773,1
"GSE1456","CorePAM",15,170,0.5383,5
"GSE1456","CorePAM",15,171,0.6184,0
"GSE1456","CorePAM",15,172,0.6024,0
"GSE1456","CorePAM",15,173,0.6413,0
"GSE1456","CorePAM",15,174,0.619,0
"GSE1456","CorePAM",15,175,0.6704,0
"GSE1456","CorePAM",15,176,0.637,0
"GSE1456","CorePAM",15,177,0.671,1
"GSE1456","CorePAM",15,178,0.6632,0
"GSE1456","CorePAM",15,179,0.6729,0
"GSE1456","CorePAM",15,180,0.6119,0
"GSE1456","CorePAM",15,181,0.658,0
"GSE1456","CorePAM",15,182,0.6175,0
"GSE1456","CorePAM",15,183,0.616,0
"GSE1456","CorePAM",15,184,0.6481,0
"GSE1456","CorePAM",15,185,0.6171,0
"GSE1456","CorePAM",15,186,0.6651,0
"GSE1456","CorePAM",15,187,0.6675,1
"GSE1456","CorePAM",15,188,0.6169,0
"GSE1456","CorePAM",15,189,0.5643,6
"GSE1456","CorePAM",15,190,0.6509,0
"GSE1456","CorePAM",15,191,0.6275,0
"GSE1456","CorePAM",15,192,0.6574,0
"GSE1456","CorePAM",15,193,0.6675,1
"GSE1456","CorePAM",15,194,0.6299,0
"GSE1456","CorePAM",15,195,0.6441,0
"GSE1456","CorePAM",15,196,0.5952,0
"GSE1456","CorePAM",15,197,0.6494,0
"GSE1456","CorePAM",15,198,0.6028,0
"GSE1456","CorePAM",15,199,0.6606,1
"GSE1456","CorePAM",15,200,0.6621,0
"GSE1456","CorePAM",15,201,0.6413,0
"GSE1456","CorePAM",15,202,0.6563,0
"GSE1456","CorePAM",15,203,0.6115,0
"GSE1456","CorePAM",15,204,0.5723,0
"GSE1456","CorePAM",15,205,0.6158,0
"GSE1456","CorePAM",15,206,0.6608,0
"GSE1456","CorePAM",15,207,0.6504,0
"GSE1456","CorePAM",15,208,0.6132,0
"GSE1456","CorePAM",15,209,0.6405,0
"GSE1456","CorePAM",15,210,0.6561,0
"GSE1456","CorePAM",15,211,0.6214,0
"GSE1456","CorePAM",15,212,0.6472,0
"GSE1456","CorePAM",15,213,0.6584,0
"GSE1456","CorePAM",15,214,0.6489,0
"GSE1456","CorePAM",15,215,0.6446,0
"GSE1456","CorePAM",15,216,0.5864,0
"GSE1456","CorePAM",15,217,0.6117,0
"GSE1456","CorePAM",15,218,0.6359,0
"GSE1456","CorePAM",15,219,0.6623,0
"GSE1456","CorePAM",15,220,0.6396,0
"GSE1456","CorePAM",15,221,0.5981,0
"GSE1456","CorePAM",15,222,0.5935,0
"GSE1456","CorePAM",15,223,0.6615,1
"GSE1456","CorePAM",15,224,0.6719,0
"GSE1456","CorePAM",15,225,0.6483,0
"GSE1456","CorePAM",15,226,0.6292,0
"GSE1456","CorePAM",15,227,0.6485,0
"GSE1456","CorePAM",15,228,0.6569,0
"GSE1456","CorePAM",15,229,0.6119,0
"GSE1456","CorePAM",15,230,0.6416,0
"GSE1456","CorePAM",15,231,0.5643,0
"GSE1456","CorePAM",15,232,0.6442,0
"GSE1456","CorePAM",15,233,0.6416,0
"GSE1456","CorePAM",15,234,0.6665,0
"GSE1456","CorePAM",15,235,0.65,0
"GSE1456","CorePAM",15,236,0.6593,0
"GSE1456","CorePAM",15,237,0.616,0
"GSE1456","CorePAM",15,238,0.5385,6
"GSE1456","CorePAM",15,239,0.6617,0
"GSE1456","CorePAM",15,240,0.6556,0
"GSE1456","CorePAM",15,241,0.5846,3
"GSE1456","CorePAM",15,242,0.6617,0
"GSE1456","CorePAM",15,243,0.5929,0
"GSE1456","CorePAM",15,244,0.5452,0
"GSE1456","CorePAM",15,245,0.5087,2
"GSE1456","CorePAM",15,246,0.6729,0
"GSE1456","CorePAM",15,247,0.6599,0
"GSE1456","CorePAM",15,248,0.5875,0
"GSE1456","CorePAM",15,249,0.6506,0
"GSE1456","CorePAM",15,250,0.6357,0
"GSE1456","CorePAM",15,251,0.6296,0
"GSE1456","CorePAM",15,252,0.6411,0
"GSE1456","CorePAM",15,253,0.6519,0
"GSE1456","CorePAM",15,254,0.6526,0
"GSE1456","CorePAM",15,255,0.5656,0
"GSE1456","CorePAM",15,256,0.6481,0
"GSE1456","CorePAM",15,257,0.6617,0
"GSE1456","CorePAM",15,258,0.6002,0
"GSE1456","CorePAM",15,259,0.621,0
"GSE1456","CorePAM",15,260,0.6515,0
"GSE1456","CorePAM",15,261,0.6675,0
"GSE1456","CorePAM",15,262,0.668,0
"GSE1456","CorePAM",15,263,0.6528,0
"GSE1456","CorePAM",15,264,0.6374,0
"GSE1456","CorePAM",15,265,0.658,0
"GSE1456","CorePAM",15,266,0.5875,0
"GSE1456","CorePAM",15,267,0.6039,0
"GSE1456","CorePAM",15,268,0.6595,0
"GSE1456","CorePAM",15,269,0.6253,0
"GSE1456","CorePAM",15,270,0.639,0
"GSE1456","CorePAM",15,271,0.6346,0
"GSE1456","CorePAM",15,272,0.6565,0
"GSE1456","CorePAM",15,273,0.5993,0
"GSE1456","CorePAM",15,274,0.6138,0
"GSE1456","CorePAM",15,275,0.6095,0
"GSE1456","CorePAM",15,276,0.653,0
"GSE1456","CorePAM",15,277,0.6452,0
"GSE1456","CorePAM",15,278,0.6316,0
"GSE1456","CorePAM",15,279,0.6552,0
"GSE1456","CorePAM",15,280,0.6632,1
"GSE1456","CorePAM",15,281,0.6323,0
"GSE1456","CorePAM",15,282,0.6457,0
"GSE1456","CorePAM",15,283,0.5673,7
"GSE1456","CorePAM",15,284,0.6608,1
"GSE1456","CorePAM",15,285,0.6515,0
"GSE1456","CorePAM",15,286,0.6216,0
"GSE1456","CorePAM",15,287,0.6493,0
"GSE1456","CorePAM",15,288,0.6164,0
"GSE1456","CorePAM",15,289,0.6407,0
"GSE1456","CorePAM",15,290,0.6584,0
"GSE1456","CorePAM",15,291,0.631,0
"GSE1456","CorePAM",15,292,0.6678,0
"GSE1456","CorePAM",15,293,0.655,0
"GSE1456","CorePAM",15,294,0.5877,0
"GSE1456","CorePAM",15,295,0.6489,0
"GSE1456","CorePAM",15,296,0.66,0
"GSE1456","CorePAM",15,297,0.5699,7
"GSE1456","CorePAM",15,298,0.6381,0
"GSE1456","CorePAM",15,299,0.6297,0
"GSE1456","CorePAM",15,300,0.6175,0
"GSE1456","CorePAM",15,301,0.6745,1
"GSE1456","CorePAM",15,302,0.6619,0
"GSE1456","CorePAM",15,303,0.6266,0
"GSE1456","CorePAM",15,304,0.6234,0
"GSE1456","CorePAM",15,305,0.5796,0
"GSE1456","CorePAM",15,306,0.6682,1
"GSE1456","CorePAM",15,307,0.6266,0
"GSE1456","CorePAM",15,308,0.6381,0
"GSE1456","CorePAM",15,309,0.5786,0
"GSE1456","CorePAM",15,310,0.639,0
"GSE1456","CorePAM",15,311,0.6268,0
"GSE1456","CorePAM",15,312,0.6428,0
"GSE1456","CorePAM",15,313,0.5554,6
"GSE1456","CorePAM",15,314,0.6082,0
"GSE1456","CorePAM",15,315,0.5338,0
"GSE1456","CorePAM",15,316,0.6745,1
"GSE1456","CorePAM",15,317,0.6184,0
"GSE1456","CorePAM",15,318,0.5691,0
"GSE1456","CorePAM",15,319,0.6617,0
"GSE1456","CorePAM",15,320,0.6405,0
"GSE1456","CorePAM",15,321,0.653,0
"GSE1456","CorePAM",15,322,0.6223,0
"GSE1456","CorePAM",15,323,0.6461,0
"GSE1456","CorePAM",15,324,0.5691,0
"GSE1456","CorePAM",15,325,0.5796,0
"GSE1456","CorePAM",15,326,0.6058,2
"GSE1456","CorePAM",15,327,0.6059,0
"GSE1456","CorePAM",15,328,0.5463,4
"GSE1456","CorePAM",15,329,0.6165,0
"GSE1456","CorePAM",15,330,0.6649,1
"GSE1456","CorePAM",15,331,0.6706,0
"GSE1456","CorePAM",15,332,0.6567,0
"GSE1456","CorePAM",15,333,0.6706,0
"GSE1456","CorePAM",15,334,0.6143,0
"GSE1456","CorePAM",15,335,0.6524,0
"GSE1456","CorePAM",15,336,0.6535,0
"GSE1456","CorePAM",15,337,0.647,0
"GSE1456","CorePAM",15,338,0.5844,0
"GSE1456","CorePAM",15,339,0.6191,0
"GSE1456","CorePAM",15,340,0.6599,0
"GSE1456","CorePAM",15,341,0.6429,0
"GSE1456","CorePAM",15,342,0.6612,0
"GSE1456","CorePAM",15,343,0.6448,0
"GSE1456","CorePAM",15,344,0.6416,0
"GSE1456","CorePAM",15,345,0.6197,0
"GSE1456","CorePAM",15,346,0.6468,0
"GSE1456","CorePAM",15,347,0.6284,0
"GSE1456","CorePAM",15,348,0.6318,0
"GSE1456","CorePAM",15,349,0.6219,0
"GSE1456","CorePAM",15,350,0.6533,0
"GSE1456","CorePAM",15,351,0.6388,0
"GSE1456","CorePAM",15,352,0.6643,0
"GSE1456","CorePAM",15,353,0.6626,0
"GSE1456","CorePAM",15,354,0.6446,0
"GSE1456","CorePAM",15,355,0.6381,0
"GSE1456","CorePAM",15,356,0.6476,0
"GSE1456","CorePAM",15,357,0.6691,1
"GSE1456","CorePAM",15,358,0.5407,6
"GSE1456","CorePAM",15,359,0.5582,8
"GSE1456","CorePAM",15,360,0.6572,0
"GSE1456","CorePAM",15,361,0.6636,0
"GSE1456","CorePAM",15,362,0.6361,0
"GSE1456","CorePAM",15,363,0.6372,0
"GSE1456","CorePAM",15,364,0.6649,0
"GSE1456","CorePAM",15,365,0.6147,0
"GSE1456","CorePAM",15,366,0.6366,0
"GSE1456","CorePAM",15,367,0.6059,0
"GSE1456","CorePAM",15,368,0.6725,0
"GSE1456","CorePAM",15,369,0.6206,0
"GSE1456","CorePAM",15,370,0.6409,0
"GSE1456","CorePAM",15,371,0.5595,0
"GSE1456","CorePAM",15,372,0.6128,0
"GSE1456","CorePAM",15,373,0.6561,0
"GSE1456","CorePAM",15,374,0.6318,0
"GSE1456","CorePAM",15,375,0.6383,0
"GSE1456","CorePAM",15,376,0.6165,0
"GSE1456","CorePAM",15,377,0.5599,5
"GSE1456","CorePAM",15,378,0.6431,0
"GSE1456","CorePAM",15,379,0.673,0
"GSE1456","CorePAM",15,380,0.6641,0
"GSE1456","CorePAM",15,381,0.5519,0
"GSE1456","CorePAM",15,382,0.6359,0
"GSE1456","CorePAM",15,383,0.6513,0
"GSE1456","CorePAM",15,384,0.6355,0
"GSE1456","CorePAM",15,385,0.6595,0
"GSE1456","CorePAM",15,386,0.598,0
"GSE1456","CorePAM",15,387,0.5942,0
"GSE1456","CorePAM",15,388,0.6506,0
"GSE1456","CorePAM",15,389,0.6318,0
"GSE1456","CorePAM",15,390,0.6255,0
"GSE1456","CorePAM",15,391,0.6617,0
"GSE1456","CorePAM",15,392,0.663,0
"GSE1456","CorePAM",15,393,0.6641,0
"GSE1456","CorePAM",15,394,0.6771,1
"GSE1456","CorePAM",15,395,0.6615,0
"GSE1456","CorePAM",15,396,0.6336,0
"GSE1456","CorePAM",15,397,0.687,1
"GSE1456","CorePAM",15,398,0.6537,0
"GSE1456","CorePAM",15,399,0.671,0
"GSE1456","CorePAM",15,400,0.6675,0
"GSE1456","CorePAM",15,401,0.6496,0
"GSE1456","CorePAM",15,402,0.6545,0
"GSE1456","CorePAM",15,403,0.6472,0
"GSE1456","CorePAM",15,404,0.6407,0
"GSE1456","CorePAM",15,405,0.6452,0
"GSE1456","CorePAM",15,406,0.6175,0
"GSE1456","CorePAM",15,407,0.6582,0
"GSE1456","CorePAM",15,408,0.6394,0
"GSE1456","CorePAM",15,409,0.6773,0
"GSE1456","CorePAM",15,410,0.5439,0
"GSE1456","CorePAM",15,411,0.637,0
"GSE1456","CorePAM",15,412,0.6377,0
"GSE1456","CorePAM",15,413,0.6387,0
"GSE1456","CorePAM",15,414,0.6467,0
"GSE1456","CorePAM",15,415,0.6571,0
"GSE1456","CorePAM",15,416,0.64,0
"GSE1456","CorePAM",15,417,0.6255,0
"GSE1456","CorePAM",15,418,0.634,0
"GSE1456","CorePAM",15,419,0.5896,3
"GSE1456","CorePAM",15,420,0.6539,0
"GSE1456","CorePAM",15,421,0.5939,0
"GSE1456","CorePAM",15,422,0.669,1
"GSE1456","CorePAM",15,423,0.6615,0
"GSE1456","CorePAM",15,424,0.6162,0
"GSE1456","CorePAM",15,425,0.6734,1
"GSE1456","CorePAM",15,426,0.6491,0
"GSE1456","CorePAM",15,427,0.6182,0
"GSE1456","CorePAM",15,428,0.5121,6
"GSE1456","CorePAM",15,429,0.6723,0
"GSE1456","CorePAM",15,430,0.6656,0
"GSE1456","CorePAM",15,431,0.5491,6
"GSE1456","CorePAM",15,432,0.6203,0
"GSE1456","CorePAM",15,433,0.6686,0
"GSE1456","CorePAM",15,434,0.6452,0
"GSE1456","CorePAM",15,435,0.6567,0
"GSE1456","CorePAM",15,436,0.6563,0
"GSE1456","CorePAM",15,437,0.6082,4
"GSE1456","CorePAM",15,438,0.6455,0
"GSE1456","CorePAM",15,439,0.6336,0
"GSE1456","CorePAM",15,440,0.6452,0
"GSE1456","CorePAM",15,441,0.66,0
"GSE1456","CorePAM",15,442,0.6309,0
"GSE1456","CorePAM",15,443,0.6232,0
"GSE1456","CorePAM",15,444,0.6561,1
"GSE1456","CorePAM",15,445,0.6515,0
"GSE1456","CorePAM",15,446,0.6206,0
"GSE1456","CorePAM",15,447,0.6552,0
"GSE1456","CorePAM",15,448,0.6667,0
"GSE1456","CorePAM",15,449,0.61,0
"GSE1456","CorePAM",15,450,0.6071,0
"GSE1456","CorePAM",15,451,0.611,0
"GSE1456","CorePAM",15,452,0.6574,0
"GSE1456","CorePAM",15,453,0.6747,0
"GSE1456","CorePAM",15,454,0.6548,0
"GSE1456","CorePAM",15,455,0.5987,0
"GSE1456","CorePAM",15,456,0.5875,0
"GSE1456","CorePAM",15,457,0.6638,0
"GSE1456","CorePAM",15,458,0.6693,0
"GSE1456","CorePAM",15,459,0.6463,0
"GSE1456","CorePAM",15,460,0.6234,0
"GSE1456","CorePAM",15,461,0.5626,0
"GSE1456","CorePAM",15,462,0.6587,0
"GSE1456","CorePAM",15,463,0.6572,0
"GSE1456","CorePAM",15,464,0.6638,0
"GSE1456","CorePAM",15,465,0.6141,0
"GSE1456","CorePAM",15,466,0.6459,0
"GSE1456","CorePAM",15,467,0.6697,0
"GSE1456","CorePAM",15,468,0.6682,0
"GSE1456","CorePAM",15,469,0.5929,0
"GSE1456","CorePAM",15,470,0.6426,0
"GSE1456","CorePAM",15,471,0.6374,0
"GSE1456","CorePAM",15,472,0.6818,1
"GSE1456","CorePAM",15,473,0.6156,0
"GSE1456","CorePAM",15,474,0.6481,0
"GSE1456","CorePAM",15,475,0.6325,0
"GSE1456","CorePAM",15,476,0.6775,1
"GSE1456","CorePAM",15,477,0.5959,0
"GSE1456","CorePAM",15,478,0.6593,0
"GSE1456","CorePAM",15,479,0.6362,0
"GSE1456","CorePAM",15,480,0.6331,0
"GSE1456","CorePAM",15,481,0.5844,0
"GSE1456","CorePAM",15,482,0.6589,0
"GSE1456","CorePAM",15,483,0.6065,2
"GSE1456","CorePAM",15,484,0.6457,0
"GSE1456","CorePAM",15,485,0.655,0
"GSE1456","CorePAM",15,486,0.6615,0
"GSE1456","CorePAM",15,487,0.624,0
"GSE1456","CorePAM",15,488,0.6216,0
"GSE1456","CorePAM",15,489,0.6571,0
"GSE1456","CorePAM",15,490,0.5504,9
"GSE1456","CorePAM",15,491,0.6572,0
"GSE1456","CorePAM",15,492,0.558,0
"GSE1456","CorePAM",15,493,0.5959,0
"GSE1456","CorePAM",15,494,0.5755,0
"GSE1456","CorePAM",15,495,0.6191,0
"GSE1456","CorePAM",15,496,0.6468,0
"GSE1456","CorePAM",15,497,0.621,0
"GSE1456","CorePAM",15,498,0.6532,0
"GSE1456","CorePAM",15,499,0.5572,0
"GSE1456","CorePAM",15,500,0.6296,0
"GSE1456","CorePAM",15,501,0.6586,0
"GSE1456","CorePAM",15,502,0.6229,0
"GSE1456","CorePAM",15,503,0.6526,0
"GSE1456","CorePAM",15,504,0.6515,0
"GSE1456","CorePAM",15,505,0.6184,0
"GSE1456","CorePAM",15,506,0.6069,0
"GSE1456","CorePAM",15,507,0.655,0
"GSE1456","CorePAM",15,508,0.6351,0
"GSE1456","CorePAM",15,509,0.5872,0
"GSE1456","CorePAM",15,510,0.6361,0
"GSE1456","CorePAM",15,511,0.6502,0
"GSE1456","CorePAM",15,512,0.5463,0
"GSE1456","CorePAM",15,513,0.639,0
"GSE1456","CorePAM",15,514,0.5411,0
"GSE1456","CorePAM",15,515,0.6586,0
"GSE1456","CorePAM",15,516,0.6193,0
"GSE1456","CorePAM",15,517,0.6355,0
"GSE1456","CorePAM",15,518,0.6191,0
"GSE1456","CorePAM",15,519,0.6312,0
"GSE1456","CorePAM",15,520,0.6214,0
"GSE1456","CorePAM",15,521,0.655,0
"GSE1456","CorePAM",15,522,0.6433,0
"GSE1456","CorePAM",15,523,0.6089,0
"GSE1456","CorePAM",15,524,0.6149,0
"GSE1456","CorePAM",15,525,0.6203,0
"GSE1456","CorePAM",15,526,0.6548,0
"GSE1456","CorePAM",15,527,0.6346,0
"GSE1456","CorePAM",15,528,0.6686,0
"GSE1456","CorePAM",15,529,0.6435,0
"GSE1456","CorePAM",15,530,0.6465,0
"GSE1456","CorePAM",15,531,0.6452,0
"GSE1456","CorePAM",15,532,0.5586,4
"GSE1456","CorePAM",15,533,0.6206,0
"GSE1456","CorePAM",15,534,0.6167,0
"GSE1456","CorePAM",15,535,0.5892,0
"GSE1456","CorePAM",15,536,0.6398,0
"GSE1456","CorePAM",15,537,0.6152,0
"GSE1456","CorePAM",15,538,0.6602,0
"GSE1456","CorePAM",15,539,0.6007,0
"GSE1456","CorePAM",15,540,0.6006,0
"GSE1456","CorePAM",15,541,0.6162,0
"GSE1456","CorePAM",15,542,0.6368,0
"GSE1456","CorePAM",15,543,0.6476,0
"GSE1456","CorePAM",15,544,0.6571,0
"GSE1456","CorePAM",15,545,0.6362,0
"GSE1456","CorePAM",15,546,0.6178,0
"GSE1456","CorePAM",15,547,0.631,0
"GSE1456","CorePAM",15,548,0.6481,0
"GSE1456","CorePAM",15,549,0.6498,0
"GSE1456","CorePAM",15,550,0.6349,0
"GSE1456","CorePAM",15,551,0.6429,0
"GSE1456","CorePAM",15,552,0.6138,0
"GSE1456","CorePAM",15,553,0.6507,0
"GSE1456","CorePAM",15,554,0.6296,0
"GSE1456","CorePAM",15,555,0.6463,0
"GSE1456","CorePAM",15,556,0.631,0
"GSE1456","CorePAM",15,557,0.6758,1
"GSE1456","CorePAM",15,558,0.6643,1
"GSE1456","CorePAM",15,559,0.6496,0
"GSE1456","CorePAM",15,560,0.6255,0
"GSE1456","CorePAM",15,561,0.5996,0
"GSE1456","CorePAM",15,562,0.6329,0
"GSE1456","CorePAM",15,563,0.631,0
"GSE1456","CorePAM",15,564,0.6093,0
"GSE1456","CorePAM",15,565,0.6262,0
"GSE1456","CorePAM",15,566,0.666,0
"GSE1456","CorePAM",15,567,0.6221,0
"GSE1456","CorePAM",15,568,0.6316,0
"GSE1456","CorePAM",15,569,0.6632,0
"GSE1456","CorePAM",15,570,0.6556,0
"GSE1456","CorePAM",15,571,0.6496,0
"GSE1456","CorePAM",15,572,0.6193,0
"GSE1456","CorePAM",15,573,0.6572,0
"GSE1456","CorePAM",15,574,0.6149,0
"GSE1456","CorePAM",15,575,0.6727,0
"GSE1456","CorePAM",15,576,0.6537,0
"GSE1456","CorePAM",15,577,0.6639,1
"GSE1456","CorePAM",15,578,0.6138,0
"GSE1456","CorePAM",15,579,0.6558,0
"GSE1456","CorePAM",15,580,0.6691,0
"GSE1456","CorePAM",15,581,0.6024,0
"GSE1456","CorePAM",15,582,0.6387,0
"GSE1456","CorePAM",15,583,0.6591,0
"GSE1456","CorePAM",15,584,0.6693,0
"GSE1456","CorePAM",15,585,0.6201,0
"GSE1456","CorePAM",15,586,0.6381,0
"GSE1456","CorePAM",15,587,0.6584,0
"GSE1456","CorePAM",15,588,0.6052,0
"GSE1456","CorePAM",15,589,0.671,1
"GSE1456","CorePAM",15,590,0.6548,0
"GSE1456","CorePAM",15,591,0.6773,1
"GSE1456","CorePAM",15,592,0.5587,0
"GSE1456","CorePAM",15,593,0.6206,0
"GSE1456","CorePAM",15,594,0.5957,0
"GSE1456","CorePAM",15,595,0.6048,0
"GSE1456","CorePAM",15,596,0.5641,0
"GSE1456","CorePAM",15,597,0.6336,0
"GSE1456","CorePAM",15,598,0.6455,0
"GSE1456","CorePAM",15,599,0.6558,0
"GSE1456","CorePAM",15,600,0.6643,0
"GSE1456","CorePAM",15,601,0.603,0
"GSE1456","CorePAM",15,602,0.6768,1
"GSE1456","CorePAM",15,603,0.6072,0
"GSE1456","CorePAM",15,604,0.6283,0
"GSE1456","CorePAM",15,605,0.6665,1
"GSE1456","CorePAM",15,606,0.6167,0
"GSE1456","CorePAM",15,607,0.6327,0
"GSE1456","CorePAM",15,608,0.6147,0
"GSE1456","CorePAM",15,609,0.5743,9
"GSE1456","CorePAM",15,610,0.6387,0
"GSE1456","CorePAM",15,611,0.6223,0
"GSE1456","CorePAM",15,612,0.6173,0
"GSE1456","CorePAM",15,613,0.5719,0
"GSE1456","CorePAM",15,614,0.6171,0
"GSE1456","CorePAM",15,615,0.5565,7
"GSE1456","CorePAM",15,616,0.6428,0
"GSE1456","CorePAM",15,617,0.6509,0
"GSE1456","CorePAM",15,618,0.5571,0
"GSE1456","CorePAM",15,619,0.6164,0
"GSE1456","CorePAM",15,620,0.6379,0
"GSE1456","CorePAM",15,621,0.6723,0
"GSE1456","CorePAM",15,622,0.6526,0
"GSE1456","CorePAM",15,623,0.6541,0
"GSE1456","CorePAM",15,624,0.5991,0
"GSE1456","CorePAM",15,625,0.6766,1
"GSE1456","CorePAM",15,626,0.6165,0
"GSE1456","CorePAM",15,627,0.6721,0
"GSE1456","CorePAM",15,628,0.6381,0
"GSE1456","CorePAM",15,629,0.6413,0
"GSE1456","CorePAM",15,630,0.6076,0
"GSE1456","CorePAM",15,631,0.6455,0
"GSE1456","CorePAM",15,632,0.6526,0
"GSE1456","CorePAM",15,633,0.5667,8
"GSE1456","CorePAM",15,634,0.5452,0
"GSE1456","CorePAM",15,635,0.6559,0
"GSE1456","CorePAM",15,636,0.6461,0
"GSE1456","CorePAM",15,637,0.6188,0
"GSE1456","CorePAM",15,638,0.6046,0
"GSE1456","CorePAM",15,639,0.6682,0
"GSE1456","CorePAM",15,640,0.6015,0
"GSE1456","CorePAM",15,641,0.6465,0
"GSE1456","CorePAM",15,642,0.6599,0
"GSE1456","CorePAM",15,643,0.6528,0
"GSE1456","CorePAM",15,644,0.6558,0
"GSE1456","CorePAM",15,645,0.6,0
"GSE1456","CorePAM",15,646,0.6552,0
"GSE1456","CorePAM",15,647,0.5879,0
"GSE1456","CorePAM",15,648,0.6193,0
"GSE1456","CorePAM",15,649,0.6245,0
"GSE1456","CorePAM",15,650,0.6247,0
"GSE1456","CorePAM",15,651,0.6686,0
"GSE1456","CorePAM",15,652,0.6571,0
"GSE1456","CorePAM",15,653,0.5861,0
"GSE1456","CorePAM",15,654,0.6299,0
"GSE1456","CorePAM",15,655,0.6247,0
"GSE1456","CorePAM",15,656,0.6604,0
"GSE1456","CorePAM",15,657,0.5656,0
"GSE1456","CorePAM",15,658,0.5385,5
"GSE1456","CorePAM",15,659,0.513,7
"GSE1456","CorePAM",15,660,0.5952,0
"GSE1456","CorePAM",15,661,0.5994,0
"GSE1456","CorePAM",15,662,0.6061,0
"GSE1456","CorePAM",15,663,0.6593,0
"GSE1456","CorePAM",15,664,0.6253,0
"GSE1456","CorePAM",15,665,0.6639,1
"GSE1456","CorePAM",15,666,0.6216,0
"GSE1456","CorePAM",15,667,0.6411,0
"GSE1456","CorePAM",15,668,0.6411,0
"GSE1456","CorePAM",15,669,0.6342,0
"GSE1456","CorePAM",15,670,0.5883,0
"GSE1456","CorePAM",15,671,0.6708,0
"GSE1456","CorePAM",15,672,0.6565,0
"GSE1456","CorePAM",15,673,0.5844,0
"GSE1456","CorePAM",15,674,0.6439,0
"GSE1456","CorePAM",15,675,0.6628,0
"GSE1456","CorePAM",15,676,0.5346,6
"GSE1456","CorePAM",15,677,0.6381,0
"GSE1456","CorePAM",15,678,0.6608,0
"GSE1456","CorePAM",15,679,0.6314,0
"GSE1456","CorePAM",15,680,0.6468,0
"GSE1456","CorePAM",15,681,0.6197,0
"GSE1456","CorePAM",15,682,0.623,0
"GSE1456","CorePAM",15,683,0.6418,0
"GSE1456","CorePAM",15,684,0.661,0
"GSE1456","CorePAM",15,685,0.6626,0
"GSE1456","CorePAM",15,686,0.6671,0
"GSE1456","CorePAM",15,687,0.6546,0
"GSE1456","CorePAM",15,688,0.6556,0
"GSE1456","CorePAM",15,689,0.6563,0
"GSE1456","CorePAM",15,690,0.6138,0
"GSE1456","CorePAM",15,691,0.6485,0
"GSE1456","CorePAM",15,692,0.6506,0
"GSE1456","CorePAM",15,693,0.6591,0
"GSE1456","CorePAM",15,694,0.652,0
"GSE1456","CorePAM",15,695,0.6152,0
"GSE1456","CorePAM",15,696,0.5546,5
"GSE1456","CorePAM",15,697,0.5559,5
"GSE1456","CorePAM",15,698,0.6604,0
"GSE1456","CorePAM",15,699,0.619,0
"GSE1456","CorePAM",15,700,0.6526,0
"GSE1456","CorePAM",15,701,0.6682,0
"GSE1456","CorePAM",15,702,0.6045,0
"GSE1456","CorePAM",15,703,0.5481,5
"GSE1456","CorePAM",15,704,0.5322,7
"GSE1456","CorePAM",15,705,0.6686,1
"GSE1456","CorePAM",15,706,0.6452,0
"GSE1456","CorePAM",15,707,0.5935,0
"GSE1456","CorePAM",15,708,0.6587,1
"GSE1456","CorePAM",15,709,0.5414,6
"GSE1456","CorePAM",15,710,0.6578,0
"GSE1456","CorePAM",15,711,0.6019,0
"GSE1456","CorePAM",15,712,0.626,0
"GSE1456","CorePAM",15,713,0.6015,0
"GSE1456","CorePAM",15,714,0.6699,0
"GSE1456","CorePAM",15,715,0.5688,7
"GSE1456","CorePAM",15,716,0.6268,0
"GSE1456","CorePAM",15,717,0.6184,0
"GSE1456","CorePAM",15,718,0.5491,7
"GSE1456","CorePAM",15,719,0.6468,0
"GSE1456","CorePAM",15,720,0.6323,0
"GSE1456","CorePAM",15,721,0.6048,0
"GSE1456","CorePAM",15,722,0.6649,0
"GSE1456","CorePAM",15,723,0.6197,0
"GSE1456","CorePAM",15,724,0.6578,0
"GSE1456","CorePAM",15,725,0.658,0
"GSE1456","CorePAM",15,726,0.6628,1
"GSE1456","CorePAM",15,727,0.6441,0
"GSE1456","CorePAM",15,728,0.6247,0
"GSE1456","CorePAM",15,729,0.5617,0
"GSE1456","CorePAM",15,730,0.6656,1
"GSE1456","CorePAM",15,731,0.6147,0
"GSE1456","CorePAM",15,732,0.6201,0
"GSE1456","CorePAM",15,733,0.6433,0
"GSE1456","CorePAM",15,734,0.6658,0
"GSE1456","CorePAM",15,735,0.5799,0
"GSE1456","CorePAM",15,736,0.5281,5
"GSE1456","CorePAM",15,737,0.5416,6
"GSE1456","CorePAM",15,738,0.6351,0
"GSE1456","CorePAM",15,739,0.6288,0
"GSE1456","CorePAM",15,740,0.6145,0
"GSE1456","CorePAM",15,741,0.6173,0
"GSE1456","CorePAM",15,742,0.6381,0
"GSE1456","CorePAM",15,743,0.5178,7
"GSE1456","CorePAM",15,744,0.5755,0
"GSE1456","CorePAM",15,745,0.669,1
"GSE1456","CorePAM",15,746,0.587,0
"GSE1456","CorePAM",15,747,0.6645,0
"GSE1456","CorePAM",15,748,0.6572,0
"GSE1456","CorePAM",15,749,0.5972,0
"GSE1456","CorePAM",15,750,0.6416,0
"GSE1456","CorePAM",15,751,0.6416,0
"GSE1456","CorePAM",15,752,0.6563,0
"GSE1456","CorePAM",15,753,0.5773,0
"GSE1456","CorePAM",15,754,0.6556,0
"GSE1456","CorePAM",15,755,0.6459,0
"GSE1456","CorePAM",15,756,0.5801,0
"GSE1456","CorePAM",15,757,0.6608,0
"GSE1456","CorePAM",15,758,0.6632,0
"GSE1456","CorePAM",15,759,0.6368,0
"GSE1456","CorePAM",15,760,0.6403,0
"GSE1456","CorePAM",15,761,0.629,0
"GSE1456","CorePAM",15,762,0.6667,0
"GSE1456","CorePAM",15,763,0.581,0
"GSE1456","CorePAM",15,764,0.5357,8
"GSE1456","CorePAM",15,765,0.6435,0
"GSE1456","CorePAM",15,766,0.6275,0
"GSE1456","CorePAM",15,767,0.597,0
"GSE1456","CorePAM",15,768,0.6483,0
"GSE1456","CorePAM",15,769,0.6506,0
"GSE1456","CorePAM",15,770,0.6615,0
"GSE1456","CorePAM",15,771,0.6606,0
"GSE1456","CorePAM",15,772,0.6119,0
"GSE1456","CorePAM",15,773,0.5699,0
"GSE1456","CorePAM",15,774,0.6091,0
"GSE1456","CorePAM",15,775,0.6351,0
"GSE1456","CorePAM",15,776,0.6532,0
"GSE1456","CorePAM",15,777,0.6552,0
"GSE1456","CorePAM",15,778,0.6201,0
"GSE1456","CorePAM",15,779,0.6569,0
"GSE1456","CorePAM",15,780,0.6099,0
"GSE1456","CorePAM",15,781,0.6584,0
"GSE1456","CorePAM",15,782,0.5099,9
"GSE1456","CorePAM",15,783,0.6474,0
"GSE1456","CorePAM",15,784,0.6483,0
"GSE1456","CorePAM",15,785,0.5336,6
"GSE1456","CorePAM",15,786,0.6796,1
"GSE1456","CorePAM",15,787,0.6329,0
"GSE1456","CorePAM",15,788,0.637,0
"GSE1456","CorePAM",15,789,0.5167,7
"GSE1456","CorePAM",15,790,0.6054,0
"GSE1456","CorePAM",15,791,0.6104,0
"GSE1456","CorePAM",15,792,0.6634,0
"GSE1456","CorePAM",15,793,0.6297,0
"GSE1456","CorePAM",15,794,0.6342,0
"GSE1456","CorePAM",15,795,0.611,0
"GSE1456","CorePAM",15,796,0.6639,1
"GSE1456","CorePAM",15,797,0.6727,1
"GSE1456","CorePAM",15,798,0.6441,0
"GSE1456","CorePAM",15,799,0.6586,0
"GSE1456","CorePAM",15,800,0.6543,0
"GSE1456","CorePAM",15,801,0.6229,0
"GSE1456","CorePAM",15,802,0.6524,0
"GSE1456","CorePAM",15,803,0.6296,0
"GSE1456","CorePAM",15,804,0.6255,0
"GSE1456","CorePAM",15,805,0.6145,0
"GSE1456","CorePAM",15,806,0.6474,0
"GSE1456","CorePAM",15,807,0.6481,0
"GSE1456","CorePAM",15,808,0.627,0
"GSE1456","CorePAM",15,809,0.6229,0
"GSE1456","CorePAM",15,810,0.5974,0
"GSE1456","CorePAM",15,811,0.653,0
"GSE1456","CorePAM",15,812,0.6546,0
"GSE1456","CorePAM",15,813,0.6325,0
"GSE1456","CorePAM",15,814,0.639,0
"GSE1456","CorePAM",15,815,0.6063,0
"GSE1456","CorePAM",15,816,0.6582,0
"GSE1456","CorePAM",15,817,0.6227,0
"GSE1456","CorePAM",15,818,0.6351,0
"GSE1456","CorePAM",15,819,0.6628,0
"GSE1456","CorePAM",15,820,0.6125,0
"GSE1456","CorePAM",15,821,0.6561,0
"GSE1456","CorePAM",15,822,0.6251,0
"GSE1456","CorePAM",15,823,0.6494,0
"GSE1456","CorePAM",15,824,0.6407,0
"GSE1456","CorePAM",15,825,0.5849,0
"GSE1456","CorePAM",15,826,0.6757,1
"GSE1456","CorePAM",15,827,0.5615,7
"GSE1456","CorePAM",15,828,0.5978,0
"GSE1456","CorePAM",15,829,0.6076,0
"GSE1456","CorePAM",15,830,0.6177,0
"GSE1456","CorePAM",15,831,0.6768,0
"GSE1456","CorePAM",15,832,0.6379,0
"GSE1456","CorePAM",15,833,0.6353,0
"GSE1456","CorePAM",15,834,0.6494,0
"GSE1456","CorePAM",15,835,0.602,0
"GSE1456","CorePAM",15,836,0.6446,0
"GSE1456","CorePAM",15,837,0.6039,0
"GSE1456","CorePAM",15,838,0.6535,0
"GSE1456","CorePAM",15,839,0.5619,0
"GSE1456","CorePAM",15,840,0.663,0
"GSE1456","CorePAM",15,841,0.6697,0
"GSE1456","CorePAM",15,842,0.5428,5
"GSE1456","CorePAM",15,843,0.6545,0
"GSE1456","CorePAM",15,844,0.6496,0
"GSE1456","CorePAM",15,845,0.5989,0
"GSE1456","CorePAM",15,846,0.5859,0
"GSE1456","CorePAM",15,847,0.582,0
"GSE1456","CorePAM",15,848,0.6152,0
"GSE1456","CorePAM",15,849,0.6507,0
"GSE1456","CorePAM",15,850,0.5392,6
"GSE1456","CorePAM",15,851,0.6283,0
"GSE1456","CorePAM",15,852,0.6599,0
"GSE1456","CorePAM",15,853,0.6465,0
"GSE1456","CorePAM",15,854,0.6223,0
"GSE1456","CorePAM",15,855,0.6338,0
"GSE1456","CorePAM",15,856,0.5229,6
"GSE1456","CorePAM",15,857,0.6695,0
"GSE1456","CorePAM",15,858,0.4773,12
"GSE1456","CorePAM",15,859,0.6595,0
"GSE1456","CorePAM",15,860,0.6556,0
"GSE1456","CorePAM",15,861,0.6355,0
"GSE1456","CorePAM",15,862,0.6013,0
"GSE1456","CorePAM",15,863,0.6156,0
"GSE1456","CorePAM",15,864,0.5494,0
"GSE1456","CorePAM",15,865,0.6273,0
"GSE1456","CorePAM",15,866,0.6559,0
"GSE1456","CorePAM",15,867,0.6175,3
"GSE1456","CorePAM",15,868,0.5658,0
"GSE1456","CorePAM",15,869,0.6264,0
"GSE1456","CorePAM",15,870,0.6706,1
"GSE1456","CorePAM",15,871,0.5665,0
"GSE1456","CorePAM",15,872,0.6461,0
"GSE1456","CorePAM",15,873,0.5401,6
"GSE1456","CorePAM",15,874,0.6487,0
"GSE1456","CorePAM",15,875,0.6836,0
"GSE1456","CorePAM",15,876,0.6193,0
"GSE1456","CorePAM",15,877,0.6221,0
"GSE1456","CorePAM",15,878,0.6478,0
"GSE1456","CorePAM",15,879,0.6388,0
"GSE1456","CorePAM",15,880,0.6156,0
"GSE1456","CorePAM",15,881,0.6565,0
"GSE1456","CorePAM",15,882,0.6578,0
"GSE1456","CorePAM",15,883,0.6652,0
"GSE1456","CorePAM",15,884,0.6619,0
"GSE1456","CorePAM",15,885,0.61,0
"GSE1456","CorePAM",15,886,0.6071,0
"GSE1456","CorePAM",15,887,0.6543,0
"GSE1456","CorePAM",15,888,0.6249,0
"GSE1456","CorePAM",15,889,0.6678,0
"GSE1456","CorePAM",15,890,0.6537,0
"GSE1456","CorePAM",15,891,0.6338,0
"GSE1456","CorePAM",15,892,0.6591,0
"GSE1456","CorePAM",15,893,0.6158,0
"GSE1456","CorePAM",15,894,0.647,0
"GSE1456","CorePAM",15,895,0.6405,0
"GSE1456","CorePAM",15,896,0.6225,0
"GSE1456","CorePAM",15,897,0.6435,0
"GSE1456","CorePAM",15,898,0.6197,0
"GSE1456","CorePAM",15,899,0.6164,0
"GSE1456","CorePAM",15,900,0.6771,0
"GSE1456","CorePAM",15,901,0.6318,0
"GSE1456","CorePAM",15,902,0.6329,0
"GSE1456","CorePAM",15,903,0.6249,0
"GSE1456","CorePAM",15,904,0.5844,0
"GSE1456","CorePAM",15,905,0.6394,0
"GSE1456","CorePAM",15,906,0.5667,7
"GSE1456","CorePAM",15,907,0.6556,0
"GSE1456","CorePAM",15,908,0.6732,1
"GSE1456","CorePAM",15,909,0.6398,0
"GSE1456","CorePAM",15,910,0.6716,0
"GSE1456","CorePAM",15,911,0.6621,0
"GSE1456","CorePAM",15,912,0.4981,12
"GSE1456","CorePAM",15,913,0.6658,0
"GSE1456","CorePAM",15,914,0.597,0
"GSE1456","CorePAM",15,915,0.6513,0
"GSE1456","CorePAM",15,916,0.66,0
"GSE1456","CorePAM",15,917,0.6468,0
"GSE1456","CorePAM",15,918,0.6061,0
"GSE1456","CorePAM",15,919,0.6652,0
"GSE1456","CorePAM",15,920,0.6138,0
"GSE1456","CorePAM",15,921,0.6468,0
"GSE1456","CorePAM",15,922,0.5853,0
"GSE1456","CorePAM",15,923,0.6173,0
"GSE1456","CorePAM",15,924,0.6296,0
"GSE1456","CorePAM",15,925,0.6643,0
"GSE1456","CorePAM",15,926,0.6485,0
"GSE1456","CorePAM",15,927,0.6704,0
"GSE1456","CorePAM",15,928,0.6268,0
"GSE1456","CorePAM",15,929,0.6753,0
"GSE1456","CorePAM",15,930,0.6587,0
"GSE1456","CorePAM",15,931,0.6467,0
"GSE1456","CorePAM",15,932,0.6232,0
"GSE1456","CorePAM",15,933,0.6197,0
"GSE1456","CorePAM",15,934,0.6468,0
"GSE1456","CorePAM",15,935,0.5981,0
"GSE1456","CorePAM",15,936,0.6325,0
"GSE1456","CorePAM",15,937,0.624,0
"GSE1456","CorePAM",15,938,0.6491,0
"GSE1456","CorePAM",15,939,0.6286,0
"GSE1456","CorePAM",15,940,0.6502,0
"GSE1456","CorePAM",15,941,0.6742,1
"GSE1456","CorePAM",15,942,0.6277,0
"GSE1456","CorePAM",15,943,0.6322,0
"GSE1456","CorePAM",15,944,0.6535,0
"GSE1456","CorePAM",15,945,0.6574,0
"GSE1456","CorePAM",15,946,0.652,1
"GSE1456","CorePAM",15,947,0.5743,0
"GSE1456","CorePAM",15,948,0.6284,0
"GSE1456","CorePAM",15,949,0.6509,0
"GSE1456","CorePAM",15,950,0.6041,0
"GSE1456","CorePAM",15,951,0.663,0
"GSE1456","CorePAM",15,952,0.605,0
"GSE1456","CorePAM",15,953,0.618,0
"GSE1456","CorePAM",15,954,0.6284,0
"GSE1456","CorePAM",15,955,0.6489,0
"GSE1456","CorePAM",15,956,0.6574,1
"GSE1456","CorePAM",15,957,0.6712,0
"GSE1456","CorePAM",15,958,0.6643,0
"GSE1456","CorePAM",15,959,0.6145,3
"GSE1456","CorePAM",15,960,0.6154,0
"GSE1456","CorePAM",15,961,0.6628,1
"GSE1456","CorePAM",15,962,0.6587,1
"GSE1456","CorePAM",15,963,0.6639,0
"GSE1456","CorePAM",15,964,0.5996,0
"GSE1456","CorePAM",15,965,0.6392,0
"GSE1456","CorePAM",15,966,0.6314,0
"GSE1456","CorePAM",15,967,0.5418,5
"GSE1456","CorePAM",15,968,0.5914,0
"GSE1456","CorePAM",15,969,0.6459,0
"GSE1456","CorePAM",15,970,0.6136,0
"GSE1456","CorePAM",15,971,0.6628,0
"GSE1456","CorePAM",15,972,0.6283,0
"GSE1456","CorePAM",15,973,0.6446,0
"GSE1456","CorePAM",15,974,0.6491,0
"GSE1456","CorePAM",15,975,0.6533,0
"GSE1456","CorePAM",15,976,0.6322,0
"GSE1456","CorePAM",15,977,0.6578,0
"GSE1456","CorePAM",15,978,0.6119,0
"GSE1456","CorePAM",15,979,0.6636,0
"GSE1456","CorePAM",15,980,0.668,0
"GSE1456","CorePAM",15,981,0.6617,0
"GSE1456","CorePAM",15,982,0.5586,0
"GSE1456","CorePAM",15,983,0.6522,0
"GSE1456","CorePAM",15,984,0.6691,0
"GSE1456","CorePAM",15,985,0.6604,0
"GSE1456","CorePAM",15,986,0.6374,0
"GSE1456","CorePAM",15,987,0.6586,0
"GSE1456","CorePAM",15,988,0.5872,3
"GSE1456","CorePAM",15,989,0.5796,0
"GSE1456","CorePAM",15,990,0.6474,0
"GSE1456","CorePAM",15,991,0.6472,0
"GSE1456","CorePAM",15,992,0.5935,0
"GSE1456","CorePAM",15,993,0.6411,0
"GSE1456","CorePAM",15,994,0.5684,7
"GSE1456","CorePAM",15,995,0.6595,1
"GSE1456","CorePAM",15,996,0.6381,0
"GSE1456","CorePAM",15,997,0.6719,1
"GSE1456","CorePAM",15,998,0.6719,0
"GSE1456","CorePAM",15,999,0.5587,0
"GSE1456","CorePAM",15,1000,0.6441,0
"GSE7390","GGI",24,1,0.6339,21
"GSE7390","GGI",24,2,0.6134,16
"GSE7390","GGI",24,3,0.6143,14
"GSE7390","GGI",24,4,0.6124,21
"GSE7390","GGI",24,5,0.6214,21
"GSE7390","GGI",24,6,0.6201,17
"GSE7390","GGI",24,7,0.6186,18
"GSE7390","GGI",24,8,0.6276,21
"GSE7390","GGI",24,9,0.6202,21
"GSE7390","GGI",24,10,0.6262,16
"GSE7390","GGI",24,11,0.6213,21
"GSE7390","GGI",24,12,0.6095,21
"GSE7390","GGI",24,13,0.612,21
"GSE7390","GGI",24,14,0.6189,20
"GSE7390","GGI",24,15,0.6084,21
"GSE7390","GGI",24,16,0.6251,20
"GSE7390","GGI",24,17,0.6255,20
"GSE7390","GGI",24,18,0.6237,16
"GSE7390","GGI",24,19,0.6246,21
"GSE7390","GGI",24,20,0.6207,21
"GSE7390","GGI",24,21,0.6099,21
"GSE7390","GGI",24,22,0.6274,19
"GSE7390","GGI",24,23,0.6193,20
"GSE7390","GGI",24,24,0.6136,21
"GSE7390","GGI",24,25,0.6205,21
"GSE7390","GGI",24,26,0.6195,18
"GSE7390","GGI",24,27,0.6193,21
"GSE7390","GGI",24,28,0.6156,21
"GSE7390","GGI",24,29,0.6197,20
"GSE7390","GGI",24,30,0.6115,21
"GSE7390","GGI",24,31,0.6165,21
"GSE7390","GGI",24,32,0.616,20
"GSE7390","GGI",24,33,0.6224,21
"GSE7390","GGI",24,34,0.6156,18
"GSE7390","GGI",24,35,0.6096,21
"GSE7390","GGI",24,36,0.618,20
"GSE7390","GGI",24,37,0.6177,21
"GSE7390","GGI",24,38,0.6239,21
"GSE7390","GGI",24,39,0.6124,21
"GSE7390","GGI",24,40,0.6262,21
"GSE7390","GGI",24,41,0.6176,21
"GSE7390","GGI",24,42,0.6211,21
"GSE7390","GGI",24,43,0.6216,20
"GSE7390","GGI",24,44,0.61,21
"GSE7390","GGI",24,45,0.6263,21
"GSE7390","GGI",24,46,0.6184,18
"GSE7390","GGI",24,47,0.6111,21
"GSE7390","GGI",24,48,0.6227,21
"GSE7390","GGI",24,49,0.6273,21
"GSE7390","GGI",24,50,0.6213,16
"GSE7390","GGI",24,51,0.6211,21
"GSE7390","GGI",24,52,0.619,21
"GSE7390","GGI",24,53,0.6075,20
"GSE7390","GGI",24,54,0.6264,21
"GSE7390","GGI",24,55,0.615,20
"GSE7390","GGI",24,56,0.6231,21
"GSE7390","GGI",24,57,0.6192,19
"GSE7390","GGI",24,58,0.6242,17
"GSE7390","GGI",24,59,0.6256,21
"GSE7390","GGI",24,60,0.6169,21
"GSE7390","GGI",24,61,0.6216,20
"GSE7390","GGI",24,62,0.6176,21
"GSE7390","GGI",24,63,0.6122,21
"GSE7390","GGI",24,64,0.62,21
"GSE7390","GGI",24,65,0.6085,21
"GSE7390","GGI",24,66,0.6154,21
"GSE7390","GGI",24,67,0.6167,21
"GSE7390","GGI",24,68,0.6139,21
"GSE7390","GGI",24,69,0.6201,19
"GSE7390","GGI",24,70,0.613,21
"GSE7390","GGI",24,71,0.6164,21
"GSE7390","GGI",24,72,0.6206,21
"GSE7390","GGI",24,73,0.6281,19
"GSE7390","GGI",24,74,0.6317,20
"GSE7390","GGI",24,75,0.6235,21
"GSE7390","GGI",24,76,0.6169,20
"GSE7390","GGI",24,77,0.615,21
"GSE7390","GGI",24,78,0.6297,21
"GSE7390","GGI",24,79,0.6302,21
"GSE7390","GGI",24,80,0.6125,21
"GSE7390","GGI",24,81,0.6193,20
"GSE7390","GGI",24,82,0.6235,21
"GSE7390","GGI",24,83,0.622,13
"GSE7390","GGI",24,84,0.6175,21
"GSE7390","GGI",24,85,0.6186,14
"GSE7390","GGI",24,86,0.6162,21
"GSE7390","GGI",24,87,0.6217,21
"GSE7390","GGI",24,88,0.6171,21
"GSE7390","GGI",24,89,0.6226,21
"GSE7390","GGI",24,90,0.6089,21
"GSE7390","GGI",24,91,0.6163,21
"GSE7390","GGI",24,92,0.6225,21
"GSE7390","GGI",24,93,0.6203,21
"GSE7390","GGI",24,94,0.62,21
"GSE7390","GGI",24,95,0.627,21
"GSE7390","GGI",24,96,0.6225,13
"GSE7390","GGI",24,97,0.62,19
"GSE7390","GGI",24,98,0.6155,19
"GSE7390","GGI",24,99,0.6153,21
"GSE7390","GGI",24,100,0.6254,18
"GSE7390","GGI",24,101,0.6281,21
"GSE7390","GGI",24,102,0.6115,21
"GSE7390","GGI",24,103,0.6227,19
"GSE7390","GGI",24,104,0.6134,21
"GSE7390","GGI",24,105,0.6218,20
"GSE7390","GGI",24,106,0.6259,20
"GSE7390","GGI",24,107,0.6286,20
"GSE7390","GGI",24,108,0.6108,18
"GSE7390","GGI",24,109,0.6256,19
"GSE7390","GGI",24,110,0.6263,21
"GSE7390","GGI",24,111,0.62,20
"GSE7390","GGI",24,112,0.6172,21
"GSE7390","GGI",24,113,0.6248,21
"GSE7390","GGI",24,114,0.6274,21
"GSE7390","GGI",24,115,0.6176,20
"GSE7390","GGI",24,116,0.6338,21
"GSE7390","GGI",24,117,0.6182,19
"GSE7390","GGI",24,118,0.6096,21
"GSE7390","GGI",24,119,0.6122,20
"GSE7390","GGI",24,120,0.6231,20
"GSE7390","GGI",24,121,0.6176,21
"GSE7390","GGI",24,122,0.6193,21
"GSE7390","GGI",24,123,0.6193,21
"GSE7390","GGI",24,124,0.6192,21
"GSE7390","GGI",24,125,0.6162,21
"GSE7390","GGI",24,126,0.6141,21
"GSE7390","GGI",24,127,0.6128,21
"GSE7390","GGI",24,128,0.6253,21
"GSE7390","GGI",24,129,0.6267,18
"GSE7390","GGI",24,130,0.6273,21
"GSE7390","GGI",24,131,0.6109,21
"GSE7390","GGI",24,132,0.6223,15
"GSE7390","GGI",24,133,0.6099,21
"GSE7390","GGI",24,134,0.622,21
"GSE7390","GGI",24,135,0.606,20
"GSE7390","GGI",24,136,0.6152,21
"GSE7390","GGI",24,137,0.6201,18
"GSE7390","GGI",24,138,0.6156,14
"GSE7390","GGI",24,139,0.6248,12
"GSE7390","GGI",24,140,0.6058,21
"GSE7390","GGI",24,141,0.6252,21
"GSE7390","GGI",24,142,0.6268,15
"GSE7390","GGI",24,143,0.6154,21
"GSE7390","GGI",24,144,0.629,21
"GSE7390","GGI",24,145,0.62,21
"GSE7390","GGI",24,146,0.613,20
"GSE7390","GGI",24,147,0.6232,21
"GSE7390","GGI",24,148,0.6108,17
"GSE7390","GGI",24,149,0.6281,21
"GSE7390","GGI",24,150,0.6218,20
"GSE7390","GGI",24,151,0.6244,21
"GSE7390","GGI",24,152,0.6232,21
"GSE7390","GGI",24,153,0.6136,21
"GSE7390","GGI",24,154,0.6202,21
"GSE7390","GGI",24,155,0.6254,19
"GSE7390","GGI",24,156,0.6229,21
"GSE7390","GGI",24,157,0.6216,21
"GSE7390","GGI",24,158,0.6128,20
"GSE7390","GGI",24,159,0.6086,21
"GSE7390","GGI",24,160,0.6133,21
"GSE7390","GGI",24,161,0.6201,21
"GSE7390","GGI",24,162,0.6201,21
"GSE7390","GGI",24,163,0.6235,20
"GSE7390","GGI",24,164,0.6282,20
"GSE7390","GGI",24,165,0.6219,20
"GSE7390","GGI",24,166,0.6122,21
"GSE7390","GGI",24,167,0.6243,21
"GSE7390","GGI",24,168,0.6191,21
"GSE7390","GGI",24,169,0.6204,19
"GSE7390","GGI",24,170,0.6238,20
"GSE7390","GGI",24,171,0.6193,14
"GSE7390","GGI",24,172,0.6226,21
"GSE7390","GGI",24,173,0.6193,21
"GSE7390","GGI",24,174,0.6141,18
"GSE7390","GGI",24,175,0.6215,21
"GSE7390","GGI",24,176,0.6152,17
"GSE7390","GGI",24,177,0.6182,17
"GSE7390","GGI",24,178,0.6254,12
"GSE7390","GGI",24,179,0.6115,21
"GSE7390","GGI",24,180,0.622,21
"GSE7390","GGI",24,181,0.6214,21
"GSE7390","GGI",24,182,0.6143,21
"GSE7390","GGI",24,183,0.6205,21
"GSE7390","GGI",24,184,0.6278,21
"GSE7390","GGI",24,185,0.6233,21
"GSE7390","GGI",24,186,0.6175,21
"GSE7390","GGI",24,187,0.6166,21
"GSE7390","GGI",24,188,0.6131,21
"GSE7390","GGI",24,189,0.6357,21
"GSE7390","GGI",24,190,0.6258,21
"GSE7390","GGI",24,191,0.6077,21
"GSE7390","GGI",24,192,0.6162,21
"GSE7390","GGI",24,193,0.6121,21
"GSE7390","GGI",24,194,0.6121,21
"GSE7390","GGI",24,195,0.6193,21
"GSE7390","GGI",24,196,0.6111,21
"GSE7390","GGI",24,197,0.6152,19
"GSE7390","GGI",24,198,0.6241,21
"GSE7390","GGI",24,199,0.6191,18
"GSE7390","GGI",24,200,0.6235,20
"GSE7390","GGI",24,201,0.6193,19
"GSE7390","GGI",24,202,0.6148,21
"GSE7390","GGI",24,203,0.6169,20
"GSE7390","GGI",24,204,0.6262,21
"GSE7390","GGI",24,205,0.6185,21
"GSE7390","GGI",24,206,0.6155,19
"GSE7390","GGI",24,207,0.6292,18
"GSE7390","GGI",24,208,0.6195,19
"GSE7390","GGI",24,209,0.6233,21
"GSE7390","GGI",24,210,0.6255,21
"GSE7390","GGI",24,211,0.6201,21
"GSE7390","GGI",24,212,0.6152,21
"GSE7390","GGI",24,213,0.612,21
"GSE7390","GGI",24,214,0.6255,20
"GSE7390","GGI",24,215,0.6171,17
"GSE7390","GGI",24,216,0.6245,17
"GSE7390","GGI",24,217,0.6182,21
"GSE7390","GGI",24,218,0.6248,20
"GSE7390","GGI",24,219,0.6115,20
"GSE7390","GGI",24,220,0.6245,20
"GSE7390","GGI",24,221,0.6164,21
"GSE7390","GGI",24,222,0.6237,21
"GSE7390","GGI",24,223,0.6168,20
"GSE7390","GGI",24,224,0.6195,19
"GSE7390","GGI",24,225,0.6194,21
"GSE7390","GGI",24,226,0.6289,21
"GSE7390","GGI",24,227,0.6177,21
"GSE7390","GGI",24,228,0.6211,21
"GSE7390","GGI",24,229,0.6301,19
"GSE7390","GGI",24,230,0.6199,21
"GSE7390","GGI",24,231,0.6155,21
"GSE7390","GGI",24,232,0.616,19
"GSE7390","GGI",24,233,0.6181,21
"GSE7390","GGI",24,234,0.6282,21
"GSE7390","GGI",24,235,0.6172,21
"GSE7390","GGI",24,236,0.6129,21
"GSE7390","GGI",24,237,0.622,21
"GSE7390","GGI",24,238,0.6149,18
"GSE7390","GGI",24,239,0.6133,16
"GSE7390","GGI",24,240,0.6128,15
"GSE7390","GGI",24,241,0.6313,21
"GSE7390","GGI",24,242,0.6197,17
"GSE7390","GGI",24,243,0.6144,16
"GSE7390","GGI",24,244,0.6165,21
"GSE7390","GGI",24,245,0.6218,21
"GSE7390","GGI",24,246,0.6257,21
"GSE7390","GGI",24,247,0.6162,21
"GSE7390","GGI",24,248,0.6165,21
"GSE7390","GGI",24,249,0.6211,21
"GSE7390","GGI",24,250,0.6103,21
"GSE7390","GGI",24,251,0.6217,21
"GSE7390","GGI",24,252,0.6218,18
"GSE7390","GGI",24,253,0.6167,19
"GSE7390","GGI",24,254,0.6129,19
"GSE7390","GGI",24,255,0.6154,16
"GSE7390","GGI",24,256,0.6205,21
"GSE7390","GGI",24,257,0.6179,21
"GSE7390","GGI",24,258,0.6245,21
"GSE7390","GGI",24,259,0.6203,21
"GSE7390","GGI",24,260,0.6168,21
"GSE7390","GGI",24,261,0.6177,21
"GSE7390","GGI",24,262,0.6195,21
"GSE7390","GGI",24,263,0.6079,21
"GSE7390","GGI",24,264,0.6166,21
"GSE7390","GGI",24,265,0.6187,21
"GSE7390","GGI",24,266,0.6177,16
"GSE7390","GGI",24,267,0.6152,21
"GSE7390","GGI",24,268,0.6142,21
"GSE7390","GGI",24,269,0.6088,20
"GSE7390","GGI",24,270,0.6056,20
"GSE7390","GGI",24,271,0.6085,21
"GSE7390","GGI",24,272,0.6156,18
"GSE7390","GGI",24,273,0.6235,19
"GSE7390","GGI",24,274,0.6244,21
"GSE7390","GGI",24,275,0.6191,21
"GSE7390","GGI",24,276,0.6181,21
"GSE7390","GGI",24,277,0.6274,20
"GSE7390","GGI",24,278,0.6249,21
"GSE7390","GGI",24,279,0.6135,21
"GSE7390","GGI",24,280,0.6227,21
"GSE7390","GGI",24,281,0.6206,21
"GSE7390","GGI",24,282,0.6218,21
"GSE7390","GGI",24,283,0.6144,20
"GSE7390","GGI",24,284,0.6124,18
"GSE7390","GGI",24,285,0.6186,21
"GSE7390","GGI",24,286,0.6169,21
"GSE7390","GGI",24,287,0.625,21
"GSE7390","GGI",24,288,0.6167,21
"GSE7390","GGI",24,289,0.6161,20
"GSE7390","GGI",24,290,0.623,21
"GSE7390","GGI",24,291,0.618,21
"GSE7390","GGI",24,292,0.6048,14
"GSE7390","GGI",24,293,0.6182,21
"GSE7390","GGI",24,294,0.6266,21
"GSE7390","GGI",24,295,0.6197,21
"GSE7390","GGI",24,296,0.6175,20
"GSE7390","GGI",24,297,0.6153,19
"GSE7390","GGI",24,298,0.6158,21
"GSE7390","GGI",24,299,0.6173,21
"GSE7390","GGI",24,300,0.6195,18
"GSE7390","GGI",24,301,0.6148,21
"GSE7390","GGI",24,302,0.6235,21
"GSE7390","GGI",24,303,0.6249,21
"GSE7390","GGI",24,304,0.6187,21
"GSE7390","GGI",24,305,0.6251,21
"GSE7390","GGI",24,306,0.61,20
"GSE7390","GGI",24,307,0.6136,21
"GSE7390","GGI",24,308,0.6201,21
"GSE7390","GGI",24,309,0.6124,20
"GSE7390","GGI",24,310,0.6341,21
"GSE7390","GGI",24,311,0.6167,21
"GSE7390","GGI",24,312,0.6333,20
"GSE7390","GGI",24,313,0.6146,21
"GSE7390","GGI",24,314,0.6163,21
"GSE7390","GGI",24,315,0.6137,21
"GSE7390","GGI",24,316,0.6211,21
"GSE7390","GGI",24,317,0.6241,19
"GSE7390","GGI",24,318,0.6192,21
"GSE7390","GGI",24,319,0.6244,21
"GSE7390","GGI",24,320,0.6199,21
"GSE7390","GGI",24,321,0.6109,21
"GSE7390","GGI",24,322,0.6194,21
"GSE7390","GGI",24,323,0.6226,21
"GSE7390","GGI",24,324,0.6153,20
"GSE7390","GGI",24,325,0.618,21
"GSE7390","GGI",24,326,0.6135,21
"GSE7390","GGI",24,327,0.6177,19
"GSE7390","GGI",24,328,0.6159,20
"GSE7390","GGI",24,329,0.6209,11
"GSE7390","GGI",24,330,0.6188,17
"GSE7390","GGI",24,331,0.6164,21
"GSE7390","GGI",24,332,0.6083,21
"GSE7390","GGI",24,333,0.608,21
"GSE7390","GGI",24,334,0.6186,20
"GSE7390","GGI",24,335,0.6128,19
"GSE7390","GGI",24,336,0.6178,21
"GSE7390","GGI",24,337,0.6244,21
"GSE7390","GGI",24,338,0.6286,21
"GSE7390","GGI",24,339,0.6155,20
"GSE7390","GGI",24,340,0.6149,21
"GSE7390","GGI",24,341,0.6338,17
"GSE7390","GGI",24,342,0.6236,21
"GSE7390","GGI",24,343,0.6164,21
"GSE7390","GGI",24,344,0.6227,21
"GSE7390","GGI",24,345,0.6161,18
"GSE7390","GGI",24,346,0.6158,19
"GSE7390","GGI",24,347,0.6235,21
"GSE7390","GGI",24,348,0.6215,21
"GSE7390","GGI",24,349,0.6243,19
"GSE7390","GGI",24,350,0.6283,21
"GSE7390","GGI",24,351,0.6189,20
"GSE7390","GGI",24,352,0.613,21
"GSE7390","GGI",24,353,0.6201,21
"GSE7390","GGI",24,354,0.618,17
"GSE7390","GGI",24,355,0.6236,20
"GSE7390","GGI",24,356,0.6206,21
"GSE7390","GGI",24,357,0.6197,15
"GSE7390","GGI",24,358,0.621,17
"GSE7390","GGI",24,359,0.6205,17
"GSE7390","GGI",24,360,0.6088,21
"GSE7390","GGI",24,361,0.624,21
"GSE7390","GGI",24,362,0.6192,16
"GSE7390","GGI",24,363,0.6233,21
"GSE7390","GGI",24,364,0.6179,21
"GSE7390","GGI",24,365,0.6194,21
"GSE7390","GGI",24,366,0.6189,20
"GSE7390","GGI",24,367,0.6244,21
"GSE7390","GGI",24,368,0.618,21
"GSE7390","GGI",24,369,0.6254,21
"GSE7390","GGI",24,370,0.6172,21
"GSE7390","GGI",24,371,0.6197,17
"GSE7390","GGI",24,372,0.6203,21
"GSE7390","GGI",24,373,0.6212,20
"GSE7390","GGI",24,374,0.6069,21
"GSE7390","GGI",24,375,0.6248,18
"GSE7390","GGI",24,376,0.6125,21
"GSE7390","GGI",24,377,0.6156,18
"GSE7390","GGI",24,378,0.6148,19
"GSE7390","GGI",24,379,0.6133,17
"GSE7390","GGI",24,380,0.6264,20
"GSE7390","GGI",24,381,0.6184,21
"GSE7390","GGI",24,382,0.6201,21
"GSE7390","GGI",24,383,0.6263,16
"GSE7390","GGI",24,384,0.6245,21
"GSE7390","GGI",24,385,0.6233,21
"GSE7390","GGI",24,386,0.6216,21
"GSE7390","GGI",24,387,0.6169,21
"GSE7390","GGI",24,388,0.6149,21
"GSE7390","GGI",24,389,0.6151,18
"GSE7390","GGI",24,390,0.6223,21
"GSE7390","GGI",24,391,0.6166,21
"GSE7390","GGI",24,392,0.6231,16
"GSE7390","GGI",24,393,0.621,21
"GSE7390","GGI",24,394,0.6141,16
"GSE7390","GGI",24,395,0.6128,19
"GSE7390","GGI",24,396,0.6147,21
"GSE7390","GGI",24,397,0.6213,21
"GSE7390","GGI",24,398,0.6207,21
"GSE7390","GGI",24,399,0.6141,21
"GSE7390","GGI",24,400,0.6169,21
"GSE7390","GGI",24,401,0.6156,20
"GSE7390","GGI",24,402,0.6213,21
"GSE7390","GGI",24,403,0.6078,21
"GSE7390","GGI",24,404,0.6257,21
"GSE7390","GGI",24,405,0.627,21
"GSE7390","GGI",24,406,0.6204,19
"GSE7390","GGI",24,407,0.6158,20
"GSE7390","GGI",24,408,0.6182,21
"GSE7390","GGI",24,409,0.6223,21
"GSE7390","GGI",24,410,0.6169,21
"GSE7390","GGI",24,411,0.615,21
"GSE7390","GGI",24,412,0.6206,20
"GSE7390","GGI",24,413,0.6047,21
"GSE7390","GGI",24,414,0.6159,21
"GSE7390","GGI",24,415,0.6172,15
"GSE7390","GGI",24,416,0.6078,18
"GSE7390","GGI",24,417,0.6166,19
"GSE7390","GGI",24,418,0.6197,21
"GSE7390","GGI",24,419,0.6286,20
"GSE7390","GGI",24,420,0.6229,17
"GSE7390","GGI",24,421,0.6203,17
"GSE7390","GGI",24,422,0.619,18
"GSE7390","GGI",24,423,0.6216,21
"GSE7390","GGI",24,424,0.6187,18
"GSE7390","GGI",24,425,0.6173,21
"GSE7390","GGI",24,426,0.6175,21
"GSE7390","GGI",24,427,0.6245,21
"GSE7390","GGI",24,428,0.6216,20
"GSE7390","GGI",24,429,0.6141,21
"GSE7390","GGI",24,430,0.6344,21
"GSE7390","GGI",24,431,0.6246,21
"GSE7390","GGI",24,432,0.613,21
"GSE7390","GGI",24,433,0.6177,21
"GSE7390","GGI",24,434,0.615,19
"GSE7390","GGI",24,435,0.6115,21
"GSE7390","GGI",24,436,0.615,20
"GSE7390","GGI",24,437,0.6142,21
"GSE7390","GGI",24,438,0.6199,17
"GSE7390","GGI",24,439,0.6137,21
"GSE7390","GGI",24,440,0.6142,21
"GSE7390","GGI",24,441,0.6175,21
"GSE7390","GGI",24,442,0.6238,21
"GSE7390","GGI",24,443,0.6113,21
"GSE7390","GGI",24,444,0.6127,20
"GSE7390","GGI",24,445,0.6346,21
"GSE7390","GGI",24,446,0.6195,19
"GSE7390","GGI",24,447,0.6102,21
"GSE7390","GGI",24,448,0.624,20
"GSE7390","GGI",24,449,0.6087,18
"GSE7390","GGI",24,450,0.6228,21
"GSE7390","GGI",24,451,0.6225,21
"GSE7390","GGI",24,452,0.6303,19
"GSE7390","GGI",24,453,0.6203,21
"GSE7390","GGI",24,454,0.6224,14
"GSE7390","GGI",24,455,0.6174,21
"GSE7390","GGI",24,456,0.6203,17
"GSE7390","GGI",24,457,0.625,21
"GSE7390","GGI",24,458,0.6156,21
"GSE7390","GGI",24,459,0.616,19
"GSE7390","GGI",24,460,0.6293,20
"GSE7390","GGI",24,461,0.6225,16
"GSE7390","GGI",24,462,0.6193,21
"GSE7390","GGI",24,463,0.62,19
"GSE7390","GGI",24,464,0.622,21
"GSE7390","GGI",24,465,0.6243,21
"GSE7390","GGI",24,466,0.6161,21
"GSE7390","GGI",24,467,0.625,21
"GSE7390","GGI",24,468,0.6289,20
"GSE7390","GGI",24,469,0.6167,21
"GSE7390","GGI",24,470,0.6171,19
"GSE7390","GGI",24,471,0.6147,21
"GSE7390","GGI",24,472,0.6242,21
"GSE7390","GGI",24,473,0.62,21
"GSE7390","GGI",24,474,0.6276,18
"GSE7390","GGI",24,475,0.6281,21
"GSE7390","GGI",24,476,0.616,21
"GSE7390","GGI",24,477,0.6173,20
"GSE7390","GGI",24,478,0.6129,16
"GSE7390","GGI",24,479,0.6206,20
"GSE7390","GGI",24,480,0.6231,21
"GSE7390","GGI",24,481,0.6141,21
"GSE7390","GGI",24,482,0.6147,21
"GSE7390","GGI",24,483,0.6205,21
"GSE7390","GGI",24,484,0.622,20
"GSE7390","GGI",24,485,0.6237,21
"GSE7390","GGI",24,486,0.6156,21
"GSE7390","GGI",24,487,0.6167,20
"GSE7390","GGI",24,488,0.62,21
"GSE7390","GGI",24,489,0.6273,20
"GSE7390","GGI",24,490,0.6111,21
"GSE7390","GGI",24,491,0.6175,21
"GSE7390","GGI",24,492,0.6219,20
"GSE7390","GGI",24,493,0.6192,21
"GSE7390","GGI",24,494,0.6187,16
"GSE7390","GGI",24,495,0.6135,19
"GSE7390","GGI",24,496,0.6192,21
"GSE7390","GGI",24,497,0.609,21
"GSE7390","GGI",24,498,0.619,21
"GSE7390","GGI",24,499,0.6149,21
"GSE7390","GGI",24,500,0.6162,21
"GSE7390","GGI",24,501,0.6219,21
"GSE7390","GGI",24,502,0.6241,21
"GSE7390","GGI",24,503,0.6156,19
"GSE7390","GGI",24,504,0.6289,21
"GSE7390","GGI",24,505,0.6279,21
"GSE7390","GGI",24,506,0.6163,19
"GSE7390","GGI",24,507,0.6228,17
"GSE7390","GGI",24,508,0.6209,20
"GSE7390","GGI",24,509,0.6129,21
"GSE7390","GGI",24,510,0.6199,21
"GSE7390","GGI",24,511,0.6107,21
"GSE7390","GGI",24,512,0.614,21
"GSE7390","GGI",24,513,0.6169,21
"GSE7390","GGI",24,514,0.6141,21
"GSE7390","GGI",24,515,0.6167,19
"GSE7390","GGI",24,516,0.6186,21
"GSE7390","GGI",24,517,0.6203,21
"GSE7390","GGI",24,518,0.6169,20
"GSE7390","GGI",24,519,0.6192,21
"GSE7390","GGI",24,520,0.6314,21
"GSE7390","GGI",24,521,0.6193,21
"GSE7390","GGI",24,522,0.6194,21
"GSE7390","GGI",24,523,0.6108,13
"GSE7390","GGI",24,524,0.6172,21
"GSE7390","GGI",24,525,0.6185,18
"GSE7390","GGI",24,526,0.6147,21
"GSE7390","GGI",24,527,0.6099,17
"GSE7390","GGI",24,528,0.6152,21
"GSE7390","GGI",24,529,0.6243,21
"GSE7390","GGI",24,530,0.6219,20
"GSE7390","GGI",24,531,0.6251,21
"GSE7390","GGI",24,532,0.6127,21
"GSE7390","GGI",24,533,0.6241,21
"GSE7390","GGI",24,534,0.6264,15
"GSE7390","GGI",24,535,0.6248,16
"GSE7390","GGI",24,536,0.6225,18
"GSE7390","GGI",24,537,0.6138,21
"GSE7390","GGI",24,538,0.6203,21
"GSE7390","GGI",24,539,0.6114,21
"GSE7390","GGI",24,540,0.6191,19
"GSE7390","GGI",24,541,0.6063,21
"GSE7390","GGI",24,542,0.6212,16
"GSE7390","GGI",24,543,0.629,21
"GSE7390","GGI",24,544,0.6189,21
"GSE7390","GGI",24,545,0.6167,20
"GSE7390","GGI",24,546,0.6155,21
"GSE7390","GGI",24,547,0.6308,16
"GSE7390","GGI",24,548,0.6094,21
"GSE7390","GGI",24,549,0.6255,21
"GSE7390","GGI",24,550,0.6186,21
"GSE7390","GGI",24,551,0.6195,21
"GSE7390","GGI",24,552,0.6194,21
"GSE7390","GGI",24,553,0.6225,21
"GSE7390","GGI",24,554,0.6182,21
"GSE7390","GGI",24,555,0.6154,21
"GSE7390","GGI",24,556,0.6115,21
"GSE7390","GGI",24,557,0.6094,21
"GSE7390","GGI",24,558,0.6131,20
"GSE7390","GGI",24,559,0.6111,21
"GSE7390","GGI",24,560,0.6149,19
"GSE7390","GGI",24,561,0.6229,20
"GSE7390","GGI",24,562,0.6121,18
"GSE7390","GGI",24,563,0.6172,19
"GSE7390","GGI",24,564,0.6211,20
"GSE7390","GGI",24,565,0.6185,21
"GSE7390","GGI",24,566,0.6255,21
"GSE7390","GGI",24,567,0.6231,21
"GSE7390","GGI",24,568,0.6213,20
"GSE7390","GGI",24,569,0.6161,16
"GSE7390","GGI",24,570,0.6164,21
"GSE7390","GGI",24,571,0.6113,21
"GSE7390","GGI",24,572,0.6207,21
"GSE7390","GGI",24,573,0.625,21
"GSE7390","GGI",24,574,0.6191,21
"GSE7390","GGI",24,575,0.6228,21
"GSE7390","GGI",24,576,0.6254,20
"GSE7390","GGI",24,577,0.6218,21
"GSE7390","GGI",24,578,0.6228,18
"GSE7390","GGI",24,579,0.6171,21
"GSE7390","GGI",24,580,0.6239,21
"GSE7390","GGI",24,581,0.6241,18
"GSE7390","GGI",24,582,0.6233,20
"GSE7390","GGI",24,583,0.6207,19
"GSE7390","GGI",24,584,0.6242,17
"GSE7390","GGI",24,585,0.6163,20
"GSE7390","GGI",24,586,0.6228,21
"GSE7390","GGI",24,587,0.6237,21
"GSE7390","GGI",24,588,0.6214,20
"GSE7390","GGI",24,589,0.6164,21
"GSE7390","GGI",24,590,0.616,21
"GSE7390","GGI",24,591,0.6294,21
"GSE7390","GGI",24,592,0.6265,21
"GSE7390","GGI",24,593,0.6249,20
"GSE7390","GGI",24,594,0.6326,21
"GSE7390","GGI",24,595,0.6174,16
"GSE7390","GGI",24,596,0.6245,21
"GSE7390","GGI",24,597,0.6133,21
"GSE7390","GGI",24,598,0.6249,21
"GSE7390","GGI",24,599,0.6294,20
"GSE7390","GGI",24,600,0.6198,21
"GSE7390","GGI",24,601,0.6243,21
"GSE7390","GGI",24,602,0.633,21
"GSE7390","GGI",24,603,0.6161,21
"GSE7390","GGI",24,604,0.62,21
"GSE7390","GGI",24,605,0.6219,21
"GSE7390","GGI",24,606,0.6101,21
"GSE7390","GGI",24,607,0.6169,21
"GSE7390","GGI",24,608,0.6126,21
"GSE7390","GGI",24,609,0.6205,19
"GSE7390","GGI",24,610,0.6052,20
"GSE7390","GGI",24,611,0.6139,21
"GSE7390","GGI",24,612,0.6147,15
"GSE7390","GGI",24,613,0.6232,13
"GSE7390","GGI",24,614,0.6113,21
"GSE7390","GGI",24,615,0.6179,19
"GSE7390","GGI",24,616,0.621,20
"GSE7390","GGI",24,617,0.6164,21
"GSE7390","GGI",24,618,0.6147,20
"GSE7390","GGI",24,619,0.6214,21
"GSE7390","GGI",24,620,0.6185,21
"GSE7390","GGI",24,621,0.619,21
"GSE7390","GGI",24,622,0.6211,18
"GSE7390","GGI",24,623,0.6182,20
"GSE7390","GGI",24,624,0.6158,17
"GSE7390","GGI",24,625,0.6189,20
"GSE7390","GGI",24,626,0.6151,20
"GSE7390","GGI",24,627,0.6172,18
"GSE7390","GGI",24,628,0.6092,21
"GSE7390","GGI",24,629,0.6237,21
"GSE7390","GGI",24,630,0.6115,21
"GSE7390","GGI",24,631,0.6137,21
"GSE7390","GGI",24,632,0.6225,21
"GSE7390","GGI",24,633,0.6167,15
"GSE7390","GGI",24,634,0.624,21
"GSE7390","GGI",24,635,0.6139,17
"GSE7390","GGI",24,636,0.6225,21
"GSE7390","GGI",24,637,0.6148,21
"GSE7390","GGI",24,638,0.632,21
"GSE7390","GGI",24,639,0.6155,21
"GSE7390","GGI",24,640,0.6202,16
"GSE7390","GGI",24,641,0.6284,20
"GSE7390","GGI",24,642,0.6193,18
"GSE7390","GGI",24,643,0.6159,19
"GSE7390","GGI",24,644,0.6232,21
"GSE7390","GGI",24,645,0.6151,21
"GSE7390","GGI",24,646,0.6201,21
"GSE7390","GGI",24,647,0.6218,21
"GSE7390","GGI",24,648,0.6203,21
"GSE7390","GGI",24,649,0.6194,20
"GSE7390","GGI",24,650,0.6191,21
"GSE7390","GGI",24,651,0.6164,20
"GSE7390","GGI",24,652,0.6178,21
"GSE7390","GGI",24,653,0.6181,19
"GSE7390","GGI",24,654,0.6229,19
"GSE7390","GGI",24,655,0.6202,21
"GSE7390","GGI",24,656,0.624,21
"GSE7390","GGI",24,657,0.6187,21
"GSE7390","GGI",24,658,0.623,19
"GSE7390","GGI",24,659,0.627,20
"GSE7390","GGI",24,660,0.6218,21
"GSE7390","GGI",24,661,0.622,21
"GSE7390","GGI",24,662,0.6098,21
"GSE7390","GGI",24,663,0.6165,21
"GSE7390","GGI",24,664,0.6325,21
"GSE7390","GGI",24,665,0.6184,21
"GSE7390","GGI",24,666,0.6255,20
"GSE7390","GGI",24,667,0.6231,20
"GSE7390","GGI",24,668,0.6133,21
"GSE7390","GGI",24,669,0.6133,21
"GSE7390","GGI",24,670,0.625,20
"GSE7390","GGI",24,671,0.6207,20
"GSE7390","GGI",24,672,0.622,20
"GSE7390","GGI",24,673,0.6188,21
"GSE7390","GGI",24,674,0.6107,21
"GSE7390","GGI",24,675,0.6153,21
"GSE7390","GGI",24,676,0.6206,20
"GSE7390","GGI",24,677,0.613,18
"GSE7390","GGI",24,678,0.6184,21
"GSE7390","GGI",24,679,0.6217,20
"GSE7390","GGI",24,680,0.6174,20
"GSE7390","GGI",24,681,0.6235,16
"GSE7390","GGI",24,682,0.6241,21
"GSE7390","GGI",24,683,0.6193,21
"GSE7390","GGI",24,684,0.6192,21
"GSE7390","GGI",24,685,0.6162,21
"GSE7390","GGI",24,686,0.6176,21
"GSE7390","GGI",24,687,0.619,21
"GSE7390","GGI",24,688,0.6326,16
"GSE7390","GGI",24,689,0.6194,14
"GSE7390","GGI",24,690,0.6117,21
"GSE7390","GGI",24,691,0.6134,20
"GSE7390","GGI",24,692,0.6246,17
"GSE7390","GGI",24,693,0.6052,21
"GSE7390","GGI",24,694,0.6218,21
"GSE7390","GGI",24,695,0.6205,21
"GSE7390","GGI",24,696,0.6086,21
"GSE7390","GGI",24,697,0.6313,21
"GSE7390","GGI",24,698,0.6204,18
"GSE7390","GGI",24,699,0.6212,21
"GSE7390","GGI",24,700,0.6289,21
"GSE7390","GGI",24,701,0.6171,21
"GSE7390","GGI",24,702,0.6205,21
"GSE7390","GGI",24,703,0.6141,16
"GSE7390","GGI",24,704,0.622,21
"GSE7390","GGI",24,705,0.6193,21
"GSE7390","GGI",24,706,0.6192,21
"GSE7390","GGI",24,707,0.6198,19
"GSE7390","GGI",24,708,0.6185,19
"GSE7390","GGI",24,709,0.6284,20
"GSE7390","GGI",24,710,0.6141,21
"GSE7390","GGI",24,711,0.629,17
"GSE7390","GGI",24,712,0.6111,21
"GSE7390","GGI",24,713,0.6228,21
"GSE7390","GGI",24,714,0.6163,20
"GSE7390","GGI",24,715,0.6223,19
"GSE7390","GGI",24,716,0.6242,19
"GSE7390","GGI",24,717,0.6173,21
"GSE7390","GGI",24,718,0.6122,21
"GSE7390","GGI",24,719,0.614,20
"GSE7390","GGI",24,720,0.6083,21
"GSE7390","GGI",24,721,0.6164,17
"GSE7390","GGI",24,722,0.618,21
"GSE7390","GGI",24,723,0.6164,21
"GSE7390","GGI",24,724,0.6062,21
"GSE7390","GGI",24,725,0.6185,21
"GSE7390","GGI",24,726,0.6118,21
"GSE7390","GGI",24,727,0.6184,21
"GSE7390","GGI",24,728,0.6198,21
"GSE7390","GGI",24,729,0.6195,16
"GSE7390","GGI",24,730,0.6121,20
"GSE7390","GGI",24,731,0.6205,20
"GSE7390","GGI",24,732,0.6252,21
"GSE7390","GGI",24,733,0.6155,13
"GSE7390","GGI",24,734,0.6197,19
"GSE7390","GGI",24,735,0.6205,18
"GSE7390","GGI",24,736,0.6201,21
"GSE7390","GGI",24,737,0.6116,21
"GSE7390","GGI",24,738,0.6123,21
"GSE7390","GGI",24,739,0.6147,21
"GSE7390","GGI",24,740,0.616,21
"GSE7390","GGI",24,741,0.6175,21
"GSE7390","GGI",24,742,0.6138,21
"GSE7390","GGI",24,743,0.6052,21
"GSE7390","GGI",24,744,0.621,20
"GSE7390","GGI",24,745,0.6163,20
"GSE7390","GGI",24,746,0.6217,21
"GSE7390","GGI",24,747,0.6308,19
"GSE7390","GGI",24,748,0.6168,20
"GSE7390","GGI",24,749,0.6159,21
"GSE7390","GGI",24,750,0.6101,18
"GSE7390","GGI",24,751,0.6173,20
"GSE7390","GGI",24,752,0.6303,21
"GSE7390","GGI",24,753,0.6226,21
"GSE7390","GGI",24,754,0.6203,21
"GSE7390","GGI",24,755,0.6179,21
"GSE7390","GGI",24,756,0.6171,19
"GSE7390","GGI",24,757,0.6214,19
"GSE7390","GGI",24,758,0.6087,20
"GSE7390","GGI",24,759,0.6139,20
"GSE7390","GGI",24,760,0.6193,20
"GSE7390","GGI",24,761,0.6216,21
"GSE7390","GGI",24,762,0.6356,21
"GSE7390","GGI",24,763,0.6135,21
"GSE7390","GGI",24,764,0.6164,21
"GSE7390","GGI",24,765,0.613,20
"GSE7390","GGI",24,766,0.6177,21
"GSE7390","GGI",24,767,0.622,21
"GSE7390","GGI",24,768,0.6155,20
"GSE7390","GGI",24,769,0.6209,21
"GSE7390","GGI",24,770,0.6146,21
"GSE7390","GGI",24,771,0.6214,21
"GSE7390","GGI",24,772,0.6175,21
"GSE7390","GGI",24,773,0.6192,21
"GSE7390","GGI",24,774,0.6254,21
"GSE7390","GGI",24,775,0.621,21
"GSE7390","GGI",24,776,0.6254,20
"GSE7390","GGI",24,777,0.6251,20
"GSE7390","GGI",24,778,0.6115,21
"GSE7390","GGI",24,779,0.6204,19
"GSE7390","GGI",24,780,0.6191,21
"GSE7390","GGI",24,781,0.6162,18
"GSE7390","GGI",24,782,0.6115,18
"GSE7390","GGI",24,783,0.6169,19
"GSE7390","GGI",24,784,0.6142,21
"GSE7390","GGI",24,785,0.6206,20
"GSE7390","GGI",24,786,0.6159,20
"GSE7390","GGI",24,787,0.609,21
"GSE7390","GGI",24,788,0.625,21
"GSE7390","GGI",24,789,0.6115,17
"GSE7390","GGI",24,790,0.6212,21
"GSE7390","GGI",24,791,0.6118,21
"GSE7390","GGI",24,792,0.618,21
"GSE7390","GGI",24,793,0.6236,21
"GSE7390","GGI",24,794,0.6189,21
"GSE7390","GGI",24,795,0.6118,21
"GSE7390","GGI",24,796,0.6165,21
"GSE7390","GGI",24,797,0.6209,21
"GSE7390","GGI",24,798,0.6255,21
"GSE7390","GGI",24,799,0.6233,21
"GSE7390","GGI",24,800,0.6187,21
"GSE7390","GGI",24,801,0.6125,21
"GSE7390","GGI",24,802,0.6165,21
"GSE7390","GGI",24,803,0.6113,21
"GSE7390","GGI",24,804,0.6189,20
"GSE7390","GGI",24,805,0.6289,21
"GSE7390","GGI",24,806,0.622,21
"GSE7390","GGI",24,807,0.618,21
"GSE7390","GGI",24,808,0.6235,17
"GSE7390","GGI",24,809,0.614,20
"GSE7390","GGI",24,810,0.6241,21
"GSE7390","GGI",24,811,0.6193,21
"GSE7390","GGI",24,812,0.6193,21
"GSE7390","GGI",24,813,0.6176,21
"GSE7390","GGI",24,814,0.6085,21
"GSE7390","GGI",24,815,0.6224,18
"GSE7390","GGI",24,816,0.6166,21
"GSE7390","GGI",24,817,0.6112,21
"GSE7390","GGI",24,818,0.6096,20
"GSE7390","GGI",24,819,0.6094,21
"GSE7390","GGI",24,820,0.6175,21
"GSE7390","GGI",24,821,0.6137,21
"GSE7390","GGI",24,822,0.622,17
"GSE7390","GGI",24,823,0.6237,21
"GSE7390","GGI",24,824,0.6167,21
"GSE7390","GGI",24,825,0.6241,19
"GSE7390","GGI",24,826,0.6199,18
"GSE7390","GGI",24,827,0.6241,21
"GSE7390","GGI",24,828,0.621,19
"GSE7390","GGI",24,829,0.6117,21
"GSE7390","GGI",24,830,0.6124,21
"GSE7390","GGI",24,831,0.6295,19
"GSE7390","GGI",24,832,0.6204,21
"GSE7390","GGI",24,833,0.6133,21
"GSE7390","GGI",24,834,0.6246,21
"GSE7390","GGI",24,835,0.6233,21
"GSE7390","GGI",24,836,0.618,21
"GSE7390","GGI",24,837,0.6178,21
"GSE7390","GGI",24,838,0.6062,17
"GSE7390","GGI",24,839,0.6121,21
"GSE7390","GGI",24,840,0.6191,21
"GSE7390","GGI",24,841,0.6134,21
"GSE7390","GGI",24,842,0.6199,21
"GSE7390","GGI",24,843,0.6224,21
"GSE7390","GGI",24,844,0.6142,21
"GSE7390","GGI",24,845,0.6304,21
"GSE7390","GGI",24,846,0.613,21
"GSE7390","GGI",24,847,0.6137,20
"GSE7390","GGI",24,848,0.6147,19
"GSE7390","GGI",24,849,0.6129,21
"GSE7390","GGI",24,850,0.6215,21
"GSE7390","GGI",24,851,0.6258,19
"GSE7390","GGI",24,852,0.6257,20
"GSE7390","GGI",24,853,0.6113,20
"GSE7390","GGI",24,854,0.6252,16
"GSE7390","GGI",24,855,0.6192,21
"GSE7390","GGI",24,856,0.624,21
"GSE7390","GGI",24,857,0.6191,21
"GSE7390","GGI",24,858,0.6117,18
"GSE7390","GGI",24,859,0.6259,19
"GSE7390","GGI",24,860,0.6189,13
"GSE7390","GGI",24,861,0.6137,21
"GSE7390","GGI",24,862,0.6294,21
"GSE7390","GGI",24,863,0.6203,21
"GSE7390","GGI",24,864,0.6339,21
"GSE7390","GGI",24,865,0.6262,21
"GSE7390","GGI",24,866,0.6226,18
"GSE7390","GGI",24,867,0.6235,18
"GSE7390","GGI",24,868,0.6114,19
"GSE7390","GGI",24,869,0.6147,18
"GSE7390","GGI",24,870,0.6176,21
"GSE7390","GGI",24,871,0.6177,21
"GSE7390","GGI",24,872,0.6235,21
"GSE7390","GGI",24,873,0.6131,19
"GSE7390","GGI",24,874,0.6136,19
"GSE7390","GGI",24,875,0.6197,19
"GSE7390","GGI",24,876,0.6214,20
"GSE7390","GGI",24,877,0.6177,20
"GSE7390","GGI",24,878,0.6167,19
"GSE7390","GGI",24,879,0.6094,16
"GSE7390","GGI",24,880,0.6126,21
"GSE7390","GGI",24,881,0.6182,18
"GSE7390","GGI",24,882,0.6075,21
"GSE7390","GGI",24,883,0.6151,21
"GSE7390","GGI",24,884,0.6159,20
"GSE7390","GGI",24,885,0.6112,20
"GSE7390","GGI",24,886,0.6193,21
"GSE7390","GGI",24,887,0.6117,21
"GSE7390","GGI",24,888,0.6273,21
"GSE7390","GGI",24,889,0.6255,13
"GSE7390","GGI",24,890,0.6137,21
"GSE7390","GGI",24,891,0.6147,21
"GSE7390","GGI",24,892,0.6226,19
"GSE7390","GGI",24,893,0.6107,21
"GSE7390","GGI",24,894,0.6218,19
"GSE7390","GGI",24,895,0.6361,19
"GSE7390","GGI",24,896,0.6275,21
"GSE7390","GGI",24,897,0.62,21
"GSE7390","GGI",24,898,0.6129,21
"GSE7390","GGI",24,899,0.6167,20
"GSE7390","GGI",24,900,0.619,19
"GSE7390","GGI",24,901,0.6273,21
"GSE7390","GGI",24,902,0.6098,16
"GSE7390","GGI",24,903,0.6101,20
"GSE7390","GGI",24,904,0.6156,20
"GSE7390","GGI",24,905,0.6224,21
"GSE7390","GGI",24,906,0.6151,21
"GSE7390","GGI",24,907,0.621,20
"GSE7390","GGI",24,908,0.6125,21
"GSE7390","GGI",24,909,0.6292,21
"GSE7390","GGI",24,910,0.6209,21
"GSE7390","GGI",24,911,0.6251,21
"GSE7390","GGI",24,912,0.6163,21
"GSE7390","GGI",24,913,0.6228,21
"GSE7390","GGI",24,914,0.6177,19
"GSE7390","GGI",24,915,0.6262,21
"GSE7390","GGI",24,916,0.6152,21
"GSE7390","GGI",24,917,0.6078,21
"GSE7390","GGI",24,918,0.6129,21
"GSE7390","GGI",24,919,0.6216,21
"GSE7390","GGI",24,920,0.6047,19
"GSE7390","GGI",24,921,0.6253,20
"GSE7390","GGI",24,922,0.6127,21
"GSE7390","GGI",24,923,0.6307,21
"GSE7390","GGI",24,924,0.6222,20
"GSE7390","GGI",24,925,0.6264,20
"GSE7390","GGI",24,926,0.6261,20
"GSE7390","GGI",24,927,0.6194,19
"GSE7390","GGI",24,928,0.6233,18
"GSE7390","GGI",24,929,0.6124,16
"GSE7390","GGI",24,930,0.615,21
"GSE7390","GGI",24,931,0.6213,21
"GSE7390","GGI",24,932,0.6162,21
"GSE7390","GGI",24,933,0.6255,21
"GSE7390","GGI",24,934,0.6177,20
"GSE7390","GGI",24,935,0.6237,21
"GSE7390","GGI",24,936,0.625,18
"GSE7390","GGI",24,937,0.6092,16
"GSE7390","GGI",24,938,0.6215,20
"GSE7390","GGI",24,939,0.6154,18
"GSE7390","GGI",24,940,0.6264,18
"GSE7390","GGI",24,941,0.6213,21
"GSE7390","GGI",24,942,0.6182,21
"GSE7390","GGI",24,943,0.6174,21
"GSE7390","GGI",24,944,0.6133,21
"GSE7390","GGI",24,945,0.6192,19
"GSE7390","GGI",24,946,0.6086,21
"GSE7390","GGI",24,947,0.6245,21
"GSE7390","GGI",24,948,0.616,21
"GSE7390","GGI",24,949,0.628,20
"GSE7390","GGI",24,950,0.6137,21
"GSE7390","GGI",24,951,0.6201,21
"GSE7390","GGI",24,952,0.6223,21
"GSE7390","GGI",24,953,0.619,21
"GSE7390","GGI",24,954,0.6107,21
"GSE7390","GGI",24,955,0.6182,21
"GSE7390","GGI",24,956,0.6186,21
"GSE7390","GGI",24,957,0.6291,19
"GSE7390","GGI",24,958,0.6245,21
"GSE7390","GGI",24,959,0.6168,21
"GSE7390","GGI",24,960,0.6205,21
"GSE7390","GGI",24,961,0.613,20
"GSE7390","GGI",24,962,0.6185,21
"GSE7390","GGI",24,963,0.6379,21
"GSE7390","GGI",24,964,0.6182,21
"GSE7390","GGI",24,965,0.6224,21
"GSE7390","GGI",24,966,0.6141,21
"GSE7390","GGI",24,967,0.6158,21
"GSE7390","GGI",24,968,0.6099,19
"GSE7390","GGI",24,969,0.6195,21
"GSE7390","GGI",24,970,0.623,19
"GSE7390","GGI",24,971,0.6127,19
"GSE7390","GGI",24,972,0.6053,19
"GSE7390","GGI",24,973,0.6186,21
"GSE7390","GGI",24,974,0.6159,18
"GSE7390","GGI",24,975,0.6167,21
"GSE7390","GGI",24,976,0.6223,18
"GSE7390","GGI",24,977,0.628,20
"GSE7390","GGI",24,978,0.6177,21
"GSE7390","GGI",24,979,0.6267,21
"GSE7390","GGI",24,980,0.6171,21
"GSE7390","GGI",24,981,0.6261,21
"GSE7390","GGI",24,982,0.6165,20
"GSE7390","GGI",24,983,0.6212,19
"GSE7390","GGI",24,984,0.628,19
"GSE7390","GGI",24,985,0.6277,21
"GSE7390","GGI",24,986,0.6187,21
"GSE7390","GGI",24,987,0.6126,20
"GSE7390","GGI",24,988,0.616,21
"GSE7390","GGI",24,989,0.6154,21
"GSE7390","GGI",24,990,0.6195,17
"GSE7390","GGI",24,991,0.6244,17
"GSE7390","GGI",24,992,0.6136,21
"GSE7390","GGI",24,993,0.6179,20
"GSE7390","GGI",24,994,0.6058,21
"GSE7390","GGI",24,995,0.6209,21
"GSE7390","GGI",24,996,0.6187,21
"GSE7390","GGI",24,997,0.6188,21
"GSE7390","GGI",24,998,0.6169,16
"GSE7390","GGI",24,999,0.6227,19
"GSE7390","GGI",24,1000,0.6214,19
"GSE7390","MammaPrint",24,1,0.5988,21
"GSE7390","MammaPrint",24,2,0.5962,21
"GSE7390","MammaPrint",24,3,0.6118,21
"GSE7390","MammaPrint",24,4,0.6056,21
"GSE7390","MammaPrint",24,5,0.6074,21
"GSE7390","MammaPrint",24,6,0.6189,21
"GSE7390","MammaPrint",24,7,0.6141,21
"GSE7390","MammaPrint",24,8,0.6167,21
"GSE7390","MammaPrint",24,9,0.6154,20
"GSE7390","MammaPrint",24,10,0.6179,21
"GSE7390","MammaPrint",24,11,0.5925,21
"GSE7390","MammaPrint",24,12,0.6074,21
"GSE7390","MammaPrint",24,13,0.5952,21
"GSE7390","MammaPrint",24,14,0.5947,21
"GSE7390","MammaPrint",24,15,0.6187,19
"GSE7390","MammaPrint",24,16,0.6047,21
"GSE7390","MammaPrint",24,17,0.6211,17
"GSE7390","MammaPrint",24,18,0.6129,21
"GSE7390","MammaPrint",24,19,0.5966,21
"GSE7390","MammaPrint",24,20,0.6265,18
"GSE7390","MammaPrint",24,21,0.6021,21
"GSE7390","MammaPrint",24,22,0.6112,21
"GSE7390","MammaPrint",24,23,0.6008,21
"GSE7390","MammaPrint",24,24,0.588,21
"GSE7390","MammaPrint",24,25,0.6099,21
"GSE7390","MammaPrint",24,26,0.5928,21
"GSE7390","MammaPrint",24,27,0.5977,21
"GSE7390","MammaPrint",24,28,0.6099,18
"GSE7390","MammaPrint",24,29,0.6178,21
"GSE7390","MammaPrint",24,30,0.6006,21
"GSE7390","MammaPrint",24,31,0.6229,19
"GSE7390","MammaPrint",24,32,0.6143,19
"GSE7390","MammaPrint",24,33,0.6088,21
"GSE7390","MammaPrint",24,34,0.6065,21
"GSE7390","MammaPrint",24,35,0.5934,21
"GSE7390","MammaPrint",24,36,0.6165,21
"GSE7390","MammaPrint",24,37,0.6142,21
"GSE7390","MammaPrint",24,38,0.6172,21
"GSE7390","MammaPrint",24,39,0.611,21
"GSE7390","MammaPrint",24,40,0.6108,21
"GSE7390","MammaPrint",24,41,0.6096,21
"GSE7390","MammaPrint",24,42,0.6001,21
"GSE7390","MammaPrint",24,43,0.6028,21
"GSE7390","MammaPrint",24,44,0.5998,21
"GSE7390","MammaPrint",24,45,0.5997,21
"GSE7390","MammaPrint",24,46,0.6002,21
"GSE7390","MammaPrint",24,47,0.6233,19
"GSE7390","MammaPrint",24,48,0.6243,19
"GSE7390","MammaPrint",24,49,0.6173,21
"GSE7390","MammaPrint",24,50,0.6032,21
"GSE7390","MammaPrint",24,51,0.6168,21
"GSE7390","MammaPrint",24,52,0.6136,20
"GSE7390","MammaPrint",24,53,0.6148,21
"GSE7390","MammaPrint",24,54,0.6129,19
"GSE7390","MammaPrint",24,55,0.5998,21
"GSE7390","MammaPrint",24,56,0.5891,21
"GSE7390","MammaPrint",24,57,0.5893,21
"GSE7390","MammaPrint",24,58,0.6056,21
"GSE7390","MammaPrint",24,59,0.5954,21
"GSE7390","MammaPrint",24,60,0.5995,21
"GSE7390","MammaPrint",24,61,0.6048,21
"GSE7390","MammaPrint",24,62,0.6128,21
"GSE7390","MammaPrint",24,63,0.5993,19
"GSE7390","MammaPrint",24,64,0.6062,21
"GSE7390","MammaPrint",24,65,0.604,19
"GSE7390","MammaPrint",24,66,0.6263,17
"GSE7390","MammaPrint",24,67,0.61,21
"GSE7390","MammaPrint",24,68,0.6047,21
"GSE7390","MammaPrint",24,69,0.5999,21
"GSE7390","MammaPrint",24,70,0.6171,18
"GSE7390","MammaPrint",24,71,0.6155,21
"GSE7390","MammaPrint",24,72,0.6139,21
"GSE7390","MammaPrint",24,73,0.629,16
"GSE7390","MammaPrint",24,74,0.5999,21
"GSE7390","MammaPrint",24,75,0.6085,20
"GSE7390","MammaPrint",24,76,0.612,20
"GSE7390","MammaPrint",24,77,0.5971,21
"GSE7390","MammaPrint",24,78,0.6144,21
"GSE7390","MammaPrint",24,79,0.6083,21
"GSE7390","MammaPrint",24,80,0.5955,21
"GSE7390","MammaPrint",24,81,0.6049,21
"GSE7390","MammaPrint",24,82,0.62,18
"GSE7390","MammaPrint",24,83,0.6205,18
"GSE7390","MammaPrint",24,84,0.6297,20
"GSE7390","MammaPrint",24,85,0.6114,21
"GSE7390","MammaPrint",24,86,0.616,19
"GSE7390","MammaPrint",24,87,0.619,21
"GSE7390","MammaPrint",24,88,0.6245,13
"GSE7390","MammaPrint",24,89,0.5996,21
"GSE7390","MammaPrint",24,90,0.6181,21
"GSE7390","MammaPrint",24,91,0.6255,19
"GSE7390","MammaPrint",24,92,0.6027,21
"GSE7390","MammaPrint",24,93,0.6051,21
"GSE7390","MammaPrint",24,94,0.6123,21
"GSE7390","MammaPrint",24,95,0.6005,21
"GSE7390","MammaPrint",24,96,0.6045,21
"GSE7390","MammaPrint",24,97,0.6199,14
"GSE7390","MammaPrint",24,98,0.5971,21
"GSE7390","MammaPrint",24,99,0.6111,19
"GSE7390","MammaPrint",24,100,0.6174,21
"GSE7390","MammaPrint",24,101,0.5988,21
"GSE7390","MammaPrint",24,102,0.6152,21
"GSE7390","MammaPrint",24,103,0.6054,21
"GSE7390","MammaPrint",24,104,0.6138,19
"GSE7390","MammaPrint",24,105,0.5966,21
"GSE7390","MammaPrint",24,106,0.6036,21
"GSE7390","MammaPrint",24,107,0.6076,21
"GSE7390","MammaPrint",24,108,0.6113,15
"GSE7390","MammaPrint",24,109,0.605,21
"GSE7390","MammaPrint",24,110,0.6153,17
"GSE7390","MammaPrint",24,111,0.6024,21
"GSE7390","MammaPrint",24,112,0.605,20
"GSE7390","MammaPrint",24,113,0.6134,21
"GSE7390","MammaPrint",24,114,0.602,21
"GSE7390","MammaPrint",24,115,0.6152,21
"GSE7390","MammaPrint",24,116,0.6051,21
"GSE7390","MammaPrint",24,117,0.6165,21
"GSE7390","MammaPrint",24,118,0.6181,21
"GSE7390","MammaPrint",24,119,0.6058,19
"GSE7390","MammaPrint",24,120,0.6083,21
"GSE7390","MammaPrint",24,121,0.5896,21
"GSE7390","MammaPrint",24,122,0.6206,19
"GSE7390","MammaPrint",24,123,0.6051,19
"GSE7390","MammaPrint",24,124,0.6262,17
"GSE7390","MammaPrint",24,125,0.6113,20
"GSE7390","MammaPrint",24,126,0.6102,20
"GSE7390","MammaPrint",24,127,0.6034,21
"GSE7390","MammaPrint",24,128,0.6194,19
"GSE7390","MammaPrint",24,129,0.6092,19
"GSE7390","MammaPrint",24,130,0.6027,21
"GSE7390","MammaPrint",24,131,0.6136,21
"GSE7390","MammaPrint",24,132,0.613,15
"GSE7390","MammaPrint",24,133,0.6125,21
"GSE7390","MammaPrint",24,134,0.6332,12
"GSE7390","MammaPrint",24,135,0.616,21
"GSE7390","MammaPrint",24,136,0.6173,19
"GSE7390","MammaPrint",24,137,0.6014,21
"GSE7390","MammaPrint",24,138,0.6124,21
"GSE7390","MammaPrint",24,139,0.5995,21
"GSE7390","MammaPrint",24,140,0.6148,21
"GSE7390","MammaPrint",24,141,0.6075,21
"GSE7390","MammaPrint",24,142,0.6073,21
"GSE7390","MammaPrint",24,143,0.5955,21
"GSE7390","MammaPrint",24,144,0.6228,17
"GSE7390","MammaPrint",24,145,0.6011,21
"GSE7390","MammaPrint",24,146,0.6028,20
"GSE7390","MammaPrint",24,147,0.6097,21
"GSE7390","MammaPrint",24,148,0.6041,21
"GSE7390","MammaPrint",24,149,0.6103,21
"GSE7390","MammaPrint",24,150,0.6061,21
"GSE7390","MammaPrint",24,151,0.6079,21
"GSE7390","MammaPrint",24,152,0.6,20
"GSE7390","MammaPrint",24,153,0.6005,20
"GSE7390","MammaPrint",24,154,0.5966,21
"GSE7390","MammaPrint",24,155,0.6134,18
"GSE7390","MammaPrint",24,156,0.5957,21
"GSE7390","MammaPrint",24,157,0.6063,21
"GSE7390","MammaPrint",24,158,0.6381,15
"GSE7390","MammaPrint",24,159,0.5949,21
"GSE7390","MammaPrint",24,160,0.6153,21
"GSE7390","MammaPrint",24,161,0.609,20
"GSE7390","MammaPrint",24,162,0.6161,18
"GSE7390","MammaPrint",24,163,0.6112,21
"GSE7390","MammaPrint",24,164,0.6002,20
"GSE7390","MammaPrint",24,165,0.5947,21
"GSE7390","MammaPrint",24,166,0.6192,18
"GSE7390","MammaPrint",24,167,0.6137,19
"GSE7390","MammaPrint",24,168,0.6105,21
"GSE7390","MammaPrint",24,169,0.6031,21
"GSE7390","MammaPrint",24,170,0.6184,21
"GSE7390","MammaPrint",24,171,0.6124,21
"GSE7390","MammaPrint",24,172,0.6351,16
"GSE7390","MammaPrint",24,173,0.6175,21
"GSE7390","MammaPrint",24,174,0.6061,21
"GSE7390","MammaPrint",24,175,0.608,19
"GSE7390","MammaPrint",24,176,0.6041,21
"GSE7390","MammaPrint",24,177,0.6146,21
"GSE7390","MammaPrint",24,178,0.6218,18
"GSE7390","MammaPrint",24,179,0.6025,20
"GSE7390","MammaPrint",24,180,0.6128,21
"GSE7390","MammaPrint",24,181,0.6006,20
"GSE7390","MammaPrint",24,182,0.6074,21
"GSE7390","MammaPrint",24,183,0.6025,20
"GSE7390","MammaPrint",24,184,0.6297,18
"GSE7390","MammaPrint",24,185,0.604,20
"GSE7390","MammaPrint",24,186,0.616,21
"GSE7390","MammaPrint",24,187,0.6243,17
"GSE7390","MammaPrint",24,188,0.6131,21
"GSE7390","MammaPrint",24,189,0.6229,19
"GSE7390","MammaPrint",24,190,0.6077,21
"GSE7390","MammaPrint",24,191,0.6059,21
"GSE7390","MammaPrint",24,192,0.5955,21
"GSE7390","MammaPrint",24,193,0.601,21
"GSE7390","MammaPrint",24,194,0.6128,20
"GSE7390","MammaPrint",24,195,0.6204,21
"GSE7390","MammaPrint",24,196,0.6089,19
"GSE7390","MammaPrint",24,197,0.6026,21
"GSE7390","MammaPrint",24,198,0.6156,19
"GSE7390","MammaPrint",24,199,0.6224,13
"GSE7390","MammaPrint",24,200,0.5932,21
"GSE7390","MammaPrint",24,201,0.6052,19
"GSE7390","MammaPrint",24,202,0.6231,18
"GSE7390","MammaPrint",24,203,0.6069,21
"GSE7390","MammaPrint",24,204,0.6031,20
"GSE7390","MammaPrint",24,205,0.6275,19
"GSE7390","MammaPrint",24,206,0.6207,21
"GSE7390","MammaPrint",24,207,0.6127,21
"GSE7390","MammaPrint",24,208,0.6052,19
"GSE7390","MammaPrint",24,209,0.6261,17
"GSE7390","MammaPrint",24,210,0.6078,20
"GSE7390","MammaPrint",24,211,0.6076,21
"GSE7390","MammaPrint",24,212,0.6036,21
"GSE7390","MammaPrint",24,213,0.5986,21
"GSE7390","MammaPrint",24,214,0.5994,21
"GSE7390","MammaPrint",24,215,0.5938,21
"GSE7390","MammaPrint",24,216,0.5933,21
"GSE7390","MammaPrint",24,217,0.602,21
"GSE7390","MammaPrint",24,218,0.6218,19
"GSE7390","MammaPrint",24,219,0.6098,21
"GSE7390","MammaPrint",24,220,0.601,21
"GSE7390","MammaPrint",24,221,0.6014,21
"GSE7390","MammaPrint",24,222,0.6072,20
"GSE7390","MammaPrint",24,223,0.6035,20
"GSE7390","MammaPrint",24,224,0.631,18
"GSE7390","MammaPrint",24,225,0.6096,21
"GSE7390","MammaPrint",24,226,0.603,21
"GSE7390","MammaPrint",24,227,0.608,21
"GSE7390","MammaPrint",24,228,0.6115,21
"GSE7390","MammaPrint",24,229,0.621,16
"GSE7390","MammaPrint",24,230,0.6118,21
"GSE7390","MammaPrint",24,231,0.6218,20
"GSE7390","MammaPrint",24,232,0.6129,21
"GSE7390","MammaPrint",24,233,0.6097,21
"GSE7390","MammaPrint",24,234,0.6061,20
"GSE7390","MammaPrint",24,235,0.6134,18
"GSE7390","MammaPrint",24,236,0.6137,21
"GSE7390","MammaPrint",24,237,0.6252,18
"GSE7390","MammaPrint",24,238,0.5962,21
"GSE7390","MammaPrint",24,239,0.591,21
"GSE7390","MammaPrint",24,240,0.6015,21
"GSE7390","MammaPrint",24,241,0.6264,21
"GSE7390","MammaPrint",24,242,0.6051,20
"GSE7390","MammaPrint",24,243,0.6,21
"GSE7390","MammaPrint",24,244,0.6061,21
"GSE7390","MammaPrint",24,245,0.6238,19
"GSE7390","MammaPrint",24,246,0.6126,21
"GSE7390","MammaPrint",24,247,0.5964,21
"GSE7390","MammaPrint",24,248,0.6148,21
"GSE7390","MammaPrint",24,249,0.6057,21
"GSE7390","MammaPrint",24,250,0.607,21
"GSE7390","MammaPrint",24,251,0.6102,17
"GSE7390","MammaPrint",24,252,0.5967,21
"GSE7390","MammaPrint",24,253,0.5974,21
"GSE7390","MammaPrint",24,254,0.5993,21
"GSE7390","MammaPrint",24,255,0.6028,20
"GSE7390","MammaPrint",24,256,0.6028,21
"GSE7390","MammaPrint",24,257,0.612,21
"GSE7390","MammaPrint",24,258,0.6069,21
"GSE7390","MammaPrint",24,259,0.6131,21
"GSE7390","MammaPrint",24,260,0.6101,21
"GSE7390","MammaPrint",24,261,0.613,21
"GSE7390","MammaPrint",24,262,0.6356,16
"GSE7390","MammaPrint",24,263,0.6053,21
"GSE7390","MammaPrint",24,264,0.6166,14
"GSE7390","MammaPrint",24,265,0.5992,21
"GSE7390","MammaPrint",24,266,0.6112,20
"GSE7390","MammaPrint",24,267,0.6082,21
"GSE7390","MammaPrint",24,268,0.6092,21
"GSE7390","MammaPrint",24,269,0.6084,21
"GSE7390","MammaPrint",24,270,0.6034,20
"GSE7390","MammaPrint",24,271,0.6187,21
"GSE7390","MammaPrint",24,272,0.607,21
"GSE7390","MammaPrint",24,273,0.6007,21
"GSE7390","MammaPrint",24,274,0.6131,19
"GSE7390","MammaPrint",24,275,0.5985,21
"GSE7390","MammaPrint",24,276,0.6146,21
"GSE7390","MammaPrint",24,277,0.6,21
"GSE7390","MammaPrint",24,278,0.6131,21
"GSE7390","MammaPrint",24,279,0.598,21
"GSE7390","MammaPrint",24,280,0.6314,16
"GSE7390","MammaPrint",24,281,0.6077,21
"GSE7390","MammaPrint",24,282,0.5969,21
"GSE7390","MammaPrint",24,283,0.6229,15
"GSE7390","MammaPrint",24,284,0.6114,20
"GSE7390","MammaPrint",24,285,0.6168,17
"GSE7390","MammaPrint",24,286,0.614,21
"GSE7390","MammaPrint",24,287,0.6063,20
"GSE7390","MammaPrint",24,288,0.6087,21
"GSE7390","MammaPrint",24,289,0.6114,21
"GSE7390","MammaPrint",24,290,0.5979,21
"GSE7390","MammaPrint",24,291,0.6041,21
"GSE7390","MammaPrint",24,292,0.6101,17
"GSE7390","MammaPrint",24,293,0.6096,21
"GSE7390","MammaPrint",24,294,0.6203,20
"GSE7390","MammaPrint",24,295,0.6083,21
"GSE7390","MammaPrint",24,296,0.6051,16
"GSE7390","MammaPrint",24,297,0.6166,21
"GSE7390","MammaPrint",24,298,0.5981,21
"GSE7390","MammaPrint",24,299,0.6103,21
"GSE7390","MammaPrint",24,300,0.6192,21
"GSE7390","MammaPrint",24,301,0.6161,21
"GSE7390","MammaPrint",24,302,0.6187,18
"GSE7390","MammaPrint",24,303,0.6056,21
"GSE7390","MammaPrint",24,304,0.6214,18
"GSE7390","MammaPrint",24,305,0.6033,21
"GSE7390","MammaPrint",24,306,0.6173,20
"GSE7390","MammaPrint",24,307,0.612,21
"GSE7390","MammaPrint",24,308,0.6097,19
"GSE7390","MammaPrint",24,309,0.6114,21
"GSE7390","MammaPrint",24,310,0.6204,13
"GSE7390","MammaPrint",24,311,0.6046,21
"GSE7390","MammaPrint",24,312,0.6144,21
"GSE7390","MammaPrint",24,313,0.6076,20
"GSE7390","MammaPrint",24,314,0.6161,21
"GSE7390","MammaPrint",24,315,0.6,21
"GSE7390","MammaPrint",24,316,0.6087,21
"GSE7390","MammaPrint",24,317,0.615,19
"GSE7390","MammaPrint",24,318,0.6231,21
"GSE7390","MammaPrint",24,319,0.6037,21
"GSE7390","MammaPrint",24,320,0.6064,21
"GSE7390","MammaPrint",24,321,0.6087,19
"GSE7390","MammaPrint",24,322,0.6259,15
"GSE7390","MammaPrint",24,323,0.6099,21
"GSE7390","MammaPrint",24,324,0.5934,21
"GSE7390","MammaPrint",24,325,0.595,20
"GSE7390","MammaPrint",24,326,0.616,21
"GSE7390","MammaPrint",24,327,0.601,21
"GSE7390","MammaPrint",24,328,0.6028,21
"GSE7390","MammaPrint",24,329,0.6108,21
"GSE7390","MammaPrint",24,330,0.6168,19
"GSE7390","MammaPrint",24,331,0.6155,21
"GSE7390","MammaPrint",24,332,0.6203,18
"GSE7390","MammaPrint",24,333,0.6063,21
"GSE7390","MammaPrint",24,334,0.5905,20
"GSE7390","MammaPrint",24,335,0.6104,21
"GSE7390","MammaPrint",24,336,0.6021,20
"GSE7390","MammaPrint",24,337,0.5955,18
"GSE7390","MammaPrint",24,338,0.5997,21
"GSE7390","MammaPrint",24,339,0.6005,20
"GSE7390","MammaPrint",24,340,0.5964,21
"GSE7390","MammaPrint",24,341,0.5925,21
"GSE7390","MammaPrint",24,342,0.6124,21
"GSE7390","MammaPrint",24,343,0.6113,21
"GSE7390","MammaPrint",24,344,0.6332,16
"GSE7390","MammaPrint",24,345,0.6116,21
"GSE7390","MammaPrint",24,346,0.6059,21
"GSE7390","MammaPrint",24,347,0.6154,21
"GSE7390","MammaPrint",24,348,0.6121,19
"GSE7390","MammaPrint",24,349,0.5985,21
"GSE7390","MammaPrint",24,350,0.6126,21
"GSE7390","MammaPrint",24,351,0.5988,21
"GSE7390","MammaPrint",24,352,0.6057,21
"GSE7390","MammaPrint",24,353,0.5961,21
"GSE7390","MammaPrint",24,354,0.6089,21
"GSE7390","MammaPrint",24,355,0.6103,20
"GSE7390","MammaPrint",24,356,0.6117,21
"GSE7390","MammaPrint",24,357,0.6047,20
"GSE7390","MammaPrint",24,358,0.6019,21
"GSE7390","MammaPrint",24,359,0.6223,19
"GSE7390","MammaPrint",24,360,0.6207,19
"GSE7390","MammaPrint",24,361,0.6138,21
"GSE7390","MammaPrint",24,362,0.5994,21
"GSE7390","MammaPrint",24,363,0.6191,20
"GSE7390","MammaPrint",24,364,0.6025,21
"GSE7390","MammaPrint",24,365,0.6044,20
"GSE7390","MammaPrint",24,366,0.6139,19
"GSE7390","MammaPrint",24,367,0.6067,21
"GSE7390","MammaPrint",24,368,0.6056,21
"GSE7390","MammaPrint",24,369,0.6089,20
"GSE7390","MammaPrint",24,370,0.6315,15
"GSE7390","MammaPrint",24,371,0.6032,21
"GSE7390","MammaPrint",24,372,0.6167,21
"GSE7390","MammaPrint",24,373,0.622,21
"GSE7390","MammaPrint",24,374,0.6026,21
"GSE7390","MammaPrint",24,375,0.6174,21
"GSE7390","MammaPrint",24,376,0.6325,12
"GSE7390","MammaPrint",24,377,0.6122,18
"GSE7390","MammaPrint",24,378,0.6083,20
"GSE7390","MammaPrint",24,379,0.6104,21
"GSE7390","MammaPrint",24,380,0.6139,21
"GSE7390","MammaPrint",24,381,0.5949,21
"GSE7390","MammaPrint",24,382,0.6098,21
"GSE7390","MammaPrint",24,383,0.5973,21
"GSE7390","MammaPrint",24,384,0.6074,21
"GSE7390","MammaPrint",24,385,0.6118,21
"GSE7390","MammaPrint",24,386,0.6091,19
"GSE7390","MammaPrint",24,387,0.6109,21
"GSE7390","MammaPrint",24,388,0.6061,21
"GSE7390","MammaPrint",24,389,0.6214,16
"GSE7390","MammaPrint",24,390,0.6194,21
"GSE7390","MammaPrint",24,391,0.6217,19
"GSE7390","MammaPrint",24,392,0.613,21
"GSE7390","MammaPrint",24,393,0.601,21
"GSE7390","MammaPrint",24,394,0.6117,18
"GSE7390","MammaPrint",24,395,0.635,16
"GSE7390","MammaPrint",24,396,0.6162,17
"GSE7390","MammaPrint",24,397,0.5934,21
"GSE7390","MammaPrint",24,398,0.6177,21
"GSE7390","MammaPrint",24,399,0.6083,20
"GSE7390","MammaPrint",24,400,0.5981,21
"GSE7390","MammaPrint",24,401,0.6096,18
"GSE7390","MammaPrint",24,402,0.6141,21
"GSE7390","MammaPrint",24,403,0.6278,19
"GSE7390","MammaPrint",24,404,0.6131,18
"GSE7390","MammaPrint",24,405,0.6013,21
"GSE7390","MammaPrint",24,406,0.6041,21
"GSE7390","MammaPrint",24,407,0.6066,21
"GSE7390","MammaPrint",24,408,0.618,21
"GSE7390","MammaPrint",24,409,0.5959,21
"GSE7390","MammaPrint",24,410,0.6138,21
"GSE7390","MammaPrint",24,411,0.6122,21
"GSE7390","MammaPrint",24,412,0.6009,21
"GSE7390","MammaPrint",24,413,0.5986,21
"GSE7390","MammaPrint",24,414,0.6111,20
"GSE7390","MammaPrint",24,415,0.6137,21
"GSE7390","MammaPrint",24,416,0.6069,21
"GSE7390","MammaPrint",24,417,0.6135,21
"GSE7390","MammaPrint",24,418,0.6222,16
"GSE7390","MammaPrint",24,419,0.6054,21
"GSE7390","MammaPrint",24,420,0.607,21
"GSE7390","MammaPrint",24,421,0.6128,20
"GSE7390","MammaPrint",24,422,0.5958,21
"GSE7390","MammaPrint",24,423,0.5993,21
"GSE7390","MammaPrint",24,424,0.5994,21
"GSE7390","MammaPrint",24,425,0.6024,21
"GSE7390","MammaPrint",24,426,0.6124,19
"GSE7390","MammaPrint",24,427,0.6109,19
"GSE7390","MammaPrint",24,428,0.6173,19
"GSE7390","MammaPrint",24,429,0.6142,21
"GSE7390","MammaPrint",24,430,0.6037,21
"GSE7390","MammaPrint",24,431,0.6301,17
"GSE7390","MammaPrint",24,432,0.6114,19
"GSE7390","MammaPrint",24,433,0.6067,21
"GSE7390","MammaPrint",24,434,0.6154,20
"GSE7390","MammaPrint",24,435,0.6015,21
"GSE7390","MammaPrint",24,436,0.6049,21
"GSE7390","MammaPrint",24,437,0.6419,14
"GSE7390","MammaPrint",24,438,0.6134,21
"GSE7390","MammaPrint",24,439,0.6044,21
"GSE7390","MammaPrint",24,440,0.6027,21
"GSE7390","MammaPrint",24,441,0.6009,21
"GSE7390","MammaPrint",24,442,0.5952,21
"GSE7390","MammaPrint",24,443,0.6059,21
"GSE7390","MammaPrint",24,444,0.6038,21
"GSE7390","MammaPrint",24,445,0.5971,21
"GSE7390","MammaPrint",24,446,0.6052,21
"GSE7390","MammaPrint",24,447,0.6038,21
"GSE7390","MammaPrint",24,448,0.622,15
"GSE7390","MammaPrint",24,449,0.6022,21
"GSE7390","MammaPrint",24,450,0.6011,21
"GSE7390","MammaPrint",24,451,0.6006,21
"GSE7390","MammaPrint",24,452,0.6277,16
"GSE7390","MammaPrint",24,453,0.6005,20
"GSE7390","MammaPrint",24,454,0.6071,21
"GSE7390","MammaPrint",24,455,0.6024,21
"GSE7390","MammaPrint",24,456,0.6037,21
"GSE7390","MammaPrint",24,457,0.603,19
"GSE7390","MammaPrint",24,458,0.6168,19
"GSE7390","MammaPrint",24,459,0.6128,19
"GSE7390","MammaPrint",24,460,0.6114,21
"GSE7390","MammaPrint",24,461,0.6142,21
"GSE7390","MammaPrint",24,462,0.6204,21
"GSE7390","MammaPrint",24,463,0.5986,21
"GSE7390","MammaPrint",24,464,0.602,21
"GSE7390","MammaPrint",24,465,0.6164,16
"GSE7390","MammaPrint",24,466,0.6219,13
"GSE7390","MammaPrint",24,467,0.6071,21
"GSE7390","MammaPrint",24,468,0.6118,21
"GSE7390","MammaPrint",24,469,0.6268,18
"GSE7390","MammaPrint",24,470,0.6063,21
"GSE7390","MammaPrint",24,471,0.6082,20
"GSE7390","MammaPrint",24,472,0.6054,21
"GSE7390","MammaPrint",24,473,0.6006,21
"GSE7390","MammaPrint",24,474,0.6019,21
"GSE7390","MammaPrint",24,475,0.6152,21
"GSE7390","MammaPrint",24,476,0.6078,19
"GSE7390","MammaPrint",24,477,0.6108,21
"GSE7390","MammaPrint",24,478,0.6302,17
"GSE7390","MammaPrint",24,479,0.6166,21
"GSE7390","MammaPrint",24,480,0.6135,21
"GSE7390","MammaPrint",24,481,0.6056,18
"GSE7390","MammaPrint",24,482,0.6054,21
"GSE7390","MammaPrint",24,483,0.5994,21
"GSE7390","MammaPrint",24,484,0.6204,19
"GSE7390","MammaPrint",24,485,0.602,21
"GSE7390","MammaPrint",24,486,0.6013,21
"GSE7390","MammaPrint",24,487,0.6193,21
"GSE7390","MammaPrint",24,488,0.6125,20
"GSE7390","MammaPrint",24,489,0.6131,21
"GSE7390","MammaPrint",24,490,0.6035,21
"GSE7390","MammaPrint",24,491,0.6194,21
"GSE7390","MammaPrint",24,492,0.6189,21
"GSE7390","MammaPrint",24,493,0.6044,21
"GSE7390","MammaPrint",24,494,0.6044,20
"GSE7390","MammaPrint",24,495,0.6007,21
"GSE7390","MammaPrint",24,496,0.6332,14
"GSE7390","MammaPrint",24,497,0.6018,19
"GSE7390","MammaPrint",24,498,0.6195,21
"GSE7390","MammaPrint",24,499,0.6211,18
"GSE7390","MammaPrint",24,500,0.6101,21
"GSE7390","MammaPrint",24,501,0.6086,19
"GSE7390","MammaPrint",24,502,0.6059,20
"GSE7390","MammaPrint",24,503,0.5904,20
"GSE7390","MammaPrint",24,504,0.5979,21
"GSE7390","MammaPrint",24,505,0.6251,15
"GSE7390","MammaPrint",24,506,0.6188,21
"GSE7390","MammaPrint",24,507,0.6043,21
"GSE7390","MammaPrint",24,508,0.5956,21
"GSE7390","MammaPrint",24,509,0.589,21
"GSE7390","MammaPrint",24,510,0.6013,21
"GSE7390","MammaPrint",24,511,0.6258,13
"GSE7390","MammaPrint",24,512,0.6155,17
"GSE7390","MammaPrint",24,513,0.6141,19
"GSE7390","MammaPrint",24,514,0.5976,21
"GSE7390","MammaPrint",24,515,0.6159,21
"GSE7390","MammaPrint",24,516,0.6087,21
"GSE7390","MammaPrint",24,517,0.5958,21
"GSE7390","MammaPrint",24,518,0.6121,21
"GSE7390","MammaPrint",24,519,0.6149,21
"GSE7390","MammaPrint",24,520,0.6011,21
"GSE7390","MammaPrint",24,521,0.6088,21
"GSE7390","MammaPrint",24,522,0.6108,21
"GSE7390","MammaPrint",24,523,0.6105,21
"GSE7390","MammaPrint",24,524,0.6016,21
"GSE7390","MammaPrint",24,525,0.6116,21
"GSE7390","MammaPrint",24,526,0.6217,17
"GSE7390","MammaPrint",24,527,0.609,21
"GSE7390","MammaPrint",24,528,0.5962,21
"GSE7390","MammaPrint",24,529,0.6058,21
"GSE7390","MammaPrint",24,530,0.6104,21
"GSE7390","MammaPrint",24,531,0.6125,21
"GSE7390","MammaPrint",24,532,0.5912,21
"GSE7390","MammaPrint",24,533,0.6162,21
"GSE7390","MammaPrint",24,534,0.6187,19
"GSE7390","MammaPrint",24,535,0.6169,21
"GSE7390","MammaPrint",24,536,0.614,21
"GSE7390","MammaPrint",24,537,0.6016,21
"GSE7390","MammaPrint",24,538,0.6219,18
"GSE7390","MammaPrint",24,539,0.605,21
"GSE7390","MammaPrint",24,540,0.6225,19
"GSE7390","MammaPrint",24,541,0.6063,21
"GSE7390","MammaPrint",24,542,0.6146,21
"GSE7390","MammaPrint",24,543,0.5973,21
"GSE7390","MammaPrint",24,544,0.6179,18
"GSE7390","MammaPrint",24,545,0.6212,18
"GSE7390","MammaPrint",24,546,0.6046,21
"GSE7390","MammaPrint",24,547,0.6176,21
"GSE7390","MammaPrint",24,548,0.6159,21
"GSE7390","MammaPrint",24,549,0.6002,21
"GSE7390","MammaPrint",24,550,0.6325,14
"GSE7390","MammaPrint",24,551,0.625,19
"GSE7390","MammaPrint",24,552,0.6264,16
"GSE7390","MammaPrint",24,553,0.6053,20
"GSE7390","MammaPrint",24,554,0.6235,16
"GSE7390","MammaPrint",24,555,0.6233,18
"GSE7390","MammaPrint",24,556,0.6147,19
"GSE7390","MammaPrint",24,557,0.5955,20
"GSE7390","MammaPrint",24,558,0.6165,21
"GSE7390","MammaPrint",24,559,0.6011,21
"GSE7390","MammaPrint",24,560,0.6116,21
"GSE7390","MammaPrint",24,561,0.6103,20
"GSE7390","MammaPrint",24,562,0.6123,16
"GSE7390","MammaPrint",24,563,0.6144,21
"GSE7390","MammaPrint",24,564,0.6057,21
"GSE7390","MammaPrint",24,565,0.6192,19
"GSE7390","MammaPrint",24,566,0.608,21
"GSE7390","MammaPrint",24,567,0.6126,21
"GSE7390","MammaPrint",24,568,0.604,21
"GSE7390","MammaPrint",24,569,0.609,18
"GSE7390","MammaPrint",24,570,0.6056,18
"GSE7390","MammaPrint",24,571,0.5992,20
"GSE7390","MammaPrint",24,572,0.5964,21
"GSE7390","MammaPrint",24,573,0.5935,21
"GSE7390","MammaPrint",24,574,0.6147,18
"GSE7390","MammaPrint",24,575,0.6289,12
"GSE7390","MammaPrint",24,576,0.6152,19
"GSE7390","MammaPrint",24,577,0.6147,21
"GSE7390","MammaPrint",24,578,0.6104,21
"GSE7390","MammaPrint",24,579,0.6233,19
"GSE7390","MammaPrint",24,580,0.6113,19
"GSE7390","MammaPrint",24,581,0.5994,21
"GSE7390","MammaPrint",24,582,0.6007,18
"GSE7390","MammaPrint",24,583,0.6166,21
"GSE7390","MammaPrint",24,584,0.6036,17
"GSE7390","MammaPrint",24,585,0.6064,21
"GSE7390","MammaPrint",24,586,0.592,20
"GSE7390","MammaPrint",24,587,0.6305,13
"GSE7390","MammaPrint",24,588,0.6193,19
"GSE7390","MammaPrint",24,589,0.5964,21
"GSE7390","MammaPrint",24,590,0.6051,20
"GSE7390","MammaPrint",24,591,0.6129,17
"GSE7390","MammaPrint",24,592,0.607,18
"GSE7390","MammaPrint",24,593,0.6146,18
"GSE7390","MammaPrint",24,594,0.6027,21
"GSE7390","MammaPrint",24,595,0.5928,21
"GSE7390","MammaPrint",24,596,0.6074,20
"GSE7390","MammaPrint",24,597,0.6078,21
"GSE7390","MammaPrint",24,598,0.6038,20
"GSE7390","MammaPrint",24,599,0.6101,21
"GSE7390","MammaPrint",24,600,0.6214,17
"GSE7390","MammaPrint",24,601,0.5933,21
"GSE7390","MammaPrint",24,602,0.6035,21
"GSE7390","MammaPrint",24,603,0.615,19
"GSE7390","MammaPrint",24,604,0.6195,21
"GSE7390","MammaPrint",24,605,0.6083,21
"GSE7390","MammaPrint",24,606,0.6021,20
"GSE7390","MammaPrint",24,607,0.6217,21
"GSE7390","MammaPrint",24,608,0.5967,21
"GSE7390","MammaPrint",24,609,0.5985,21
"GSE7390","MammaPrint",24,610,0.6011,21
"GSE7390","MammaPrint",24,611,0.6138,18
"GSE7390","MammaPrint",24,612,0.6191,21
"GSE7390","MammaPrint",24,613,0.613,19
"GSE7390","MammaPrint",24,614,0.622,17
"GSE7390","MammaPrint",24,615,0.6118,17
"GSE7390","MammaPrint",24,616,0.6105,19
"GSE7390","MammaPrint",24,617,0.6152,17
"GSE7390","MammaPrint",24,618,0.5989,21
"GSE7390","MammaPrint",24,619,0.6044,19
"GSE7390","MammaPrint",24,620,0.6181,21
"GSE7390","MammaPrint",24,621,0.6168,19
"GSE7390","MammaPrint",24,622,0.6164,19
"GSE7390","MammaPrint",24,623,0.5984,21
"GSE7390","MammaPrint",24,624,0.6165,21
"GSE7390","MammaPrint",24,625,0.6133,21
"GSE7390","MammaPrint",24,626,0.6239,21
"GSE7390","MammaPrint",24,627,0.6051,21
"GSE7390","MammaPrint",24,628,0.6056,21
"GSE7390","MammaPrint",24,629,0.6003,21
"GSE7390","MammaPrint",24,630,0.6163,21
"GSE7390","MammaPrint",24,631,0.607,20
"GSE7390","MammaPrint",24,632,0.6213,16
"GSE7390","MammaPrint",24,633,0.6044,21
"GSE7390","MammaPrint",24,634,0.605,21
"GSE7390","MammaPrint",24,635,0.6102,21
"GSE7390","MammaPrint",24,636,0.6169,21
"GSE7390","MammaPrint",24,637,0.6076,21
"GSE7390","MammaPrint",24,638,0.6028,19
"GSE7390","MammaPrint",24,639,0.5994,21
"GSE7390","MammaPrint",24,640,0.6025,21
"GSE7390","MammaPrint",24,641,0.6127,20
"GSE7390","MammaPrint",24,642,0.6197,21
"GSE7390","MammaPrint",24,643,0.5962,21
"GSE7390","MammaPrint",24,644,0.6133,21
"GSE7390","MammaPrint",24,645,0.6286,17
"GSE7390","MammaPrint",24,646,0.6147,21
"GSE7390","MammaPrint",24,647,0.6073,21
"GSE7390","MammaPrint",24,648,0.5945,21
"GSE7390","MammaPrint",24,649,0.5879,21
"GSE7390","MammaPrint",24,650,0.6138,19
"GSE7390","MammaPrint",24,651,0.6,21
"GSE7390","MammaPrint",24,652,0.6036,21
"GSE7390","MammaPrint",24,653,0.5892,21
"GSE7390","MammaPrint",24,654,0.605,21
"GSE7390","MammaPrint",24,655,0.6091,19
"GSE7390","MammaPrint",24,656,0.6135,21
"GSE7390","MammaPrint",24,657,0.5981,21
"GSE7390","MammaPrint",24,658,0.6065,20
"GSE7390","MammaPrint",24,659,0.6024,21
"GSE7390","MammaPrint",24,660,0.6144,21
"GSE7390","MammaPrint",24,661,0.6056,21
"GSE7390","MammaPrint",24,662,0.6054,21
"GSE7390","MammaPrint",24,663,0.5912,21
"GSE7390","MammaPrint",24,664,0.606,19
"GSE7390","MammaPrint",24,665,0.6154,16
"GSE7390","MammaPrint",24,666,0.6173,21
"GSE7390","MammaPrint",24,667,0.6085,21
"GSE7390","MammaPrint",24,668,0.6118,21
"GSE7390","MammaPrint",24,669,0.5949,21
"GSE7390","MammaPrint",24,670,0.5937,20
"GSE7390","MammaPrint",24,671,0.606,21
"GSE7390","MammaPrint",24,672,0.6049,21
"GSE7390","MammaPrint",24,673,0.5933,21
"GSE7390","MammaPrint",24,674,0.6303,17
"GSE7390","MammaPrint",24,675,0.6046,21
"GSE7390","MammaPrint",24,676,0.6114,21
"GSE7390","MammaPrint",24,677,0.6184,21
"GSE7390","MammaPrint",24,678,0.61,21
"GSE7390","MammaPrint",24,679,0.6299,15
"GSE7390","MammaPrint",24,680,0.6019,21
"GSE7390","MammaPrint",24,681,0.6165,21
"GSE7390","MammaPrint",24,682,0.6181,21
"GSE7390","MammaPrint",24,683,0.6032,21
"GSE7390","MammaPrint",24,684,0.6019,20
"GSE7390","MammaPrint",24,685,0.6146,19
"GSE7390","MammaPrint",24,686,0.6174,15
"GSE7390","MammaPrint",24,687,0.5984,21
"GSE7390","MammaPrint",24,688,0.622,18
"GSE7390","MammaPrint",24,689,0.5952,21
"GSE7390","MammaPrint",24,690,0.6161,21
"GSE7390","MammaPrint",24,691,0.6372,14
"GSE7390","MammaPrint",24,692,0.6041,21
"GSE7390","MammaPrint",24,693,0.5941,21
"GSE7390","MammaPrint",24,694,0.6126,21
"GSE7390","MammaPrint",24,695,0.6226,21
"GSE7390","MammaPrint",24,696,0.6158,19
"GSE7390","MammaPrint",24,697,0.6051,21
"GSE7390","MammaPrint",24,698,0.6123,21
"GSE7390","MammaPrint",24,699,0.6158,19
"GSE7390","MammaPrint",24,700,0.6327,15
"GSE7390","MammaPrint",24,701,0.6053,20
"GSE7390","MammaPrint",24,702,0.6064,21
"GSE7390","MammaPrint",24,703,0.6026,19
"GSE7390","MammaPrint",24,704,0.6244,19
"GSE7390","MammaPrint",24,705,0.6075,21
"GSE7390","MammaPrint",24,706,0.616,19
"GSE7390","MammaPrint",24,707,0.6085,21
"GSE7390","MammaPrint",24,708,0.6007,21
"GSE7390","MammaPrint",24,709,0.6267,17
"GSE7390","MammaPrint",24,710,0.609,19
"GSE7390","MammaPrint",24,711,0.6058,21
"GSE7390","MammaPrint",24,712,0.6088,21
"GSE7390","MammaPrint",24,713,0.6032,21
"GSE7390","MammaPrint",24,714,0.6045,20
"GSE7390","MammaPrint",24,715,0.6152,21
"GSE7390","MammaPrint",24,716,0.6108,21
"GSE7390","MammaPrint",24,717,0.6104,21
"GSE7390","MammaPrint",24,718,0.6138,21
"GSE7390","MammaPrint",24,719,0.6124,21
"GSE7390","MammaPrint",24,720,0.6118,19
"GSE7390","MammaPrint",24,721,0.6281,17
"GSE7390","MammaPrint",24,722,0.6076,21
"GSE7390","MammaPrint",24,723,0.6226,18
"GSE7390","MammaPrint",24,724,0.6192,21
"GSE7390","MammaPrint",24,725,0.604,21
"GSE7390","MammaPrint",24,726,0.6076,17
"GSE7390","MammaPrint",24,727,0.6173,20
"GSE7390","MammaPrint",24,728,0.6116,20
"GSE7390","MammaPrint",24,729,0.6203,19
"GSE7390","MammaPrint",24,730,0.5939,20
"GSE7390","MammaPrint",24,731,0.6008,21
"GSE7390","MammaPrint",24,732,0.5967,21
"GSE7390","MammaPrint",24,733,0.6143,19
"GSE7390","MammaPrint",24,734,0.6028,21
"GSE7390","MammaPrint",24,735,0.6299,18
"GSE7390","MammaPrint",24,736,0.6147,21
"GSE7390","MammaPrint",24,737,0.6052,21
"GSE7390","MammaPrint",24,738,0.6302,14
"GSE7390","MammaPrint",24,739,0.6114,15
"GSE7390","MammaPrint",24,740,0.5957,21
"GSE7390","MammaPrint",24,741,0.6195,21
"GSE7390","MammaPrint",24,742,0.61,21
"GSE7390","MammaPrint",24,743,0.6243,18
"GSE7390","MammaPrint",24,744,0.6137,19
"GSE7390","MammaPrint",24,745,0.6178,21
"GSE7390","MammaPrint",24,746,0.6062,21
"GSE7390","MammaPrint",24,747,0.6161,21
"GSE7390","MammaPrint",24,748,0.5887,21
"GSE7390","MammaPrint",24,749,0.6193,21
"GSE7390","MammaPrint",24,750,0.6172,21
"GSE7390","MammaPrint",24,751,0.6109,21
"GSE7390","MammaPrint",24,752,0.5969,19
"GSE7390","MammaPrint",24,753,0.6087,21
"GSE7390","MammaPrint",24,754,0.625,18
"GSE7390","MammaPrint",24,755,0.5975,21
"GSE7390","MammaPrint",24,756,0.6274,17
"GSE7390","MammaPrint",24,757,0.6078,20
"GSE7390","MammaPrint",24,758,0.6013,21
"GSE7390","MammaPrint",24,759,0.6146,21
"GSE7390","MammaPrint",24,760,0.6252,13
"GSE7390","MammaPrint",24,761,0.5865,21
"GSE7390","MammaPrint",24,762,0.6092,21
"GSE7390","MammaPrint",24,763,0.6104,21
"GSE7390","MammaPrint",24,764,0.6061,21
"GSE7390","MammaPrint",24,765,0.618,18
"GSE7390","MammaPrint",24,766,0.6131,21
"GSE7390","MammaPrint",24,767,0.6054,21
"GSE7390","MammaPrint",24,768,0.5919,21
"GSE7390","MammaPrint",24,769,0.6056,21
"GSE7390","MammaPrint",24,770,0.6111,19
"GSE7390","MammaPrint",24,771,0.6204,19
"GSE7390","MammaPrint",24,772,0.6153,21
"GSE7390","MammaPrint",24,773,0.6248,19
"GSE7390","MammaPrint",24,774,0.5925,21
"GSE7390","MammaPrint",24,775,0.6056,21
"GSE7390","MammaPrint",24,776,0.6052,21
"GSE7390","MammaPrint",24,777,0.5945,21
"GSE7390","MammaPrint",24,778,0.6268,21
"GSE7390","MammaPrint",24,779,0.6125,20
"GSE7390","MammaPrint",24,780,0.6071,21
"GSE7390","MammaPrint",24,781,0.6003,21
"GSE7390","MammaPrint",24,782,0.6025,21
"GSE7390","MammaPrint",24,783,0.6151,20
"GSE7390","MammaPrint",24,784,0.6139,19
"GSE7390","MammaPrint",24,785,0.6057,21
"GSE7390","MammaPrint",24,786,0.6217,20
"GSE7390","MammaPrint",24,787,0.6161,18
"GSE7390","MammaPrint",24,788,0.6148,21
"GSE7390","MammaPrint",24,789,0.611,19
"GSE7390","MammaPrint",24,790,0.6117,21
"GSE7390","MammaPrint",24,791,0.6074,21
"GSE7390","MammaPrint",24,792,0.6109,21
"GSE7390","MammaPrint",24,793,0.6108,21
"GSE7390","MammaPrint",24,794,0.6098,19
"GSE7390","MammaPrint",24,795,0.6002,21
"GSE7390","MammaPrint",24,796,0.6117,21
"GSE7390","MammaPrint",24,797,0.596,21
"GSE7390","MammaPrint",24,798,0.6177,21
"GSE7390","MammaPrint",24,799,0.6065,21
"GSE7390","MammaPrint",24,800,0.6089,21
"GSE7390","MammaPrint",24,801,0.6019,20
"GSE7390","MammaPrint",24,802,0.6146,19
"GSE7390","MammaPrint",24,803,0.6236,12
"GSE7390","MammaPrint",24,804,0.5915,21
"GSE7390","MammaPrint",24,805,0.597,21
"GSE7390","MammaPrint",24,806,0.6214,19
"GSE7390","MammaPrint",24,807,0.6033,21
"GSE7390","MammaPrint",24,808,0.6243,16
"GSE7390","MammaPrint",24,809,0.604,20
"GSE7390","MammaPrint",24,810,0.5996,21
"GSE7390","MammaPrint",24,811,0.6077,21
"GSE7390","MammaPrint",24,812,0.6085,19
"GSE7390","MammaPrint",24,813,0.6156,21
"GSE7390","MammaPrint",24,814,0.5944,21
"GSE7390","MammaPrint",24,815,0.6025,21
"GSE7390","MammaPrint",24,816,0.5899,21
"GSE7390","MammaPrint",24,817,0.6039,21
"GSE7390","MammaPrint",24,818,0.6095,21
"GSE7390","MammaPrint",24,819,0.5994,21
"GSE7390","MammaPrint",24,820,0.6232,19
"GSE7390","MammaPrint",24,821,0.6018,21
"GSE7390","MammaPrint",24,822,0.6166,21
"GSE7390","MammaPrint",24,823,0.6008,21
"GSE7390","MammaPrint",24,824,0.6139,21
"GSE7390","MammaPrint",24,825,0.6098,20
"GSE7390","MammaPrint",24,826,0.6303,16
"GSE7390","MammaPrint",24,827,0.5936,20
"GSE7390","MammaPrint",24,828,0.6043,21
"GSE7390","MammaPrint",24,829,0.5971,21
"GSE7390","MammaPrint",24,830,0.6304,16
"GSE7390","MammaPrint",24,831,0.593,21
"GSE7390","MammaPrint",24,832,0.6102,20
"GSE7390","MammaPrint",24,833,0.6243,15
"GSE7390","MammaPrint",24,834,0.5968,21
"GSE7390","MammaPrint",24,835,0.6038,20
"GSE7390","MammaPrint",24,836,0.6108,19
"GSE7390","MammaPrint",24,837,0.6116,19
"GSE7390","MammaPrint",24,838,0.5998,21
"GSE7390","MammaPrint",24,839,0.5951,20
"GSE7390","MammaPrint",24,840,0.624,19
"GSE7390","MammaPrint",24,841,0.6154,21
"GSE7390","MammaPrint",24,842,0.6199,21
"GSE7390","MammaPrint",24,843,0.6015,20
"GSE7390","MammaPrint",24,844,0.6291,16
"GSE7390","MammaPrint",24,845,0.619,18
"GSE7390","MammaPrint",24,846,0.6184,18
"GSE7390","MammaPrint",24,847,0.603,21
"GSE7390","MammaPrint",24,848,0.6195,18
"GSE7390","MammaPrint",24,849,0.6152,21
"GSE7390","MammaPrint",24,850,0.6074,21
"GSE7390","MammaPrint",24,851,0.6065,21
"GSE7390","MammaPrint",24,852,0.6171,18
"GSE7390","MammaPrint",24,853,0.6129,21
"GSE7390","MammaPrint",24,854,0.6063,21
"GSE7390","MammaPrint",24,855,0.5919,21
"GSE7390","MammaPrint",24,856,0.6262,19
"GSE7390","MammaPrint",24,857,0.6148,21
"GSE7390","MammaPrint",24,858,0.6073,21
"GSE7390","MammaPrint",24,859,0.5981,21
"GSE7390","MammaPrint",24,860,0.6067,21
"GSE7390","MammaPrint",24,861,0.6149,21
"GSE7390","MammaPrint",24,862,0.6178,21
"GSE7390","MammaPrint",24,863,0.6268,14
"GSE7390","MammaPrint",24,864,0.6069,21
"GSE7390","MammaPrint",24,865,0.6265,14
"GSE7390","MammaPrint",24,866,0.6034,21
"GSE7390","MammaPrint",24,867,0.6086,21
"GSE7390","MammaPrint",24,868,0.5948,21
"GSE7390","MammaPrint",24,869,0.6071,21
"GSE7390","MammaPrint",24,870,0.6139,21
"GSE7390","MammaPrint",24,871,0.6146,21
"GSE7390","MammaPrint",24,872,0.6024,21
"GSE7390","MammaPrint",24,873,0.6046,20
"GSE7390","MammaPrint",24,874,0.6155,21
"GSE7390","MammaPrint",24,875,0.6036,21
"GSE7390","MammaPrint",24,876,0.6112,19
"GSE7390","MammaPrint",24,877,0.6201,20
"GSE7390","MammaPrint",24,878,0.6226,19
"GSE7390","MammaPrint",24,879,0.5964,21
"GSE7390","MammaPrint",24,880,0.6078,21
"GSE7390","MammaPrint",24,881,0.6344,16
"GSE7390","MammaPrint",24,882,0.6098,21
"GSE7390","MammaPrint",24,883,0.6008,21
"GSE7390","MammaPrint",24,884,0.6249,19
"GSE7390","MammaPrint",24,885,0.6054,21
"GSE7390","MammaPrint",24,886,0.6108,21
"GSE7390","MammaPrint",24,887,0.6052,21
"GSE7390","MammaPrint",24,888,0.6104,21
"GSE7390","MammaPrint",24,889,0.6101,21
"GSE7390","MammaPrint",24,890,0.5951,21
"GSE7390","MammaPrint",24,891,0.6232,16
"GSE7390","MammaPrint",24,892,0.6139,21
"GSE7390","MammaPrint",24,893,0.5972,21
"GSE7390","MammaPrint",24,894,0.627,17
"GSE7390","MammaPrint",24,895,0.607,21
"GSE7390","MammaPrint",24,896,0.6121,21
"GSE7390","MammaPrint",24,897,0.6185,18
"GSE7390","MammaPrint",24,898,0.6133,19
"GSE7390","MammaPrint",24,899,0.6138,21
"GSE7390","MammaPrint",24,900,0.5936,21
"GSE7390","MammaPrint",24,901,0.5983,20
"GSE7390","MammaPrint",24,902,0.5982,21
"GSE7390","MammaPrint",24,903,0.6026,21
"GSE7390","MammaPrint",24,904,0.6058,20
"GSE7390","MammaPrint",24,905,0.6112,21
"GSE7390","MammaPrint",24,906,0.6041,21
"GSE7390","MammaPrint",24,907,0.6164,16
"GSE7390","MammaPrint",24,908,0.6206,18
"GSE7390","MammaPrint",24,909,0.6309,14
"GSE7390","MammaPrint",24,910,0.6178,21
"GSE7390","MammaPrint",24,911,0.6,21
"GSE7390","MammaPrint",24,912,0.6043,21
"GSE7390","MammaPrint",24,913,0.6276,13
"GSE7390","MammaPrint",24,914,0.6101,17
"GSE7390","MammaPrint",24,915,0.6167,21
"GSE7390","MammaPrint",24,916,0.5868,21
"GSE7390","MammaPrint",24,917,0.6037,21
"GSE7390","MammaPrint",24,918,0.5949,21
"GSE7390","MammaPrint",24,919,0.5985,21
"GSE7390","MammaPrint",24,920,0.6084,20
"GSE7390","MammaPrint",24,921,0.6065,21
"GSE7390","MammaPrint",24,922,0.5883,21
"GSE7390","MammaPrint",24,923,0.6059,21
"GSE7390","MammaPrint",24,924,0.6215,18
"GSE7390","MammaPrint",24,925,0.6232,18
"GSE7390","MammaPrint",24,926,0.6246,16
"GSE7390","MammaPrint",24,927,0.6257,18
"GSE7390","MammaPrint",24,928,0.6005,21
"GSE7390","MammaPrint",24,929,0.6167,19
"GSE7390","MammaPrint",24,930,0.6066,21
"GSE7390","MammaPrint",24,931,0.5929,21
"GSE7390","MammaPrint",24,932,0.6134,21
"GSE7390","MammaPrint",24,933,0.6078,20
"GSE7390","MammaPrint",24,934,0.6089,21
"GSE7390","MammaPrint",24,935,0.6051,21
"GSE7390","MammaPrint",24,936,0.622,18
"GSE7390","MammaPrint",24,937,0.6074,21
"GSE7390","MammaPrint",24,938,0.6112,21
"GSE7390","MammaPrint",24,939,0.6218,20
"GSE7390","MammaPrint",24,940,0.6141,21
"GSE7390","MammaPrint",24,941,0.5938,21
"GSE7390","MammaPrint",24,942,0.6073,21
"GSE7390","MammaPrint",24,943,0.6111,21
"GSE7390","MammaPrint",24,944,0.5986,21
"GSE7390","MammaPrint",24,945,0.5998,21
"GSE7390","MammaPrint",24,946,0.6229,19
"GSE7390","MammaPrint",24,947,0.6261,16
"GSE7390","MammaPrint",24,948,0.596,21
"GSE7390","MammaPrint",24,949,0.6047,21
"GSE7390","MammaPrint",24,950,0.6265,17
"GSE7390","MammaPrint",24,951,0.6019,21
"GSE7390","MammaPrint",24,952,0.6001,21
"GSE7390","MammaPrint",24,953,0.6028,21
"GSE7390","MammaPrint",24,954,0.6014,21
"GSE7390","MammaPrint",24,955,0.6003,21
"GSE7390","MammaPrint",24,956,0.609,21
"GSE7390","MammaPrint",24,957,0.5905,21
"GSE7390","MammaPrint",24,958,0.6124,21
"GSE7390","MammaPrint",24,959,0.6163,21
"GSE7390","MammaPrint",24,960,0.6154,21
"GSE7390","MammaPrint",24,961,0.6054,21
"GSE7390","MammaPrint",24,962,0.6094,21
"GSE7390","MammaPrint",24,963,0.6156,19
"GSE7390","MammaPrint",24,964,0.6139,21
"GSE7390","MammaPrint",24,965,0.6069,21
"GSE7390","MammaPrint",24,966,0.6136,21
"GSE7390","MammaPrint",24,967,0.6074,19
"GSE7390","MammaPrint",24,968,0.6041,21
"GSE7390","MammaPrint",24,969,0.6105,19
"GSE7390","MammaPrint",24,970,0.601,21
"GSE7390","MammaPrint",24,971,0.6233,21
"GSE7390","MammaPrint",24,972,0.6155,20
"GSE7390","MammaPrint",24,973,0.6201,19
"GSE7390","MammaPrint",24,974,0.6175,21
"GSE7390","MammaPrint",24,975,0.6077,21
"GSE7390","MammaPrint",24,976,0.6084,21
"GSE7390","MammaPrint",24,977,0.6228,17
"GSE7390","MammaPrint",24,978,0.6097,21
"GSE7390","MammaPrint",24,979,0.6159,21
"GSE7390","MammaPrint",24,980,0.603,20
"GSE7390","MammaPrint",24,981,0.6015,21
"GSE7390","MammaPrint",24,982,0.6198,15
"GSE7390","MammaPrint",24,983,0.6214,19
"GSE7390","MammaPrint",24,984,0.6139,21
"GSE7390","MammaPrint",24,985,0.5981,21
"GSE7390","MammaPrint",24,986,0.5861,21
"GSE7390","MammaPrint",24,987,0.6381,13
"GSE7390","MammaPrint",24,988,0.6086,21
"GSE7390","MammaPrint",24,989,0.5969,21
"GSE7390","MammaPrint",24,990,0.5984,21
"GSE7390","MammaPrint",24,991,0.6076,21
"GSE7390","MammaPrint",24,992,0.6083,21
"GSE7390","MammaPrint",24,993,0.6241,19
"GSE7390","MammaPrint",24,994,0.6082,21
"GSE7390","MammaPrint",24,995,0.5958,21
"GSE7390","MammaPrint",24,996,0.6053,21
"GSE7390","MammaPrint",24,997,0.6045,21
"GSE7390","MammaPrint",24,998,0.5998,21
"GSE7390","MammaPrint",24,999,0.6169,19
"GSE7390","MammaPrint",24,1000,0.6219,19
